# Blender 5.2.0 LTS
# www.blender.org
o stick_moving_joined
v 0.016464 0.034696 0.076724
v 0.017158 0.036609 0.079409
v 0.018140 0.033250 0.077321
v 0.018834 0.035163 0.080006
v 0.019297 0.031130 0.078533
v 0.019991 0.033042 0.081217
v 0.019424 0.029001 0.080016
v 0.020118 0.030913 0.082701
v 0.018692 0.027326 0.081399
v 0.019386 0.029238 0.084083
v 0.016904 0.025728 0.082999
v 0.017598 0.027640 0.085684
v 0.014627 0.025064 0.084060
v 0.015321 0.026976 0.086744
v 0.011988 0.025259 0.084603
v 0.012681 0.027171 0.087288
v 0.009361 0.026436 0.084443
v 0.010054 0.028348 0.087128
v 0.007685 0.027882 0.083846
v 0.008379 0.029794 0.086531
v 0.006554 0.029915 0.082690
v 0.007248 0.031827 0.085375
v 0.006400 0.032131 0.081152
v 0.007094 0.034043 0.083837
v 0.007133 0.033807 0.079769
v 0.007826 0.035719 0.082454
v 0.008921 0.035405 0.078169
v 0.009614 0.037317 0.080854
v 0.011298 0.036077 0.077076
v 0.011992 0.037989 0.079760
v 0.013837 0.035873 0.076565
v 0.014531 0.037786 0.079250
v 0.016464 0.034696 0.076724
v 0.017158 0.036609 0.079409
v 0.008551 0.037718 0.085261
v 0.010339 0.039316 0.083660
v 0.012717 0.039989 0.082567
v 0.015256 0.039785 0.082056
v 0.017883 0.038608 0.082216
v 0.012717 0.039989 0.082567
v 0.010339 0.039316 0.083660
v 0.015256 0.039785 0.082056
v 0.008551 0.037718 0.085261
v 0.017883 0.038608 0.082216
v 0.012260 0.037526 0.083191
v 0.013765 0.037670 0.082699
v 0.013591 0.037191 0.082028
v 0.015498 0.037373 0.081406
v 0.017158 0.036609 0.079409
v 0.016046 0.028975 0.089551
v 0.018323 0.029639 0.088490
v 0.013406 0.029170 0.090094
v 0.010780 0.030347 0.089935
v 0.020111 0.031237 0.086890
v 0.014488 0.030155 0.087865
v 0.014314 0.029677 0.087194
v 0.012408 0.029495 0.087816
v 0.010054 0.028348 0.087128
v 0.019386 0.029238 0.084083
v 0.017726 0.030002 0.086080
v 0.015819 0.029821 0.086703
v 0.015993 0.030299 0.087374
v 0.007826 0.035719 0.082454
v 0.010180 0.036866 0.083141
v 0.012086 0.037048 0.082519
v 0.016055 0.030737 0.079458
v 0.016047 0.029398 0.080414
v 0.015503 0.029216 0.077323
v 0.015495 0.027877 0.078278
v 0.015157 0.028243 0.081467
v 0.014605 0.026722 0.079331
v 0.013757 0.027752 0.082178
v 0.013205 0.026231 0.080042
v 0.012047 0.027946 0.082482
v 0.011495 0.026425 0.080346
v 0.010528 0.028872 0.082215
v 0.009976 0.027351 0.080079
v 0.009707 0.030221 0.081466
v 0.009155 0.028700 0.079330
v 0.009715 0.031560 0.080510
v 0.009164 0.030039 0.078374
v 0.010605 0.032716 0.079457
v 0.010053 0.031195 0.077322
v 0.012105 0.033215 0.078713
v 0.011554 0.031695 0.076578
v 0.013715 0.033012 0.078442
v 0.013164 0.031491 0.076307
v 0.015234 0.032086 0.078709
v 0.014682 0.030565 0.076574
v 0.016055 0.030737 0.079458
v 0.015503 0.029216 0.077323
v 0.010780 0.030347 0.089935
v 0.013406 0.029170 0.090094
v 0.016046 0.028975 0.089551
v 0.018323 0.029639 0.088490
v 0.020111 0.031237 0.086890
v 0.010605 0.032716 0.079457
v 0.008921 0.035405 0.078169
v 0.012105 0.033215 0.078713
v 0.011298 0.036077 0.077076
v 0.013837 0.035873 0.076565
v 0.013715 0.033012 0.078442
v 0.016464 0.034696 0.076724
v 0.015234 0.032086 0.078709
v 0.018140 0.033250 0.077321
v 0.016055 0.030737 0.079458
v 0.019297 0.031130 0.078533
v 0.019424 0.029001 0.080016
v 0.016047 0.029398 0.080414
v 0.018692 0.027326 0.081399
v 0.015157 0.028243 0.081467
v 0.016904 0.025728 0.082999
v 0.013757 0.027752 0.082178
v 0.014627 0.025064 0.084060
v 0.011988 0.025259 0.084603
v 0.012047 0.027946 0.082482
v 0.009361 0.026436 0.084443
v 0.010528 0.028872 0.082215
v 0.007685 0.027882 0.083846
v 0.009707 0.030221 0.081466
v 0.006554 0.029915 0.082690
v 0.006400 0.032131 0.081152
v 0.009715 0.031560 0.080510
v 0.007133 0.033807 0.079769
v 0.017726 0.030002 0.086080
v 0.018057 0.031640 0.084829
v 0.015819 0.029821 0.086703
v 0.017729 0.033750 0.083411
v 0.013591 0.037191 0.082028
v 0.016772 0.035889 0.082134
v 0.015498 0.037373 0.081406
v 0.017158 0.036609 0.079409
v 0.019386 0.029238 0.084083
v 0.020118 0.030913 0.082701
v 0.019991 0.033042 0.081217
v 0.018834 0.035163 0.080006
v 0.015993 0.030299 0.087374
v 0.013765 0.037670 0.082699
v 0.012260 0.037526 0.083191
v 0.014488 0.030155 0.087865
v 0.014314 0.029677 0.087194
v 0.012086 0.037048 0.082519
v 0.010203 0.033032 0.085866
v 0.011133 0.030980 0.087088
v 0.008379 0.029794 0.086531
v 0.010054 0.028348 0.087128
v 0.012408 0.029495 0.087816
v 0.007248 0.031827 0.085375
v 0.007094 0.034043 0.083837
v 0.009849 0.035229 0.084393
v 0.010180 0.036866 0.083141
v 0.007826 0.035719 0.082454
v 0.020781 0.004294 0.130574
v 0.018635 0.004294 0.132077
v 0.022147 0.002528 0.132525
v 0.020001 0.002528 0.134028
v 0.023107 0.000138 0.133896
v 0.020960 0.000138 0.135399
v 0.023592 -0.002704 0.134588
v 0.021445 -0.002704 0.136091
v 0.023563 -0.005538 0.134547
v 0.021416 -0.005538 0.136050
v 0.023019 -0.008363 0.133771
v 0.020873 -0.008363 0.135274
v 0.022006 -0.010745 0.132324
v 0.019860 -0.010745 0.133827
v 0.020636 -0.012418 0.130366
v 0.018489 -0.012418 0.131869
v 0.019005 -0.013263 0.128038
v 0.016859 -0.013263 0.129541
v 0.017297 -0.013187 0.125598
v 0.015150 -0.013187 0.127101
v 0.015759 -0.012266 0.123403
v 0.013613 -0.012266 0.124906
v 0.014393 -0.010499 0.121452
v 0.012247 -0.010499 0.122955
v 0.013434 -0.008109 0.120081
v 0.011287 -0.008109 0.121584
v 0.012949 -0.005267 0.119389
v 0.010802 -0.005267 0.120891
v 0.012978 -0.002434 0.119430
v 0.010831 -0.002434 0.120933
v 0.013521 0.000392 0.120206
v 0.011375 0.000392 0.121709
v 0.014534 0.002773 0.121653
v 0.012388 0.002773 0.123156
v 0.015905 0.004447 0.123610
v 0.013759 0.004447 0.125113
v 0.017535 0.005292 0.125939
v 0.015389 0.005292 0.127442
v 0.019161 0.005241 0.128260
v 0.017014 0.005241 0.129763
v 0.020781 0.004294 0.130574
v 0.018635 0.004294 0.132077
v 0.009412 0.000392 0.123083
v 0.010425 0.002773 0.124530
v 0.011796 0.004447 0.126487
v 0.011003 0.001698 0.125355
v 0.012178 0.003132 0.127033
v 0.013527 0.002646 0.126349
v 0.013759 0.004447 0.125113
v 0.012674 -0.000086 0.126175
v 0.013472 0.001016 0.127315
v 0.014637 0.001016 0.126499
v 0.012028 -0.001383 0.125253
v 0.010201 -0.000299 0.124209
v 0.011662 -0.000521 0.123686
v 0.011375 0.000392 0.121709
v 0.013193 -0.001383 0.124437
v 0.013840 -0.000086 0.125360
v 0.014637 0.001016 0.126499
v 0.020960 0.000138 0.135399
v 0.018998 0.000138 0.136773
v 0.019192 -0.000741 0.134439
v 0.018244 -0.000528 0.135696
v 0.017766 -0.001501 0.133447
v 0.017134 -0.000110 0.132545
v 0.018931 -0.001501 0.132631
v 0.018300 -0.000110 0.131729
v 0.016390 0.001016 0.131482
v 0.017422 0.001520 0.134521
v 0.016276 0.002920 0.132885
v 0.018038 0.002528 0.135402
v 0.016672 0.004294 0.133451
v 0.018932 -0.006588 0.132632
v 0.017766 -0.006588 0.133448
v 0.019114 -0.007450 0.134328
v 0.018122 -0.007672 0.135522
v 0.018911 -0.008363 0.136648
v 0.017897 -0.010745 0.135201
v 0.017320 -0.009669 0.134376
v 0.017120 -0.007886 0.132525
v 0.018932 -0.006588 0.132632
v 0.018285 -0.007886 0.131709
v 0.016322 -0.008987 0.131385
v 0.017488 -0.008987 0.130569
v 0.016145 -0.011104 0.132698
v 0.016527 -0.012418 0.133243
v 0.017249 -0.010617 0.131664
v 0.017488 -0.008987 0.130569
v 0.018635 0.004294 0.132077
v 0.017375 0.002510 0.131845
v 0.017555 0.001016 0.130666
v 0.020192 -0.001425 0.121902
v 0.019752 -0.003235 0.121273
v 0.016635 -0.001425 0.124392
v 0.016195 -0.003235 0.123763
v 0.019796 -0.005343 0.121336
v 0.016239 -0.005343 0.123826
v 0.020481 -0.007050 0.122315
v 0.016924 -0.007050 0.124805
v 0.021603 -0.007844 0.123916
v 0.018046 -0.007844 0.126407
v 0.022729 -0.007741 0.125524
v 0.019172 -0.007741 0.128015
v 0.023708 -0.006546 0.126922
v 0.020151 -0.006546 0.129413
v 0.024163 -0.004591 0.127572
v 0.020606 -0.004591 0.130063
v 0.024104 -0.002628 0.127488
v 0.020547 -0.002628 0.129979
v 0.023418 -0.000921 0.126509
v 0.019861 -0.000921 0.129000
v 0.022380 -0.000153 0.125027
v 0.018823 -0.000153 0.127517
v 0.021171 -0.000230 0.123300
v 0.017614 -0.000230 0.125790
v 0.020192 -0.001425 0.121902
v 0.016635 -0.001425 0.124392
v 0.013194 -0.006470 0.124437
v 0.011584 -0.007230 0.123574
v 0.012029 -0.006470 0.125253
v 0.010079 -0.007443 0.124035
v 0.012660 -0.007861 0.126155
v 0.010901 -0.009492 0.125210
v 0.013405 -0.008988 0.127218
v 0.012047 -0.010891 0.126846
v 0.013401 -0.010482 0.126169
v 0.011651 -0.012266 0.126280
v 0.013613 -0.012266 0.124906
v 0.009325 -0.008109 0.122958
v 0.010285 -0.010499 0.124329
v 0.011287 -0.008109 0.121584
v 0.014570 -0.008988 0.126402
v 0.013826 -0.007861 0.125340
v 0.013194 -0.006470 0.124437
v 0.020960 0.000138 0.135399
v 0.019192 -0.000741 0.134439
v 0.021445 -0.002704 0.136091
v 0.019569 -0.002952 0.134978
v 0.019515 -0.005180 0.134901
v 0.019362 -0.004028 0.133247
v 0.018932 -0.006588 0.132632
v 0.018931 -0.001501 0.132631
v 0.018285 -0.007886 0.131709
v 0.018300 -0.000110 0.131729
v 0.017555 0.001016 0.130666
v 0.013613 -0.012266 0.124906
v 0.015150 -0.013187 0.127101
v 0.013401 -0.010482 0.126169
v 0.014620 -0.011156 0.127910
v 0.014570 -0.008988 0.126402
v 0.016039 -0.009739 0.128500
v 0.017488 -0.008987 0.130569
v 0.016859 -0.013263 0.129541
v 0.015981 -0.011275 0.129854
v 0.017249 -0.010617 0.131664
v 0.018489 -0.012418 0.131869
v 0.019114 -0.007450 0.134328
v 0.020873 -0.008363 0.135274
v 0.021416 -0.005538 0.136050
v 0.011662 -0.000521 0.123686
v 0.011261 -0.002792 0.123112
v 0.013193 -0.001383 0.124437
v 0.012763 -0.003944 0.123822
v 0.013194 -0.006470 0.124437
v 0.011207 -0.005019 0.123036
v 0.011584 -0.007230 0.123574
v 0.011287 -0.008109 0.121584
v 0.010802 -0.005267 0.120891
v 0.010831 -0.002434 0.120933
v 0.011375 0.000392 0.121709
v 0.013840 -0.000086 0.125360
v 0.013826 -0.007861 0.125340
v 0.014637 0.001016 0.126499
v 0.016087 0.001767 0.128569
v 0.014795 0.003303 0.128160
v 0.016073 0.003210 0.129985
v 0.017014 0.005241 0.129763
v 0.018635 0.004294 0.132077
v 0.017375 0.002510 0.131845
v 0.013527 0.002646 0.126349
v 0.013759 0.004447 0.125113
v 0.015389 0.005292 0.127442
v 0.018046 -0.007844 0.126407
v 0.015759 -0.012266 0.123403
v 0.016924 -0.007050 0.124805
v 0.014393 -0.010499 0.121452
v 0.016239 -0.005343 0.123826
v 0.013434 -0.008109 0.120081
v 0.012949 -0.005267 0.119389
v 0.016195 -0.003235 0.123763
v 0.012978 -0.002434 0.119430
v 0.013521 0.000392 0.120206
v 0.016635 -0.001425 0.124392
v 0.014534 0.002773 0.121653
v 0.017614 -0.000230 0.125790
v 0.015905 0.004447 0.123610
v 0.017535 0.005292 0.125939
v 0.018823 -0.000153 0.127517
v 0.019161 0.005241 0.128260
v 0.020781 0.004294 0.130574
v 0.019861 -0.000921 0.129000
v 0.022147 0.002528 0.132525
v 0.020547 -0.002628 0.129979
v 0.023107 0.000138 0.133896
v 0.023592 -0.002704 0.134588
v 0.020606 -0.004591 0.130063
v 0.023563 -0.005538 0.134547
v 0.023019 -0.008363 0.133771
v 0.020151 -0.006546 0.129413
v 0.022006 -0.010745 0.132324
v 0.019172 -0.007741 0.128015
v 0.020636 -0.012418 0.130366
v 0.019005 -0.013263 0.128038
v 0.017297 -0.013187 0.125598
v 0.020873 -0.008363 0.135274
v 0.014570 -0.008988 0.126402
v 0.018489 -0.012418 0.131869
v 0.017555 0.001016 0.130666
v 0.013193 -0.001383 0.124437
v 0.018931 -0.001501 0.132631
v 0.086080 -0.023866 0.120185
v 0.086890 -0.029684 0.120185
v 0.082951 -0.024303 0.121073
v 0.083761 -0.030120 0.121073
v 0.080702 -0.024616 0.123344
v 0.081513 -0.030434 0.123344
v 0.079822 -0.024739 0.126503
v 0.080633 -0.030556 0.126503
v 0.080702 -0.024616 0.129563
v 0.081513 -0.030434 0.129563
v 0.082951 -0.024303 0.131834
v 0.083761 -0.030120 0.131834
v 0.086080 -0.023866 0.132722
v 0.086890 -0.029684 0.132722
v 0.089111 -0.023444 0.131834
v 0.089922 -0.029261 0.131834
v 0.091360 -0.023130 0.129563
v 0.092170 -0.028948 0.129563
v 0.092240 -0.023008 0.126503
v 0.093050 -0.028825 0.126503
v 0.091360 -0.023130 0.123344
v 0.092170 -0.028948 0.123344
v 0.089111 -0.023444 0.121073
v 0.089922 -0.029261 0.121073
v 0.086080 -0.023866 0.120185
v 0.086890 -0.029684 0.120185
v 0.089412 -0.031330 0.122455
v 0.091075 -0.031098 0.124133
v 0.091661 -0.031017 0.126503
v 0.091075 -0.031098 0.128774
v 0.089412 -0.031330 0.130452
v 0.087164 -0.031643 0.131044
v 0.084817 -0.031971 0.130452
v 0.083155 -0.032202 0.128774
v 0.082568 -0.032284 0.126503
v 0.083155 -0.032202 0.124133
v 0.084817 -0.031971 0.122455
v 0.087164 -0.031643 0.121863
v 0.091075 -0.031098 0.124133
v 0.091661 -0.031017 0.126503
v 0.089412 -0.031330 0.122455
v 0.091075 -0.031098 0.128774
v 0.087164 -0.031643 0.121863
v 0.089412 -0.031330 0.130452
v 0.087164 -0.031643 0.131044
v 0.084817 -0.031971 0.122455
v 0.083155 -0.032202 0.124133
v 0.084817 -0.031971 0.130452
v 0.083155 -0.032202 0.128774
v 0.082568 -0.032284 0.126503
v 0.087164 -0.031643 0.121863
v 0.019557 0.020738 0.128076
v 0.019557 0.023038 0.128076
v 0.021983 0.020738 0.126378
v 0.021983 0.023038 0.126378
v 0.020092 0.025068 0.128840
v 0.022518 0.025068 0.127142
v 0.021163 0.026556 0.130369
v 0.023588 0.026556 0.128670
v 0.022386 0.026962 0.132115
v 0.024811 0.026962 0.130417
v 0.023685 0.026556 0.133971
v 0.026111 0.026556 0.132273
v 0.024755 0.025068 0.135499
v 0.027181 0.025068 0.133801
v 0.025290 0.023038 0.136263
v 0.027716 0.023038 0.134565
v 0.025290 0.020738 0.136263
v 0.027716 0.020738 0.134565
v 0.024755 0.018708 0.135499
v 0.027181 0.018708 0.133801
v 0.023685 0.017219 0.133971
v 0.026111 0.017219 0.132273
v 0.022386 0.016813 0.132115
v 0.024811 0.016813 0.130417
v 0.021163 0.017219 0.130369
v 0.023588 0.017219 0.128670
v 0.020092 0.018708 0.128840
v 0.022518 0.018708 0.127142
v 0.019557 0.020738 0.128076
v 0.021983 0.020738 0.126378
v 0.017457 0.020332 0.125317
v 0.016160 0.020332 0.126226
v 0.017457 0.023444 0.125317
v 0.016160 0.023444 0.126226
v 0.018069 0.026150 0.126190
v 0.016771 0.026150 0.127099
v 0.019139 0.028451 0.127719
v 0.017841 0.028451 0.128627
v 0.020591 0.029939 0.129793
v 0.019294 0.029939 0.130701
v 0.022273 0.030480 0.132194
v 0.020975 0.030480 0.133103
v 0.024031 0.029939 0.134705
v 0.022733 0.029939 0.135613
v 0.025483 0.028451 0.136779
v 0.024186 0.028451 0.137687
v 0.026553 0.026150 0.138307
v 0.025256 0.026150 0.139216
v 0.027165 0.023444 0.139181
v 0.025867 0.023444 0.140089
v 0.027165 0.020332 0.139181
v 0.025867 0.020332 0.140089
v 0.026553 0.017625 0.138307
v 0.025256 0.017625 0.139216
v 0.025483 0.015325 0.136779
v 0.024186 0.015325 0.137687
v 0.024031 0.013837 0.134705
v 0.022733 0.013837 0.135613
v 0.022273 0.013295 0.132194
v 0.020975 0.013295 0.133103
v 0.020591 0.013836 0.129793
v 0.019294 0.013836 0.130701
v 0.019139 0.015325 0.127719
v 0.017841 0.015325 0.128627
v 0.018069 0.017625 0.126190
v 0.016771 0.017625 0.127099
v 0.016781 0.016678 0.130834
v 0.018615 0.015325 0.133454
v 0.020602 0.015460 0.136292
v 0.022207 0.017625 0.138584
v 0.018863 0.018302 0.136209
v 0.017410 0.018302 0.134135
v 0.016187 0.019926 0.132388
v 0.015634 0.019655 0.129197
v 0.015958 0.022497 0.132061
v 0.015405 0.023038 0.128869
v 0.016322 0.026150 0.130179
v 0.023125 0.020738 0.139894
v 0.020086 0.019926 0.137955
v 0.020315 0.022497 0.138283
v 0.017647 0.021820 0.135433
v 0.019551 0.024797 0.137191
v 0.018098 0.025744 0.135117
v 0.019914 0.028451 0.135310
v 0.017927 0.028315 0.132472
v 0.016722 0.024797 0.133152
v 0.022895 0.024121 0.139567
v 0.021749 0.027097 0.137930
v 0.025483 0.015325 0.136779
v 0.024755 0.018708 0.135499
v 0.026553 0.017625 0.138307
v 0.025290 0.020738 0.136263
v 0.027165 0.020332 0.139181
v 0.027165 0.023444 0.139181
v 0.023685 0.017219 0.133971
v 0.024031 0.013837 0.134705
v 0.022386 0.016813 0.132115
v 0.022273 0.013295 0.132194
v 0.020591 0.013836 0.129793
v 0.021163 0.017219 0.130369
v 0.019139 0.015325 0.127719
v 0.020092 0.018708 0.128840
v 0.018069 0.017625 0.126190
v 0.019557 0.020738 0.128076
v 0.017457 0.020332 0.125317
v 0.019557 0.023038 0.128076
v 0.017457 0.023444 0.125317
v 0.018069 0.026150 0.126190
v 0.020092 0.025068 0.128840
v 0.019139 0.028451 0.127719
v 0.021163 0.026556 0.130369
v 0.020591 0.029939 0.129793
v 0.022386 0.026962 0.132115
v 0.022273 0.030480 0.132194
v 0.024031 0.029939 0.134705
v 0.023685 0.026556 0.133971
v 0.025483 0.028451 0.136779
v 0.024755 0.025068 0.135499
v 0.026553 0.026150 0.138307
v 0.025290 0.023038 0.136263
v 0.033164 0.025686 0.147477
v 0.028860 0.025686 0.150491
v 0.033412 0.027763 0.147832
v 0.029108 0.027763 0.150845
v 0.034107 0.029494 0.148824
v 0.029803 0.029494 0.151838
v 0.035100 0.030706 0.150242
v 0.030796 0.030706 0.153256
v 0.036291 0.031138 0.151944
v 0.031987 0.031138 0.154957
v 0.037532 0.030706 0.153716
v 0.033228 0.030706 0.156730
v 0.038525 0.029494 0.155134
v 0.034221 0.029494 0.158148
v 0.039220 0.027763 0.156126
v 0.034916 0.027763 0.159140
v 0.039468 0.025686 0.156481
v 0.035164 0.025686 0.159495
v 0.039220 0.023522 0.156126
v 0.034916 0.023522 0.159140
v 0.038525 0.021791 0.155134
v 0.034221 0.021791 0.158148
v 0.037532 0.020580 0.153716
v 0.033228 0.020580 0.156730
v 0.036291 0.020147 0.151944
v 0.031987 0.020147 0.154957
v 0.035100 0.020580 0.150242
v 0.030796 0.020580 0.153256
v 0.034107 0.021791 0.148824
v 0.029803 0.021791 0.151838
v 0.033412 0.023522 0.147832
v 0.029108 0.023522 0.150845
v 0.033164 0.025686 0.147477
v 0.028860 0.025686 0.150491
v 0.032920 0.025599 0.159375
v 0.032771 0.024041 0.159163
v 0.032225 0.022743 0.158383
v 0.031481 0.021791 0.157319
v 0.030537 0.021532 0.155972
v 0.029644 0.021791 0.154696
v 0.028899 0.022743 0.153633
v 0.028353 0.024041 0.152853
v 0.028204 0.025599 0.152640
v 0.028204 0.025599 0.152640
v 0.028353 0.024041 0.152853
v 0.028353 0.027244 0.152853
v 0.028899 0.022743 0.153633
v 0.028899 0.028542 0.153633
v 0.029644 0.021791 0.154696
v 0.030537 0.021532 0.155972
v 0.029644 0.029494 0.154696
v 0.030537 0.029754 0.155972
v 0.031481 0.021791 0.157319
v 0.032225 0.022743 0.158383
v 0.031481 0.029494 0.157319
v 0.032225 0.028542 0.158383
v 0.032771 0.024041 0.159163
v 0.032771 0.027244 0.159163
v 0.032771 0.027244 0.159163
v 0.032225 0.028542 0.158383
v 0.031481 0.029494 0.157319
v 0.030537 0.029754 0.155972
v 0.029644 0.029494 0.154696
v 0.028899 0.028542 0.153633
v 0.028353 0.027244 0.152853
v 0.028204 0.025599 0.152640
v 0.032920 0.025599 0.159375
v 0.027043 -0.004456 0.144796
v 0.024717 -0.004456 0.146425
v 0.027357 -0.000813 0.145243
v 0.025030 -0.000813 0.146872
v 0.028297 0.002466 0.146586
v 0.025971 0.002466 0.148215
v 0.029760 0.005016 0.148675
v 0.027434 0.005016 0.150304
v 0.031641 0.006656 0.151361
v 0.029314 0.006656 0.152990
v 0.033626 0.007202 0.154197
v 0.031300 0.007202 0.155826
v 0.035716 0.006656 0.157181
v 0.033389 0.006656 0.158810
v 0.037597 0.005016 0.159867
v 0.035270 0.005016 0.161496
v 0.039060 0.002466 0.161956
v 0.036733 0.002466 0.163585
v 0.040000 -0.000813 0.163299
v 0.037673 -0.000813 0.164928
v 0.040313 -0.004456 0.163747
v 0.037987 -0.004456 0.165376
v 0.040000 -0.007918 0.163299
v 0.037673 -0.007918 0.164928
v 0.039060 -0.011197 0.161956
v 0.036733 -0.011197 0.163585
v 0.037597 -0.013747 0.159867
v 0.035270 -0.013747 0.161496
v 0.035716 -0.015387 0.157181
v 0.033389 -0.015387 0.158810
v 0.033626 -0.015933 0.154197
v 0.031300 -0.015933 0.155826
v 0.031641 -0.015387 0.151361
v 0.029314 -0.015387 0.152990
v 0.029760 -0.013747 0.148675
v 0.027434 -0.013747 0.150304
v 0.028297 -0.011197 0.146586
v 0.025971 -0.011197 0.148215
v 0.027357 -0.007918 0.145243
v 0.025030 -0.007918 0.146872
v 0.027043 -0.004456 0.144796
v 0.024717 -0.004456 0.146425
v 0.031686 -0.005549 0.151107
v 0.034763 -0.005549 0.148953
v 0.032522 -0.007553 0.152301
v 0.035599 -0.007553 0.150146
v 0.033881 -0.008282 0.154241
v 0.036958 -0.008282 0.152086
v 0.035135 -0.007553 0.156032
v 0.038212 -0.007553 0.153877
v 0.035970 -0.005549 0.157225
v 0.039047 -0.005549 0.155071
v 0.035970 -0.003181 0.157225
v 0.039047 -0.003181 0.155071
v 0.035135 -0.001177 0.156032
v 0.038212 -0.001177 0.153877
v 0.033776 -0.000449 0.154092
v 0.036853 -0.000449 0.151937
v 0.032522 -0.001177 0.152301
v 0.035599 -0.001177 0.150146
v 0.031686 -0.003181 0.151107
v 0.034763 -0.003181 0.148953
v 0.031686 -0.005549 0.151107
v 0.034763 -0.005549 0.148953
v 0.031641 -0.015387 0.151361
v 0.029760 -0.013747 0.148675
v 0.032522 -0.007553 0.152301
v 0.028297 -0.011197 0.146586
v 0.031686 -0.005549 0.151107
v 0.027357 -0.007918 0.145243
v 0.027043 -0.004456 0.144796
v 0.031686 -0.003181 0.151107
v 0.027357 -0.000813 0.145243
v 0.028297 0.002466 0.146586
v 0.032522 -0.001177 0.152301
v 0.029760 0.005016 0.148675
v 0.031641 0.006656 0.151361
v 0.033776 -0.000449 0.154092
v 0.033626 0.007202 0.154197
v 0.035716 0.006656 0.157181
v 0.035135 -0.001177 0.156032
v 0.037597 0.005016 0.159867
v 0.039060 0.002466 0.161956
v 0.035970 -0.003181 0.157225
v 0.040000 -0.000813 0.163299
v 0.040313 -0.004456 0.163747
v 0.035970 -0.005549 0.157225
v 0.040000 -0.007918 0.163299
v 0.039060 -0.011197 0.161956
v 0.035135 -0.007553 0.156032
v 0.037597 -0.013747 0.159867
v 0.035716 -0.015387 0.157181
v 0.033881 -0.008282 0.154241
v 0.033626 -0.015933 0.154197
v 0.037673 -0.007918 0.164928
v 0.037987 -0.004456 0.165376
v 0.029203 -0.005367 0.161297
v 0.029203 -0.003363 0.161297
v 0.028576 -0.007189 0.160402
v 0.027427 -0.007735 0.158760
v 0.033389 -0.015387 0.158810
v 0.031300 -0.015933 0.155826
v 0.035270 -0.013747 0.161496
v 0.036733 -0.011197 0.163585
v 0.029314 -0.015387 0.152990
v 0.026173 -0.007189 0.156969
v 0.027434 -0.013747 0.150304
v 0.025971 -0.011197 0.148215
v 0.028576 -0.001542 0.160402
v 0.027427 -0.000995 0.158760
v 0.033389 0.006656 0.158810
v 0.031300 0.007202 0.155826
v 0.036733 0.002466 0.163585
v 0.035270 0.005016 0.161496
v 0.037673 -0.000813 0.164928
v 0.029314 0.006656 0.152990
v 0.026173 -0.001542 0.156969
v 0.025546 -0.005367 0.156074
v 0.025546 -0.003363 0.156074
v 0.024717 -0.004456 0.146425
v 0.025030 -0.000813 0.146872
v 0.025971 0.002466 0.148215
v 0.027434 0.005016 0.150304
v 0.025030 -0.007918 0.146872
v 0.063821 -0.005431 0.106590
v 0.058130 -0.005192 0.109451
v 0.063271 -0.005750 0.102849
v 0.062353 -0.005910 0.094265
v 0.043075 -0.005192 0.086783
v 0.050970 -0.005431 0.082821
v 0.063821 -0.005910 0.088103
v 0.059415 -0.005511 0.081501
v 0.066392 -0.005671 0.083701
v 0.066392 -0.005591 0.082381
v 0.050970 0.003739 0.082821
v 0.059599 0.003819 0.081501
v 0.066392 0.003899 0.082601
v 0.066392 -0.005671 0.083701
v 0.066392 0.004058 0.083481
v 0.063821 0.004218 0.088103
v 0.043075 0.003500 0.086783
v 0.062353 0.004218 0.094265
v 0.058130 0.003500 0.109451
v 0.063271 0.004058 0.102849
v 0.063821 0.003739 0.106590
v 0.063821 0.004218 0.088103
v 0.066392 0.004058 0.083481
v 0.058130 0.003500 0.109451
v 0.058130 -0.005192 0.109451
v 0.063821 0.003739 0.106590
v 0.063821 -0.005431 0.106590
v 0.063271 -0.005750 0.102849
v 0.063271 0.004058 0.102849
v 0.062353 0.004218 0.094265
v 0.062353 -0.005910 0.094265
v 0.063821 -0.005910 0.088103
v 0.058441 0.018259 0.102174
v 0.058588 0.013055 0.100182
v 0.050445 0.018871 0.100182
v 0.054260 0.011831 0.096766
v 0.046997 0.016690 0.097145
v 0.043770 0.015198 0.092686
v 0.035920 0.018757 0.097525
v 0.034967 0.018068 0.095437
v 0.026824 0.019254 0.102174
v 0.025210 0.018374 0.099992
v 0.015894 0.018948 0.107773
v 0.014573 0.017991 0.104736
v 0.016701 0.020249 0.109291
v 0.028071 0.020479 0.103313
v 0.037241 0.019905 0.099233
v 0.039148 0.023234 0.101415
v 0.049051 0.023234 0.102174
v 0.054700 0.021282 0.102554
v 0.050739 0.027060 0.104167
v 0.058074 0.023731 0.104357
v 0.053893 0.031499 0.107203
v 0.062916 0.027596 0.107013
v 0.058661 0.034139 0.110809
v 0.067318 0.030466 0.109860
v 0.062769 0.035517 0.115174
v 0.070912 0.032150 0.113371
v 0.073186 0.035861 0.126085
v 0.084190 0.030657 0.120108
v 0.077294 0.035555 0.131684
v 0.087784 0.030313 0.124852
v 0.080375 0.034522 0.136048
v 0.090866 0.029241 0.128932
v 0.083016 0.031499 0.139844
v 0.093873 0.026257 0.132632
v 0.084483 0.026142 0.142121
v 0.095780 0.021091 0.134625
v 0.085584 0.019369 0.143449
v 0.096954 0.014892 0.135479
v 0.087124 0.007239 0.144683
v 0.098128 0.004445 0.136238
v 0.088151 -0.004700 0.145252
v 0.098568 -0.005465 0.136523
v 0.088078 -0.010363 0.144778
v 0.098275 -0.010096 0.136143
v 0.097174 -0.014305 0.135289
v 0.104070 -0.011894 0.129786
v 0.101943 -0.016141 0.128647
v 0.074067 0.034407 0.145252
v 0.071646 0.037545 0.141457
v 0.068345 0.038693 0.137092
v 0.063576 0.039076 0.131019
v 0.052132 0.038808 0.117451
v 0.047144 0.037469 0.111758
v 0.043109 0.033833 0.107203
v 0.040248 0.028514 0.103882
v 0.032106 0.028744 0.106919
v 0.035040 0.034369 0.110429
v 0.039001 0.038196 0.115363
v 0.043916 0.039650 0.121626
v 0.055140 0.039918 0.136143
v 0.059908 0.039497 0.142311
v 0.063063 0.038349 0.146580
v 0.065704 0.035402 0.150186
v 0.067464 0.030198 0.152653
v 0.068785 0.023042 0.154361
v 0.070399 0.009726 0.156543
v 0.071426 -0.003743 0.157872
v 0.071426 -0.009713 0.157777
v 0.070839 -0.014534 0.156828
v 0.087198 -0.015414 0.143449
v 0.069592 -0.018590 0.154835
v 0.085290 -0.019509 0.141077
v 0.067831 -0.021537 0.152274
v 0.080522 -0.023182 0.137756
v 0.065484 -0.023795 0.148858
v 0.062549 -0.025210 0.144778
v 0.052353 -0.023795 0.158156
v 0.049565 -0.025172 0.154171
v 0.057414 -0.009330 0.165368
v 0.057121 -0.002710 0.165083
v 0.056020 0.010338 0.163565
v 0.054333 0.023425 0.161288
v 0.052866 0.030581 0.159485
v 0.051179 0.035517 0.157208
v 0.048978 0.038157 0.154076
v 0.046117 0.039152 0.150186
v 0.041716 0.039535 0.144113
v 0.030932 0.039382 0.129311
v 0.026311 0.038119 0.122859
v 0.022863 0.035134 0.118210
v 0.020662 0.031308 0.115079
v 0.019195 0.027711 0.113086
v 0.029685 0.023387 0.104831
v 0.017874 0.023349 0.111188
v 0.035113 -0.003476 0.072475
v 0.032913 -0.003476 0.061753
v 0.035040 0.002035 0.072475
v 0.032839 0.002035 0.061753
v 0.031372 0.007239 0.062418
v 0.030345 0.007239 0.050177
v 0.027117 0.012060 0.050557
v 0.029392 0.007201 0.033478
v 0.025797 0.012252 0.033572
v 0.028731 0.006588 0.019245
v 0.025063 0.011754 0.018865
v 0.028511 0.007239 0.015165
v 0.027044 0.010070 0.011559
v 0.019782 0.016078 0.033762
v 0.022349 0.015772 0.051126
v 0.029098 0.011945 0.064315
v 0.033940 0.007201 0.073614
v 0.026164 0.015810 0.067162
v 0.032546 0.011869 0.076081
v 0.022056 0.017150 0.059476
v 0.024697 0.017188 0.069154
v 0.029758 0.016193 0.080066
v 0.026677 0.017494 0.079592
v 0.026311 0.017609 0.082059
v 0.019562 0.017150 0.051885
v 0.016701 0.017303 0.044105
v 0.012593 0.017609 0.040404
v 0.007604 0.017647 0.033478
v 0.018901 0.016116 0.019055
v 0.007237 0.017647 0.019340
v 0.018168 0.016193 0.003399
v 0.006797 0.017724 0.003494
v 0.007017 0.018910 -0.001440
v -0.002666 0.018871 -0.001820
v -0.002446 0.021741 -0.004476
v -0.006480 0.020670 -0.004476
v -0.006040 0.017953 -0.001820
v -0.002666 0.017609 0.003494
v -0.002593 0.017456 0.019435
v -0.002519 0.017379 0.033193
v 0.002396 0.017724 0.038601
v 0.007678 0.017724 0.038601
v -0.005820 0.016690 0.003494
v -0.011175 0.014318 -0.001630
v -0.010515 0.013246 0.003399
v -0.015210 0.009076 -0.001820
v -0.014110 0.008310 0.003399
v -0.016824 0.003030 -0.001725
v -0.015504 0.002762 0.003399
v -0.015650 -0.003552 0.003399
v -0.015577 -0.003552 0.018770
v -0.014183 -0.009139 0.018770
v -0.015503 -0.003552 0.033667
v -0.014110 -0.009139 0.033667
v -0.014770 -0.003552 0.044010
v -0.013376 -0.009139 0.044010
v -0.012863 -0.003552 0.053688
v -0.011542 -0.009139 0.053688
v -0.007361 -0.003552 0.072760
v -0.006187 -0.009139 0.072760
v -0.002739 -0.003514 0.086708
v -0.001639 -0.009139 0.087277
v 0.002836 -0.003169 0.098664
v 0.004010 -0.008067 0.100277
v 0.014573 -0.003973 0.116407
v 0.007091 -0.012124 0.104452
v 0.015013 -0.007685 0.116881
v 0.013399 -0.015797 0.112422
v 0.016114 -0.010937 0.118400
v 0.018461 -0.017366 0.119823
v 0.017874 -0.013348 0.120677
v 0.019928 -0.014573 0.123523
v 0.018315 -0.012965 0.125042
v 0.020148 -0.012965 0.127603
v 0.016627 -0.011856 0.122575
v 0.015233 -0.009828 0.120582
v -0.012716 0.016461 -0.004287
v -0.017631 0.010683 -0.004476
v -0.019538 0.003489 -0.004287
v -0.017044 -0.003782 -0.001820
v -0.014256 -0.009177 0.003399
v -0.010368 -0.014611 0.003399
v -0.010295 -0.014573 0.018770
v -0.005013 -0.017749 0.018770
v -0.010222 -0.014573 0.033667
v -0.004940 -0.017749 0.033667
v -0.009562 -0.014573 0.044010
v -0.004353 -0.017749 0.044010
v -0.007948 -0.014534 0.053878
v -0.002959 -0.017749 0.053783
v -0.003033 -0.014458 0.073234
v 0.001516 -0.017749 0.073329
v 0.001442 -0.014458 0.088226
v 0.005844 -0.017749 0.088701
v 0.008338 -0.015529 0.102649
v 0.011932 -0.017940 0.101795
v 0.016040 -0.018361 0.110904
v 0.021102 -0.019777 0.118684
v 0.024843 -0.019394 0.128837
v 0.027191 -0.021690 0.127698
v 0.031666 -0.021575 0.138325
v 0.033646 -0.023642 0.137092
v 0.037021 -0.022914 0.145632
v 0.038781 -0.024751 0.144303
v 0.041936 -0.023450 0.152368
v 0.043916 -0.025172 0.151420
v 0.044503 -0.022838 0.156069
v 0.046924 -0.024675 0.155689
v 0.046997 -0.021652 0.159390
v 0.049638 -0.023335 0.159390
v 0.048905 -0.019815 0.161952
v 0.051766 -0.021231 0.162331
v 0.050152 -0.017404 0.163565
v 0.053233 -0.018437 0.164324
v 0.050885 -0.013960 0.164609
v 0.054113 -0.014534 0.165463
v 0.054333 -0.009330 0.165842
v 0.057047 -0.014726 0.164893
v 0.057414 -0.009330 0.165368
v 0.056020 -0.018782 0.163470
v 0.054553 -0.021652 0.161288
v 0.052353 -0.023795 0.158156
v 0.049565 -0.025172 0.154171
v 0.046337 -0.025631 0.149712
v 0.041202 -0.025249 0.142690
v 0.036287 -0.024177 0.135574
v 0.030125 -0.022302 0.126275
v 0.024183 -0.020427 0.117356
v 0.019121 -0.019088 0.109386
v 0.015013 -0.018552 0.100656
v 0.009145 -0.018476 0.088131
v 0.004890 -0.018476 0.072950
v 0.000635 -0.018476 0.053688
v -0.000759 -0.018476 0.043915
v -0.001272 -0.018476 0.033572
v -0.001345 -0.018476 0.018770
v -0.001419 -0.018552 0.003399
v -0.005087 -0.017787 0.003399
v -0.002006 -0.019738 -0.001820
v -0.005894 -0.018935 -0.001820
v -0.002813 -0.022455 -0.004476
v -0.007287 -0.021499 -0.004476
v 0.010759 -0.022647 -0.004476
v 0.010832 -0.019853 -0.001820
v 0.010685 -0.018629 0.003399
v 0.010759 -0.018590 0.018770
v 0.010905 -0.018590 0.033572
v 0.012446 -0.018590 0.052644
v 0.019048 -0.017710 0.003399
v 0.019342 -0.017634 0.018770
v 0.019708 -0.017596 0.033572
v 0.021029 -0.017596 0.051601
v 0.023743 -0.017634 0.066782
v 0.028658 -0.013769 0.064410
v 0.032326 -0.013042 0.075891
v 0.033940 -0.008948 0.073804
v 0.027631 -0.017442 0.078833
v 0.015967 -0.018590 0.069819
v 0.020075 -0.018590 0.083672
v 0.043916 -0.014228 -0.028198
v 0.039368 -0.017328 -0.028387
v 0.043916 0.024573 -0.028293
v 0.043109 0.025644 -0.028293
v 0.035554 0.026486 -0.028293
v 0.033280 -0.019126 -0.028387
v 0.024477 -0.020465 -0.028293
v 0.001882 0.026410 -0.028293
v 0.012372 -0.021537 -0.028293
v -0.003033 0.025491 -0.028293
v 0.000048 -0.021958 -0.028293
v -0.008901 0.023387 -0.028293
v -0.010515 -0.021307 -0.028293
v -0.020272 0.017647 -0.028293
v -0.018144 -0.019164 -0.028293
v -0.024527 0.014356 -0.028293
v -0.027314 0.010300 -0.028293
v -0.023426 -0.015682 -0.028293
v -0.028855 0.005440 -0.028293
v -0.026947 -0.011090 -0.028293
v -0.028928 -0.005733 -0.028293
v -0.029515 -0.000070 -0.028293
v 0.057121 -0.002710 0.165083
v 0.054113 -0.002825 0.165463
v 0.051032 -0.003208 0.164704
v 0.049932 0.009496 0.163090
v 0.047584 0.000619 0.162521
v 0.046191 0.004943 0.160718
v 0.048024 -0.004356 0.163185
v 0.051179 -0.009254 0.164893
v 0.047584 -0.008871 0.162616
v 0.046264 -0.013539 0.160718
v 0.044283 -0.016907 0.157967
v 0.041789 -0.019088 0.154551
v 0.039001 -0.019891 0.150661
v 0.036140 -0.019126 0.146675
v 0.033573 -0.016945 0.143165
v 0.031592 -0.013463 0.140318
v 0.025724 -0.010899 0.131778
v 0.030345 -0.009139 0.138610
v 0.026897 -0.007647 0.133297
v 0.029905 -0.004394 0.137946
v 0.027264 -0.003973 0.133771
v 0.026897 -0.000338 0.133202
v 0.024183 -0.000874 0.133297
v 0.025797 0.002876 0.131684
v 0.023229 0.001882 0.131968
v 0.024110 0.005325 0.129501
v 0.021836 0.003910 0.130070
v 0.022056 0.006627 0.126655
v 0.020148 0.005019 0.127603
v 0.019855 0.006627 0.123618
v 0.018315 0.004981 0.125042
v 0.017801 0.005364 0.120772
v 0.016627 0.003910 0.122575
v 0.016114 0.002953 0.118400
v 0.015233 0.001843 0.120582
v 0.014940 -0.000261 0.116881
v 0.014353 -0.000874 0.119254
v 0.013986 -0.003973 0.118874
v 0.014353 -0.007073 0.119348
v 0.023229 -0.009828 0.131968
v 0.021836 -0.011856 0.130070
v 0.024036 -0.013310 0.129501
v 0.022056 -0.014573 0.126655
v 0.004083 0.008157 0.100372
v 0.002836 0.002762 0.098664
v -0.002593 0.002838 0.086708
v -0.007141 0.002800 0.072855
v -0.012716 0.002762 0.053688
v -0.014623 0.002762 0.044010
v -0.015357 0.002762 0.033667
v -0.015430 0.002762 0.018770
v -0.014110 0.008157 0.018865
v -0.013963 0.008157 0.033667
v -0.013303 0.008157 0.043915
v -0.011542 0.008157 0.053593
v -0.006040 0.008234 0.073045
v -0.001639 0.008425 0.087182
v 0.000929 0.013514 0.088890
v -0.003986 0.012711 0.073804
v -0.008828 0.012634 0.053783
v -0.010002 0.012902 0.044389
v -0.010515 0.013017 0.033572
v -0.010515 0.013093 0.019055
v -0.005600 0.016346 0.044864
v -0.005747 0.016422 0.033288
v -0.005747 0.016537 0.019435
v -0.002152 0.017456 0.040404
v -0.006260 0.015198 0.054068
v -0.005087 0.014701 0.063271
v -0.002079 0.015275 0.074468
v 0.002322 0.016499 0.086518
v 0.003496 0.016422 0.090219
v 0.007311 0.012596 0.104831
v 0.010172 0.015121 0.108342
v 0.024477 -0.004011 0.133771
v 0.024183 -0.007073 0.133297
v 0.056020 0.010338 0.163565
v 0.052939 0.010147 0.163850
v 0.048024 0.022468 0.160623
v 0.043330 0.022392 0.156354
v 0.043770 0.025568 0.156923
v 0.054333 0.023425 0.161288
v 0.051179 0.023195 0.161572
v 0.046631 0.028591 0.158916
v 0.043330 0.028820 0.156354
v 0.052866 0.030581 0.159485
v 0.049785 0.030122 0.159770
v 0.045164 0.033068 0.156923
v 0.042303 0.031499 0.154930
v 0.051179 0.035517 0.157208
v 0.048171 0.034828 0.157682
v 0.046264 0.037507 0.154835
v 0.043403 0.035785 0.154266
v 0.043550 0.038502 0.151135
v 0.040909 0.036780 0.150850
v 0.039295 0.038884 0.145252
v 0.037534 0.037009 0.146201
v 0.027484 0.036856 0.132443
v 0.027117 0.032379 0.133581
v 0.024917 0.033106 0.130450
v 0.023229 0.031384 0.131589
v 0.022716 0.032417 0.127319
v 0.021322 0.030810 0.128932
v 0.020662 0.030504 0.124567
v 0.019708 0.029165 0.126655
v 0.019121 0.027519 0.122575
v 0.018461 0.026639 0.124852
v 0.018241 0.023846 0.121531
v 0.017801 0.023578 0.123903
v 0.017801 0.020211 0.123903
v 0.023229 0.035976 0.126655
v 0.020148 0.033718 0.122480
v 0.018094 0.030466 0.119633
v 0.016554 0.026907 0.117546
v 0.014793 0.022009 0.115079
v 0.018241 0.019943 0.121531
v 0.013179 0.018259 0.112612
v 0.019048 0.016269 0.122669
v 0.020515 0.013285 0.124662
v 0.022496 0.011295 0.127414
v 0.024623 0.010530 0.130545
v 0.026971 0.011257 0.133771
v 0.031592 0.004752 0.140413
v 0.030345 0.000427 0.138610
v 0.028951 0.013323 0.136428
v 0.025063 0.012940 0.134340
v 0.023156 0.012328 0.131684
v 0.021322 0.012902 0.128932
v 0.019635 0.014586 0.126655
v 0.018461 0.017111 0.124852
v 0.025063 0.030772 0.134245
v 0.029025 0.030466 0.136333
v 0.035407 0.031423 0.145347
v 0.036947 0.033221 0.147529
v 0.026677 0.029127 0.136618
v 0.027924 0.026639 0.138325
v 0.030492 0.027481 0.138325
v 0.028511 0.023540 0.139274
v 0.031299 0.023808 0.139369
v 0.028585 0.020211 0.139274
v 0.031299 0.019943 0.139369
v 0.030492 0.016308 0.138420
v 0.035480 0.019713 0.145347
v 0.033646 0.008234 0.143165
v 0.036140 0.010415 0.146675
v 0.027924 0.017111 0.138325
v 0.026677 0.014586 0.136618
v 0.030272 0.002417 0.016683
v 0.030272 0.001729 0.019435
v 0.030492 -0.002557 0.015165
v 0.030198 -0.003590 0.018960
v 0.031079 0.002035 0.033478
v 0.032032 0.002035 0.049893
v 0.032106 -0.003476 0.049988
v 0.031152 -0.003476 0.033478
v 0.048978 0.038157 0.154076
v 0.046117 0.039152 0.150186
v 0.041716 0.039535 0.144113
v 0.030932 0.039382 0.129311
v 0.028805 0.038693 0.130735
v 0.026311 0.038119 0.122859
v 0.024183 0.037545 0.124472
v 0.022863 0.035134 0.118210
v 0.020882 0.034752 0.119823
v 0.020662 0.031308 0.115079
v 0.018681 0.031116 0.116787
v 0.019195 0.027711 0.113086
v 0.017214 0.027519 0.114794
v 0.017874 0.023349 0.111188
v 0.015820 0.023081 0.112801
v 0.014573 0.019828 0.110714
v 0.013546 0.018451 0.109006
v 0.011859 0.016576 0.110714
v 0.011786 0.017456 0.106065
v 0.016701 0.020249 0.109291
v 0.015894 0.018948 0.107773
v 0.014573 0.017991 0.104736
v 0.007898 0.017609 0.090219
v 0.005697 0.017417 0.090598
v 0.006797 0.017762 0.087847
v 0.004670 0.017532 0.088226
v 0.049051 0.010874 0.089839
v 0.044503 0.010530 0.081395
v 0.038708 0.013323 0.081679
v 0.038635 0.011716 0.079971
v 0.031959 0.015542 0.081395
v 0.032546 0.011869 0.076081
v 0.029758 0.016193 0.080066
v 0.027998 0.017341 0.083862
v 0.026311 0.017609 0.082059
v 0.016701 0.017724 0.088606
v 0.007898 0.017609 0.090219
v 0.015087 0.017953 0.085759
v 0.006797 0.017762 0.087847
v 0.031886 0.023081 0.147624
v 0.032693 0.020938 0.148763
v 0.031592 0.025644 0.147150
v 0.033940 0.019522 0.150566
v 0.031886 0.028208 0.147624
v 0.035407 0.019025 0.152653
v 0.032693 0.030351 0.148763
v 0.033940 0.031767 0.150566
v 0.036874 0.019522 0.154741
v 0.035407 0.032264 0.152558
v 0.038121 0.020938 0.156449
v 0.036874 0.031767 0.154646
v 0.038928 0.023081 0.157587
v 0.038121 0.030351 0.156449
v 0.039221 0.025606 0.158062
v 0.038928 0.028170 0.157682
v 0.040762 0.033259 0.152748
v 0.038855 0.033910 0.150091
v 0.025210 0.011525 0.011180
v 0.024990 0.011945 0.005297
v 0.026677 0.011027 0.007005
v 0.027117 0.010147 0.002260
v 0.027117 0.011027 -0.002199
v 0.024110 0.013820 -0.001725
v 0.018461 0.017303 -0.001725
v 0.008044 0.022048 -0.004382
v 0.028878 0.013093 -0.004476
v 0.025430 0.016461 -0.004382
v 0.019342 0.020058 -0.004382
v 0.029832 0.007583 -0.003148
v 0.028951 0.007621 -0.001061
v 0.031299 0.002341 -0.002768
v 0.031666 0.008119 -0.004571
v 0.033353 0.002188 -0.004571
v 0.026311 0.017609 0.082059
v 0.026677 0.017494 0.079592
v 0.024917 0.018680 0.080541
v 0.025137 0.018642 0.078548
v 0.022423 0.029088 0.073993
v 0.022716 0.029012 0.072475
v 0.020809 0.031843 0.072380
v 0.021029 0.031767 0.071052
v 0.018388 0.034139 0.071337
v 0.018461 0.034101 0.069629
v 0.015233 0.036014 0.070673
v 0.015233 0.036053 0.069154
v 0.011639 0.037009 0.070862
v 0.011346 0.037162 0.069154
v 0.007531 0.037048 0.070008
v 0.007824 0.018565 0.043440
v 0.002616 0.018642 0.043346
v 0.007678 0.017724 0.038601
v 0.002396 0.017724 0.038601
v 0.024697 0.017188 0.069154
v 0.023376 0.018489 0.069154
v 0.020662 0.018412 0.060235
v 0.018094 0.018336 0.053498
v 0.015454 0.018336 0.048849
v 0.012299 0.018412 0.045528
v 0.022056 0.017150 0.059476
v 0.019562 0.017150 0.051885
v 0.016701 0.017303 0.044105
v 0.012593 0.017609 0.040404
v 0.037021 0.017953 0.147624
v 0.038928 0.011180 0.150566
v 0.038928 0.017341 0.150186
v 0.040762 0.017991 0.152748
v 0.041716 0.010453 0.154456
v 0.042303 0.019713 0.154930
v 0.044210 0.008310 0.157967
v 0.019635 -0.018705 -0.001630
v 0.024623 -0.013501 0.003304
v 0.025504 -0.014190 -0.001725
v 0.028144 -0.008718 0.003209
v 0.029025 -0.009254 -0.002009
v 0.030052 -0.005772 0.002260
v 0.030932 -0.002825 -0.001061
v 0.029685 -0.006690 0.006910
v 0.028218 -0.008641 0.007859
v 0.024990 -0.013807 0.018770
v 0.029905 -0.005695 0.011559
v 0.028365 -0.008986 0.018770
v 0.025724 -0.013807 0.033478
v 0.026897 -0.013846 0.050842
v 0.029392 -0.008948 0.033478
v 0.030419 -0.008948 0.050272
v 0.031519 -0.008948 0.062607
v 0.032106 -0.003476 0.049988
v 0.032913 -0.003476 0.061753
v 0.035113 -0.003476 0.072475
v 0.031152 -0.003476 0.033478
v 0.030198 -0.003590 0.018960
v 0.030492 -0.002557 0.015165
v 0.012152 -0.022073 -0.014724
v 0.012372 -0.021537 -0.028293
v 0.024256 -0.021078 -0.014724
v 0.024477 -0.020465 -0.028293
v 0.033280 -0.019126 -0.028387
v 0.033866 -0.019853 -0.014724
v 0.039368 -0.017328 -0.028387
v 0.039808 -0.017978 -0.014724
v 0.043916 -0.014228 -0.028198
v 0.044210 -0.014764 -0.014250
v 0.043916 0.024573 -0.028293
v 0.044136 0.024535 -0.006564
v 0.043109 0.025874 -0.006564
v 0.042816 0.025453 -0.005235
v 0.035554 0.026716 -0.006564
v 0.035480 0.026295 -0.005235
v 0.022202 0.026410 -0.005141
v 0.043623 0.024382 -0.005235
v 0.044357 -0.014573 -0.006184
v 0.043843 -0.016486 -0.013585
v 0.043843 -0.014534 -0.005235
v 0.043476 -0.016027 -0.005235
v 0.043990 -0.017710 -0.007987
v 0.043990 -0.017710 -0.011213
v 0.094827 -0.018323 0.133866
v 0.098715 -0.019432 0.127034
v 0.104657 -0.016715 0.123144
v 0.099155 -0.020236 0.122195
v 0.105170 -0.017022 0.119728
v 0.101136 -0.019700 0.116597
v 0.103776 -0.017175 0.115268
v 0.100182 -0.017481 0.111758
v 0.090132 -0.021728 0.134056
v 0.093580 -0.021346 0.130924
v 0.085804 -0.022532 0.135669
v 0.081329 -0.023909 0.134815
v 0.077734 -0.025057 0.131494
v 0.059248 -0.025708 0.140413
v 0.076414 -0.025287 0.126370
v 0.054040 -0.025287 0.133866
v 0.077588 -0.024675 0.121531
v 0.071132 -0.023450 0.118305
v 0.079935 -0.022685 0.115553
v 0.078101 -0.020848 0.112232
v 0.085951 -0.020810 0.111568
v 0.085290 -0.017557 0.108911
v 0.092406 -0.020619 0.111568
v 0.094020 -0.017557 0.109291
v 0.098348 -0.020312 0.113845
v 0.094900 -0.021728 0.115743
v 0.097248 -0.021346 0.118495
v 0.094387 -0.022494 0.121721
v 0.095414 -0.021728 0.126560
v 0.090645 -0.022914 0.117925
v 0.087564 -0.022302 0.114889
v 0.085877 -0.023144 0.116881
v 0.081182 -0.023795 0.118115
v 0.046337 -0.025631 0.149712
v 0.041202 -0.025249 0.142690
v 0.048978 -0.024139 0.127603
v 0.036287 -0.024177 0.135574
v 0.042303 -0.022226 0.119159
v 0.030125 -0.022302 0.126275
v 0.036140 -0.020504 0.111094
v 0.024183 -0.020427 0.117356
v 0.029098 -0.019011 0.102269
v 0.019121 -0.019088 0.109386
v 0.015013 -0.018552 0.100656
v 0.020075 -0.018590 0.083672
v 0.037314 -0.017978 0.096861
v 0.043476 -0.019662 0.106824
v 0.050372 -0.020848 0.113181
v 0.057121 -0.021766 0.116312
v 0.068418 -0.020810 0.112896
v 0.077294 -0.017634 0.109291
v 0.050519 -0.016754 0.101700
v 0.056901 -0.017787 0.107203
v 0.062769 -0.017863 0.108816
v 0.068931 -0.017557 0.109006
v 0.068711 -0.013616 0.105970
v 0.054627 -0.013272 0.097715
v 0.060862 -0.013999 0.103028
v 0.043550 -0.015682 0.092496
v 0.032326 -0.016524 0.082154
v 0.027631 -0.017442 0.078833
v 0.032326 -0.013042 0.075891
v 0.038415 -0.012391 0.079687
v 0.038268 -0.014802 0.082059
v 0.044577 -0.012238 0.081584
v 0.049125 -0.012391 0.090029
v 0.029905 -0.004394 0.137946
v 0.028071 -0.004356 0.139654
v 0.030345 0.000427 0.138610
v 0.028511 0.000351 0.140223
v 0.031592 0.004752 0.140413
v 0.029758 0.004560 0.142026
v 0.031666 0.007928 0.144778
v 0.033646 0.008234 0.143165
v 0.034160 0.010109 0.148194
v 0.036140 0.010415 0.146675
v 0.036801 0.010836 0.152084
v 0.038928 0.011180 0.150566
v 0.041716 0.010453 0.154456
v 0.039515 0.010070 0.155879
v 0.044210 0.008310 0.157967
v 0.041936 0.007928 0.159390
v 0.046191 0.004943 0.160718
v 0.043916 0.004560 0.162142
v 0.047584 0.000619 0.162521
v 0.045164 0.000313 0.163944
v 0.048024 -0.004356 0.163185
v 0.045530 -0.004394 0.164514
v 0.047584 -0.008871 0.162616
v 0.045164 -0.009062 0.163944
v 0.046264 -0.013539 0.160718
v 0.043916 -0.013310 0.162142
v 0.041936 -0.016677 0.159390
v 0.044283 -0.016907 0.157967
v 0.041789 -0.019088 0.154551
v 0.039515 -0.018820 0.155879
v 0.039001 -0.019891 0.150661
v 0.036801 -0.019585 0.152084
v 0.036140 -0.019126 0.146675
v 0.034160 -0.018820 0.148194
v 0.031666 -0.016677 0.144778
v 0.033573 -0.016945 0.143165
v 0.029758 -0.013310 0.142026
v 0.031592 -0.013463 0.140318
v 0.028511 -0.009062 0.140223
v 0.030345 -0.009139 0.138610
v 0.028071 -0.004356 0.139654
v 0.029905 -0.004394 0.137946
v 0.044210 -0.014764 -0.014250
v 0.043843 -0.016486 -0.013585
v 0.039808 -0.017978 -0.014724
v 0.038561 -0.020695 -0.013965
v 0.033866 -0.019853 -0.014724
v 0.030932 -0.026397 -0.013965
v 0.024256 -0.021078 -0.014724
v 0.021396 -0.031830 -0.013965
v 0.012152 -0.034968 -0.013965
v 0.021616 -0.033552 -0.011213
v 0.012299 -0.036690 -0.011213
v 0.021616 -0.033552 -0.007987
v 0.012299 -0.036690 -0.007987
v 0.012152 -0.034930 -0.005236
v 0.001882 -0.036614 -0.005235
v 0.043990 -0.017710 -0.011213
v 0.038781 -0.022532 -0.011213
v 0.031152 -0.028272 -0.011213
v 0.031152 -0.028272 -0.007987
v 0.021396 -0.031792 -0.005236
v 0.030785 -0.026435 -0.005236
v 0.038781 -0.022532 -0.007987
v 0.038268 -0.020695 -0.005236
v 0.043990 -0.017710 -0.007987
v 0.043476 -0.016027 -0.005235
v 0.012152 -0.022073 -0.014724
v 0.001809 -0.036652 -0.013965
v -0.000098 -0.022455 -0.014724
v -0.008461 -0.036307 -0.013965
v -0.010662 -0.021766 -0.014724
v -0.017998 -0.033897 -0.013965
v -0.018364 -0.019585 -0.014724
v -0.026287 -0.029458 -0.013965
v -0.023720 -0.016027 -0.014724
v -0.032816 -0.023067 -0.013965
v -0.027314 -0.011320 -0.014724
v -0.037144 -0.014993 -0.013965
v -0.029368 -0.005848 -0.014724
v -0.039345 -0.006039 -0.013965
v -0.029955 -0.000070 -0.014724
v -0.039638 0.002838 -0.013965
v -0.029295 0.005555 -0.014724
v -0.038391 0.010415 -0.013965
v -0.027681 0.010530 -0.014724
v -0.035824 0.015887 -0.013965
v -0.031422 0.019981 -0.013965
v -0.032229 0.021053 -0.011118
v -0.024967 0.023578 -0.013965
v -0.025554 0.024879 -0.011118
v -0.010295 0.029930 -0.013965
v -0.010515 0.031346 -0.011213
v -0.003253 0.032073 -0.013965
v -0.003253 0.033489 -0.011213
v 0.003643 0.032838 -0.013965
v 0.003863 0.034254 -0.011213
v 0.008851 0.032532 -0.013965
v 0.009365 0.033910 -0.011213
v 0.012959 0.031270 -0.013965
v 0.013840 0.032456 -0.011213
v 0.016040 0.029050 -0.013965
v 0.017434 0.029854 -0.011213
v 0.018681 0.027252 -0.014155
v 0.020369 0.027749 -0.011213
v 0.021542 0.026869 -0.014344
v 0.023009 0.026869 -0.011118
v -0.036851 0.016576 -0.011118
v -0.039712 0.010721 -0.011118
v -0.041032 0.002915 -0.011213
v -0.040739 -0.006192 -0.011213
v -0.038538 -0.015491 -0.011213
v -0.033990 -0.023948 -0.011213
v -0.027094 -0.030721 -0.011213
v -0.018364 -0.035466 -0.011213
v -0.008535 -0.038029 -0.011213
v 0.001809 -0.038412 -0.011213
v 0.001809 -0.038412 -0.007987
v -0.018364 -0.035466 -0.007987
v -0.027094 -0.030721 -0.007987
v -0.033990 -0.023948 -0.007987
v -0.038538 -0.015491 -0.007987
v -0.040739 -0.006192 -0.007987
v -0.041032 0.002915 -0.007987
v -0.039712 0.010721 -0.007987
v -0.036851 0.016576 -0.007892
v -0.032229 0.021053 -0.007892
v -0.025554 0.024879 -0.007892
v -0.031349 0.020019 -0.005235
v -0.024893 0.023616 -0.005235
v -0.010515 0.031346 -0.007987
v -0.003253 0.033489 -0.007987
v 0.003863 0.034254 -0.007987
v 0.009365 0.033910 -0.007987
v 0.013840 0.032456 -0.007987
v 0.017361 0.029854 -0.007987
v 0.020295 0.027749 -0.007987
v -0.010295 0.029892 -0.005235
v -0.003253 0.031997 -0.005235
v 0.003643 0.032762 -0.005235
v 0.008925 0.032494 -0.005235
v 0.012959 0.031193 -0.005235
v 0.016187 0.028897 -0.005235
v 0.019268 0.027099 -0.005235
v 0.022202 0.026410 -0.005141
v 0.023009 0.026869 -0.007987
v 0.004670 0.017532 0.088226
v 0.003790 0.018680 0.085759
v 0.002322 0.016499 0.086518
v 0.002543 0.018489 0.084146
v -0.002079 0.015275 0.074468
v -0.001345 0.017341 0.073614
v -0.005087 0.014701 0.063271
v -0.003840 0.016690 0.063271
v -0.004647 0.017111 0.055301
v 0.001075 0.031729 0.075986
v 0.002249 0.033948 0.073804
v 0.003056 0.033986 0.075227
v 0.004963 0.035861 0.073329
v -0.006260 0.015198 0.054068
v -0.003840 0.017915 0.049703
v -0.005600 0.016346 0.044864
v -0.001419 0.018412 0.045528
v -0.002152 0.017456 0.040404
v 0.004303 0.035785 0.071716
v 0.008044 0.036933 0.071811
v 0.001882 0.026831 -0.014724
v -0.003179 0.025951 -0.014724
v -0.009048 0.023808 -0.014724
v -0.020565 0.017991 -0.014724
v -0.024820 0.014662 -0.014724
v -0.008535 -0.038029 -0.007987
v -0.008388 -0.036269 -0.005235
v 0.001662 0.029203 0.079212
v 0.000489 0.029088 0.077979
v 0.002102 0.031805 0.077220
v -0.035750 0.015925 -0.005235
v -0.038318 0.010415 -0.005235
v -0.039565 0.002838 -0.005235
v -0.039198 -0.006001 -0.005235
v -0.037071 -0.014955 -0.005235
v -0.032743 -0.023029 -0.005235
v -0.026214 -0.029420 -0.005235
v -0.017924 -0.033858 -0.005235
v 0.058441 0.018259 0.102174
v 0.062256 0.020019 0.103977
v 0.068271 0.023119 0.106634
v 0.073333 0.026907 0.109291
v 0.076707 0.029318 0.112042
v 0.082283 0.026218 0.111094
v 0.093580 0.023463 0.114320
v 0.088665 0.022009 0.110334
v 0.092333 0.018259 0.109575
v 0.096954 0.019178 0.112137
v 0.097174 0.023387 0.118115
v 0.100842 0.019254 0.115458
v 0.099815 0.022660 0.121531
v 0.103483 0.018986 0.119823
v 0.103997 0.019025 0.123334
v 0.100255 0.022124 0.127414
v 0.102823 0.017226 0.129027
v 0.104217 0.011486 0.129596
v 0.105244 0.002609 0.130070
v 0.105244 -0.005772 0.130260
v -0.011469 -0.015414 -0.001630
v -0.015650 -0.009751 -0.001820
v -0.019905 -0.004241 -0.004287
v -0.018438 -0.010823 -0.004382
v -0.013670 -0.017519 -0.004382
v 0.057047 -0.014726 0.164893
v 0.056020 -0.018782 0.163470
v 0.054553 -0.021652 0.161288
v 0.021249 -0.021231 -0.004476
v 0.027264 -0.016218 -0.004287
v 0.031152 -0.010784 -0.004476
v 0.033133 -0.004432 -0.004476
v 0.031225 -0.003667 -0.002674
v 0.033353 0.002188 -0.004571
v 0.031299 0.002341 -0.002768
v 0.012372 -0.021537 -0.028293
v 0.012152 -0.022073 -0.014724
v 0.000048 -0.021958 -0.028293
v -0.000098 -0.022455 -0.014724
v -0.010515 -0.021307 -0.028293
v -0.010662 -0.021766 -0.014724
v -0.018144 -0.019164 -0.028293
v -0.018364 -0.019585 -0.014724
v -0.023426 -0.015682 -0.028293
v -0.023720 -0.016027 -0.014724
v -0.027314 -0.011320 -0.014724
v -0.026947 -0.011090 -0.028293
v -0.029368 -0.005848 -0.014724
v -0.028928 -0.005733 -0.028293
v -0.029955 -0.000070 -0.014724
v -0.029515 -0.000070 -0.028293
v -0.028855 0.005440 -0.028293
v -0.029295 0.005555 -0.014724
v -0.027314 0.010300 -0.028293
v -0.027681 0.010530 -0.014724
v -0.024527 0.014356 -0.028293
v -0.024820 0.014662 -0.014724
v -0.020565 0.017991 -0.014724
v -0.020272 0.017647 -0.028293
v -0.009048 0.023808 -0.014724
v -0.008901 0.023387 -0.028293
v -0.003033 0.025491 -0.028293
v -0.003179 0.025951 -0.014724
v 0.001882 0.026410 -0.028293
v 0.001882 0.026831 -0.014724
v 0.021542 0.026869 -0.014344
v 0.035554 0.026486 -0.028293
v 0.023009 0.026869 -0.011118
v 0.023009 0.026869 -0.007987
v 0.043109 0.025644 -0.028293
v 0.034453 0.022430 0.143924
v 0.031886 0.023081 0.147624
v 0.034086 0.025606 0.143449
v 0.031592 0.025644 0.147150
v 0.034453 0.028744 0.143924
v 0.031886 0.028208 0.147624
v 0.035407 0.031423 0.145347
v 0.032693 0.030351 0.148763
v 0.036947 0.033221 0.147529
v 0.033940 0.031767 0.150566
v 0.038855 0.033910 0.150091
v 0.035407 0.032264 0.152558
v 0.040762 0.033259 0.152748
v 0.036874 0.031767 0.154646
v 0.038121 0.030351 0.156449
v 0.042303 0.031499 0.154930
v 0.038928 0.028170 0.157682
v 0.043330 0.028820 0.156354
v 0.039221 0.025606 0.158062
v 0.043770 0.025568 0.156923
v 0.038928 0.023081 0.157587
v 0.043330 0.022392 0.156354
v 0.038121 0.020938 0.156449
v 0.042303 0.019713 0.154930
v 0.040762 0.017991 0.152748
v 0.036874 0.019522 0.154741
v 0.038928 0.017341 0.150186
v 0.035407 0.019025 0.152653
v 0.037021 0.017953 0.147624
v 0.033940 0.019522 0.150566
v 0.035480 0.019713 0.145347
v 0.032693 0.020938 0.148763
v 0.034453 0.022430 0.143924
v 0.034453 0.028744 0.143924
v 0.034086 0.025606 0.143449
v 0.034453 0.022430 0.143924
v 0.100255 0.022124 0.127414
v 0.102823 0.017226 0.129027
v 0.103997 0.019025 0.123334
v 0.106564 0.014624 0.124283
v 0.106491 0.014356 0.118969
v 0.108031 0.009458 0.124662
v 0.108251 0.008769 0.118589
v 0.108912 0.001499 0.124757
v 0.109132 0.000963 0.118400
v 0.108765 -0.006039 0.124947
v 0.109058 -0.006728 0.118589
v 0.107664 -0.011626 0.124757
v 0.108178 -0.011894 0.118874
v 0.104657 -0.016715 0.123144
v 0.105170 -0.017022 0.119728
v 0.105977 -0.007340 0.113086
v 0.106124 0.000504 0.112801
v 0.105390 0.008310 0.113181
v 0.103703 0.014127 0.114035
v 0.103483 0.018986 0.119823
v 0.100695 0.007966 0.109480
v 0.101136 0.000160 0.109006
v 0.100916 -0.007800 0.109291
v 0.105244 -0.012315 0.113561
v 0.100329 -0.012659 0.109860
v 0.100182 -0.017481 0.111758
v 0.094020 -0.017557 0.109291
v 0.094533 -0.012889 0.108057
v 0.094900 -0.008067 0.107488
v 0.095047 -0.000108 0.107393
v 0.094753 0.007660 0.107773
v 0.099302 0.013782 0.110429
v 0.100842 0.019254 0.115458
v 0.085290 -0.008488 0.107678
v 0.085437 0.007698 0.107962
v 0.093873 0.013132 0.108437
v 0.096954 0.019178 0.112137
v 0.077808 0.008081 0.107678
v 0.085804 0.013438 0.108152
v 0.092333 0.018259 0.109575
v 0.078395 0.015428 0.108057
v 0.086611 0.019025 0.108816
v 0.088665 0.022009 0.110334
v 0.080155 0.023081 0.109196
v 0.068271 0.023119 0.106634
v 0.069665 0.015428 0.105685
v 0.062256 0.020019 0.103977
v 0.063430 0.014165 0.102839
v 0.058441 0.018259 0.102174
v 0.058588 0.013055 0.100182
v 0.069738 0.008157 0.105116
v 0.077221 -0.008948 0.107203
v 0.085217 -0.013080 0.107962
v 0.085290 -0.017557 0.108911
v 0.077221 -0.013348 0.107678
v 0.069152 -0.009407 0.104831
v 0.063503 0.008081 0.102079
v 0.077294 -0.017634 0.109291
v 0.068711 -0.013616 0.105970
v 0.062109 -0.009713 0.101415
v 0.055654 0.008004 0.096576
v 0.054260 0.011831 0.096766
v 0.060862 -0.013999 0.103028
v 0.054627 -0.013272 0.097715
v 0.055727 -0.009675 0.096671
v 0.049125 -0.012391 0.090029
v 0.050005 -0.009062 0.089460
v 0.045824 -0.009483 0.081395
v 0.046044 -0.003858 0.081300
v 0.038855 -0.009024 0.078263
v 0.039442 -0.003590 0.077314
v 0.033940 -0.008948 0.073804
v 0.035113 -0.003476 0.072475
v 0.050005 0.007430 0.089460
v 0.046044 0.002494 0.081300
v 0.039368 0.002188 0.077314
v 0.035040 0.002035 0.072475
v 0.033940 0.007201 0.073614
v 0.038781 0.007354 0.078074
v 0.045750 0.007851 0.081395
v 0.049051 0.010874 0.089839
v 0.044503 0.010530 0.081395
v 0.038635 0.011716 0.079971
v 0.032546 0.011869 0.076081
v 0.082283 0.026218 0.111094
v 0.076707 0.029318 0.112042
v 0.073333 0.026907 0.109291
v 0.103776 -0.017175 0.115268
v 0.104217 0.011486 0.129596
v 0.105244 0.002609 0.130070
v 0.105244 -0.005772 0.130260
v 0.104070 -0.011894 0.129786
v 0.101943 -0.016141 0.128647
v 0.044577 -0.012238 0.081584
v 0.038415 -0.012391 0.079687
v 0.032326 -0.013042 0.075891
v 0.018608 0.023693 0.079497
v 0.016260 0.022315 0.081015
v 0.023229 0.018718 0.081489
v 0.014353 0.018795 0.083862
v 0.015087 0.017953 0.085759
v 0.005770 0.018718 0.085949
v 0.006797 0.017762 0.087847
v 0.004670 0.017532 0.088226
v 0.003790 0.018680 0.085759
v 0.005477 0.026333 0.081205
v 0.001662 0.029203 0.079212
v 0.004597 0.029012 0.079592
v 0.002102 0.031805 0.077220
v 0.004963 0.031537 0.077599
v 0.003056 0.033986 0.075227
v 0.006210 0.033374 0.075891
v 0.004963 0.035861 0.073329
v 0.008338 0.034637 0.074373
v 0.008044 0.036933 0.071811
v 0.010979 0.035058 0.073329
v 0.011639 0.037009 0.070862
v 0.013766 0.034637 0.072950
v 0.015233 0.036014 0.070673
v 0.016407 0.033412 0.073234
v 0.018388 0.034139 0.071337
v 0.018461 0.031537 0.074088
v 0.020809 0.031843 0.072380
v 0.019708 0.028897 0.075796
v 0.022423 0.029088 0.073993
v 0.019855 0.026372 0.077504
v 0.024917 0.018680 0.080541
v 0.026311 0.017609 0.082059
v 0.007531 0.023655 0.082343
v 0.010392 0.022277 0.082533
v 0.013399 0.021894 0.082059
v 0.034160 0.010109 0.148194
v 0.035334 0.008502 0.153128
v 0.036801 0.010836 0.152084
v 0.037608 0.007889 0.156354
v 0.039515 0.010070 0.155879
v 0.039662 0.006053 0.159295
v 0.041936 0.007928 0.159390
v 0.041276 0.003183 0.161667
v 0.043916 0.004560 0.162142
v 0.042303 -0.000376 0.163185
v 0.045164 0.000313 0.163944
v 0.042669 -0.004356 0.163660
v 0.045530 -0.004394 0.164514
v 0.042303 -0.008335 0.163185
v 0.045164 -0.009062 0.163944
v 0.043916 -0.013310 0.162142
v 0.032986 0.007889 0.149901
v 0.031666 0.007928 0.144778
v 0.030932 0.006053 0.146960
v 0.029318 0.003183 0.144588
v 0.041276 -0.011932 0.161667
v 0.039662 -0.014764 0.159295
v 0.041936 -0.016677 0.159390
v 0.039515 -0.018820 0.155879
v 0.029758 0.004560 0.142026
v 0.028511 0.000351 0.140223
v 0.028291 -0.000376 0.143070
v 0.028071 -0.004356 0.139654
v 0.027924 -0.004356 0.142595
v 0.028291 -0.008335 0.143070
v 0.037608 -0.016601 0.156354
v 0.029318 -0.011932 0.144588
v 0.035334 -0.017251 0.153128
v 0.032986 -0.016601 0.149901
v 0.034160 -0.018820 0.148194
v 0.031666 -0.016677 0.144778
v 0.036801 -0.019585 0.152084
v 0.028511 -0.009062 0.140223
v 0.029758 -0.013310 0.142026
v 0.030932 -0.014764 0.146960
v -0.032743 -0.023029 -0.005235
v -0.026214 -0.029420 -0.005235
v -0.013670 -0.017519 -0.004382
v -0.017924 -0.033858 -0.005235
v -0.007287 -0.021499 -0.004476
v -0.008388 -0.036269 -0.005235
v -0.002813 -0.022455 -0.004476
v 0.001882 -0.036614 -0.005235
v 0.010759 -0.022647 -0.004476
v 0.012152 -0.034930 -0.005236
v 0.021396 -0.031792 -0.005236
v 0.021249 -0.021231 -0.004476
v 0.030785 -0.026435 -0.005236
v 0.027264 -0.016218 -0.004287
v 0.038268 -0.020695 -0.005236
v 0.031152 -0.010784 -0.004476
v 0.043476 -0.016027 -0.005235
v 0.043843 -0.014534 -0.005235
v 0.033133 -0.004432 -0.004476
v 0.033353 0.002188 -0.004571
v 0.043623 0.024382 -0.005235
v 0.031666 0.008119 -0.004571
v 0.028878 0.013093 -0.004476
v 0.042816 0.025453 -0.005235
v 0.035480 0.026295 -0.005235
v 0.025430 0.016461 -0.004382
v 0.022202 0.026410 -0.005141
v 0.019342 0.020058 -0.004382
v 0.019268 0.027099 -0.005235
v 0.008044 0.022048 -0.004382
v 0.016187 0.028897 -0.005235
v 0.012959 0.031193 -0.005235
v 0.008925 0.032494 -0.005235
v -0.002446 0.021741 -0.004476
v 0.003643 0.032762 -0.005235
v -0.003253 0.031997 -0.005235
v -0.010295 0.029892 -0.005235
v -0.006480 0.020670 -0.004476
v -0.012716 0.016461 -0.004287
v -0.024893 0.023616 -0.005235
v -0.017631 0.010683 -0.004476
v -0.031349 0.020019 -0.005235
v -0.035750 0.015925 -0.005235
v -0.019538 0.003489 -0.004287
v -0.038318 0.010415 -0.005235
v -0.019905 -0.004241 -0.004287
v -0.039565 0.002838 -0.005235
v -0.039198 -0.006001 -0.005235
v -0.018438 -0.010823 -0.004382
v -0.037071 -0.014955 -0.005235
v 0.027044 0.010070 0.011559
v 0.028511 0.007239 0.015165
v 0.031299 0.009496 0.010800
v 0.031886 0.006741 0.013647
v 0.031299 0.009458 0.003114
v 0.032546 0.002915 0.014690
v 0.031812 0.006741 0.000268
v 0.033206 -0.000912 0.013647
v 0.032546 0.002915 -0.000871
v 0.033646 -0.003667 0.010800
v 0.033206 -0.000912 0.000268
v 0.033646 -0.003667 0.003114
v 0.030932 -0.002825 -0.001061
v 0.030052 -0.005772 0.002260
v 0.031299 0.002341 -0.002768
v 0.028951 0.007621 -0.001061
v 0.027117 0.010147 0.002260
v 0.031152 0.010491 0.007005
v 0.026677 0.011027 0.007005
v 0.030272 0.002417 0.016683
v 0.030492 -0.002557 0.015165
v 0.029905 -0.005695 0.011559
v 0.033866 -0.004662 0.007005
v 0.029685 -0.006690 0.006910
v 0.016260 0.022315 0.081015
v 0.018608 0.023693 0.079497
v 0.016114 0.024803 0.082533
v 0.018021 0.026027 0.081110
v 0.006284 0.032073 0.079876
v 0.007384 0.033872 0.078263
v 0.004963 0.031537 0.077599
v 0.006210 0.033374 0.075891
v 0.013399 0.021894 0.082059
v 0.013693 0.024382 0.083482
v 0.010392 0.022277 0.082533
v 0.011125 0.024803 0.083862
v 0.007531 0.023655 0.082343
v 0.008778 0.025989 0.083577
v 0.005477 0.026333 0.081205
v 0.007017 0.027787 0.082723
v 0.006137 0.029930 0.081489
v 0.004597 0.029012 0.079592
v 0.019855 0.026372 0.077504
v 0.019121 0.027864 0.079592
v 0.009218 0.035096 0.076935
v 0.008338 0.034637 0.074373
v 0.019268 0.030007 0.077979
v 0.019708 0.028897 0.075796
v 0.018388 0.032111 0.076745
v 0.018461 0.031537 0.074088
v 0.016627 0.033910 0.075891
v 0.016407 0.033412 0.073234
v 0.014280 0.035096 0.075607
v 0.013766 0.034637 0.072950
v 0.011712 0.035517 0.075986
v 0.010979 0.035058 0.073329
v 0.076414 -0.025287 0.126370
v 0.079715 -0.027009 0.130355
v 0.077734 -0.025057 0.131494
v 0.082503 -0.026550 0.133107
v 0.081329 -0.023909 0.134815
v 0.086317 -0.026014 0.134151
v 0.085804 -0.022532 0.135669
v 0.090132 -0.021728 0.134056
v 0.078615 -0.027238 0.126465
v 0.090205 -0.025708 0.119633
v 0.093066 -0.025249 0.122575
v 0.094020 -0.025057 0.126465
v 0.090132 -0.025478 0.133107
v 0.092919 -0.025134 0.130260
v 0.093580 -0.021346 0.130924
v 0.095414 -0.021728 0.126560
v 0.094387 -0.022494 0.121721
v 0.090645 -0.022914 0.117925
v 0.086391 -0.026244 0.118589
v 0.085877 -0.023144 0.116881
v 0.082503 -0.026779 0.119633
v 0.081182 -0.023795 0.118115
v 0.077588 -0.024675 0.121531
v 0.079642 -0.027124 0.122575
v 0.009145 -0.018476 0.088131
v 0.031886 0.023081 0.147624
vn -0.0871 0.9477 -0.3069
vn -0.3966 0.7801 -0.4840
vn -0.3966 0.7800 -0.4840
vn -0.0871 0.9476 -0.3072
vn 0.6637 0.6872 0.2952
vn 0.8176 0.2546 0.5164
vn 0.8175 0.2547 0.5166
vn 0.3305 0.9438 -0.0088
vn 0.3305 0.9438 -0.0084
vn 0.1236 0.9786 -0.1647
vn 0.1235 0.9786 -0.1648
vn 0.7563 -0.2509 0.6042
vn 0.7565 -0.2512 0.6038
vn 0.4817 -0.7021 0.5245
vn 0.4817 -0.7020 0.5245
vn 0.0839 -0.9487 0.3050
vn 0.0840 -0.9487 0.3049
vn -0.3305 -0.9438 0.0085
vn -0.8189 -0.2399 -0.5214
vn -0.8186 -0.2401 -0.5218
vn -0.7540 0.2586 -0.6039
vn -0.4654 0.8151 0.3451
vn -0.4653 0.8151 0.3451
vn -0.3376 -0.5239 0.7820
vn -0.5015 -0.8543 -0.1367
vn -0.2297 -0.9694 0.0868
vn -0.2297 -0.9694 0.0865
vn -0.5395 -0.8244 -0.1712
vn 0.7115 0.6097 0.3493
vn 0.5395 0.8244 0.1713
vn 0.6086 0.7569 0.2380
vn -0.8186 -0.2436 -0.5201
vn -0.7132 -0.6067 -0.3512
vn 0.7856 -0.1535 0.5993
vn 0.8180 0.2510 0.5176
vn 0.8179 0.2511 0.5177
vn 0.7856 -0.1535 0.5994
vn -0.7148 0.3568 -0.6014
vn -0.7846 0.1574 -0.5996
vn -0.7846 0.1574 -0.5997
vn -0.7130 -0.6067 -0.3515
vn -0.8186 -0.2436 -0.5202
vn -0.6086 -0.7569 -0.2380
vn 0.0937 -0.9458 0.3110
vn 0.0936 -0.9458 0.3111
vn -0.5677 0.2059 0.7970
vn -0.5677 0.2058 0.7971
vn -0.5677 0.2059 0.7971
vn -0.9706 -0.1532 -0.1854
vn -0.5678 0.2059 0.7970
vn -0.9706 -0.1532 -0.1855
vn -0.6058 -0.1335 0.7843
vn -0.5139 -0.0863 0.8535
vn 0.5487 0.3062 0.7780
vn 0.8183 0.2473 0.5189
vn 0.5487 0.3062 0.7779
vn 0.8184 0.2473 0.5188
vn -0.8183 -0.2473 -0.5188
vn -0.8183 -0.2474 -0.5189
vn -0.8183 -0.2473 -0.5189
vn -0.8183 -0.2472 -0.5189
vn -0.8184 -0.2472 -0.5188
vn 0.8183 0.2472 0.5189
vn 0.8183 0.2474 0.5189
vn 0.2329 0.9688 -0.0844
vn 0.5015 0.8543 0.1365
vn 0.5891 -0.2356 -0.7729
vn 0.5851 -0.2411 -0.7743
vn 0.5713 -0.2476 -0.7825
vn 0.5710 -0.2478 -0.7827
vn 0.8179 0.2510 0.5177
vn -0.6675 -0.6818 -0.2993
vn -0.6676 -0.6817 -0.2993
vn -0.5290 0.6506 -0.5449
vn -0.5289 0.6506 -0.5449
vn -0.4817 0.7021 -0.5245
vn 0.6318 -0.5118 0.5822
vn 0.6621 -0.4612 0.5907
vn 0.7148 -0.3568 0.6014
vn -0.2861 0.8585 -0.4256
vn -0.2861 0.8584 -0.4257
vn 0.6034 -0.1945 -0.7733
vn 0.6035 -0.1945 -0.7733
vn 0.6019 -0.2133 -0.7696
vn 0.6013 -0.2156 -0.7694
vn 0.5975 -0.1761 -0.7823
vn 0.5986 -0.1779 -0.7811
vn 0.5444 -0.2452 -0.8022
vn 0.5357 -0.2333 -0.8115
vn 0.5367 -0.2352 -0.8103
vn 0.5520 -0.2471 -0.7964
vn 0.5384 -0.1818 -0.8229
vn 0.5492 -0.1703 -0.8181
vn 0.5453 -0.1756 -0.8196
vn 0.5324 -0.1978 -0.8231
vn 0.5330 -0.1956 -0.8232
vn 0.5308 -0.2164 -0.8194
vn 0.5308 -0.2165 -0.8194
vn 0.5567 -0.2498 -0.7923
vn 0.5777 -0.1617 -0.8001
vn 0.5898 -0.1661 -0.7902
vn 0.5824 -0.1644 -0.7961
vn 0.5959 -0.2296 -0.7695
vn 0.5634 -0.1635 -0.8098
vn 0.5633 -0.1636 -0.8099
vn -0.6720 0.3828 0.6339
vn -0.6625 0.4611 0.5904
vn -0.6561 0.6435 0.3943
vn -0.7411 0.6094 0.2819
vn -0.5573 -0.3917 0.7321
vn -0.4294 -0.3338 0.8392
vn -0.4243 0.0149 0.9054
vn -0.4060 -0.0727 0.9110
vn -0.4654 0.4452 0.7650
vn -0.4626 0.5210 0.7173
vn -0.5679 0.4799 0.6688
vn -0.6310 -0.0476 0.7743
vn -0.6405 -0.4450 0.6260
vn -0.2724 -0.3055 0.9124
vn -0.3711 0.7293 0.5748
vn -0.5262 0.6821 0.5078
vn 0.3994 -0.7777 0.4854
vn 0.3995 -0.7775 0.4857
vn -0.2348 0.7625 0.6029
vn -0.1342 -0.2919 0.9470
vn 0.3181 -0.5438 -0.7766
vn 0.7821 -0.3575 -0.5105
vn 0.7821 -0.3574 -0.5105
vn 0.4625 0.5085 0.7263
vn 0.1698 0.5653 0.8072
vn 0.1698 0.5652 0.8073
vn 0.5086 0.4938 0.7053
vn 0.9455 0.1867 0.2667
vn 0.6231 0.4485 0.6407
vn 0.6232 0.4485 0.6407
vn 0.1659 0.5657 0.8078
vn -0.3255 0.5424 0.7745
vn -0.7772 0.3609 0.5155
vn -0.9481 -0.1824 -0.2603
vn -0.9834 0.1040 0.1485
vn -0.9834 0.1040 0.1484
vn -0.9481 -0.1824 -0.2606
vn 0.6974 -0.4111 -0.5871
vn 0.8849 -0.2672 -0.3816
vn 0.8597 -0.2929 -0.4185
vn 0.6973 -0.4111 -0.5871
vn -0.8192 -0.3290 -0.4698
vn -0.8191 -0.3290 -0.4699
vn -0.6556 -0.4331 -0.6186
vn -0.7229 -0.3963 -0.5660
vn -0.5853 -0.8005 -0.1287
vn -0.8692 -0.4853 0.0950
vn -0.1698 -0.5653 -0.8072
vn 0.1353 -0.5683 -0.8116
vn -0.1700 -0.5653 -0.8072
vn -0.2037 -0.9234 -0.3253
vn 0.4830 -0.5022 -0.7173
vn 0.5160 -0.8552 -0.0484
vn 0.7167 0.3999 0.5712
vn 0.5303 -0.2552 0.8085
vn 0.7961 -0.5836 0.1600
vn 0.8756 0.2770 0.3956
vn -0.6908 0.4146 0.5923
vn -0.5646 -0.1409 0.8132
vn -0.2006 0.1283 0.9712
vn -0.7551 0.3761 0.5370
vn -0.8756 -0.2770 -0.3956
vn -0.9908 -0.0775 -0.1107
vn -0.9005 -0.2495 -0.3563
vn 0.7229 0.3963 0.5660
vn 0.7841 0.3560 0.5085
vn 0.2550 0.1153 0.9600
vn 0.5853 -0.1528 0.7963
vn 0.8691 -0.2551 0.4237
vn 0.6556 0.4331 0.6186
vn -0.5303 -0.8470 -0.0367
vn -0.7166 -0.4000 -0.5714
vn -0.5087 -0.4938 -0.7053
vn 0.1883 -0.9253 -0.3293
vn 0.9861 -0.0952 -0.1359
vn 0.1570 -0.7813 0.6041
vn 0.2619 -0.7927 0.5504
vn -0.0282 -0.8168 0.5763
vn -0.0362 -0.8247 0.5644
vn -0.1167 -0.8735 0.4727
vn 0.1925 -0.9720 -0.1346
vn 0.4303 -0.5137 -0.7422
vn -0.2550 -0.8627 -0.4366
vn 0.4213 -0.5171 -0.7451
vn -0.6519 -0.4831 0.5845
vn -0.8775 0.2760 0.3923
vn -0.8669 0.2893 0.4060
vn -0.4430 0.5192 0.7309
vn -0.7961 -0.3500 0.4938
vn -0.1925 -0.2060 0.9594
vn -0.4303 0.5217 0.7367
vn -0.9482 0.1823 0.2602
vn -0.9855 0.0974 0.1392
vn -0.9855 0.0974 0.1391
vn -0.9482 0.1823 0.2603
vn -0.6678 -0.6994 0.2547
vn -0.9027 -0.2428 -0.3552
vn -0.8965 -0.2490 -0.3664
vn -0.9069 -0.2385 -0.3474
vn -0.8525 -0.2274 0.4707
vn -0.7167 -0.3999 -0.5713
vn -0.1692 -0.7767 0.6066
vn -0.2627 -0.7882 0.5565
vn 0.1702 -0.8355 0.5225
vn 0.1167 -0.7428 0.6593
vn 0.6519 -0.7145 0.2540
vn 0.5646 -0.8124 -0.1457
vn 0.6908 -0.4146 -0.5923
vn 0.6207 -0.4496 -0.6423
vn 0.8525 -0.5200 0.0529
vn -0.4029 -0.7787 0.4809
vn -0.0106 -0.8221 0.5693
vn -0.3986 -0.7097 0.5809
vn -0.4350 0.5165 0.7376
vn -0.4830 0.5022 0.7173
vn -0.1353 0.5683 0.8116
vn 0.8912 -0.2626 -0.3698
vn 0.8774 -0.2742 -0.3936
vn -0.2017 -0.9727 -0.1147
vn 0.1139 -0.8751 0.4704
vn -0.5160 -0.2470 0.8202
vn -0.8004 -0.5741 0.1723
vn -0.1811 -0.5640 -0.8057
vn -0.1814 -0.5641 -0.8055
vn -0.4625 -0.5085 -0.7263
vn -0.1139 -0.7412 0.6615
vn 0.2016 -0.2249 0.9533
vn 0.8004 -0.3581 0.4807
vn 0.4350 -0.5165 -0.7375
vn 0.6678 -0.4786 0.5701
vn 0.2037 -0.0102 0.9790
vn 0.8965 0.2592 0.3593
vn 0.9027 0.2508 0.3497
vn 0.4535 0.5087 0.7318
vn 0.4797 0.5041 0.7182
vn -0.4213 0.5234 0.7407
vn 0.9004 0.2495 0.3563
vn 0.7167 0.4000 0.5713
vn -0.6974 0.4111 0.5870
vn -0.6974 0.4111 0.5871
vn -0.3906 -0.5280 -0.7541
vn -0.3906 -0.5280 -0.7540
vn 0.9914 0.0753 0.1075
vn 0.9913 0.0753 0.1075
vn 0.9841 -0.1018 -0.1453
vn -0.7841 -0.3560 -0.5084
vn -0.0000 -0.8191 0.5737
vn -0.0001 -0.8191 0.5736
vn 0.2005 -0.8688 -0.4527
vn -0.1882 -0.0070 0.9821
vn -0.4796 -0.5024 -0.7194
vn -0.4985 -0.4939 -0.7124
vn 0.0039 -0.6403 0.7681
vn 0.0511 -0.7085 0.7039
vn -0.0160 -0.8387 0.5444
vn 0.0051 -0.8251 0.5649
vn -0.6207 0.4497 0.6423
vn -0.8032 0.3417 0.4880
vn 0.1180 -0.9732 0.1973
vn 0.0108 -0.8394 0.5435
vn -0.0037 -0.8349 0.5503
vn 0.0529 -0.9796 0.1939
vn 0.0114 -0.8161 0.5778
vn 0.3981 -0.7903 0.4658
vn 0.4030 -0.7191 0.5661
vn 0.0287 -0.8210 0.5702
vn 0.0036 -0.8027 0.5964
vn -0.0039 -0.9408 0.3390
vn -0.0053 -0.8130 0.5822
vn -0.0351 -0.8093 0.5863
vn 0.0467 -0.8982 0.4371
vn -0.0511 -0.9038 0.4249
vn -0.0467 -0.7179 0.6946
vn -0.0001 -0.8192 0.5736
vn -0.0000 -0.8191 0.5736
vn -0.0688 -0.9778 0.1980
vn -0.0165 0.8068 -0.5905
vn -0.0199 0.8079 -0.5890
vn -0.0248 0.8118 -0.5834
vn -0.0253 0.8141 -0.5802
vn -0.1573 -0.8349 0.5275
vn -0.3882 -0.6760 0.6264
vn -0.4536 -0.5137 -0.7283
vn -0.3966 -0.8134 0.4256
vn -0.0528 -0.5173 0.8542
vn -0.1180 -0.5183 0.8470
vn -0.0109 -0.7978 0.6028
vn 0.0160 -0.7984 0.6019
vn 0.0362 -0.8124 0.5820
vn 0.3965 -0.6781 0.6189
vn 0.1254 -0.5254 0.8416
vn 0.0688 -0.5205 0.8511
vn 0.0336 -0.8282 0.5594
vn 0.3871 -0.8216 0.4184
vn -0.0266 0.8216 -0.5695
vn -0.0272 0.8167 -0.5764
vn -0.0266 0.8215 -0.5696
vn 0.0244 0.8115 -0.5839
vn 0.0191 0.8074 -0.5897
vn 0.0210 0.8094 -0.5868
vn 0.0253 0.8236 -0.5667
vn 0.0164 0.8309 -0.5562
vn 0.0199 0.8298 -0.5578
vn 0.0248 0.8258 -0.5634
vn 0.0083 0.8043 -0.5941
vn 0.0123 0.8046 -0.5937
vn 0.0037 0.8031 -0.5958
vn 0.0267 0.8162 -0.5772
vn 0.0267 0.8161 -0.5773
vn -0.0129 0.8048 -0.5934
vn -0.0083 0.8334 -0.5526
vn -0.0208 0.8283 -0.5599
vn -0.0191 0.8303 -0.5571
vn -0.0121 0.8331 -0.5531
vn 0.0129 0.8329 -0.5533
vn 0.0045 0.8342 -0.5515
vn 0.0046 0.8342 -0.5515
vn 0.0274 0.8210 -0.5703
vn -0.0245 0.8262 -0.5629
vn -0.0038 0.8345 -0.5509
vn -0.0046 0.8035 -0.5953
vn -0.0048 0.8035 -0.5952
vn 0.7551 -0.3761 -0.5370
vn 0.4429 -0.5092 -0.7380
vn 0.4985 0.5006 0.7078
vn 0.9069 0.2449 0.3429
vn -0.8912 0.2576 0.3733
vn 0.8669 -0.2825 -0.4108
vn -0.1254 -0.9705 0.2057
vn -0.1380 0.9904 0.0043
vn -0.1188 0.8525 0.5091
vn 0.2035 0.8532 0.4803
vn 0.1876 0.9822 0.0013
vn 0.3178 0.0483 0.9469
vn 0.2500 0.5197 0.8169
vn -0.0703 0.5042 0.8607
vn -0.0006 0.0042 1.0000
vn 0.0698 -0.5005 0.8629
vn 0.1189 -0.8523 0.5093
vn 0.4291 -0.7650 0.4803
vn 0.3822 -0.4282 0.8189
vn -0.0385 0.2761 -0.9604
vn -0.0703 0.5041 -0.8608
vn 0.2499 0.5197 -0.8170
vn 0.2713 0.3011 -0.9142
vn 0.4490 -0.8935 0.0039
vn 0.1380 -0.9904 0.0042
vn 0.1191 -0.8547 -0.5053
vn 0.4294 -0.7669 -0.4769
vn -0.1191 0.8547 -0.5053
vn 0.2033 0.8552 -0.4768
vn 0.9904 0.1381 -0.0001
vn 0.9904 0.1380 -0.0000
vn 0.9904 0.1380 -0.0001
vn 0.0698 -0.5005 -0.8629
vn 0.3823 -0.4281 -0.8189
vn 0.5252 0.8510 0.0040
vn 0.5328 0.7500 0.3918
vn 0.7184 -0.5772 -0.3882
vn 0.6794 -0.2972 -0.6709
vn 0.7379 -0.6749 0.0040
vn 0.7177 -0.5757 0.3917
vn 0.5332 0.7516 -0.3882
vn 0.5712 0.4753 -0.6692
vn 0.5712 0.4752 0.6693
vn 0.6310 0.0919 0.7703
vn 0.6794 -0.2974 0.6708
vn 0.9904 0.1381 -0.0000
vn 0.9904 0.1381 0.0001
vn 0.0374 -0.2681 -0.9627
vn 0.3428 -0.2073 -0.9162
vn 0.5892 0.2933 -0.7529
vn 0.6460 -0.1141 -0.7547
vn 0.9383 0.1984 0.2832
vn 0.7581 0.3741 0.5342
vn 0.7132 0.0725 0.6972
vn 0.8784 -0.1010 0.4672
vn 0.4982 0.4954 0.7116
vn 0.4730 0.1875 0.8609
vn -1.0000 -0.0031 -0.0044
vn -0.9086 -0.2396 -0.3421
vn -0.9086 -0.2395 -0.3421
vn 0.1752 0.2428 0.9541
vn 0.1865 0.5635 0.8048
vn -0.9109 0.2367 0.3379
vn -0.9109 0.2366 0.3381
vn -0.6162 0.4517 0.6451
vn -0.6162 0.4516 0.6452
vn -0.1865 0.5635 0.8048
vn -0.5041 0.4955 0.7074
vn -0.4766 0.1862 0.8591
vn -0.1739 0.2544 0.9513
vn -0.2137 0.5604 0.8002
vn -0.2137 0.5603 0.8002
vn 0.2139 0.5604 0.8001
vn 0.2137 0.5604 0.8002
vn -0.7581 0.3741 0.5342
vn -0.7114 0.0600 0.7002
vn 0.6163 0.4517 0.6451
vn 0.6163 0.4516 0.6451
vn 0.9109 0.2367 0.3379
vn 1.0000 -0.0031 -0.0044
vn 0.7581 -0.3741 -0.5341
vn 0.9369 -0.2003 -0.2864
vn 0.8795 -0.4707 -0.0709
vn 0.7115 -0.6374 -0.2959
vn -0.9369 -0.2004 -0.2863
vn -0.7581 -0.3740 -0.5343
vn -0.7131 -0.6304 -0.3067
vn -0.8772 -0.4754 -0.0665
vn 0.6163 -0.4518 -0.6451
vn 0.6163 -0.4516 -0.6452
vn 0.4176 -0.5212 -0.7443
vn -0.1865 -0.5635 -0.8048
vn 0.1865 -0.5635 -0.8048
vn 0.1739 -0.8069 -0.5645
vn -0.1752 -0.8135 -0.5545
vn 0.5040 -0.4954 -0.7075
vn 0.4766 -0.7436 -0.4689
vn -0.0391 0.8184 -0.5734
vn -0.0390 0.8184 -0.5733
vn -0.0364 0.8265 -0.5617
vn -0.0357 0.8275 -0.5604
vn -0.4730 -0.7448 -0.4707
vn -0.4983 -0.4954 -0.7116
vn 0.9087 -0.2395 -0.3420
vn -1.0000 -0.0022 -0.0032
vn -0.9399 -0.2809 0.1940
vn 1.0000 -0.0022 -0.0032
vn 0.9400 -0.2822 0.1917
vn -0.6159 -0.4517 -0.6454
vn -0.6163 -0.4516 -0.6451
vn -0.2137 -0.5603 -0.8002
vn -0.2137 -0.5604 -0.8002
vn -0.9383 0.1984 0.2831
vn -0.8808 -0.0956 0.4638
vn -0.4650 -0.4288 0.7745
vn -0.2052 -0.3180 0.9256
vn -0.6042 -0.5824 0.5439
vn 0.5961 -0.7150 0.3653
vn 0.4719 -0.8719 0.1310
vn 0.5727 -0.5312 0.6244
vn -0.3066 -0.7842 0.5395
vn -0.2353 -0.6740 0.7002
vn -0.0574 -0.6125 0.7884
vn 0.1097 -0.2959 0.9489
vn 0.1527 -0.6239 0.7665
vn 0.1650 -0.9303 0.3277
vn 0.2096 -0.9774 -0.0286
vn 0.2797 -0.7207 0.6343
vn 0.2867 -0.8364 0.4672
vn -0.0455 -0.9518 0.3032
vn -0.1091 -0.9933 -0.0373
vn -0.3934 -0.9164 0.0736
vn -0.5771 -0.7668 0.2809
vn 0.3993 -0.3724 0.8378
vn 0.0018 -0.8206 0.5716
vn -0.2261 -0.8949 0.3847
vn -0.0358 0.8095 -0.5860
vn -0.0245 0.8009 -0.5983
vn -0.0305 0.8033 -0.5948
vn -0.0364 0.8104 -0.5848
vn -0.0083 0.7965 -0.6046
vn -0.0074 0.7964 -0.6047
vn -0.0202 0.7983 -0.6019
vn 0.0306 0.8336 -0.5515
vn 0.0245 0.8362 -0.5479
vn 0.0204 0.8387 -0.5442
vn 0.0084 0.7965 -0.6045
vn 0.0245 0.8008 -0.5984
vn 0.0204 0.7983 -0.6019
vn 0.0074 0.7965 -0.6046
vn 0.0083 0.8405 -0.5417
vn -0.0083 0.8405 -0.5417
vn -0.0073 0.8406 -0.5416
vn 0.0074 0.8406 -0.5417
vn -0.0306 0.8337 -0.5514
vn -0.0245 0.8362 -0.5479
vn 0.0306 0.8033 -0.5948
vn -0.0202 0.8387 -0.5443
vn 0.0359 0.8095 -0.5860
vn 0.0364 0.8104 -0.5848
vn 0.0391 0.8184 -0.5733
vn 0.0358 0.8274 -0.5605
vn 0.0364 0.8265 -0.5617
vn -0.0000 -0.5736 -0.8191
vn 0.0001 -0.5736 -0.8191
vn -0.7071 -0.4056 -0.5793
vn -0.3968 -0.5265 -0.7519
vn -0.3754 -0.7540 -0.5390
vn -0.6732 -0.6368 -0.3759
vn 1.0000 -0.0023 -0.0035
vn 0.9194 0.2256 0.3221
vn 0.8754 -0.0382 0.4819
vn 0.9514 -0.2544 0.1735
vn 0.1962 -0.5624 -0.8033
vn 0.3932 -0.5274 -0.7532
vn 0.3736 -0.7534 -0.5411
vn 0.1819 -0.7813 -0.5971
vn 0.3932 0.5274 0.7531
vn -0.0041 0.5736 0.8191
vn -0.0039 0.2935 0.9560
vn 0.3736 0.2506 0.8931
vn -0.3968 0.5265 0.7519
vn -0.3754 0.2487 0.8929
vn 0.7071 -0.4057 -0.5791
vn 0.6732 -0.6368 -0.3759
vn 0.7071 0.4056 0.5792
vn 0.6732 0.1354 0.7269
vn -0.7071 0.4057 0.5792
vn -0.9195 0.2255 0.3221
vn -0.8754 -0.0382 0.4819
vn -0.6732 0.1354 0.7270
vn -1.0000 -0.0023 -0.0032
vn -0.9514 -0.2545 0.1736
vn 0.9180 -0.2276 -0.3249
vn 0.8739 -0.4679 -0.1317
vn -0.2040 -0.5615 -0.8019
vn -0.1855 -0.7873 -0.5880
vn -0.8739 -0.4679 -0.1317
vn -0.9179 -0.2276 -0.3250
vn 0.7316 -0.6757 0.0909
vn 0.5659 -0.8157 -0.1197
vn -0.7327 -0.3189 0.6013
vn -0.5659 -0.1666 0.8075
vn -0.7958 -0.4981 0.3445
vn -0.7316 -0.6757 0.0909
vn -0.5659 -0.8157 -0.1197
vn 0.3115 -0.0749 0.9473
vn 0.5659 -0.1666 0.8074
vn 0.0039 -0.0394 0.9992
vn 0.3115 -0.9158 -0.2536
vn 0.7958 -0.4980 0.3444
vn -0.3109 -0.9167 -0.2509
vn -0.1462 -0.9431 -0.2986
vn -0.3110 -0.0778 0.9472
vn 0.1468 -0.9413 -0.3040
vn 0.7327 -0.3190 0.6012
vn 0.8137 -0.3334 -0.4761
vn 0.5881 -0.4639 -0.6625
vn -0.5847 -0.4653 -0.6646
vn -0.5847 -0.4653 -0.6645
vn -0.8112 -0.3354 -0.4790
vn -0.8112 -0.3354 -0.4791
vn 0.8069 0.3388 0.4838
vn 0.9999 0.0067 0.0095
vn 0.9999 0.0067 0.0096
vn 0.1561 -0.5666 -0.8091
vn 0.3052 -0.5462 -0.7801
vn 0.3052 -0.5463 -0.7800
vn 0.1560 -0.5666 -0.8091
vn 0.5847 -0.4653 -0.6645
vn 0.3248 -0.4892 0.8094
vn 0.1610 -0.4320 0.8874
vn 0.0638 -0.6171 0.7843
vn 0.2430 -0.6776 0.6941
vn -0.5847 0.4653 0.6645
vn -0.8112 0.3355 0.4789
vn -0.8112 0.3355 0.4790
vn -0.5847 0.4656 0.6643
vn 0.3092 0.5455 0.7790
vn -0.3092 0.5455 0.7790
vn -0.3093 0.5454 0.7791
vn 0.9523 -0.1750 -0.2499
vn 0.9523 -0.1750 -0.2500
vn 0.9535 0.1729 0.2468
vn 0.9535 0.1729 0.2469
vn -0.9999 -0.0067 -0.0095
vn -0.8069 -0.3388 -0.4838
vn -0.3088 -0.5454 -0.7792
vn -0.3092 -0.5455 -0.7789
vn -0.8137 0.3334 0.4761
vn 0.3052 0.5462 0.7801
vn 0.0039 0.5736 0.8191
vn 0.3048 0.5461 0.7803
vn -0.9535 0.1728 0.2470
vn -1.0000 -0.0022 -0.0031
vn -1.0000 -0.0022 -0.0030
vn -0.9535 0.1729 0.2469
vn 0.8112 -0.3355 -0.4790
vn -0.9523 -0.1750 -0.2500
vn -0.9524 -0.1750 -0.2497
vn -0.3015 -0.5470 -0.7810
vn -0.3015 -0.5469 -0.7810
vn -0.3015 0.5469 0.7810
vn -0.3015 0.5468 0.7811
vn 0.8112 0.3354 0.4790
vn 0.5847 0.4653 0.6645
vn 0.5847 0.4653 0.6646
vn -0.1482 -0.5672 -0.8101
vn -0.1483 -0.5672 -0.8101
vn 0.0225 0.8145 -0.5797
vn 0.0186 0.8107 -0.5852
vn 0.0192 0.8120 -0.5833
vn -0.0187 0.8111 -0.5846
vn -0.0082 0.8068 -0.5908
vn -0.0135 0.8077 -0.5894
vn -0.0186 0.8111 -0.5846
vn 0.4180 -0.8746 0.2456
vn 0.4651 -0.8179 0.3388
vn 0.2442 -0.8839 0.3988
vn 0.3248 -0.9279 0.1829
vn -0.0860 -0.6162 0.7829
vn 0.0112 -0.4153 0.9096
vn -0.1458 -0.4341 0.8890
vn -0.0065 0.8059 -0.5920
vn -0.0186 0.8271 -0.5617
vn -0.0135 0.8301 -0.5575
vn -0.0083 0.8311 -0.5561
vn -0.0193 0.8258 -0.5636
vn 0.0021 0.8323 -0.5543
vn 0.0069 0.8311 -0.5561
vn -0.0065 0.8319 -0.5548
vn -0.0228 0.8149 -0.5791
vn -0.0235 0.8193 -0.5729
vn -0.0228 0.8180 -0.5748
vn -0.2997 -0.7810 0.5480
vn -0.2430 -0.6776 0.6941
vn -0.4658 -0.5975 0.6527
vn -0.5032 -0.7084 0.4950
vn -0.0225 0.8233 -0.5672
vn 0.0188 0.8267 -0.5623
vn 0.0120 0.8304 -0.5571
vn 0.0187 0.8268 -0.5622
vn 0.0069 0.8068 -0.5908
vn 0.0021 0.8056 -0.5925
vn 0.0120 0.8075 -0.5898
vn 0.0075 0.8059 -0.5920
vn 0.0229 0.8228 -0.5679
vn 0.0228 0.8199 -0.5721
vn 0.0237 0.8185 -0.5741
vn 0.0638 -0.9481 0.3116
vn -0.0860 -0.9464 0.3112
vn -0.1458 -0.9839 0.1037
vn 0.0112 -0.9968 0.0791
vn -0.4179 -0.5301 0.7378
vn -0.3248 -0.4893 0.8094
vn -0.2441 -0.8839 0.3990
vn -0.4651 -0.8179 0.3387
vn -0.4179 -0.8746 0.2458
vn -0.3248 -0.9280 0.1828
vn 0.0074 0.8320 -0.5548
vn 0.2996 -0.7810 0.5480
vn 0.4658 -0.5975 0.6527
vn 0.5032 -0.7084 0.4949
vn 0.1609 -0.9816 0.1026
vn 0.4180 -0.5301 0.7378
vn 0.9964 0.0008 0.0848
vn 0.9982 -0.0392 0.0460
vn 0.9982 -0.0396 0.0457
vn -0.9982 -0.0396 0.0457
vn -0.9988 -0.0454 0.0158
vn -0.6678 -0.3585 -0.6523
vn -0.9982 -0.0392 0.0461
vn 0.6570 -0.0132 -0.7537
vn 0.5643 0.6129 -0.5531
vn 0.9983 -0.0046 -0.0577
vn 0.9993 -0.0216 -0.0312
vn 0.6674 -0.2410 -0.7046
vn -0.6570 -0.0129 -0.7538
vn -0.6675 -0.2411 -0.7045
vn -0.9993 -0.0264 -0.0278
vn -0.9937 -0.0011 -0.1121
vn -0.0000 0.9921 -0.1253
vn -0.0000 0.9979 0.0646
vn -0.0000 0.9979 0.0647
vn -0.0000 0.9921 -0.1254
vn -0.0000 0.4491 0.8935
vn -0.0000 0.8996 0.4366
vn -0.0000 0.8996 0.4367
vn -0.5311 0.6258 -0.5712
vn 0.9988 -0.0454 0.0157
vn 0.6677 -0.3586 -0.6523
vn -0.9964 0.0008 0.0848
vn -0.0030 0.9633 0.2683
vn -0.0031 0.9628 0.2703
vn -0.0028 0.9307 0.3658
vn -0.0027 0.9309 0.3651
vn -0.5037 -0.8266 0.2510
vn -0.5962 -0.6406 0.4839
vn -0.7381 -0.5883 0.3304
vn -0.6796 -0.7306 0.0656
vn -0.5058 0.2267 -0.8324
vn -0.6013 0.3769 -0.7045
vn -0.7186 0.2602 -0.6449
vn -0.3142 0.7463 0.5869
vn -0.2395 0.5987 0.7643
vn -0.3783 0.5364 0.7544
vn -0.5230 0.7037 0.4810
vn -0.8624 0.3214 -0.3911
vn -0.9631 0.0966 -0.2510
vn -0.9044 -0.0036 -0.4267
vn -0.3467 -0.8671 0.3577
vn -0.4025 -0.8572 0.3212
vn -0.4548 -0.7718 0.4444
vn -0.3810 -0.7885 0.4828
vn -0.2779 -0.9181 0.2825
vn -0.2926 -0.9273 0.2333
vn -0.3536 -0.9128 0.2044
vn -0.6046 -0.7829 0.1468
vn -0.6725 -0.7365 0.0729
vn -0.3993 -0.9104 0.1081
vn 0.0112 0.0581 0.9982
vn 0.0040 0.0627 0.9980
vn 0.0332 0.0567 0.9978
vn 0.0298 0.0490 0.9984
vn -0.9955 -0.0893 -0.0316
vn -0.9998 0.0074 -0.0204
vn -0.9981 0.0590 -0.0151
vn -0.9954 -0.0901 -0.0316
vn -0.5355 -0.0876 -0.8400
vn -0.4202 0.1281 -0.8983
vn -0.8681 0.4791 -0.1299
vn -0.7269 0.6626 -0.1803
vn -0.8564 0.5085 -0.0896
vn -0.9145 0.3948 -0.0885
vn -0.9296 0.2536 0.2675
vn -0.9492 0.2877 0.1272
vn -0.8923 0.4144 0.1789
vn -0.8447 0.3966 0.3595
vn 0.8150 0.5255 0.2441
vn 0.9300 0.3675 0.0086
vn 0.8652 0.4833 0.1339
vn 0.7734 0.5465 0.3212
vn -0.6100 0.1809 -0.7715
vn -0.7802 0.2253 -0.5836
vn -0.4878 0.2219 -0.8443
vn -0.6354 0.2251 -0.7386
vn -0.8860 0.2338 -0.4004
vn -0.8325 0.2509 -0.4939
vn -0.3063 0.7067 0.6378
vn -0.4756 0.7353 0.4828
vn -0.9034 -0.1279 0.4092
vn -0.7991 -0.2897 0.5268
vn 0.0483 0.0542 0.9974
vn 0.0589 0.0559 0.9967
vn 0.0647 0.0497 0.9967
vn 0.5642 -0.7044 0.4306
vn 0.4891 -0.7588 0.4301
vn 0.8975 -0.4211 0.1312
vn 0.9075 -0.3820 0.1750
vn -0.0321 0.1666 -0.9855
vn -0.0911 0.1503 -0.9844
vn -0.1006 0.0393 -0.9942
vn -0.0412 0.0128 -0.9991
vn 0.0500 -0.0126 0.9987
vn 0.0517 -0.0085 0.9986
vn 0.0551 0.0001 0.9985
vn 0.0543 -0.0016 0.9985
vn -0.6495 0.5758 0.4966
vn -0.3673 0.5942 0.7155
vn -0.6351 0.6589 0.4031
vn 0.4752 0.5437 -0.6918
vn 0.3651 0.6205 -0.6941
vn 0.3031 0.5174 -0.8003
vn 0.4054 0.4437 -0.7993
vn -0.3528 0.6675 0.6558
vn -0.2347 0.5954 0.7684
vn -0.2130 0.6518 0.7279
vn 0.3535 0.5757 -0.7373
vn 0.2131 0.6931 -0.6886
vn 0.2384 -0.4874 0.8400
vn 0.3710 -0.5308 0.7620
vn 0.6603 -0.1090 0.7430
vn 0.4281 -0.0509 0.9023
vn -0.3001 0.4504 0.8408
vn 0.0008 0.4807 0.8769
vn -0.0023 0.4807 0.8769
vn -0.3152 0.4473 0.8370
vn -0.1017 -0.9514 0.2908
vn -0.2932 -0.9178 0.2677
vn -0.1176 -0.9657 0.2315
vn 0.9825 -0.0440 -0.1812
vn 0.9579 0.0488 -0.2830
vn 0.9477 -0.0076 -0.3191
vn 0.9836 -0.0587 -0.1705
vn 0.2856 -0.8968 0.3380
vn 0.6108 -0.7437 0.2717
vn 0.2849 -0.8398 0.4621
vn 0.1725 -0.8696 0.4627
vn 0.4609 0.8058 -0.3717
vn 0.7829 0.5755 -0.2364
vn 0.8096 0.3701 -0.4557
vn 0.4955 0.4555 -0.7396
vn 0.4330 0.5772 0.6923
vn 0.3582 0.5261 0.7713
vn 0.6099 0.4611 0.6445
vn 0.7087 0.4469 0.5460
vn 0.1462 0.8599 0.4891
vn 0.3977 0.7825 0.4791
vn 0.2950 0.6207 0.7264
vn 0.1079 0.6686 0.7358
vn 0.0860 0.0260 -0.9960
vn 0.1778 0.0928 -0.9797
vn 0.4727 0.2992 -0.8288
vn 0.4948 0.2174 -0.8414
vn -0.2463 0.1071 -0.9633
vn -0.3152 0.1716 -0.9334
vn -0.8697 0.0462 -0.4914
vn -0.6820 -0.0511 -0.7295
vn -0.1204 -0.6101 0.7832
vn -0.1561 -0.4890 0.8582
vn -0.3020 -0.5183 0.8001
vn -0.2293 -0.6377 0.7354
vn -0.4277 -0.8474 0.3146
vn -0.4882 -0.8410 0.2331
vn -0.4574 -0.8575 0.2354
vn -0.2444 -0.9092 0.3370
vn -0.5511 -0.3341 -0.7646
vn -0.6162 -0.3727 -0.6938
vn -0.7738 -0.3027 -0.5564
vn -0.7507 -0.2606 -0.6071
vn -0.6547 -0.0389 0.7549
vn -0.7082 0.0033 0.7060
vn -0.7018 -0.0050 0.7124
vn -0.6507 -0.0406 0.7583
vn -0.0010 -0.0043 -1.0000
vn -0.0000 -0.0000 -1.0000
vn -0.0012 -0.0007 -1.0000
vn 0.7974 0.3629 0.4822
vn 0.9177 0.2451 0.3128
vn 0.9003 0.2663 0.3444
vn 0.2064 -0.5339 -0.8200
vn 0.0785 -0.5687 -0.8188
vn 0.0140 -0.0746 -0.9971
vn 0.0297 -0.0652 -0.9974
vn 0.2364 0.7858 0.5715
vn -0.1572 0.6128 0.7744
vn -0.0447 0.4495 0.8921
vn 0.4121 0.5296 0.7414
vn 0.9118 -0.3193 0.2583
vn 0.5821 -0.6496 0.4891
vn 0.1927 -0.2995 0.9344
vn 0.0009 -0.2818 0.9595
vn 0.0009 -0.5593 0.8290
vn 0.1128 -0.5690 0.8145
vn -0.6819 0.3769 0.6269
vn -0.3900 0.4695 0.7921
vn -0.6605 0.4950 0.5646
vn 0.3346 0.9281 -0.1634
vn 0.4975 0.8614 -0.1024
vn 0.4211 0.7429 -0.5204
vn 0.2935 0.7475 -0.5960
vn 0.6687 -0.5944 -0.4467
vn 0.5634 -0.3334 -0.7559
vn 0.8644 -0.1469 -0.4809
vn 0.9114 -0.3114 -0.2690
vn -0.1927 -0.2978 0.9350
vn -0.1122 -0.5667 0.8162
vn 0.0100 0.2470 0.9690
vn -0.3597 0.2123 0.9086
vn -0.3580 0.2127 0.9092
vn 0.0076 0.2471 0.9690
vn -0.3217 0.9468 -0.0034
vn -0.3160 0.9296 0.1897
vn 0.2514 0.9673 -0.0324
vn 0.4563 0.8895 -0.0245
vn 0.6835 -0.0806 0.7255
vn 0.8567 -0.0920 0.5076
vn 0.7895 -0.3100 0.5296
vn 0.6290 -0.2521 0.7354
vn -0.5640 0.8187 -0.1080
vn -0.7941 0.5763 -0.1931
vn -0.8105 0.4988 0.3070
vn -0.6491 0.6576 0.3824
vn 0.9947 -0.1033 0.0024
vn 0.9324 -0.3615 0.0032
vn 0.9243 -0.3592 0.1292
vn 0.9875 -0.1018 0.1201
vn -0.6516 -0.6803 -0.3357
vn -0.6564 -0.6775 -0.3319
vn -0.8633 -0.4981 -0.0807
vn -0.8616 -0.5006 -0.0842
vn -0.5768 0.0060 0.8169
vn -0.5076 -0.1983 0.8385
vn -0.2952 -0.1491 0.9437
vn -0.3373 0.0473 0.9402
vn -0.0674 0.4877 -0.8704
vn -0.0400 0.3576 -0.9330
vn 0.1358 0.3440 -0.9291
vn 0.2020 0.5009 -0.8416
vn 0.8938 0.4451 -0.0553
vn 0.8972 0.4381 -0.0555
vn -0.7126 0.6995 -0.0534
vn -0.9314 0.3614 -0.0441
vn -0.6714 0.7364 -0.0836
vn 0.2771 0.1743 -0.9449
vn 0.1978 0.1645 -0.9663
vn 0.2478 0.4599 -0.8527
vn 0.3471 0.4927 -0.7980
vn -0.1484 0.9676 -0.2045
vn -0.1504 0.9792 -0.1362
vn -0.3984 0.9064 -0.1403
vn -0.4286 0.8771 -0.2170
vn 0.9893 -0.1380 0.0481
vn 0.9044 -0.4022 0.1423
vn 0.9095 -0.4017 0.1067
vn 0.9937 -0.1086 0.0277
vn -0.9847 -0.0714 -0.1587
vn -0.8939 -0.1922 -0.4049
vn -0.3278 -0.6270 0.7067
vn -0.3812 -0.7121 0.5896
vn -0.4689 -0.6709 0.5745
vn -0.4099 -0.5727 0.7099
vn 0.8825 0.3866 -0.2680
vn 0.9344 0.2306 -0.2715
vn 0.5134 0.1267 -0.8487
vn -0.5165 -0.4046 -0.7547
vn 0.2858 0.3009 -0.9098
vn 0.3840 0.4723 -0.7934
vn -0.9920 -0.1093 0.0627
vn -0.9925 -0.0804 0.0921
vn -0.8813 -0.4317 0.1922
vn -0.9339 -0.3201 0.1595
vn 0.2151 -0.9527 0.2148
vn 0.1742 -0.9513 0.2544
vn 0.2828 -0.8917 0.3535
vn 0.3292 -0.8975 0.2936
vn 0.7346 -0.6785 0.0042
vn 0.7292 -0.6703 0.1376
vn 0.0327 0.6617 0.7490
vn 0.0567 0.6843 0.7270
vn -0.0731 0.6689 0.7397
vn -0.0937 0.6467 0.7570
vn -0.5702 -0.7902 0.2245
vn -0.2934 -0.9281 0.2293
vn -0.2696 -0.8480 0.4563
vn -0.5283 -0.7227 0.4457
vn 0.3356 -0.6857 0.6459
vn -0.2497 -0.5632 0.7877
vn 0.0091 -0.8376 0.5462
vn -0.0054 -0.8223 0.5691
vn 0.8852 0.1577 -0.4376
vn 0.9033 0.2372 -0.3574
vn 0.8510 0.3231 -0.4141
vn 0.7966 0.2220 -0.5623
vn -0.1948 0.7450 -0.6380
vn -0.0318 0.7590 -0.6503
vn -0.0203 0.4468 -0.8944
vn -0.1577 0.4516 -0.8782
vn -0.6531 -0.6988 0.2918
vn -0.6194 -0.7492 0.2347
vn 0.9991 0.0310 0.0286
vn 0.9998 0.0089 0.0180
vn 0.9959 -0.0516 -0.0737
vn 0.9940 -0.0417 -0.1014
vn 0.4411 0.8954 -0.0606
vn 0.2897 0.9548 -0.0660
vn 0.2706 0.9534 -0.1332
vn 0.4117 0.9001 -0.1427
vn -0.9326 -0.1415 -0.3320
vn -0.9825 -0.0570 -0.1775
vn -0.9596 -0.2337 -0.1570
vn -0.8715 -0.4201 -0.2530
vn -0.5949 0.7869 -0.1640
vn 0.0529 -0.5577 0.8283
vn 0.1164 -0.6532 0.7482
vn 0.1126 -0.4504 0.8857
vn 0.0283 -0.4123 0.9106
vn 0.0016 0.0360 -0.9994
vn -0.0010 0.0112 -0.9999
vn -0.7679 0.6143 -0.1816
vn -0.4368 -0.8049 0.4016
vn -0.2053 -0.8417 0.4994
vn -0.6879 -0.7173 -0.1107
vn -0.8607 -0.5008 -0.0914
vn -0.6393 -0.7669 0.0562
vn -0.5126 -0.8580 0.0324
vn -0.9900 0.1209 -0.0726
vn -0.9623 0.2654 -0.0595
vn -0.3670 -0.9178 0.1513
vn -0.2925 -0.8722 0.3921
vn -0.0641 -0.9684 0.2409
vn -0.0572 -0.8787 0.4739
vn -0.7994 -0.4467 -0.4018
vn -0.9429 -0.2839 -0.1741
vn -0.9430 -0.2837 -0.1739
vn -0.8021 -0.4445 -0.3988
vn 0.1572 -0.6655 -0.7296
vn 0.3047 -0.6483 -0.6977
vn 0.3050 -0.6483 -0.6977
vn -0.3719 -0.8648 0.3372
vn -0.8080 -0.5766 -0.1209
vn -0.8887 -0.4506 0.0847
vn -0.2031 0.1851 -0.9615
vn -0.2754 0.1971 -0.9409
vn -0.4203 0.4438 -0.7914
vn -0.3318 0.4522 -0.8279
vn 0.7977 0.3404 0.4978
vn 0.5863 0.4377 0.6817
vn 0.9987 0.0510 0.0001
vn 0.9376 0.3477 -0.0094
vn 0.9432 0.3319 -0.0169
vn 0.9987 0.0502 -0.0020
vn -0.3078 -0.6436 -0.7007
vn -0.3086 -0.6434 -0.7006
vn -0.5828 -0.5666 -0.5825
vn -0.5831 -0.5665 -0.5823
vn -0.8491 -0.5152 -0.1166
vn -0.0805 0.4556 0.8865
vn -0.0553 0.5314 0.8453
vn -0.1562 0.5141 0.8434
vn -0.1683 0.4394 0.8824
vn 0.0355 0.0171 -0.9992
vn 0.0610 0.1625 -0.9848
vn -0.7030 -0.7002 0.1242
vn -0.6256 -0.5996 0.4991
vn -0.3745 -0.7645 0.5247
vn -0.4225 -0.8973 0.1278
vn -0.0659 -0.9716 -0.2275
vn -0.2964 -0.9307 -0.2143
vn -0.1810 -0.5672 -0.8035
vn -0.0391 -0.5770 -0.8158
vn 0.1100 -0.9932 0.0375
vn -0.1341 -0.9903 0.0373
vn -0.1336 -0.9910 0.0052
vn 0.1102 -0.9939 0.0050
vn -0.0131 0.9795 -0.2010
vn -0.0129 0.9908 -0.1349
vn 0.1075 -0.9857 0.1300
vn -0.1291 -0.9833 0.1285
vn -0.4172 -0.9082 0.0323
vn -0.4212 -0.9070 0.0056
vn -0.6555 0.3831 0.6508
vn -0.5678 0.4280 0.7031
vn -0.5846 0.4143 0.6976
vn -0.6502 0.3866 0.6541
vn 0.3453 -0.9082 -0.2363
vn 0.3459 -0.4569 -0.8195
vn 0.5831 -0.7767 -0.2382
vn 0.7029 0.6143 0.3585
vn 0.2561 0.8081 0.5305
vn 0.2508 0.5253 0.8131
vn 0.7073 0.4334 0.5585
vn -0.0018 -0.0770 -0.9970
vn -0.0183 -0.0739 -0.9971
vn 0.0333 -0.8781 0.4774
vn 0.0153 -0.9764 0.2155
vn -0.9785 0.1639 -0.1256
vn -0.9340 0.2746 -0.2283
vn 0.1661 0.8817 0.4417
vn 0.4169 0.8713 0.2588
vn 0.1558 0.9123 -0.3788
vn -0.1714 0.8805 -0.4420
vn -0.8604 0.4134 -0.2980
vn -0.7116 0.6460 -0.2764
vn -0.8115 0.4689 -0.3487
vn -0.8974 0.2544 -0.3604
vn -0.9883 0.1526 0.0076
vn -0.8944 0.2112 0.3943
vn -0.6932 0.6680 0.2705
vn -0.7673 0.6412 0.0074
vn 0.3467 -0.8331 0.4310
vn 0.4083 -0.8255 0.3896
vn -0.3059 -0.4916 0.8153
vn -0.6923 0.5431 0.4752
vn -0.5246 0.4189 0.7412
vn -0.6286 0.2315 0.7425
vn -0.8033 0.2896 0.5204
vn -0.2975 -0.6414 0.7071
vn -0.2212 -0.5939 0.7735
vn -0.3691 -0.3510 0.8606
vn -0.5022 -0.4350 0.7474
vn -0.9078 0.0319 0.4181
vn -0.8963 0.1214 0.4264
vn -0.7438 0.1663 0.6474
vn -0.7619 0.0382 0.6465
vn 0.9203 0.2904 -0.2622
vn 0.8766 0.3688 -0.3092
vn -0.3425 -0.9201 0.1900
vn -0.2548 -0.9456 0.2021
vn -0.3800 -0.8835 0.2739
vn -0.4482 -0.8540 0.2643
vn -0.9159 0.4008 0.0216
vn -0.7969 0.6036 0.0257
vn -0.4471 0.8926 -0.0577
vn -0.4424 0.8968 -0.0047
vn -0.7200 0.6938 -0.0141
vn -0.9897 0.0592 0.1303
vn -0.8560 0.4884 0.1695
vn -0.8693 0.4943 -0.0041
vn 0.4167 -0.9084 0.0335
vn 0.4191 -0.9079 0.0009
vn 0.7314 -0.6816 0.0239
vn 0.0991 -0.9677 0.2320
vn 0.4545 0.8890 -0.0555
vn 0.7288 0.6835 -0.0401
vn 0.7155 0.6980 -0.0292
vn 0.4637 0.8856 -0.0270
vn 0.2737 -0.8856 0.3751
vn 0.5067 -0.8490 0.1496
vn 0.5974 -0.7479 0.2893
vn 0.3268 -0.8275 0.4565
vn -0.5399 0.8008 -0.2591
vn -0.5349 0.8317 0.1488
vn -0.3902 0.8943 0.2191
vn -0.4173 0.8726 -0.2539
vn -0.0838 0.0128 0.9964
vn -0.0753 0.0137 0.9971
vn -0.0757 -0.0068 0.9971
vn -0.0741 -0.0141 0.9972
vn -0.2938 0.3590 -0.8859
vn -0.2415 0.3475 -0.9060
vn -0.1795 0.3931 -0.9018
vn -0.2313 0.4810 -0.8456
vn -0.1263 0.6044 0.7866
vn -0.0133 0.6204 0.7841
vn 0.4987 -0.7516 0.4317
vn 0.8951 -0.4324 0.1084
vn 0.7412 0.6145 0.2702
vn 0.7059 0.6483 0.2851
vn 0.6344 0.5778 0.5136
vn 0.6518 0.5503 0.5218
vn -0.3467 -0.8928 0.2874
vn -0.2262 -0.9509 0.2114
vn -0.4653 -0.7249 0.5079
vn -0.4991 -0.7081 0.4995
vn -0.4727 -0.7968 0.3764
vn -0.4348 -0.8155 0.3821
vn -0.2165 0.6744 0.7059
vn -0.1993 0.6140 0.7637
vn -0.8516 0.5237 0.0212
vn -0.8843 0.4490 0.1283
vn 0.3512 0.8787 0.3233
vn 0.5263 0.8053 0.2731
vn 0.3459 -0.7558 0.5559
vn 0.0849 -0.8356 0.5427
vn 0.0679 -0.6538 0.7536
vn 0.2667 -0.5965 0.7570
vn 0.3151 0.4817 0.8177
vn -0.9816 -0.1464 0.1224
vn -0.8494 -0.1294 0.5116
vn -0.7811 -0.3681 0.5043
vn -0.8911 -0.4370 0.1220
vn 0.8963 0.0465 0.4410
vn 0.8087 -0.1831 0.5590
vn 0.8823 -0.2548 0.3957
vn 0.9667 -0.0376 0.2532
vn 0.3680 -0.7602 0.5355
vn 0.4249 -0.7421 0.5184
vn 0.1746 0.8284 -0.5323
vn 0.2028 0.6798 -0.7048
vn 0.3822 0.6420 -0.6646
vn 0.3470 0.7837 -0.5152
vn -0.1937 0.9377 0.2885
vn -0.0542 0.9507 0.3054
vn -0.0455 0.9717 -0.2318
vn -0.2052 0.9486 -0.2409
vn 0.9314 -0.3638 0.0116
vn 0.9281 -0.3701 0.0398
vn 0.7213 -0.6879 0.0808
vn -0.9342 0.3564 -0.0144
vn 0.1840 -0.8191 -0.5433
vn -0.0018 -0.8324 -0.5542
vn 0.0003 -0.8324 -0.5542
vn 0.1840 -0.8192 -0.5432
vn 0.0772 -0.9803 0.1815
vn 0.0477 -0.9787 0.1998
vn -0.0300 -0.8105 0.5849
vn -0.0299 -0.8104 0.5851
vn -0.0254 -0.8147 0.5793
vn -0.0238 -0.8147 0.5794
vn 0.6918 0.7086 -0.1387
vn 0.7214 0.6892 -0.0676
vn -0.7793 -0.5837 0.2281
vn -0.7180 -0.5294 0.4520
vn -0.7943 -0.3927 0.4635
vn -0.8698 -0.4328 0.2370
vn 0.1995 -0.7085 0.6770
vn 0.0644 -0.9306 0.3604
vn 0.0843 -0.9528 0.2915
vn 0.3446 -0.9004 0.2655
vn 0.6860 -0.0233 -0.7272
vn 0.6415 -0.0121 -0.7670
vn 0.7854 -0.0023 -0.6190
vn 0.8076 -0.0337 -0.5888
vn 0.9676 0.0790 -0.2398
vn 0.9921 0.0523 0.1139
vn 0.9261 0.3607 0.1105
vn -0.0128 0.9979 -0.0631
vn -0.0077 0.9982 -0.0596
vn -0.1606 0.9852 -0.0592
vn -0.1597 0.9851 -0.0639
vn -0.8842 -0.3533 -0.3056
vn -0.9769 -0.2040 -0.0639
vn 0.4998 -0.4393 0.7464
vn 0.3681 -0.3532 0.8601
vn 0.2143 -0.5995 0.7712
vn 0.2880 -0.6479 0.7051
vn 0.5229 -0.6959 0.4922
vn 0.3094 -0.8136 0.4923
vn 0.3436 -0.9054 0.2495
vn 0.5814 -0.7747 0.2488
vn -0.5745 -0.7919 -0.2070
vn 0.4833 -0.8748 -0.0325
vn 0.4836 -0.8747 -0.0326
vn 0.2274 -0.9733 -0.0327
vn 0.2272 -0.9733 -0.0327
vn 0.9946 -0.1041 0.0003
vn 0.9943 -0.1063 0.0105
vn -0.1628 0.6689 0.7253
vn -0.5798 0.1032 -0.8082
vn -0.5869 -0.0126 -0.8096
vn -0.9725 -0.0205 -0.2319
vn -0.9550 0.1827 -0.2338
vn 0.9793 0.1267 0.1576
vn 0.9836 0.1033 0.1482
vn -0.7930 0.5643 -0.2293
vn -0.7946 0.5599 0.2348
vn -0.9060 0.3970 -0.1467
vn 0.6177 -0.5732 0.5385
vn -0.7231 -0.6831 0.1022
vn -0.8195 -0.5715 0.0428
vn -0.9378 0.2767 -0.2097
vn -0.9091 0.3021 0.2869
vn -0.1592 0.8451 0.5103
vn -0.4655 0.7611 0.4517
vn -0.6130 0.3839 0.6906
vn -0.1059 0.5745 0.8116
vn -0.0033 -0.8157 0.5785
vn -0.0032 -0.8156 0.5786
vn 0.0015 -0.8228 0.5684
vn 0.0015 -0.8229 0.5682
vn 0.8284 0.1022 -0.5508
vn 0.5021 0.0385 -0.8640
vn -0.0024 -0.0067 -1.0000
vn 0.6954 -0.7025 0.1514
vn 0.9205 -0.3833 0.0762
vn 0.6585 -0.7248 0.2026
vn 0.1725 0.0198 -0.9848
vn 0.2569 0.0143 -0.9663
vn -0.5202 -0.2624 -0.8127
vn -0.0952 -0.0514 -0.9941
vn -0.0702 -0.0582 -0.9958
vn -0.4782 -0.3594 -0.8013
vn -0.6504 -0.3872 0.6535
vn -0.4668 -0.4046 0.7864
vn -0.4079 0.2205 -0.8860
vn -0.3912 0.2322 -0.8905
vn -0.3330 -0.8387 0.4310
vn -0.2557 -0.9300 0.2640
vn -0.6875 0.2090 -0.6955
vn -0.1226 -0.0014 -0.9925
vn -0.5338 0.2535 -0.8067
vn -0.4761 0.3163 -0.8206
vn -0.1560 -0.6639 -0.7314
vn 0.0061 0.2542 0.9671
vn 0.4913 0.2240 0.8417
vn 0.9413 0.0853 0.3267
vn 0.9445 0.0796 0.3186
vn 0.9929 -0.0972 0.0685
vn 0.9929 -0.0924 0.0753
vn -0.9538 0.1225 -0.2742
vn -0.0991 -0.4508 0.8871
vn -0.0892 -0.6622 0.7440
vn -0.0811 -0.5089 0.8570
vn -0.7152 -0.2924 -0.6348
vn -0.7580 -0.0544 -0.6500
vn -0.7410 0.2630 0.6179
vn -0.7435 0.2503 0.6201
vn -0.7133 0.3232 0.6219
vn -0.7043 0.3355 0.6256
vn -0.2711 0.9600 0.0702
vn 0.4662 -0.5766 0.6710
vn 0.8111 0.5217 -0.2644
vn 0.0823 -0.8392 0.5376
vn -0.0056 -0.8332 0.5530
vn 0.1339 -0.5438 0.8285
vn 0.2917 -0.5666 0.7706
vn -0.2845 0.5262 -0.8014
vn -0.3756 0.4479 -0.8113
vn -0.3330 0.5662 -0.7540
vn -0.2060 0.6975 -0.6864
vn -0.0942 0.6966 -0.7112
vn 0.4588 0.6701 -0.5835
vn 0.1991 -0.8470 0.4929
vn -0.3020 -0.9221 0.2420
vn -0.1758 -0.4361 0.8825
vn -0.0013 -0.4263 0.9046
vn -0.2699 -0.3421 0.9000
vn 0.0239 -0.6919 0.7216
vn 0.2670 -0.4238 0.8655
vn -0.1282 -0.1826 0.9748
vn -0.5091 -0.1112 -0.8535
vn 0.1118 0.5426 0.8325
vn 0.0692 0.4756 0.8769
vn 0.1195 0.7218 -0.6817
vn 0.0924 0.6112 -0.7861
vn -0.9202 0.2201 0.3239
vn -0.9127 0.3391 0.2281
vn -0.9772 0.2124 -0.0039
vn -0.9914 0.0909 0.0946
vn -0.6973 -0.4858 -0.5270
vn -0.6522 -0.6837 -0.3272
vn 0.9425 0.3319 -0.0394
vn 0.9340 0.3488 -0.0768
vn 0.9986 0.0522 -0.0119
vn 0.9988 0.0495 -0.0068
vn 0.9270 0.0565 -0.3707
vn 0.8015 0.1273 -0.5843
vn 0.9510 0.2128 -0.2241
vn 0.9582 0.1551 -0.2405
vn -0.9380 0.3320 -0.0998
vn -0.8837 -0.4161 0.2141
vn -0.8787 -0.3767 0.2934
vn -0.9679 -0.1885 0.1661
vn -0.9675 -0.2397 0.0801
vn -0.4627 0.7891 -0.4039
vn -0.6829 0.6867 -0.2492
vn -0.9994 0.0351 -0.0034
vn -0.9995 -0.0084 0.0296
vn -0.9915 0.0451 0.1218
vn 0.3122 0.4645 0.8287
vn 0.5826 0.3858 0.7154
vn 0.5867 0.3838 0.7131
vn 0.2934 0.4666 0.8344
vn 0.4956 -0.6749 0.5467
vn 0.5165 -0.7494 0.4143
vn -0.1878 -0.8678 0.4600
vn -0.0633 -0.8778 0.4748
vn -0.1409 -0.9595 0.2441
vn 0.7786 -0.5745 0.2524
vn 0.6969 -0.5161 0.4980
vn -0.7004 -0.7134 0.0214
vn -0.7069 -0.7073 0.0067
vn -0.1606 -0.9716 0.1736
vn 0.3024 -0.5065 0.8075
vn 0.1686 -0.4506 0.8767
vn -0.0079 -0.9994 -0.0329
vn 0.4146 -0.8989 0.1419
vn -0.8626 0.4433 0.2438
vn -0.8649 0.4429 -0.2361
vn -0.8982 -0.4395 0.0081
vn 0.1835 -0.0391 0.9822
vn -0.5988 -0.7467 0.2896
vn -0.3452 -0.8264 0.4448
vn -0.3658 -0.7585 0.5393
vn -0.6214 -0.6398 0.4521
vn -0.0793 -0.9298 0.3594
vn -0.0101 0.9487 0.3160
vn 0.9245 -0.2713 0.2678
vn 0.8673 -0.0978 0.4881
vn 0.5827 -0.2440 0.7752
vn 0.7224 -0.5367 0.4360
vn 0.5015 0.3941 -0.7702
vn 0.7493 0.6146 -0.2468
vn -0.2415 -0.9551 0.1719
vn -0.4998 -0.7586 -0.4180
vn -0.8558 -0.5162 0.0341
vn -0.9330 -0.3408 -0.1155
vn -0.8048 -0.4621 -0.3725
vn -0.7376 -0.6479 -0.1903
vn 0.3068 0.9499 -0.0596
vn 0.5270 -0.0779 -0.8463
vn 0.5252 0.0333 -0.8503
vn 0.9599 0.0597 -0.2740
vn 0.9532 -0.1376 -0.2691
vn -0.9491 -0.2034 -0.2404
vn -0.8846 -0.4313 0.1774
vn -0.9825 -0.1596 0.0966
vn -0.0645 0.8242 0.5626
vn 0.0913 0.8228 0.5609
vn 0.0945 0.9422 0.3215
vn 0.8983 -0.3518 0.2632
vn 0.9515 -0.1380 0.2748
vn 0.8345 -0.1228 0.5372
vn 0.7960 -0.3162 0.5162
vn 0.1057 -0.9850 0.1365
vn -0.7429 0.4109 -0.5284
vn -0.7069 0.3506 -0.6144
vn -0.7881 0.3520 -0.5050
vn -0.8712 0.3506 -0.3436
vn -0.9884 -0.1514 0.0071
vn -0.9985 0.0556 0.0016
vn -0.9912 0.0591 0.1181
vn -0.5782 -0.7949 0.1840
vn -0.5423 0.7917 -0.2812
vn -0.6798 0.6570 -0.3260
vn -0.5471 0.8170 -0.1823
vn -0.3466 0.9323 -0.1033
vn -0.4931 -0.6905 0.5293
vn -0.3487 -0.7240 0.5952
vn -0.0437 0.7225 -0.6900
vn -0.1547 0.8275 -0.5398
vn 0.0316 0.7250 -0.6880
vn -0.0412 -0.6882 0.7243
vn -0.0185 -0.8117 0.5837
vn -0.0178 -0.8111 0.5847
vn -0.7643 0.6433 0.0452
vn -0.8292 0.5587 0.0173
vn -0.9245 0.1672 0.3426
vn -0.0035 -0.9876 0.1569
vn 0.9863 -0.0343 -0.1613
vn 0.9853 -0.0842 -0.1489
vn 0.9883 -0.0765 -0.1317
vn 0.8035 0.2439 0.5431
vn 0.8048 0.2428 0.5416
vn -0.8177 0.2960 -0.4937
vn -0.5709 0.2379 -0.7858
vn -0.9477 0.2061 -0.2439
vn -0.9586 0.2742 -0.0762
vn -0.0360 -0.6342 0.7723
vn 0.2285 0.1246 -0.9655
vn -0.9389 0.0849 0.3335
vn -0.9871 -0.0405 -0.1549
vn -0.3874 0.2221 -0.8948
vn -0.0645 -0.5271 0.8474
vn -0.0824 -0.4518 0.8883
vn 0.0855 -0.4311 0.8983
vn 0.0590 -0.5279 0.8472
vn 0.9728 -0.2265 -0.0495
vn 0.8962 -0.4295 0.1111
vn 0.9728 -0.2282 -0.0397
vn -0.3280 -0.6887 0.6466
vn -0.4752 -0.5765 0.6647
vn -0.4859 -0.7749 -0.4043
vn -0.2649 -0.9504 0.1629
vn -0.0184 -0.4887 0.8723
vn -0.0510 -0.3726 0.9266
vn -0.5046 -0.7121 0.4882
vn -0.4551 -0.6346 0.6246
vn -0.8889 0.4179 -0.1878
vn -0.0742 -0.0250 0.9969
vn -0.0730 -0.0140 0.9972
vn -0.6751 0.0514 0.7359
vn -0.6819 -0.0971 0.7250
vn -0.8611 0.0511 0.5059
vn -0.7880 0.6014 -0.1318
vn -0.7946 0.5071 -0.3338
vn 0.4659 -0.7679 0.4396
vn 0.4770 -0.6713 0.5673
vn 0.2991 -0.9278 0.2230
vn 0.4023 -0.8571 0.3219
vn 0.9377 0.2045 0.2810
vn -0.9999 0.0055 0.0124
vn -0.9993 -0.0147 0.0343
vn -0.9863 -0.0924 -0.1369
vn 0.5108 -0.2021 -0.8356
vn 0.4553 -0.3347 -0.8250
vn 0.0514 -0.0301 -0.9982
vn 0.0535 -0.0125 -0.9985
vn -0.2352 -0.4862 0.8416
vn -0.3525 -0.5565 0.7524
vn -0.1083 -0.4805 0.8703
vn -0.6593 0.6980 0.2795
vn 0.3365 -0.7025 0.6271
vn 0.0013 -0.9685 0.2488
vn 0.1110 -0.9596 0.2586
vn -0.4397 -0.8657 0.2390
vn -0.5163 -0.8418 0.1574
vn 0.9951 -0.0506 -0.0849
vn 0.9948 0.0035 -0.1017
vn 0.3369 -0.9049 0.2601
vn 0.5028 -0.7576 0.4161
vn 0.5190 -0.7540 0.4026
vn 0.4502 -0.8327 0.3223
vn 0.7799 0.1582 0.6056
vn 0.3899 0.1375 0.9105
vn 0.2674 -0.6103 0.7457
vn 0.0432 -0.0491 -0.9979
vn 0.6994 0.0374 0.7138
vn 0.8680 0.0493 0.4941
vn -0.0409 -0.0671 -0.9969
vn -0.3587 -0.4967 -0.7903
vn -0.8171 0.4531 0.3565
vn -0.3027 0.8662 0.3976
vn -0.3473 -0.6971 0.6272
vn -0.5885 -0.5330 0.6080
vn 0.1549 -0.9726 0.1733
vn 0.4085 -0.5808 0.7042
vn -0.4321 -0.6371 0.6383
vn -0.8646 -0.1791 0.4694
vn -0.9526 -0.1885 0.2388
vn -0.9142 -0.3285 0.2373
vn -0.8313 -0.3034 0.4656
vn -0.4271 0.9015 -0.0696
vn 0.2273 -0.4868 0.8434
vn 0.3381 -0.5543 0.7606
vn 0.1697 -0.5635 0.8085
vn 0.4686 0.5037 0.7257
vn 0.5913 0.6322 0.5007
vn 0.9360 -0.3520 0.0031
vn 0.7408 -0.6714 -0.0193
vn -0.5883 -0.7379 -0.3308
vn 0.8813 0.3860 0.2725
vn 0.7707 0.3519 0.5313
vn 0.8179 0.2080 0.5364
vn 0.9332 0.2304 0.2757
vn 0.0100 -0.8397 0.5430
vn 0.0101 -0.8397 0.5430
vn 0.9379 0.3445 -0.0418
vn 0.8494 0.5031 -0.1596
vn -0.7503 0.1755 0.6374
vn -0.7499 0.1908 0.6334
vn -0.7496 0.1145 0.6519
vn -0.7412 0.0808 0.6664
vn -0.9972 0.0516 -0.0539
vn -0.9983 0.0494 -0.0296
vn -0.9869 -0.1614 -0.0001
vn -0.9992 -0.0322 -0.0236
vn -0.9422 0.0552 0.3305
vn -0.9419 0.0557 0.3313
vn -0.8010 0.2157 0.5584
vn -0.8053 0.2121 0.5537
vn 0.9884 -0.0792 -0.1298
vn 0.9852 -0.1679 -0.0355
vn 0.9992 -0.0150 -0.0368
vn 0.9992 -0.0156 -0.0367
vn 0.9851 -0.1685 -0.0355
vn -0.8344 0.3326 -0.4395
vn -0.8015 0.4419 -0.4030
vn -0.8216 0.4287 -0.3758
vn -0.9949 0.0075 0.1005
vn -0.9785 -0.0005 0.2061
vn -0.9644 0.0520 0.2594
vn 0.9743 0.1347 -0.1807
vn 0.6573 0.0830 0.7491
vn 0.3619 0.1992 0.9107
vn 0.3605 0.1996 0.9112
vn 0.6566 0.0833 0.7496
vn 0.1175 -0.8656 0.4868
vn 0.1286 -0.9603 0.2476
vn 0.8490 -0.0394 -0.5269
vn 0.7258 0.0373 -0.6869
vn 0.9988 0.0327 -0.0375
vn -0.9476 0.1210 -0.2957
vn -0.9295 0.0674 -0.3627
vn 0.0045 0.6725 0.7401
vn 0.0054 0.7459 0.6661
vn -0.3178 -0.6100 0.7259
vn -0.1082 -0.6675 0.7367
vn -0.1265 -0.8434 0.5223
vn -0.9585 0.2411 -0.1520
vn -0.9792 0.1282 -0.1574
vn 0.9124 -0.3812 0.1491
vn 0.8998 -0.4146 0.1361
vn 0.6579 -0.6887 0.3047
vn -0.4391 0.1393 -0.8876
vn -0.2734 -0.8090 0.5203
vn -0.5673 -0.7621 0.3122
vn -0.7352 0.3131 -0.6012
vn -0.7317 0.0384 0.6806
vn -0.8734 0.3469 -0.3417
vn -0.7635 0.3671 -0.5313
vn -0.8775 0.4005 -0.2638
vn -0.9786 0.1790 -0.1010
vn 0.4194 -0.6135 0.6692
vn 0.9770 -0.2133 0.0061
vn -0.5351 -0.3451 -0.7711
vn -0.8211 0.5698 0.0338
vn -0.9353 0.3353 0.1130
vn -0.0204 -0.7971 0.6035
vn 0.0022 -0.8254 0.5645
vn 0.0023 -0.8255 0.5644
vn -0.0308 0.0441 0.9986
vn 0.1128 0.9679 0.2247
vn 0.1431 0.9058 0.3988
vn 0.2866 0.8805 0.3777
vn 0.1546 0.9846 0.0813
vn -0.0029 -0.8150 0.5795
vn -0.0018 -0.8165 0.5774
vn 0.0003 -0.8204 0.5717
vn -0.6377 -0.5435 -0.5459
vn -0.5103 -0.5810 -0.6341
vn 0.1149 0.9929 -0.0310
vn 0.1146 0.9926 -0.0392
vn -0.5452 0.8373 -0.0402
vn -0.4710 0.8556 -0.2147
vn -0.2907 -0.8860 0.3612
vn -0.2069 -0.9321 0.2972
vn -0.0048 -0.8210 0.5709
vn -0.0193 -0.8187 0.5738
vn 0.3024 -0.8005 0.5174
vn 0.7435 0.6657 0.0636
vn -0.8820 0.4390 -0.1713
vn -0.8453 0.5336 0.0286
vn -0.6821 0.7246 0.0990
vn 0.0049 -0.8208 0.5712
vn 0.1843 -0.9553 0.2312
vn -0.1894 0.9811 0.0397
vn -0.1492 0.9887 -0.0119
vn -0.0039 0.9999 -0.0093
vn -0.0053 0.9989 0.0462
vn 0.4070 -0.9061 0.1152
vn 0.3825 -0.9004 0.2074
vn 0.4329 0.9013 0.0148
vn 0.5536 0.8326 -0.0160
vn 0.5443 0.8387 -0.0157
vn -0.4441 0.8634 0.2395
vn -0.5198 -0.7635 0.3833
vn -0.7477 -0.2711 0.6062
vn -0.8546 -0.3402 0.3924
vn -0.5537 -0.6356 0.5380
vn 0.8296 0.5244 0.1919
vn 0.6340 0.6025 0.4848
vn 0.1766 0.6202 0.7643
vn 0.0605 0.0088 0.9981
vn 0.0608 0.0091 0.9981
vn -0.8951 -0.4456 0.0113
vn -0.1359 0.6722 -0.7278
vn -0.2688 0.6579 -0.7035
vn 0.9331 -0.0126 -0.3593
vn 0.9156 -0.0215 -0.4016
vn 0.9293 0.0457 -0.3665
vn -0.6783 0.7306 0.0779
vn -0.8163 0.5757 0.0478
vn -0.7910 0.6116 -0.0155
vn -0.0966 0.0206 0.9951
vn -0.1116 0.0156 0.9936
vn -0.0927 0.0314 0.9952
vn 0.9969 0.0610 0.0498
vn 0.4031 -0.6446 0.6496
vn 0.9799 -0.1912 0.0560
vn -0.8385 -0.0690 0.5405
vn -0.9998 0.0165 -0.0090
vn 0.2039 -0.9314 0.3015
vn 0.3534 -0.7635 0.5405
vn 0.9444 -0.2776 -0.1762
vn 0.9447 -0.2770 -0.1755
vn -0.1349 -0.9824 0.1294
vn 0.5635 0.8218 0.0845
vn 0.4443 0.8911 0.0928
vn -0.6562 0.4418 -0.6117
vn 0.3448 -0.7677 0.5402
vn 0.6985 0.7087 0.0988
vn -0.5273 -0.6923 0.4926
vn 0.1289 -0.9640 -0.2326
vn -0.4025 0.6929 -0.5982
vn -0.4453 0.1895 -0.8751
vn -0.3722 0.1697 -0.9125
vn -0.1370 -0.5378 0.8318
vn -0.0063 -0.5254 0.8509
vn -0.0032 -0.8425 0.5386
vn -0.5701 -0.0624 0.8192
vn -0.5508 -0.0684 0.8318
vn -0.9007 0.2439 -0.3596
vn 0.8353 0.3042 0.4580
vn -0.3484 -0.7927 -0.5002
vn -0.3529 -0.7916 -0.4988
vn 0.4352 -0.0978 0.8950
vn -0.3619 -0.5908 0.7211
vn -0.6567 0.4355 -0.6156
vn -0.7267 0.5502 -0.4113
vn -0.6905 0.3201 0.6487
vn 0.9490 -0.0539 -0.3106
vn 0.9652 -0.0532 -0.2561
vn 0.9928 -0.0370 -0.1139
vn 0.3638 0.9251 0.1086
vn -0.1221 -0.0301 -0.9921
vn -0.1111 -0.0448 -0.9928
vn -0.5494 -0.2039 -0.8103
vn -0.5811 -0.1217 -0.8047
vn -0.5810 0.3575 -0.7312
vn -0.6348 0.7405 -0.2208
vn 0.8374 0.5450 0.0422
vn 0.7476 0.5932 -0.2988
vn -0.2381 0.4977 0.8340
vn 0.7047 0.4734 0.5285
vn -0.3532 -0.7463 0.5641
vn 0.0608 0.0090 -0.9981
vn 0.4362 0.5977 0.6727
vn -0.2850 -0.7979 0.5312
vn -0.3864 0.2100 -0.8981
vn 0.7945 0.3196 0.5164
vn 0.6281 0.2752 0.7278
vn 0.8343 0.3568 -0.4202
vn -0.3099 0.6880 0.6563
vn 0.1639 0.9764 0.1404
vn 0.6195 -0.6419 0.4519
vn -0.0816 -0.0685 0.9943
vn -0.0912 0.1197 0.9886
vn -0.1539 0.0895 0.9840
vn -0.1379 -0.0919 0.9862
vn -0.6640 0.0892 0.7424
vn -0.8638 -0.0886 0.4961
vn -0.8652 -0.0906 0.4931
vn -0.6640 0.0891 0.7424
vn 0.7809 -0.5756 -0.2428
vn -0.0929 0.6132 -0.7844
vn 0.9995 -0.0246 -0.0189
vn -0.9892 0.1356 0.0551
vn -0.1227 0.7220 -0.6809
vn -0.3357 0.6251 -0.7047
vn -0.0735 0.0364 0.9966
vn 0.6805 0.1286 -0.7214
vn 0.8183 0.0823 -0.5689
vn 0.8621 -0.0903 0.4986
vn 0.9312 -0.2940 0.2156
vn 0.9312 -0.2928 0.2171
vn 0.8620 -0.0901 0.4988
vn -0.6413 0.7627 0.0840
vn -0.4030 0.9065 0.1258
vn -0.9768 -0.2140 0.0027
vn 0.7477 0.2806 -0.6019
vn 0.8688 0.3551 -0.3451
vn 0.8637 0.2976 -0.4069
vn 0.7118 0.4278 -0.5572
vn -0.9908 -0.1095 0.0791
vn -0.9908 -0.1100 0.0783
vn 0.8027 -0.4458 -0.3961
vn 0.8023 -0.4461 -0.3966
vn 0.9928 0.1109 -0.0456
vn 0.9956 0.0850 -0.0406
vn 0.9956 0.0850 -0.0407
vn 0.9927 0.1117 -0.0457
vn 0.5816 -0.5729 -0.5776
vn 0.5766 -0.5749 -0.5806
vn -0.0170 0.1217 -0.9924
vn -0.0925 0.1367 -0.9863
vn -0.5283 -0.5665 -0.6325
vn -0.2499 0.4239 0.8705
vn -0.9652 -0.2595 -0.0336
vn -0.9176 -0.3961 -0.0334
vn -0.9177 -0.3959 -0.0334
vn -0.9651 -0.2597 -0.0336
vn 0.9753 0.2139 -0.0549
vn 0.9747 0.2167 -0.0550
vn 0.9867 -0.1181 0.1118
vn -0.2184 0.0688 0.9734
vn -0.1930 -0.1193 0.9739
vn 0.0161 0.1529 0.9881
vn 0.0125 -0.0549 0.9984
vn 0.7099 0.5447 0.4465
vn 0.6476 0.5487 0.5288
vn -0.0312 -0.0400 0.9987
vn -0.0585 -0.0353 0.9977
vn -0.0466 -0.0397 0.9981
vn -0.0341 -0.0367 0.9987
vn -0.5073 -0.8494 0.1456
vn -0.3635 -0.9309 0.0369
vn 0.8081 0.5220 0.2728
vn 0.3754 0.7757 0.5073
vn -0.4989 0.2079 -0.8414
vn -0.4225 0.2015 -0.8837
vn -0.9318 -0.1304 -0.3387
vn -0.9940 -0.0175 -0.1080
vn 0.9586 0.0593 0.2786
vn 0.4722 0.6114 0.6350
vn -0.1218 0.3134 -0.9418
vn -0.2051 0.2669 -0.9416
vn 0.5263 -0.6173 0.5847
vn -0.0224 -0.8149 0.5791
vn 0.6809 0.7090 -0.1833
vn 0.9377 0.3359 -0.0889
vn 0.0689 0.0235 0.9973
vn 0.0713 0.0292 0.9970
vn -0.5220 -0.4727 0.7100
vn -0.9546 -0.1895 -0.2298
vn -0.8720 -0.4347 -0.2251
vn -0.9153 -0.3306 -0.2299
vn 0.4923 0.1853 0.8505
vn 0.2135 0.1831 0.9596
vn -0.9333 -0.2941 0.2060
vn -0.9333 -0.2930 0.2075
vn 0.2283 0.6589 0.7167
vn 0.9249 0.2193 0.3107
vn 0.9004 -0.3521 -0.2555
vn -0.7826 -0.5848 -0.2135
vn 0.7304 -0.6822 -0.0335
vn 0.7306 -0.6820 -0.0335
vn 0.9086 -0.4163 -0.0348
vn 0.9084 -0.4166 -0.0348
vn -0.9704 -0.0214 0.2406
vn -0.9534 0.1821 0.2406
vn 0.8377 0.0565 0.5432
vn -0.5808 0.3571 0.7315
vn -0.5922 0.3515 0.7251
vn -0.7842 -0.6066 0.1308
vn -0.9972 0.0233 0.0708
vn -0.9860 0.1664 -0.0125
vn 0.0120 -0.8165 0.5772
vn -0.1694 -0.8238 0.5409
vn -0.1858 -0.5560 0.8102
vn -0.4974 0.8652 0.0637
vn 0.4094 0.8888 -0.2061
vn -0.7485 0.6626 -0.0275
vn -0.7508 0.6364 -0.1771
vn -0.0044 -0.8130 0.5822
vn -0.0043 -0.8130 0.5823
vn -0.8819 0.2012 0.4264
vn -0.7455 0.2546 0.6159
vn -0.7853 0.5881 -0.1934
vn 0.0379 -0.0291 0.9989
vn 0.0482 -0.0175 0.9987
vn 0.0391 -0.0279 0.9988
vn -0.1087 -0.9602 0.2573
vn 0.6565 -0.6822 -0.3219
vn 0.8625 -0.5014 -0.0683
vn 0.8625 -0.5015 -0.0683
vn 0.6562 -0.6824 -0.3221
vn 0.1018 0.9715 -0.2143
vn -0.2026 0.8203 0.5349
vn 0.4032 0.8842 -0.2359
vn 0.7643 0.5483 -0.3394
vn -0.4343 0.8072 0.3997
vn 0.5200 0.4765 -0.7089
vn 0.7188 0.6503 -0.2460
vn 0.7441 0.1303 0.6553
vn -0.0982 0.0106 0.9951
vn -0.0652 0.0232 0.9976
vn -0.0543 0.0247 0.9982
vn -0.5109 0.6399 -0.5740
vn -0.8808 -0.0268 0.4727
vn -0.3567 0.2271 -0.9062
vn 0.2858 0.6763 0.6789
vn 0.3610 0.3207 -0.8757
vn 0.4055 0.3842 -0.8295
vn -0.2125 -0.9766 -0.0326
vn -0.2124 -0.9766 -0.0326
vn -0.8447 -0.5343 -0.0325
vn -0.8443 -0.5348 -0.0325
vn -0.4409 -0.8970 -0.0320
vn -0.4414 -0.8967 -0.0320
vn -0.6861 -0.7268 -0.0321
vn -0.6863 -0.7266 -0.0321
vn -0.4693 0.3351 -0.8170
vn -0.4693 0.3352 -0.8170
vn 0.9951 0.0733 -0.0657
vn 0.9373 0.2479 -0.2448
vn -0.0005 -0.8198 0.5726
vn -0.0004 -0.8199 0.5725
vn 0.9340 0.3093 -0.1791
vn 0.8641 0.3202 -0.3883
vn 0.0090 -0.0470 0.9989
vn 0.0189 -0.0431 0.9989
vn 0.0233 -0.0405 0.9989
vn 0.0066 -0.0464 0.9989
vn -0.8656 0.1579 0.4752
vn 0.0542 0.0009 -0.9985
vn 0.1042 0.7576 -0.6444
vn 0.0690 0.1401 -0.9877
vn 0.0958 0.4533 -0.8862
vn -0.7845 0.3921 0.4805
vn -0.5370 0.2074 0.8177
vn -0.5326 0.2010 0.8221
vn 0.9940 -0.1072 0.0200
vn 0.9835 -0.1792 0.0263
vn 0.9765 -0.2139 -0.0254
vn 0.3017 0.9534 -0.0062
vn -0.9955 -0.0615 -0.0724
vn -0.0801 -0.9810 0.1765
vn -0.1042 -0.9784 0.1787
vn -0.7340 0.5064 0.4526
vn -0.0151 -0.0429 0.9990
vn -0.0169 -0.0421 0.9990
vn -0.0022 -0.0481 0.9988
vn -0.9840 0.0456 -0.1725
vn -0.7321 0.6610 -0.1650
vn -0.7493 0.3336 0.5721
vn -0.5449 0.3763 0.7493
vn -0.4030 0.3991 0.8236
vn 0.3070 0.0788 -0.9484
vn -0.0266 0.0352 0.9990
vn -0.0225 0.0373 0.9991
vn -0.5343 0.2178 0.8168
vn -0.8891 -0.2266 -0.3978
vn -0.5337 -0.4003 -0.7449
vn 0.6572 0.1837 -0.7310
vn -0.9359 -0.3503 -0.0380
vn -0.5262 0.2116 0.8236
vn -0.5207 -0.0207 0.8535
vn -0.6955 -0.0567 0.7163
vn -0.9138 0.3982 -0.0797
vn -0.9139 0.3982 -0.0797
vn -0.8411 0.5232 -0.1371
vn 0.2844 -0.7368 0.6134
vn -0.1921 -0.9810 -0.0287
vn -0.0000 -0.9987 -0.0509
vn 0.1911 -0.9811 -0.0292
vn -0.9383 -0.1751 -0.2982
vn -0.0089 0.0473 0.9988
vn -0.0040 0.0610 0.9981
vn 0.3624 -0.9312 0.0383
vn -0.5989 -0.6439 0.4762
vn -0.5458 -0.7292 0.4127
vn 0.5842 -0.5360 0.6094
vn 0.4861 -0.4545 0.7464
vn 0.7040 0.4713 0.5312
vn -0.3085 0.7915 -0.5275
vn -0.0110 0.0412 0.9991
vn -0.9511 -0.1443 0.2730
vn -0.8936 -0.0376 0.4473
vn -0.0303 -0.0351 0.9989
vn 0.0266 -0.0382 0.9989
vn 0.4967 0.8679 0.0085
vn 0.7728 0.5133 0.3733
vn 0.8782 0.4783 0.0086
vn -0.9972 -0.0018 0.0741
vn -0.7003 -0.3428 -0.6261
vn 0.9988 0.0474 -0.0117
vn 0.2612 0.9445 -0.1991
vn -0.6467 -0.2736 0.7119
vn -0.5243 0.7860 0.3277
vn -0.0267 -0.8137 0.5806
vn -0.0254 -0.8141 0.5802
vn 0.9997 -0.0235 -0.0047
vn -0.4383 0.5456 -0.7143
vn -0.5261 0.2109 0.8239
vn 0.5286 0.7214 0.4475
vn 0.5079 -0.7473 -0.4285
vn 0.2911 0.9556 0.0449
vt 0.924479 0.153560
vt 0.924479 0.146274
vt 0.915279 0.146274
vt 0.915279 0.153560
vt 0.892622 0.247734
vt 0.900098 0.247734
vt 0.900098 0.242877
vt 0.892622 0.242877
vt 0.900098 0.252513
vt 0.892622 0.252513
vt 0.892622 0.257371
vt 0.900098 0.257371
vt 0.900098 0.238097
vt 0.892622 0.238097
vt 0.892622 0.233240
vt 0.900098 0.233240
vt 0.892622 0.228461
vt 0.900098 0.228461
vt 0.900098 0.223603
vt 0.892622 0.223603
vt 0.892622 0.213966
vt 0.900098 0.213966
vt 0.900098 0.209109
vt 0.892622 0.209109
vt 0.709414 0.172912
vt 0.734716 0.172912
vt 0.734716 0.170405
vt 0.709414 0.170405
vt 0.734716 0.165782
vt 0.709414 0.165782
vt 0.734716 0.163353
vt 0.709414 0.163353
vt 0.924479 0.225875
vt 0.924479 0.219216
vt 0.915279 0.219216
vt 0.915279 0.225875
vt 0.915279 0.175419
vt 0.915279 0.167349
vt 0.905388 0.167349
vt 0.905388 0.175419
vt 0.924479 0.241075
vt 0.924479 0.233788
vt 0.915279 0.233788
vt 0.915279 0.241075
vt 0.915279 0.190070
vt 0.915279 0.182784
vt 0.905388 0.182784
vt 0.905388 0.190070
vt 0.924479 0.256352
vt 0.924479 0.248439
vt 0.915279 0.248439
vt 0.915279 0.256352
vt 0.905388 0.233788
vt 0.905388 0.241075
vt 0.905388 0.225875
vt 0.924479 0.211929
vt 0.915279 0.211929
vt 0.689058 0.110625
vt 0.690438 0.117755
vt 0.690438 0.103496
vt 0.734141 0.132093
vt 0.727586 0.127392
vt 0.713325 0.127470
vt 0.706769 0.132249
vt 0.729081 0.155362
vt 0.721950 0.154578
vt 0.695153 0.096993
vt 0.700329 0.102869
vt 0.705044 0.096993
vt 0.720455 0.125981
vt 0.695153 0.124258
vt 0.697799 0.112897
vt 0.697799 0.108353
vt 0.700329 0.118382
vt 0.700329 0.112897
vt 0.728276 0.137342
vt 0.734256 0.141964
vt 0.706769 0.142121
vt 0.712750 0.137420
vt 0.722755 0.134913
vt 0.722755 0.137342
vt 0.705044 0.124258
vt 0.700329 0.108353
vt 0.915279 0.160925
vt 0.924479 0.167349
vt 0.924479 0.160925
vt 0.738971 0.109920
vt 0.735406 0.112819
vt 0.737821 0.115404
vt 0.740467 0.111722
vt 0.924479 0.175419
vt 0.924479 0.182784
vt 0.900098 0.218745
vt 0.892622 0.218745
vt 0.924479 0.190070
vt 0.924479 0.139692
vt 0.915279 0.139692
vt 0.900098 0.204329
vt 0.892622 0.204329
vt 0.924479 0.198140
vt 0.915279 0.198140
vt 0.905388 0.198140
vt 0.892622 0.199472
vt 0.900098 0.199472
vt 0.905388 0.248439
vt 0.739432 0.105533
vt 0.735751 0.102869
vt 0.734371 0.106081
vt 0.738626 0.107648
vt 0.741157 0.104044
vt 0.738281 0.100518
vt 0.744147 0.116971
vt 0.747827 0.115718
vt 0.744837 0.112192
vt 0.742652 0.112584
vt 0.751737 0.106316
vt 0.750702 0.103417
vt 0.747137 0.106316
vt 0.751737 0.110155
vt 0.747482 0.108588
vt 0.746677 0.110704
vt 0.750357 0.113367
vt 0.741042 0.116815
vt 0.745067 0.099421
vt 0.741962 0.099265
vt 0.743457 0.103652
vt 0.734371 0.109920
vt 0.745642 0.104514
vt 0.748287 0.100832
vt 0.734601 0.178396
vt 0.729081 0.180825
vt 0.729311 0.189287
vt 0.735176 0.185996
vt 0.729311 0.146979
vt 0.721950 0.145647
vt 0.709529 0.157791
vt 0.714935 0.155362
vt 0.709529 0.178396
vt 0.714935 0.180825
vt 0.721950 0.181687
vt 0.734601 0.157869
vt 0.735176 0.150269
vt 0.718155 0.137420
vt 0.718155 0.134913
vt 0.714705 0.146979
vt 0.714705 0.189287
vt 0.721950 0.190540
vt 0.924479 0.204643
vt 0.915279 0.204643
vt 0.905388 0.256352
vt 0.708954 0.186074
vt 0.708954 0.150191
vt 0.751299 0.133241
vt 0.739724 0.133241
vt 0.739724 0.138767
vt 0.751299 0.138767
vt 0.966489 0.392721
vt 0.966521 0.400547
vt 0.973549 0.400503
vt 0.973485 0.392677
vt 0.751299 0.149820
vt 0.739724 0.149820
vt 0.739724 0.155347
vt 0.751299 0.155347
vt 0.739724 0.160873
vt 0.751299 0.160873
vt 0.739724 0.166400
vt 0.751299 0.166400
vt 0.739724 0.171926
vt 0.751299 0.171926
vt 0.751299 0.182979
vt 0.751299 0.177453
vt 0.739724 0.177453
vt 0.739724 0.182979
vt 0.967825 0.345016
vt 0.967539 0.352975
vt 0.974662 0.353240
vt 0.974916 0.345459
vt 0.739724 0.188506
vt 0.751299 0.188506
vt 0.991611 0.390113
vt 0.991421 0.385249
vt 0.989799 0.385249
vt 0.990053 0.390201
vt 0.969765 0.320567
vt 0.969097 0.328702
vt 0.976379 0.329277
vt 0.977047 0.321142
vt 0.982517 0.338340
vt 0.975743 0.337412
vt 0.981086 0.345856
vt 0.973390 0.384984
vt 0.979432 0.385028
vt 0.980418 0.377733
vt 0.973803 0.377114
vt 0.993233 0.346962
vt 0.991580 0.346741
vt 0.991230 0.351781
vt 0.992788 0.351914
vt 0.979400 0.296914
vt 0.980418 0.288690
vt 0.973072 0.287762
vt 0.972054 0.295985
vt 0.996954 0.306950
vt 0.997590 0.301865
vt 0.995904 0.301644
vt 0.995268 0.306773
vt 0.995109 0.311902
vt 0.996699 0.311946
vt 0.984552 0.305579
vt 0.978287 0.305005
vt 0.977715 0.313007
vt 0.984456 0.313405
vt 0.739724 0.144294
vt 0.751299 0.144294
vt 0.938124 0.249784
vt 0.940413 0.243063
vt 0.935294 0.243329
vt 0.933576 0.249209
vt 0.983089 0.385073
vt 0.983948 0.379192
vt 0.986905 0.376495
vt 0.990021 0.380253
vt 0.990848 0.378883
vt 0.983630 0.391086
vt 0.986619 0.394048
vt 0.990880 0.391616
vt 0.989608 0.292537
vt 0.986237 0.298107
vt 0.989703 0.300009
vt 0.993042 0.297488
vt 0.975075 0.271315
vt 0.974058 0.279538
vt 0.981435 0.280423
vt 0.982453 0.272199
vt 0.986078 0.340065
vt 0.989385 0.337456
vt 0.985697 0.332549
vt 0.993456 0.340374
vt 0.992470 0.341745
vt 0.971100 0.304253
vt 0.960479 0.264639
vt 0.965758 0.259952
vt 0.945692 0.238377
vt 0.988400 0.305977
vt 0.988368 0.312299
vt 0.989672 0.423537
vt 0.991293 0.423493
vt 0.991293 0.418585
vt 0.989703 0.418585
vt 0.929824 0.240809
vt 0.938633 0.238244
vt 0.934149 0.234221
vt 0.966585 0.416242
vt 0.973613 0.416198
vt 0.973581 0.408372
vt 0.966553 0.408372
vt 0.986587 0.319816
vt 0.991198 0.315571
vt 0.983884 0.429594
vt 0.983057 0.423626
vt 0.979464 0.423714
vt 0.980322 0.431053
vt 0.751299 0.127714
vt 0.739724 0.127714
vt 0.970433 0.312388
vt 0.984806 0.346166
vt 0.984933 0.352179
vt 0.981213 0.353328
vt 0.968429 0.336837
vt 0.983661 0.417790
vt 0.980163 0.416507
vt 0.982548 0.410848
vt 0.986460 0.415004
vt 0.983375 0.359341
vt 0.987636 0.355229
vt 0.996890 0.300362
vt 0.966680 0.376893
vt 0.966426 0.384852
vt 0.966680 0.424112
vt 0.973549 0.423891
vt 0.751299 0.122187
vt 0.739724 0.122187
vt 0.966966 0.368891
vt 0.974090 0.369156
vt 0.967253 0.360933
vt 0.974376 0.361198
vt 0.991643 0.380298
vt 0.956059 0.266319
vt 0.938251 0.254470
vt 0.990180 0.428401
vt 0.979973 0.392500
vt 0.986905 0.432380
vt 0.991039 0.429815
vt 0.944643 0.264197
vt 0.939968 0.258891
vt 0.935961 0.261190
vt 0.939841 0.265921
vt 0.994092 0.342010
vt 0.973962 0.431495
vt 0.949922 0.276974
vt 0.950780 0.271005
vt 0.944897 0.269281
vt 0.942385 0.274763
vt 0.967507 0.264772
vt 0.972023 0.268795
vt 0.976347 0.262207
vt 0.970878 0.259687
vt 0.961242 0.233735
vt 0.961497 0.238819
vt 0.966330 0.237051
vt 0.943403 0.234398
vt 0.954819 0.236564
vt 0.966203 0.244124
vt 0.951353 0.266452
vt 0.967889 0.248501
vt 0.950081 0.236697
vt 0.935802 0.270431
vt 0.749931 0.081689
vt 0.753588 0.077445
vt 0.751140 0.075632
vt 0.748214 0.080451
vt 0.968016 0.253232
vt 0.940254 0.229181
vt 0.983025 0.436845
vt 0.927598 0.248369
vt 0.963786 0.228252
vt 0.956250 0.225998
vt 0.955359 0.232010
vt 0.970178 0.241825
vt 0.972595 0.253807
vt 0.978573 0.254647
vt 0.975393 0.238686
vt 0.970369 0.232585
vt 0.962737 0.268618
vt 0.965885 0.273835
vt 0.746084 0.080230
vt 0.748246 0.074704
vt 0.745193 0.074704
vt 0.751140 0.092963
vt 0.753588 0.091195
vt 0.749327 0.087525
vt 0.745257 0.088188
vt 0.743508 0.086906
vt 0.739851 0.091195
vt 0.742299 0.092963
vt 0.750599 0.085801
vt 0.755401 0.088719
vt 0.756323 0.085845
vt 0.747356 0.088409
vt 0.748246 0.093936
vt 0.755401 0.079876
vt 0.742872 0.082839
vt 0.744112 0.081114
vt 0.739851 0.077445
vt 0.738070 0.079876
vt 0.738070 0.088719
vt 0.742649 0.084961
vt 0.737116 0.085845
vt 0.745193 0.093936
vt 0.742299 0.075632
vt 0.737116 0.082794
vt 0.756323 0.082794
vt 0.750822 0.083679
vt 0.967062 0.431805
vt 0.991707 0.428268
vt 0.983121 0.372030
vt 0.991898 0.353240
vt 0.990435 0.417259
vt 0.982517 0.398469
vt 0.995809 0.313449
vt 0.930746 0.264329
vt 0.513937 0.007563
vt 0.507373 0.007563
vt 0.507373 0.020032
vt 0.513937 0.020032
vt 0.494086 0.020032
vt 0.500650 0.020032
vt 0.500650 0.007563
vt 0.494086 0.007563
vt 0.487522 0.007563
vt 0.480799 0.007563
vt 0.480799 0.020032
vt 0.487522 0.020032
vt 0.533948 0.007563
vt 0.527384 0.007563
vt 0.527384 0.020032
vt 0.533948 0.020032
vt 0.474075 0.020032
vt 0.474075 0.007563
vt 0.467511 0.007563
vt 0.467511 0.020032
vt 0.520661 0.007563
vt 0.520661 0.020032
vt 0.471514 0.046038
vt 0.471514 0.040872
vt 0.452143 0.040872
vt 0.452143 0.046038
vt 0.460788 0.007563
vt 0.460788 0.020032
vt 0.513937 0.025464
vt 0.507373 0.025464
vt 0.467511 0.025464
vt 0.460788 0.025464
vt 0.454704 0.050491
vt 0.468792 0.050491
vt 0.474075 0.025464
vt 0.480799 0.025464
vt 0.520661 0.025464
vt 0.527384 0.025464
vt 0.500650 0.025464
vt 0.494086 0.025464
vt 0.487522 0.025464
vt 0.459187 0.053074
vt 0.464310 0.053074
vt 0.468792 0.036330
vt 0.464310 0.033747
vt 0.459187 0.033747
vt 0.454704 0.036330
vt 0.454224 0.007563
vt 0.454224 0.020032
vt 0.533948 0.025464
vt 0.454224 0.025464
vt 0.742142 0.251392
vt 0.752205 0.253155
vt 0.752117 0.248011
vt 0.743849 0.246541
vt 0.762298 0.251392
vt 0.760473 0.246541
vt 0.771684 0.320700
vt 0.763945 0.319157
vt 0.762768 0.325184
vt 0.770507 0.326727
vt 0.767770 0.242351
vt 0.771154 0.246247
vt 0.765122 0.313130
vt 0.772861 0.314673
vt 0.774038 0.308647
vt 0.766299 0.307177
vt 0.777686 0.238382
vt 0.781217 0.228754
vt 0.776127 0.227946
vt 0.773184 0.235883
vt 0.767476 0.301150
vt 0.775214 0.302693
vt 0.776391 0.296666
vt 0.768653 0.295123
vt 0.781217 0.218611
vt 0.776156 0.219567
vt 0.769830 0.289096
vt 0.777568 0.290639
vt 0.778745 0.284613
vt 0.771036 0.283143
vt 0.779922 0.278586
vt 0.772213 0.277116
vt 0.723223 0.228828
vt 0.726724 0.238456
vt 0.731167 0.235810
vt 0.728284 0.227872
vt 0.762268 0.196048
vt 0.752205 0.194284
vt 0.752294 0.199428
vt 0.760562 0.200898
vt 0.774567 0.265062
vt 0.782276 0.266606
vt 0.783453 0.260579
vt 0.775744 0.259035
vt 0.733256 0.201192
vt 0.726724 0.208983
vt 0.731226 0.211482
vt 0.736640 0.205088
vt 0.723223 0.218611
vt 0.728313 0.219420
vt 0.748880 0.287700
vt 0.748880 0.293506
vt 0.753765 0.292624
vt 0.752588 0.286891
vt 0.743937 0.200898
vt 0.742113 0.196048
vt 0.773390 0.271089
vt 0.781099 0.272632
vt 0.771125 0.201119
vt 0.767859 0.205161
vt 0.733315 0.246320
vt 0.736581 0.242278
vt 0.769300 0.332680
vt 0.761591 0.331210
vt 0.760414 0.337237
vt 0.768123 0.338707
vt 0.777716 0.208983
vt 0.773273 0.211629
vt 0.768947 0.220816
vt 0.767947 0.229489
vt 0.765063 0.213026
vt 0.739377 0.234487
vt 0.735522 0.226623
vt 0.746350 0.239632
vt 0.758090 0.216700
vt 0.761238 0.222139
vt 0.760091 0.228313
vt 0.763063 0.236692
vt 0.755324 0.232282
vt 0.743231 0.222139
vt 0.736493 0.217950
vt 0.749057 0.232282
vt 0.744290 0.228240
vt 0.746350 0.216700
vt 0.741319 0.210674
vt 0.749322 0.207219
vt 0.758061 0.207807
vt 0.755059 0.240220
vt 0.752205 0.223683
vt 0.752235 0.214569
vt 0.745173 0.286891
vt 0.742201 0.284466
vt 0.739671 0.290125
vt 0.743967 0.292624
vt 0.740553 0.281085
vt 0.734757 0.281673
vt 0.736464 0.286303
vt 0.758090 0.268149
vt 0.755560 0.273808
vt 0.761297 0.271971
vt 0.740553 0.277263
vt 0.742201 0.273808
vt 0.736464 0.271971
vt 0.734757 0.276675
vt 0.757207 0.277263
vt 0.757207 0.281085
vt 0.763004 0.281673
vt 0.763004 0.276675
vt 0.758090 0.290125
vt 0.755560 0.284466
vt 0.739671 0.268149
vt 0.761297 0.286303
vt 0.745173 0.271456
vt 0.743967 0.265724
vt 0.748880 0.270648
vt 0.748880 0.264842
vt 0.752588 0.271456
vt 0.753794 0.265724
vt 0.759237 0.343191
vt 0.766946 0.344734
vt 0.082114 0.777966
vt 0.087423 0.777966
vt 0.087423 0.764217
vt 0.082114 0.764217
vt 0.029191 0.777966
vt 0.034500 0.777966
vt 0.034500 0.764217
vt 0.029191 0.764217
vt 0.007955 0.777966
vt 0.013264 0.777966
vt 0.013264 0.764217
vt 0.007955 0.764217
vt 0.045118 0.777966
vt 0.050426 0.777966
vt 0.050426 0.764217
vt 0.045118 0.764217
vt 0.055403 0.777966
vt 0.055403 0.764217
vt 0.018573 0.777966
vt 0.018573 0.764217
vt 0.039809 0.777966
vt 0.039809 0.764217
vt 0.060878 0.777966
vt 0.066187 0.777966
vt 0.066187 0.764217
vt 0.060878 0.764217
vt 0.071496 0.777966
vt 0.071496 0.764217
vt 0.023882 0.777966
vt 0.023882 0.764217
vt 0.092731 0.777966
vt 0.092731 0.764217
vt 0.076805 0.764217
vt 0.076805 0.777966
vt 0.021394 0.787745
vt 0.018241 0.790844
vt 0.033670 0.806239
vt 0.036822 0.803141
vt 0.016582 0.794814
vt 0.029689 0.807885
vt 0.023882 0.758408
vt 0.018573 0.758408
vt 0.066187 0.758408
vt 0.060878 0.758408
vt 0.071496 0.758408
vt 0.076805 0.758408
vt 0.082114 0.758408
vt 0.045118 0.758408
vt 0.039809 0.758408
vt 0.050426 0.758408
vt 0.016582 0.799171
vt 0.025375 0.807885
vt 0.038481 0.794814
vt 0.029689 0.786099
vt 0.025375 0.786099
vt 0.038481 0.799171
vt 0.013264 0.758408
vt 0.036822 0.790844
vt 0.033670 0.787745
vt 0.029191 0.758408
vt 0.087423 0.758408
vt 0.092731 0.758408
vt 0.055403 0.758408
vt 0.007955 0.758408
vt 0.034500 0.758408
vt 0.018241 0.803141
vt 0.021394 0.806239
vt 0.434741 0.113192
vt 0.428229 0.113192
vt 0.428229 0.123343
vt 0.434741 0.123343
vt 0.603346 0.105287
vt 0.603346 0.097799
vt 0.593578 0.097799
vt 0.593578 0.105287
vt 0.447764 0.113192
vt 0.441252 0.113192
vt 0.441252 0.123343
vt 0.447764 0.123343
vt 0.428420 0.105287
vt 0.438124 0.105287
vt 0.438124 0.097799
vt 0.428420 0.097799
vt 0.447828 0.105287
vt 0.447828 0.097799
vt 0.147965 0.716682
vt 0.138006 0.713437
vt 0.134112 0.737900
vt 0.138836 0.740313
vt 0.544995 0.105287
vt 0.554699 0.105287
vt 0.554699 0.097799
vt 0.544995 0.097799
vt 0.454276 0.123343
vt 0.460788 0.123343
vt 0.460788 0.113192
vt 0.454276 0.113192
vt 0.467236 0.105287
vt 0.477004 0.105287
vt 0.477004 0.097799
vt 0.467236 0.097799
vt 0.486708 0.105287
vt 0.486708 0.097799
vt 0.473812 0.123343
vt 0.480323 0.123343
vt 0.480323 0.113192
vt 0.473812 0.113192
vt 0.493347 0.113192
vt 0.486835 0.113192
vt 0.486835 0.123343
vt 0.493347 0.123343
vt 0.467300 0.113192
vt 0.467300 0.123343
vt 0.515883 0.105287
vt 0.525587 0.105287
vt 0.525587 0.097799
vt 0.515883 0.097799
vt 0.564466 0.105287
vt 0.574170 0.105287
vt 0.574170 0.097799
vt 0.564466 0.097799
vt 0.457532 0.097799
vt 0.457532 0.105287
vt 0.583874 0.105287
vt 0.583874 0.097799
vt 0.613050 0.105287
vt 0.613050 0.097799
vt 0.535291 0.105287
vt 0.535291 0.097799
vt 0.496411 0.105287
vt 0.496411 0.097799
vt 0.506115 0.105287
vt 0.506115 0.097799
vt 0.622754 0.105287
vt 0.622754 0.097799
vt 0.126770 0.665428
vt 0.123769 0.663264
vt 0.120194 0.670253
vt 0.114385 0.673166
vt 0.115534 0.671002
vt 0.107809 0.668423
vt 0.106660 0.672001
vt 0.162457 0.761530
vt 0.165713 0.751629
vt 0.140304 0.750214
vt 0.156328 0.770017
vt 0.128940 0.738732
vt 0.127600 0.713437
vt 0.117704 0.716682
vt 0.109979 0.665428
vt 0.112980 0.684398
vt 0.116491 0.685563
vt 0.118981 0.677825
vt 0.116555 0.677409
vt 0.123769 0.684398
vt 0.121216 0.676660
vt 0.120258 0.685563
vt 0.106660 0.675662
vt 0.107809 0.679240
vt 0.114768 0.675662
vt 0.124344 0.747718
vt 0.125174 0.742476
vt 0.099829 0.741145
vt 0.099829 0.751545
vt 0.109979 0.682235
vt 0.122365 0.674414
vt 0.128940 0.679240
vt 0.130090 0.675662
vt 0.117768 0.669837
vt 0.112980 0.663264
vt 0.120258 0.662099
vt 0.116491 0.662099
vt 0.130090 0.672001
vt 0.121982 0.672001
vt 0.128940 0.668423
vt 0.136601 0.754041
vt 0.131430 0.754874
vt 0.127536 0.779336
vt 0.137942 0.779336
vt 0.103085 0.731243
vt 0.109213 0.722756
vt 0.126706 0.752461
vt 0.103021 0.761530
vt 0.109150 0.769934
vt 0.117577 0.776091
vt 0.126770 0.682235
vt 0.141198 0.745055
vt 0.162521 0.731243
vt 0.165713 0.741228
vt 0.147837 0.776091
vt 0.156392 0.722839
vt 0.230439 0.295450
vt 0.225580 0.308991
vt 0.238602 0.295694
vt 0.349837 0.312407
vt 0.332086 0.306856
vt 0.300406 0.338392
vt 0.358194 0.328327
vt 0.286542 0.301184
vt 0.286801 0.285934
vt 0.283821 0.285446
vt 0.272031 0.290936
vt 0.284210 0.317287
vt 0.304099 0.303623
vt 0.301248 0.319849
vt 0.320425 0.298622
vt 0.311031 0.290204
vt 0.295806 0.236465
vt 0.291660 0.256351
vt 0.314983 0.260864
vt 0.318546 0.240857
vt 0.321656 0.217373
vt 0.301637 0.213530
vt 0.298333 0.228231
vt 0.319259 0.232257
vt 0.308763 0.289777
vt 0.257908 0.295450
vt 0.279934 0.336196
vt 0.357481 0.314481
vt 0.287125 0.282945
vt 0.309476 0.287459
vt 0.312197 0.275443
vt 0.288939 0.270990
vt 0.111955 0.224528
vt 0.108969 0.226363
vt 0.114464 0.230708
vt 0.117331 0.228873
vt 0.108371 0.318383
vt 0.127725 0.316549
vt 0.109924 0.306796
vt 0.670215 0.436958
vt 0.666870 0.444199
vt 0.678578 0.447772
vt 0.680250 0.437247
vt 0.112911 0.293857
vt 0.092005 0.283332
vt 0.089257 0.288740
vt 0.827670 0.178662
vt 0.833166 0.176635
vt 0.831971 0.170745
vt 0.826117 0.170938
vt 0.831613 0.185711
vt 0.836391 0.181656
vt 0.802463 0.333833
vt 0.791950 0.331129
vt 0.789083 0.350924
vt 0.800671 0.353917
vt 0.571418 0.267690
vt 0.601284 0.253785
vt 0.591010 0.244709
vt 0.568789 0.265566
vt 0.221744 0.167365
vt 0.264512 0.167269
vt 0.294498 0.136177
vt 0.221146 0.137528
vt 0.083642 0.304382
vt 0.097739 0.322632
vt 0.726244 0.303320
vt 0.720988 0.284201
vt 0.719913 0.321280
vt 0.727200 0.321183
vt 0.329979 0.274739
vt 0.328784 0.280339
vt 0.334399 0.280339
vt 0.335594 0.274449
vt 0.119960 0.559684
vt 0.124858 0.568471
vt 0.132862 0.559877
vt 0.125335 0.552442
vt 0.087943 0.343971
vt 0.087107 0.357779
vt 0.105624 0.355752
vt 0.104190 0.368690
vt 0.085793 0.370428
vt 0.102518 0.380084
vt 0.796370 0.037590
vt 0.801388 0.039618
vt 0.816679 0.023396
vt 0.814410 0.018471
vt 0.564130 0.251468
vt 0.584201 0.232832
vt 0.559232 0.231963
vt 0.898035 0.121017
vt 0.892420 0.140135
vt 0.898991 0.141005
vt 0.904128 0.122079
vt 0.301307 0.746622
vt 0.303816 0.763133
vt 0.320183 0.757340
vt 0.318391 0.744787
vt 0.603076 0.163117
vt 0.573568 0.147088
vt 0.564130 0.166786
vt 0.597581 0.170745
vt 0.079461 0.437344
vt 0.079580 0.449221
vt 0.106579 0.445841
vt 0.169299 0.701722
vt 0.169537 0.712633
vt 0.184829 0.711571
vt 0.185785 0.703364
vt 0.108371 0.457718
vt 0.080297 0.463608
vt 0.110402 0.471332
vt 0.200001 0.705102
vt 0.201674 0.711088
vt 0.893018 0.073799
vt 0.897079 0.078627
vt 0.901619 0.074186
vt 0.896721 0.068296
vt 0.519689 0.092435
vt 0.530322 0.092435
vt 0.530322 0.085580
vt 0.519689 0.085580
vt 0.817755 0.294050
vt 0.806405 0.291830
vt 0.813693 0.335184
vt 0.045652 0.649677
vt 0.068590 0.648422
vt 0.075280 0.632779
vt 0.044458 0.625151
vt 0.845829 0.265469
vt 0.858373 0.262669
vt 0.857775 0.226556
vt 0.847621 0.235922
vt 0.864824 0.128548
vt 0.863390 0.119955
vt 0.855386 0.119762
vt 0.852997 0.127583
vt 0.084717 0.538055
vt 0.039798 0.536606
vt 0.040396 0.546552
vt 0.084837 0.548483
vt 0.966369 0.449800
vt 0.952989 0.450476
vt 0.954303 0.460904
vt 0.967803 0.458297
vt 0.458762 0.481471
vt 0.461390 0.501073
vt 0.472381 0.491900
vt 0.478474 0.472877
vt 0.323050 0.769603
vt 0.309431 0.780224
vt 0.067156 0.343006
vt 0.070382 0.329101
vt 0.793264 0.079207
vt 0.794578 0.070613
vt 0.784782 0.074669
vt 0.787291 0.082007
vt 0.799237 0.254558
vt 0.790636 0.284781
vt 0.796729 0.287967
vt 0.809750 0.261027
vt 0.059749 0.305541
vt 0.028330 0.298782
vt 0.024507 0.310272
vt 0.054612 0.320411
vt 0.182559 0.299265
vt 0.186024 0.294630
vt 0.179573 0.291057
vt 0.176228 0.296851
vt 0.563533 0.437151
vt 0.563414 0.423632
vt 0.509057 0.417066
vt 0.512522 0.454242
vt 0.040993 0.555725
vt 0.041710 0.565671
vt 0.081731 0.562677
vt 0.467961 0.361448
vt 0.459360 0.348703
vt 0.445382 0.361931
vt 0.451236 0.372167
vt 0.786335 0.037880
vt 0.792189 0.034017
vt 0.789800 0.029093
vt 0.783349 0.030541
vt 0.907114 0.103347
vt 0.901261 0.103636
vt 0.345748 0.200968
vt 0.337027 0.207244
vt 0.341567 0.211879
vt 0.348735 0.206665
vt 0.039798 0.428171
vt 0.039082 0.440337
vt 0.058913 0.431550
vt 0.373942 0.704619
vt 0.373584 0.692452
vt 0.363549 0.692742
vt 0.362354 0.703557
vt 0.836630 0.098905
vt 0.836630 0.111168
vt 0.844873 0.108657
vt 0.844993 0.100933
vt 0.330576 0.215934
vt 0.336311 0.218928
vt 0.002406 0.208499
vt 0.002884 0.216127
vt 0.012441 0.214776
vt 0.012202 0.208982
vt 0.314449 0.135887
vt 0.314449 0.183394
vt 0.399866 0.167462
vt 0.399388 0.136563
vt 0.873306 0.469112
vt 0.873306 0.458201
vt 0.864226 0.459070
vt 0.864107 0.469981
vt 0.809511 0.045411
vt 0.816202 0.042032
vt 0.811542 0.037493
vt 0.806644 0.039618
vt 0.871514 0.409921
vt 0.863032 0.410307
vt 0.864346 0.446517
vt 0.873186 0.445938
vt 0.022237 0.246640
vt 0.027255 0.238626
vt 0.022834 0.235053
vt 0.016503 0.242198
vt 0.778212 0.062502
vt 0.781079 0.068489
vt 0.791592 0.063757
vt 0.789919 0.057095
vt 0.266185 0.748070
vt 0.282073 0.747588
vt 0.279684 0.707129
vt 0.261406 0.706743
vt 0.411574 0.166979
vt 0.411574 0.136563
vt 0.702232 0.358166
vt 0.717643 0.360579
vt 0.706652 0.320025
vt 0.337864 0.690328
vt 0.337625 0.700853
vt 0.350169 0.702108
vt 0.352558 0.691390
vt 0.686343 0.266338
vt 0.684551 0.290960
vt 0.696856 0.290960
vt 0.698170 0.265372
vt 0.876531 0.259579
vt 0.869244 0.259965
vt 0.866377 0.293471
vt 0.873545 0.293181
vt 0.068470 0.272325
vt 0.066798 0.278794
vt 0.831254 0.156164
vt 0.827312 0.163117
vt 0.833046 0.164951
vt 0.835913 0.159833
vt 0.484567 0.473360
vt 0.487912 0.456173
vt 0.481819 0.455787
vt 0.031675 0.289609
vt 0.279565 0.697184
vt 0.260570 0.696122
vt 0.784065 0.244516
vt 0.783588 0.250019
vt 0.787888 0.251564
vt 0.788605 0.246061
vt 0.802583 0.163696
vt 0.804852 0.169683
vt 0.811901 0.165530
vt 0.807839 0.160703
vt 0.849293 0.410500
vt 0.849532 0.446710
vt 0.113031 0.516329
vt 0.133579 0.517488
vt 0.133937 0.498176
vt 0.112433 0.494410
vt 0.439887 0.313555
vt 0.448488 0.320218
vt 0.451953 0.315776
vt 0.442754 0.308824
vt 0.819905 0.143225
vt 0.837227 0.151047
vt 0.845470 0.134149
vt 0.837227 0.128162
vt 0.089854 0.650160
vt 0.086748 0.669278
vt 0.101562 0.671209
vt 0.104787 0.653056
vt 0.361637 0.743146
vt 0.361996 0.728276
vt 0.350169 0.727696
vt 0.350288 0.742953
vt 0.792547 0.249150
vt 0.791233 0.257165
vt 0.043024 0.588748
vt 0.007901 0.591066
vt 0.009335 0.610667
vt 0.043741 0.607191
vt 0.942237 0.333929
vt 0.954781 0.333929
vt 0.954064 0.307955
vt 0.941640 0.306410
vt 0.182679 0.191795
vt 0.191997 0.185711
vt 0.183993 0.179145
vt 0.174197 0.185615
vt 0.709280 0.288643
vt 0.874739 0.075731
vt 0.883341 0.081910
vt 0.886686 0.069937
vt 0.877368 0.067137
vt 0.515628 0.463511
vt 0.558754 0.459456
vt 0.561383 0.453855
vt 0.514313 0.462642
vt 0.726244 0.280822
vt 0.800791 0.207920
vt 0.805569 0.218541
vt 0.163325 0.183297
vt 0.172285 0.175476
vt 0.151737 0.177504
vt 0.150065 0.183394
vt 0.736518 0.349475
vt 0.729470 0.339433
vt 0.132264 0.186387
vt 0.106699 0.219893
vt 0.458165 0.329874
vt 0.462346 0.325818
vt 0.459718 0.092435
vt 0.470350 0.092435
vt 0.470350 0.085580
vt 0.459718 0.085580
vt 0.646681 0.092435
vt 0.646681 0.085580
vt 0.633420 0.085580
vt 0.633420 0.092435
vt 0.798282 0.201064
vt 0.791472 0.202513
vt 0.793264 0.210527
vt 0.337386 0.754926
vt 0.335713 0.766803
vt 0.347660 0.768155
vt 0.349332 0.755119
vt 0.005870 0.558042
vt 0.005273 0.549352
vt 0.898871 0.408183
vt 0.918105 0.406541
vt 0.915835 0.373518
vt 0.896482 0.375256
vt 0.437617 0.085580
vt 0.437617 0.092435
vt 0.448847 0.092435
vt 0.448847 0.085580
vt 0.122946 0.233411
vt 0.003481 0.512177
vt 0.038843 0.513432
vt 0.038245 0.484465
vt 0.002884 0.481954
vt 0.317316 0.709254
vt 0.299038 0.707902
vt 0.777017 0.442075
vt 0.774867 0.454435
vt 0.789680 0.456366
vt 0.791233 0.443910
vt 0.454103 0.333543
vt 0.445024 0.324273
vt 0.441320 0.328039
vt 0.449922 0.337116
vt 0.823369 0.377670
vt 0.810109 0.376705
vt 0.807600 0.408955
vt 0.821697 0.409921
vt 0.674277 0.265372
vt 0.672605 0.289802
vt 0.824684 0.356331
vt 0.812020 0.355269
vt 0.798401 0.375450
vt 0.795056 0.407893
vt 0.210753 0.300423
vt 0.212067 0.307086
vt 0.219593 0.305637
vt 0.217323 0.298396
vt 0.472740 0.358552
vt 0.475009 0.374581
vt 0.480027 0.372456
vt 0.874859 0.109816
vt 0.883819 0.112713
vt 0.883819 0.099388
vt 0.875098 0.101995
vt 0.438334 0.352468
vt 0.430927 0.343778
vt 0.836869 0.238722
vt 0.845590 0.193629
vt 0.062377 0.394761
vt 0.084359 0.401907
vt 0.025582 0.211782
vt 0.028449 0.218638
vt 0.048878 0.220859
vt 0.053537 0.214293
vt 0.139074 0.251468
vt 0.144330 0.257358
vt 0.190563 0.223176
vt 0.191280 0.212844
vt 0.047683 0.185518
vt 0.035020 0.184456
vt 0.037290 0.194498
vt 0.044577 0.194884
vt 0.817157 0.159158
vt 0.811662 0.155971
vt 0.840333 0.156068
vt 0.689927 0.438599
vt 0.688374 0.450186
vt 0.702710 0.453855
vt 0.704741 0.442461
vt 0.333443 0.236018
vt 0.333563 0.227232
vt 0.327112 0.226266
vt 0.327112 0.236984
vt 0.178617 0.336826
vt 0.196895 0.337212
vt 0.196775 0.332191
vt 0.177661 0.331515
vt 0.087704 0.695639
vt 0.103234 0.692452
vt 0.774508 0.169876
vt 0.781796 0.165048
vt 0.777017 0.158964
vt 0.769730 0.161765
vt 0.137282 0.253399
vt 0.142299 0.259869
vt 0.688732 0.355945
vt 0.682640 0.387037
vt 0.696139 0.390899
vt 0.295334 0.183684
vt 0.311581 0.183394
vt 0.311223 0.135887
vt 0.835316 0.378153
vt 0.834480 0.410404
vt 0.849174 0.378057
vt 0.826356 0.336343
vt 0.944029 0.370911
vt 0.931007 0.372070
vt 0.933038 0.404997
vt 0.945940 0.403838
vt 0.389234 0.227232
vt 0.395565 0.226266
vt 0.392340 0.216031
vt 0.386486 0.218928
vt 0.371075 0.767575
vt 0.378960 0.768734
vt 0.382544 0.757919
vt 0.372270 0.755698
vt 0.671649 0.228101
vt 0.693153 0.239591
vt 0.698290 0.229549
vt 0.679892 0.207823
vt 0.257105 0.772210
vt 0.266663 0.775686
vt 0.267379 0.761975
vt 0.254955 0.759947
vt 0.082089 0.489292
vt 0.083642 0.514784
vt 0.884177 0.164758
vt 0.891584 0.165241
vt 0.478832 0.511501
vt 0.474173 0.524730
vt 0.479788 0.528302
vt 0.484328 0.515170
vt 0.782273 0.155971
vt 0.785857 0.160413
vt 0.780481 0.144770
vt 0.774389 0.143805
vt 0.774508 0.151626
vt 0.780481 0.150564
vt 0.660180 0.431164
vt 0.654804 0.439178
vt 0.106699 0.434447
vt 0.080058 0.426626
vt 0.385052 0.704426
vt 0.381349 0.691680
vt 0.833046 0.459456
vt 0.819069 0.458490
vt 0.818471 0.469401
vt 0.832210 0.470657
vt 0.004915 0.539503
vt 0.755633 0.438985
vt 0.752646 0.451441
vt 0.760650 0.452793
vt 0.763159 0.440241
vt 0.911176 0.079303
vt 0.905083 0.082007
vt 0.906995 0.092049
vt 0.913566 0.090890
vt 0.820024 0.151433
vt 0.813693 0.150274
vt 0.221624 0.710316
vt 0.242650 0.707516
vt 0.242053 0.698825
vt 0.220907 0.702495
vt 0.384455 0.747008
vt 0.385889 0.730883
vt 0.373823 0.729338
vt 0.373106 0.744305
vt 0.862196 0.377574
vt 0.862076 0.355558
vt 0.849532 0.356331
vt 0.712864 0.394085
vt 0.043502 0.244226
vt 0.037887 0.243357
vt 0.035617 0.252530
vt 0.042905 0.253689
vt 0.796609 0.164661
vt 0.796490 0.171034
vt 0.828029 0.099870
vt 0.814648 0.098519
vt 0.812379 0.104891
vt 0.828029 0.110009
vt 0.929335 0.303417
vt 0.929335 0.333736
vt 0.430688 0.307955
vt 0.433197 0.303030
vt 0.420772 0.297044
vt 0.418503 0.302161
vt 0.889075 0.089732
vt 0.834121 0.265855
vt 0.830657 0.295982
vt 0.842364 0.296368
vt 0.121274 0.615398
vt 0.134534 0.603135
vt 0.128800 0.595894
vt 0.115898 0.607287
vt 0.065842 0.669858
vt 0.901380 0.443910
vt 0.921092 0.442461
vt 0.669737 0.316162
vt 0.664839 0.352468
vt 0.676786 0.354013
vt 0.681564 0.317611
vt 0.785618 0.203864
vt 0.786335 0.210817
vt 0.366894 0.197685
vt 0.356142 0.197588
vt 0.357098 0.204057
vt 0.365938 0.203961
vt 0.490062 0.367918
vt 0.482297 0.352951
vt 0.477279 0.355848
vt 0.484806 0.370235
vt 0.437020 0.317804
vt 0.097858 0.137915
vt 0.097381 0.167751
vt 0.110044 0.167848
vt 0.110402 0.138108
vt 0.870200 0.377188
vt 0.869841 0.355076
vt 0.132025 0.477416
vt 0.356381 0.292119
vt 0.364385 0.294050
vt 0.365460 0.288740
vt 0.356620 0.286905
vt 0.042307 0.576678
vt 0.007185 0.578803
vt 0.341328 0.286519
vt 0.341448 0.280532
vt 0.334280 0.286615
vt 0.849293 0.459359
vt 0.784663 0.328522
vt 0.777495 0.347351
vt 0.820980 0.036431
vt 0.815126 0.033728
vt 0.026299 0.204251
vt 0.030600 0.197878
vt 0.023432 0.190539
vt 0.016622 0.201354
vt 0.731262 0.310176
vt 0.753482 0.300906
vt 0.748226 0.298782
vt 0.733412 0.304962
vt 0.848696 0.115416
vt 0.842842 0.121596
vt 0.562816 0.447000
vt 0.850966 0.336053
vt 0.862912 0.334991
vt 0.855028 0.295112
vt 0.317555 0.699115
vt 0.318271 0.689073
vt 0.414082 0.312783
vt 0.406795 0.324370
vt 0.416113 0.329777
vt 0.425670 0.317514
vt 0.810587 0.014705
vt 0.805569 0.012678
vt 0.516464 0.391575
vt 0.557679 0.390126
vt 0.519689 0.386554
vt 0.108610 0.330646
vt 0.119243 0.333929
vt 0.085793 0.202609
vt 0.109805 0.193339
vt 0.336550 0.293471
vt 0.364265 0.305831
vt 0.349571 0.291636
vt 0.342881 0.292602
vt 0.428179 0.085580
vt 0.428179 0.092435
vt 0.789680 0.023589
vt 0.783110 0.022816
vt 0.575121 0.085580
vt 0.575121 0.092435
vt 0.588262 0.092435
vt 0.588262 0.085580
vt 0.065603 0.358455
vt 0.836749 0.064626
vt 0.845232 0.075827
vt 0.855147 0.072737
vt 0.065842 0.283719
vt 0.087584 0.294437
vt 0.207169 0.287098
vt 0.202629 0.292023
vt 0.207527 0.295499
vt 0.213142 0.292216
vt 0.801029 0.045797
vt 0.899708 0.085483
vt 0.478952 0.492382
vt 0.875337 0.133859
vt 0.865541 0.137142
vt 0.860404 0.150564
vt 0.866735 0.155681
vt 0.185785 0.749808
vt 0.188891 0.760044
vt 0.201674 0.755216
vt 0.203107 0.749036
vt 0.060824 0.217576
vt 0.054612 0.229066
vt 0.883699 0.127583
vt 0.795295 0.194981
vt 0.845829 0.154040
vt 0.851802 0.153943
vt 0.800313 0.012581
vt 0.799596 0.005822
vt 0.790994 0.009202
vt 0.795415 0.014609
vt 0.075877 0.315583
vt 0.039321 0.526178
vt 0.004317 0.527337
vt 0.169896 0.725476
vt 0.184829 0.724413
vt 0.040396 0.417453
vt 0.059988 0.421122
vt 0.060824 0.410211
vt 0.041113 0.406348
vt 0.783827 0.199809
vt 0.789202 0.197298
vt 0.914282 0.333543
vt 0.915477 0.299651
vt 0.897916 0.295885
vt 0.895646 0.333736
vt 0.125455 0.588072
vt 0.137999 0.585851
vt 0.135012 0.576099
vt 0.124619 0.578513
vt 0.081731 0.415908
vt 0.761487 0.136853
vt 0.766743 0.098712
vt 0.761248 0.096491
vt 0.755752 0.136177
vt 0.054134 0.206182
vt 0.050670 0.199133
vt 0.042427 0.390223
vt 0.008857 0.383464
vt 0.007304 0.400458
vt 0.541193 0.092435
vt 0.552423 0.092435
vt 0.552423 0.085580
vt 0.541193 0.085580
vt 0.872589 0.170552
vt 0.871275 0.178566
vt 0.813812 0.231191
vt 0.824564 0.237081
vt 0.838064 0.190829
vt 0.490540 0.385588
vt 0.496035 0.383850
vt 0.785857 0.373905
vt 0.781676 0.405769
vt 0.840931 0.185615
vt 0.862196 0.159737
vt 0.857536 0.155971
vt 0.122707 0.168041
vt 0.122946 0.138204
vt 0.833524 0.446517
vt 0.349452 0.281015
vt 0.348974 0.286326
vt 0.768535 0.403162
vt 0.889553 0.063564
vt 0.345509 0.262282
vt 0.348377 0.256489
vt 0.341328 0.251468
vt 0.336788 0.255910
vt 0.821100 0.264117
vt 0.793264 0.043866
vt 0.856222 0.090697
vt 0.864346 0.090890
vt 0.866377 0.082297
vt 0.853833 0.082200
vt 0.466527 0.509184
vt 0.473098 0.509473
vt 0.788725 0.186098
vt 0.783827 0.189670
vt 0.761964 0.153171
vt 0.756350 0.153750
vt 0.760292 0.167269
vt 0.765548 0.165241
vt 0.956573 0.369946
vt 0.484567 0.419963
vt 0.484089 0.437537
vt 0.489943 0.437827
vt 0.490420 0.420060
vt 0.128442 0.238915
vt 0.120079 0.235632
vt 0.125813 0.241136
vt 0.399627 0.734262
vt 0.399866 0.714854
vt 0.385889 0.715723
vt 0.494243 0.402293
vt 0.495796 0.419867
vt 0.502009 0.419384
vt 0.499978 0.400941
vt 0.819666 0.445938
vt 0.138118 0.420832
vt 0.140985 0.406638
vt 0.127247 0.395727
vt 0.111239 0.411466
vt 0.761248 0.401907
vt 0.739147 0.398431
vt 0.733532 0.434640
vt 0.789083 0.309210
vt 0.183156 0.250889
vt 0.187816 0.235246
vt 0.148751 0.263634
vt 0.153290 0.269428
vt 0.081850 0.204637
vt 0.103593 0.221631
vt 0.202749 0.737352
vt 0.223297 0.747877
vt 0.202151 0.723351
vt 0.806525 0.080945
vt 0.811542 0.085580
vt 0.836988 0.081814
vt 0.686940 0.406059
vt 0.691958 0.408183
vt 0.006707 0.411563
vt 0.846665 0.187546
vt 0.046847 0.672851
vt 0.014352 0.655181
vt 0.017220 0.679417
vt 0.561861 0.085580
vt 0.561861 0.092435
vt 0.114942 0.387326
vt 0.117570 0.376415
vt 0.331054 0.292505
vt 0.328784 0.286326
vt 0.800074 0.078724
vt 0.299396 0.697860
vt 0.816918 0.028706
vt 0.823250 0.029672
vt 0.120318 0.361062
vt 0.796848 0.124010
vt 0.797087 0.130480
vt 0.802821 0.131349
vt 0.804972 0.125265
vt 0.898632 0.166206
vt 0.883938 0.188318
vt 0.891464 0.189187
vt 0.782990 0.086932
vt 0.778451 0.080366
vt 0.776420 0.181366
vt 0.780123 0.176828
vt 0.865660 0.072834
vt 0.864585 0.065206
vt 0.767340 0.136080
vt 0.776898 0.136273
vt 0.108610 0.423729
vt 0.681206 0.199423
vt 0.702590 0.215451
vt 0.704502 0.199905
vt 0.727081 0.458394
vt 0.749182 0.462063
vt 0.731023 0.446903
vt 0.134415 0.441689
vt 0.136207 0.432033
vt 0.865541 0.176635
vt 0.866496 0.170745
vt 0.858134 0.185518
vt 0.862673 0.181752
vt 0.087704 0.566829
vt 0.076116 0.240364
vt 0.060346 0.227425
vt 0.044697 0.259675
vt 0.483253 0.403548
vt 0.480027 0.388388
vt 0.458045 0.395630
vt 0.458404 0.411852
vt 0.791353 0.131638
vt 0.786216 0.134632
vt 0.808078 0.067523
vt 0.126052 0.451441
vt 0.374300 0.206761
vt 0.381110 0.251371
vt 0.386366 0.244419
vt 0.107296 0.188705
vt 0.131667 0.181270
vt 0.019848 0.700563
vt 0.047444 0.698632
vt 0.861240 0.190732
vt 0.869363 0.206568
vt 0.876054 0.187836
vt 0.867213 0.185518
vt 0.871275 0.095042
vt 0.877248 0.088380
vt 0.817157 0.135597
vt 0.455537 0.383174
vt 0.902216 0.466891
vt 0.902336 0.456076
vt 0.423640 0.336247
vt 0.434033 0.321956
vt 0.311581 0.186580
vt 0.314449 0.186580
vt 0.336191 0.244323
vt 0.330457 0.247219
vt 0.852638 0.187546
vt 0.865302 0.164951
vt 0.782512 0.139266
vt 0.380871 0.281594
vt 0.378721 0.286905
vt 0.391265 0.291347
vt 0.393773 0.286036
vt 0.693750 0.318866
vt 0.807958 0.134245
vt 0.811662 0.138687
vt 0.812020 0.129417
vt 0.940565 0.463511
vt 0.939370 0.452504
vt 0.849174 0.094367
vt 0.842962 0.088283
vt 0.770805 0.174317
vt 0.490182 0.474616
vt 0.496035 0.477030
vt 0.499619 0.458587
vt 0.493527 0.457042
vt 0.742611 0.298782
vt 0.737355 0.301003
vt 0.134773 0.568760
vt 0.143853 0.565767
vt 0.196895 0.290671
vt 0.199882 0.284008
vt 0.191997 0.283815
vt 0.191041 0.291636
vt 0.746195 0.355558
vt 0.744045 0.366759
vt 0.766146 0.371394
vt 0.757664 0.357876
vt 0.489823 0.085580
vt 0.489823 0.092435
vt 0.500217 0.092435
vt 0.500217 0.085580
vt 0.011246 0.629979
vt 0.054015 0.136853
vt 0.030839 0.136177
vt 0.030122 0.166013
vt 0.053179 0.166689
vt 0.123543 0.267690
vt 0.129875 0.297237
vt 0.134654 0.276573
vt 0.267977 0.181076
vt 0.266304 0.187449
vt 0.295334 0.186870
vt 0.069784 0.696604
vt 0.005512 0.194112
vt 0.003362 0.201064
vt 0.012919 0.203285
vt 0.014472 0.197685
vt 0.472859 0.338661
vt 0.468200 0.342137
vt 0.099412 0.621192
vt 0.108013 0.628820
vt 0.004078 0.135211
vt 0.003601 0.165048
vt 0.133937 0.245095
vt 0.188891 0.201740
vt 0.980944 0.454145
vt 0.977957 0.444972
vt 0.787888 0.467084
vt 0.802941 0.467953
vt 0.803777 0.457331
vt 0.200479 0.217962
vt 0.200718 0.206182
vt 0.874620 0.229646
vt 0.877726 0.208016
vt 0.865182 0.230032
vt 0.092721 0.331515
vt 0.808078 0.006691
vt 0.815604 0.010457
vt 0.127605 0.264986
vt 0.184710 0.286326
vt 0.112553 0.255523
vt 0.125216 0.248475
vt 0.110641 0.249633
vt 0.101203 0.252627
vt 0.870916 0.162634
vt 0.885252 0.209272
vt 0.063691 0.292023
vt 0.689927 0.421605
vt 0.707249 0.430102
vt 0.753602 0.325046
vt 0.757544 0.320990
vt 0.748345 0.327170
vt 0.791592 0.018471
vt 0.399388 0.184553
vt 0.399269 0.187160
vt 0.402733 0.187256
vt 0.406198 0.180883
vt 0.759695 0.310176
vt 0.733412 0.321087
vt 0.737474 0.325046
vt 0.766146 0.177504
vt 0.771999 0.184939
vt 0.406317 0.174028
vt 0.403689 0.168910
vt 0.169179 0.290864
vt 0.176705 0.270683
vt 0.356739 0.259289
vt 0.365580 0.259193
vt 0.801627 0.112616
vt 0.807839 0.109913
vt 0.889553 0.119086
vt 0.870558 0.116382
vt 0.193430 0.234763
vt 0.686582 0.416777
vt 0.681923 0.426722
vt 0.794817 0.112906
vt 0.853714 0.193533
vt 0.672246 0.392734
vt 0.671649 0.384816
vt 0.660180 0.384333
vt 0.661614 0.393603
vt 0.836272 0.356717
vt 0.837944 0.336826
vt 0.955617 0.418901
vt 0.949166 0.427978
vt 0.954781 0.429329
vt 0.672246 0.430681
vt 0.767101 0.151047
vt 0.774628 0.074669
vt 0.770566 0.083649
vt 0.774986 0.088476
vt 0.141822 0.548387
vt 0.129278 0.542303
vt 0.084239 0.526854
vt 0.558635 0.188318
vt 0.585037 0.196429
vt 0.773314 0.372456
vt 0.244203 0.748650
vt 0.242531 0.758016
vt 0.110522 0.592128
vt 0.112911 0.598597
vt 0.119482 0.587203
vt 0.167148 0.294630
vt 0.169179 0.299361
vt 0.172166 0.294919
vt 0.658508 0.247895
vt 0.673799 0.255330
vt 0.680011 0.250889
vt 0.086987 0.577065
vt 0.813693 0.144288
vt 0.882027 0.230128
vt 0.770566 0.069841
vt 0.267857 0.174221
vt 0.389114 0.236018
vt 0.381468 0.211879
vt 0.598895 0.092435
vt 0.598895 0.085580
vt 0.804852 0.445068
vt 0.950480 0.438309
vt 0.958484 0.438889
vt 0.063930 0.203188
vt 0.892420 0.109140
vt 0.937100 0.440434
vt 0.772477 0.100353
vt 0.463780 0.345323
vt 0.553259 0.384623
vt 0.523871 0.383078
vt 0.361040 0.755119
vt 0.315285 0.787563
vt 0.328545 0.776459
vt 0.844754 0.148150
vt 0.852758 0.147957
vt 0.855267 0.137239
vt 0.174077 0.303513
vt 0.181006 0.305637
vt 0.057718 0.192277
vt 0.093319 0.558525
vt 0.028688 0.250116
vt 0.032392 0.241426
vt 0.785618 0.015381
vt 0.782035 0.129900
vt 0.150662 0.424791
vt 0.149228 0.436378
vt 0.006109 0.421701
vt 0.094872 0.607384
vt 0.100367 0.591935
vt 0.091646 0.586238
vt 0.876173 0.123431
vt 0.373703 0.309210
vt 0.384813 0.313845
vt 0.387561 0.302161
vt 0.375495 0.297623
vt 0.151737 0.412528
vt 0.709400 0.260834
vt 0.147436 0.553794
vt 0.151618 0.563063
vt 0.038604 0.455690
vt 0.101801 0.554277
vt 0.780720 0.093304
vt 0.457448 0.457428
vt 0.015905 0.213906
vt 0.780840 0.100064
vt 0.107774 0.340881
vt 0.922525 0.454917
vt 0.924676 0.466408
vt 0.143255 0.573878
vt 0.129158 0.463994
vt 0.967205 0.444006
vt 0.385889 0.207340
vt 0.864824 0.058254
vt 0.865421 0.051494
vt 0.836152 0.051108
vt 0.836152 0.057867
vt 0.004437 0.223273
vt 0.007304 0.230128
vt 0.015905 0.225783
vt 0.013755 0.220376
vt 0.485403 0.387133
vt 0.185307 0.737642
vt 0.025104 0.721517
vt 0.131667 0.247219
vt 0.170254 0.737642
vt 0.170613 0.749808
vt 0.687179 0.246543
vt 0.115061 0.637124
vt 0.097620 0.638476
vt 0.017100 0.192567
vt 0.020445 0.187836
vt 0.013277 0.181559
vt 0.008857 0.187546
vt 0.147078 0.265855
vt 0.151618 0.272035
vt 0.768057 0.355655
vt 0.098814 0.725958
vt 0.105982 0.713695
vt 0.093080 0.721420
vt 0.151737 0.574168
vt 0.479430 0.092435
vt 0.479430 0.085580
vt 0.609647 0.092435
vt 0.609647 0.085580
vt 0.446099 0.165724
vt 0.472620 0.165048
vt 0.471306 0.135211
vt 0.444785 0.135887
vt 0.620279 0.092435
vt 0.620279 0.085580
vt 0.337744 0.727310
vt 0.338103 0.743242
vt 0.779167 0.193050
vt 0.003959 0.451152
vt 0.210156 0.137625
vt 0.196656 0.137818
vt 0.197014 0.167655
vt 0.210633 0.167462
vt 0.425432 0.136273
vt 0.425073 0.166399
vt 0.913804 0.103636
vt 0.806405 0.053426
vt 0.807003 0.060281
vt 0.880354 0.053619
vt 0.878921 0.060185
vt 0.111358 0.554856
vt 0.109805 0.545683
vt 0.671649 0.170552
vt 0.678100 0.184553
vt 0.704741 0.166013
vt 0.703188 0.150371
vt 0.355783 0.265662
vt 0.366535 0.265662
vt 0.484686 0.494120
vt 0.397835 0.700563
vt 0.304055 0.796736
vt 0.294737 0.790267
vt 0.050550 0.335474
vt 0.047325 0.352082
vt 0.495677 0.438213
vt 0.111955 0.535930
vt 0.283149 0.764196
vt 0.281835 0.781962
vt 0.901141 0.094077
vt 0.831135 0.119955
vt 0.933397 0.277056
vt 0.919300 0.272325
vt 0.556843 0.208982
vt 0.579661 0.217672
vt 0.772716 0.465153
vt 0.376929 0.292119
vt 0.416233 0.307279
vt 0.389234 0.296561
vt 0.900663 0.063178
vt 0.892062 0.057578
vt 0.019012 0.230708
vt 0.011366 0.236598
vt 0.112792 0.526468
vt 0.006468 0.567698
vt 0.488748 0.403162
vt 0.428179 0.312590
vt 0.085195 0.137721
vt 0.084598 0.167462
vt 0.071457 0.137335
vt 0.070620 0.167172
vt 0.366655 0.283525
vt 0.357456 0.281691
vt 0.501770 0.438792
vt 0.562697 0.410018
vt 0.509535 0.411466
vt 0.510610 0.092435
vt 0.510610 0.085580
vt 0.820502 0.015864
vt 0.078625 0.233122
vt 0.101681 0.246833
vt 0.788486 0.110588
vt 0.783588 0.106147
vt 0.788963 0.125652
vt 0.681923 0.396789
vt 0.943073 0.281594
vt 0.140149 0.453179
vt 0.145406 0.447289
vt 0.731262 0.315873
vt 0.757544 0.304962
vt 0.222222 0.337212
vt 0.216487 0.333157
vt 0.187577 0.251468
vt 0.602240 0.118120
vt 0.586470 0.130480
vt 0.615620 0.154523
vt 0.374062 0.256586
vt 0.024746 0.172290
vt 0.018653 0.176442
vt 0.024626 0.183780
vt 0.029405 0.180594
vt 0.374062 0.714758
vt 0.396521 0.754636
vt 0.041829 0.224045
vt 0.043144 0.233991
vt 0.392937 0.767961
vt 0.462824 0.522123
vt 0.468200 0.522605
vt 0.906637 0.070034
vt 0.669976 0.260351
vt 0.646920 0.256392
vt 0.658388 0.286229
vt 0.359487 0.768155
vt 0.368447 0.277925
vt 0.119960 0.344261
vt 0.131548 0.531585
vt 0.461868 0.513336
vt 0.459479 0.523861
vt 0.134893 0.168041
vt 0.135012 0.138204
vt 0.168821 0.138108
vt 0.169060 0.167944
vt 0.146242 0.138301
vt 0.146242 0.168138
vt 0.157113 0.138204
vt 0.157233 0.168041
vt 0.116734 0.334798
vt 0.127725 0.329101
vt 0.057718 0.744111
vt 0.081850 0.729724
vt 0.742731 0.327170
vt 0.759695 0.315776
vt 0.077549 0.742277
vt 0.092960 0.741408
vt 0.659105 0.112713
vt 0.639752 0.109333
vt 0.631867 0.150950
vt 0.645367 0.153750
vt 0.358531 0.276090
vt 0.457568 0.433095
vt 0.362235 0.713406
vt 0.337744 0.710992
vt 0.350169 0.712150
vt 0.350288 0.275125
vt 0.195939 0.324080
vt 0.189488 0.322825
vt 0.870439 0.334412
vt 0.910579 0.123238
vt 0.905681 0.142067
vt 0.958365 0.401810
vt 0.016025 0.342137
vt 0.790755 0.163503
vt 0.788605 0.169393
vt 0.342523 0.274449
vt 0.659702 0.160896
vt 0.690405 0.128548
vt 0.676666 0.119665
vt 0.197851 0.195560
vt 0.180528 0.272614
vt 0.220549 0.332481
vt 0.211470 0.313362
vt 0.005154 0.434254
vt 0.300352 0.687721
vt 0.637840 0.260158
vt 0.650265 0.299844
vt 0.202390 0.323308
vt 0.040993 0.266628
vt 0.035856 0.279180
vt 0.146720 0.587879
vt 0.823250 0.022623
vt 0.511327 0.404803
vt 0.560785 0.398334
vt 0.183873 0.319059
vt 0.181245 0.312203
vt 0.173599 0.330453
vt 0.728753 0.257455
vt 0.731023 0.252433
vt 0.722063 0.254365
vt 0.892181 0.099098
vt 0.376929 0.262282
vt 0.385650 0.256006
vt 0.392101 0.247316
vt 0.020445 0.324370
vt 0.647517 0.300520
vt 0.613350 0.259869
vt 0.395565 0.237081
vt 0.075638 0.203864
vt 0.079939 0.198940
vt 0.541551 0.379505
vt 0.535220 0.379505
vt 0.529127 0.380760
vt 0.547764 0.381243
vt 0.377287 0.200968
vt 0.848935 0.470850
vt 0.490301 0.497403
vt 0.222819 0.756181
vt 0.626133 0.261510
vt 0.765429 0.080076
vt 0.174077 0.336633
vt 0.698887 0.138301
vt 0.620279 0.110782
vt 0.034303 0.223273
vt 0.021162 0.225011
vt 0.030719 0.232446
vt 0.062855 0.222017
vt 0.039082 0.271166
vt 0.901500 0.264890
vt 0.955020 0.284105
vt 0.757664 0.463415
vt 0.388158 0.780128
vt 0.814410 0.091759
vt 0.831135 0.090118
vt 0.032392 0.751643
vt 0.172166 0.761975
vt 0.208125 0.319928
vt 0.395326 0.689845
vt 0.034781 0.178180
vt 0.031555 0.169296
vt 0.961590 0.410404
s 1
f 5/1/1 3/2/2 4/3/3
f 4/3/3 6/4/4 5/1/1
f 71/5/5 70/6/5 72/7/6
f 72/7/6 73/8/7 71/5/5
f 67/9/8 69/10/9 68/11/10
f 68/11/10 66/12/11 67/9/8
f 72/7/6 74/13/12 75/14/13
f 75/14/13 73/8/7 72/7/6
f 77/15/14 75/14/13 74/13/12
f 74/13/12 76/16/15 77/15/14
f 79/17/16 78/18/17 80/19/18
f 80/19/18 81/20/18 79/17/16
f 85/21/19 84/22/20 86/23/21
f 86/23/21 87/24/21 85/21/19
f 127/25/22 129/26/23 138/27/23
f 138/27/23 137/28/23 127/25/22
f 137/28/23 138/27/23 139/29/24
f 139/29/24 140/30/24 137/28/23
f 139/29/24 142/31/24 141/32/24
f 141/32/24 140/30/24 139/29/24
f 25/33/25 23/34/26 24/35/27
f 24/35/27 26/36/28 25/33/25
f 12/37/29 10/38/30 96/39/31
f 96/39/31 95/40/29 12/37/29
f 29/41/32 27/42/33 28/43/33
f 28/43/33 30/44/32 29/41/32
f 16/45/34 14/46/35 94/47/36
f 94/47/36 93/48/37 16/45/34
f 33/49/38 31/50/39 32/51/40
f 32/51/40 34/52/38 33/49/38
f 30/44/32 28/43/33 36/53/41
f 36/53/41 37/54/42 30/44/32
f 70/6/5 71/5/5 69/10/9
f 69/10/9 67/9/8 70/6/5
f 28/43/33 26/36/28 35/55/43
f 35/55/43 36/53/41 28/43/33
f 94/47/36 14/46/35 12/37/29
f 12/37/29 95/40/29 94/47/36
f 23/34/26 21/56/44 22/57/45
f 22/57/45 24/35/27 23/34/26
f 40/58/46 41/59/47 42/60/48
f 53/61/49 52/62/50 51/63/48
f 51/63/48 54/64/51 53/61/49
f 142/31/24 150/65/52 143/66/53
f 143/66/53 141/32/24 142/31/24
f 44/67/54 48/68/55 49/69/55
f 50/70/48 51/63/48 52/62/50
f 44/67/54 43/71/56 45/72/55
f 45/72/55 46/73/55 44/67/54
f 64/74/55 65/75/57 45/72/55
f 45/72/55 43/71/56 64/74/55
f 57/76/58 58/77/59 53/61/49
f 59/78/60 60/79/61 54/64/51
f 53/61/49 55/80/62 56/81/61
f 56/81/61 57/76/58 53/61/49
f 63/82/63 64/74/55 43/71/56
f 48/68/55 44/67/54 46/73/55
f 46/73/55 47/83/64 48/68/55
f 8/84/65 10/38/30 9/85/66
f 9/85/66 7/86/65 8/84/65
f 118/87/67 119/88/68 121/89/69
f 121/89/69 120/90/70 118/87/67
f 5/1/1 6/4/4 8/84/65
f 8/84/65 7/86/65 5/1/1
f 11/91/29 9/85/66 10/38/30
f 10/38/30 12/37/29 11/91/29
f 77/15/14 76/16/15 78/18/17
f 78/18/17 79/17/16 77/15/14
f 13/92/71 11/91/29 12/37/29
f 12/37/29 14/46/35 13/92/71
f 81/20/18 80/19/18 82/93/72
f 82/93/72 83/94/73 81/20/18
f 14/46/35 16/45/34 15/95/34
f 15/95/34 13/92/71 14/46/35
f 3/2/2 1/96/74 2/97/75
f 2/97/75 4/3/3 3/2/2
f 87/24/21 86/23/21 88/98/76
f 88/98/76 89/99/76 87/24/21
f 17/100/77 15/95/34 16/45/34
f 16/45/34 18/101/78 17/100/77
f 93/48/37 92/102/79 18/101/78
f 18/101/78 16/45/34 93/48/37
f 31/50/39 29/41/32 30/44/32
f 30/44/32 32/51/40 31/50/39
f 91/103/80 89/99/76 88/98/76
f 88/98/76 90/104/81 91/103/80
f 27/42/33 25/33/25 26/36/28
f 26/36/28 28/43/33 27/42/33
f 38/105/39 32/51/40 30/44/32
f 30/44/32 37/54/42 38/105/39
f 113/106/82 114/107/83 115/108/84
f 115/108/84 116/109/85 113/106/82
f 114/107/83 113/106/82 111/110/86
f 111/110/86 112/111/87 114/107/83
f 124/112/88 98/113/89 97/114/90
f 97/114/90 123/115/91 124/112/88
f 103/116/92 105/117/93 104/118/94
f 101/119/95 102/120/96 99/121/97
f 99/121/97 100/122/98 101/119/95
f 122/123/99 123/115/91 120/90/70
f 120/90/70 121/89/69 122/123/99
f 108/124/100 110/125/101 109/126/102
f 115/108/84 117/127/103 118/87/67
f 118/87/67 116/109/85 115/108/84
f 106/128/104 107/129/105 108/124/100
f 108/124/100 109/126/102 106/128/104
f 106/128/104 104/118/94 105/117/93
f 105/117/93 107/129/105 106/128/104
f 131/130/106 130/131/107 136/132/108
f 136/132/108 132/133/109 131/130/106
f 117/127/103 119/88/68 118/87/67
f 99/121/97 97/114/90 98/113/89
f 98/113/89 100/122/98 99/121/97
f 143/66/53 150/65/52 149/134/110
f 149/134/110 148/135/111 143/66/53
f 122/123/99 124/112/88 123/115/91
f 111/110/86 109/126/102 110/125/101
f 110/125/101 112/111/87 111/110/86
f 147/136/112 141/32/24 143/66/53
f 143/66/53 144/137/113 147/136/112
f 125/138/114 126/139/115 128/140/116
f 128/140/116 127/25/22 125/138/114
f 129/26/23 130/131/107 131/130/106
f 151/141/117 152/142/118 149/134/110
f 149/134/110 150/65/52 151/141/117
f 61/143/58 62/144/60 54/64/51
f 54/64/51 60/79/61 61/143/58
f 145/145/119 144/137/113 143/66/53
f 143/66/53 148/135/111 145/145/119
f 128/140/116 126/139/115 134/146/120
f 134/146/120 135/147/121 128/140/116
f 19/148/122 17/100/77 18/101/78
f 18/101/78 20/149/123 19/148/122
f 21/56/44 19/148/122 20/149/123
f 20/149/123 22/57/45 21/56/44
f 34/52/38 32/51/40 38/105/39
f 38/105/39 39/150/38 34/52/38
f 127/25/22 128/140/116 130/131/107
f 130/131/107 129/26/23 127/25/22
f 42/60/48 41/59/47 43/71/56
f 43/71/56 44/67/54 42/60/48
f 102/120/96 101/119/95 103/116/92
f 103/116/92 104/118/94 102/120/96
f 126/139/115 125/138/114 133/151/124
f 133/151/124 134/146/120 126/139/115
f 128/140/116 135/147/121 136/132/108
f 136/132/108 130/131/107 128/140/116
f 150/65/52 142/31/24 151/141/117
f 147/136/112 144/137/113 145/145/119
f 145/145/119 146/152/125 147/136/112
f 83/94/73 82/93/72 84/22/20
f 84/22/20 85/21/19 83/94/73
f 53/61/49 54/64/51 62/144/60
f 62/144/60 55/80/62 53/61/49
f 249/153/126 248/154/126 250/155/127
f 250/155/127 251/156/128 249/153/126
f 163/157/129 161/158/130 162/159/131
f 162/159/131 164/160/132 163/157/129
f 255/161/133 254/162/133 256/163/134
f 256/163/134 257/164/135 255/161/133
f 257/164/135 256/163/134 258/165/136
f 258/165/136 259/166/136 257/164/135
f 260/167/137 261/168/137 259/166/136
f 259/166/136 258/165/136 260/167/137
f 260/167/137 262/169/138 263/170/138
f 263/170/138 261/168/137 260/167/137
f 267/171/139 265/172/140 264/173/141
f 264/173/141 266/174/142 267/171/139
f 175/175/143 173/176/144 174/177/145
f 174/177/145 176/178/146 175/175/143
f 267/171/139 266/174/142 268/179/147
f 268/179/147 269/180/148 267/171/139
f 233/181/149 234/182/150 232/183/151
f 232/183/151 226/184/152 233/181/149
f 181/185/153 179/186/154 180/187/154
f 180/187/154 182/188/155 181/185/153
f 281/189/156 178/190/157 176/178/146
f 176/178/146 282/191/158 281/189/156
f 166/192/159 230/193/160 238/194/161
f 238/194/161 168/195/162 166/192/159
f 285/196/163 274/197/164 276/198/165
f 276/198/165 284/199/166 285/196/163
f 188/200/167 190/201/168 189/202/168
f 189/202/168 187/203/169 188/200/167
f 210/204/170 211/205/171 203/206/172
f 203/206/172 202/207/173 210/204/170
f 210/204/170 202/207/173 205/208/174
f 205/208/174 209/209/175 210/204/170
f 196/210/176 186/211/177 184/212/178
f 184/212/178 195/213/179 196/210/176
f 251/156/128 250/155/127 252/214/180
f 252/214/180 253/215/180 251/156/128
f 325/216/181 326/217/182 327/218/183
f 327/218/183 332/219/184 325/216/181
f 231/220/185 237/221/186 238/194/161
f 238/194/161 230/193/160 231/220/185
f 239/222/187 237/221/186 235/223/188
f 235/223/188 240/224/189 239/222/187
f 228/225/190 226/184/152 232/183/151
f 232/183/151 231/220/185 228/225/190
f 226/184/152 228/225/190 227/226/191
f 227/226/191 225/227/192 226/184/152
f 201/228/193 197/229/194 199/230/195
f 199/230/195 200/231/196 201/228/193
f 193/232/197 191/233/198 192/234/199
f 192/234/199 194/235/200 193/232/197
f 191/233/198 189/202/168 190/201/168
f 190/201/168 192/234/199 191/233/198
f 281/189/156 273/236/201 271/237/202
f 271/237/202 283/238/203 281/189/156
f 270/239/204 271/237/202 273/236/201
f 273/236/201 272/240/205 270/239/204
f 235/223/188 237/221/186 231/220/185
f 231/220/185 232/183/151 235/223/188
f 186/211/177 188/200/167 187/203/169
f 187/203/169 185/241/206 186/211/177
f 326/217/182 302/242/207 303/243/208
f 303/243/208 297/244/209 326/217/182
f 202/207/173 198/245/210 206/246/211
f 206/246/211 205/208/174 202/207/173
f 217/247/212 219/248/213 218/249/214
f 218/249/214 216/250/215 217/247/212
f 334/251/216 327/218/183 328/252/217
f 328/252/217 329/253/218 334/251/216
f 157/254/219 158/255/220 160/256/221
f 160/256/221 159/257/221 157/254/219
f 195/213/179 208/258/222 207/259/223
f 207/259/223 206/246/211 195/213/179
f 222/260/224 221/261/225 223/262/226
f 223/262/226 224/263/227 222/260/224
f 249/153/126 247/264/228 245/265/229
f 245/265/229 248/154/126 249/153/126
f 185/241/206 183/266/230 184/212/178
f 184/212/178 186/211/177 185/241/206
f 276/198/165 274/197/164 275/267/231
f 275/267/231 277/268/232 276/198/165
f 279/269/233 282/191/158 176/178/146
f 176/178/146 174/177/145 279/269/233
f 274/197/164 272/240/205 273/236/201
f 273/236/201 275/267/231 274/197/164
f 177/270/234 175/175/143 176/178/146
f 176/178/146 178/190/157 177/270/234
f 223/262/226 221/261/225 215/271/235
f 215/271/235 213/272/236 223/262/226
f 212/273/237 213/272/236 215/271/235
f 215/271/235 214/274/238 212/273/237
f 277/268/232 279/269/233 280/275/239
f 280/275/239 278/276/240 277/268/232
f 200/231/196 199/230/195 203/206/172
f 203/206/172 204/277/241 200/231/196
f 166/192/159 168/195/162 167/278/242
f 167/278/242 165/279/243 166/192/159
f 160/256/221 162/159/131 161/158/130
f 161/158/130 159/257/221 160/256/221
f 255/161/133 253/215/180 252/214/180
f 252/214/180 254/162/133 255/161/133
f 188/200/167 186/211/177 196/210/176
f 196/210/176 197/229/194 188/200/167
f 157/254/219 155/280/244 156/281/245
f 156/281/245 158/255/220 157/254/219
f 165/279/243 163/157/129 164/160/132
f 164/160/132 166/192/159 165/279/243
f 246/282/246 244/283/247 245/265/229
f 245/265/229 247/264/228 246/282/246
f 169/284/248 167/278/242 168/195/162
f 168/195/162 170/285/249 169/284/248
f 263/170/138 262/169/138 264/173/141
f 264/173/141 265/172/140 263/170/138
f 171/286/250 169/284/248 170/285/249
f 170/285/249 172/287/250 171/286/250
f 173/176/144 171/286/250 172/287/250
f 172/287/250 174/177/145 173/176/144
f 232/183/151 234/182/150 236/288/251
f 236/288/251 235/223/188 232/183/151
f 324/289/252 302/242/207 325/216/181
f 325/216/181 323/290/253 324/289/252
f 221/261/225 222/260/224 220/291/254
f 220/291/254 217/247/212 221/261/225
f 230/193/160 229/292/255 228/225/190
f 228/225/190 231/220/185 230/193/160
f 222/260/224 242/293/256 243/294/257
f 243/294/257 220/291/254 222/260/224
f 198/245/210 199/230/195 197/229/194
f 197/229/194 196/210/176 198/245/210
f 179/186/154 177/270/234 178/190/157
f 178/190/157 180/187/154 179/186/154
f 183/266/230 181/185/153 182/188/155
f 182/188/155 184/212/178 183/266/230
f 315/295/258 314/296/259 312/297/260
f 312/297/260 313/298/261 315/295/258
f 272/240/205 274/197/164 285/196/163
f 285/196/163 286/299/262 272/240/205
f 223/262/226 156/281/245 154/300/263
f 154/300/263 224/263/227 223/262/226
f 319/301/264 318/302/265 317/303/266
f 317/303/266 320/304/267 319/301/264
f 301/305/268 299/306/269 305/307/270
f 305/307/270 306/308/271 301/305/268
f 290/309/272 292/310/273 291/311/274
f 326/217/182 297/244/209 331/312/275
f 331/312/275 328/252/217 326/217/182
f 292/310/273 294/313/276 293/314/277
f 323/290/253 314/296/259 316/315/278
f 316/315/278 324/289/252 323/290/253
f 295/316/279 293/314/277 294/313/276
f 294/313/276 296/317/280 295/316/279
f 315/295/258 317/303/266 318/302/265
f 318/302/265 316/315/278 315/295/258
f 320/304/267 317/303/266 313/298/261
f 313/298/261 321/318/281 320/304/267
f 345/319/282 346/320/283 348/321/284
f 348/321/284 347/322/285 345/319/282
f 303/243/208 304/323/286 297/244/209
f 331/312/275 330/324/287 329/253/218
f 329/253/218 328/252/217 331/312/275
f 301/305/268 306/308/271 303/243/208
f 224/263/227 241/325/288 242/293/256
f 242/293/256 222/260/224 224/263/227
f 327/218/183 334/251/216 333/326/289
f 333/326/289 332/219/184 327/218/183
f 289/327/290 287/328/291 288/329/292
f 288/329/292 290/309/272 289/327/290
f 309/330/293 291/311/274 292/310/273
f 292/310/273 293/314/277 309/330/293
f 314/296/259 315/295/258 316/315/278
f 304/323/286 303/243/208 306/308/271
f 306/308/271 307/331/294 304/323/286
f 307/331/294 306/308/271 305/307/270
f 305/307/270 308/332/295 307/331/294
f 315/295/258 313/298/261 317/303/266
f 309/330/293 310/333/296 311/334/297
f 311/334/297 291/311/274 309/330/293
f 295/316/279 296/317/280 297/244/209
f 297/244/209 304/323/286 295/316/279
f 302/242/207 326/217/182 325/216/181
f 288/329/292 294/313/276 292/310/273
f 292/310/273 290/309/272 288/329/292
f 326/217/182 328/252/217 327/218/183
f 300/335/298 298/336/299 299/306/269
f 299/306/269 301/305/268 300/335/298
f 302/242/207 300/335/298 301/305/268
f 301/305/268 303/243/208 302/242/207
f 199/230/195 198/245/210 202/207/173
f 202/207/173 203/206/172 199/230/195
f 350/337/300 347/322/285 349/338/301
f 349/338/301 351/339/302 350/337/300
f 336/340/303 338/341/304 337/342/305
f 363/343/306 361/344/307 362/345/308
f 362/345/308 364/346/309 363/343/306
f 339/347/310 340/348/311 341/349/312
f 336/340/303 337/342/305 335/350/313
f 335/350/313 366/351/314 336/340/303
f 275/267/231 273/236/201 281/189/156
f 281/189/156 282/191/158 275/267/231
f 344/352/315 346/320/283 345/319/282
f 355/353/316 353/354/317 354/355/318
f 354/355/318 356/356/319 355/353/316
f 347/322/285 348/321/284 349/338/301
f 360/357/320 361/344/307 358/358/321
f 358/358/321 359/359/322 360/357/320
f 365/360/323 366/351/314 335/350/313
f 335/350/313 363/343/306 365/360/323
f 352/361/324 354/355/318 353/354/317
f 337/342/305 338/341/304 340/348/311
f 340/348/311 339/347/310 337/342/305
f 355/353/316 356/356/319 357/362/325
f 350/337/300 351/339/302 352/361/324
f 352/361/324 353/354/317 350/337/300
f 357/362/325 359/359/322 358/358/321
f 358/358/321 355/353/316 357/362/325
f 360/357/320 362/345/308 361/344/307
f 341/349/312 343/363/326 342/364/327
f 342/364/327 339/347/310 341/349/312
f 363/343/306 364/346/309 365/360/323
f 345/319/282 342/364/327 343/363/326
f 343/363/326 344/352/315 345/319/282
f 155/280/244 153/365/263 154/300/263
f 154/300/263 156/281/245 155/280/244
f 158/255/220 156/281/245 223/262/226
f 223/262/226 213/272/236 158/255/220
f 164/160/132 229/292/255 230/193/160
f 230/193/160 166/192/159 164/160/132
f 220/291/254 370/366/328 219/248/213
f 219/248/213 217/247/212 220/291/254
f 239/222/187 369/367/329 238/194/161
f 238/194/161 237/221/186 239/222/187
f 217/247/212 216/250/215 215/271/235
f 215/271/235 221/261/225 217/247/212
f 279/269/233 277/268/232 275/267/231
f 275/267/231 282/191/158 279/269/233
f 278/276/240 368/368/330 276/198/165
f 276/198/165 277/268/232 278/276/240
f 214/274/238 215/271/235 216/250/215
f 216/250/215 372/369/331 214/274/238
f 227/226/191 228/225/190 229/292/255
f 229/292/255 367/370/332 227/226/191
f 196/210/176 195/213/179 206/246/211
f 206/246/211 198/245/210 196/210/176
f 371/371/333 205/208/174 206/246/211
f 206/246/211 207/259/223 371/371/333
f 289/327/290 290/309/272 291/311/274
f 291/311/274 311/334/297 289/327/290
f 322/372/334 321/318/281 313/298/261
f 313/298/261 312/297/260 322/372/334
f 391/373/335 389/374/336 390/375/337
f 390/375/337 392/376/338 391/373/335
f 386/377/339 388/378/340 387/379/341
f 387/379/341 385/380/342 386/377/339
f 383/381/343 381/382/344 382/383/345
f 382/383/345 384/384/346 383/381/343
f 397/385/347 395/386/348 396/387/349
f 396/387/349 398/388/350 397/385/347
f 380/389/351 382/383/345 381/382/344
f 381/382/344 379/390/352 380/389/351
f 377/391/353 378/392/354 380/389/351
f 380/389/351 379/390/352 377/391/353
f 395/386/348 393/393/355 394/394/356
f 394/394/356 396/387/349 395/386/348
f 418/395/357 415/396/358 416/397/359
f 416/397/359 417/398/358 418/395/357
f 393/393/355 391/373/335 392/376/338
f 392/376/338 394/394/356 393/393/355
f 377/391/353 375/399/360 376/400/361
f 376/400/361 378/392/354 377/391/353
f 385/380/342 383/381/343 384/384/346
f 384/384/346 386/377/339 385/380/342
f 389/374/336 387/379/341 388/378/340
f 388/378/340 390/375/337 389/374/336
f 401/401/362 392/376/338 390/375/337
f 390/375/337 402/402/363 401/401/362
f 408/403/364 378/392/354 376/400/361
f 376/400/361 409/404/365 408/403/364
f 420/405/357 419/406/358 418/395/357
f 418/395/357 417/398/358 420/405/357
f 380/389/351 407/407/366 406/408/367
f 406/408/367 382/383/345 380/389/351
f 400/409/368 399/410/369 396/387/349
f 396/387/349 394/394/356 400/409/368
f 408/403/364 407/407/366 380/389/351
f 380/389/351 378/392/354 408/403/364
f 403/411/370 388/378/340 386/377/339
f 386/377/339 404/412/371 403/411/370
f 394/394/356 392/376/338 401/401/362
f 401/401/362 400/409/368 394/394/356
f 405/413/372 384/384/346 382/383/345
f 382/383/345 406/408/367 405/413/372
f 384/384/346 405/413/372 404/412/371
f 404/412/371 386/377/339 384/384/346
f 421/414/358 422/415/358 419/406/358
f 419/406/358 420/405/357 421/414/358
f 413/416/373 411/417/358 412/418/359
f 412/418/359 414/419/374 413/416/373
f 390/375/337 388/378/340 403/411/370
f 403/411/370 402/402/363 390/375/337
f 415/396/358 413/416/373 414/419/374
f 414/419/374 416/397/359 415/396/358
f 375/399/360 373/420/375 374/421/376
f 374/421/376 376/400/361 375/399/360
f 399/410/369 423/422/377 398/388/350
f 398/388/350 396/387/349 399/410/369
f 410/423/378 409/404/365 376/400/361
f 376/400/361 374/421/376 410/423/378
f 480/424/379 478/425/380 479/426/381
f 479/426/381 481/427/382 480/424/379
f 476/428/383 477/429/384 479/426/381
f 479/426/381 478/425/380 476/428/383
f 432/430/385 433/431/385 431/432/386
f 431/432/386 430/433/387 432/430/385
f 475/434/388 477/429/384 476/428/383
f 476/428/383 474/435/389 475/434/388
f 435/436/390 434/437/391 436/438/392
f 436/438/392 437/439/393 435/436/390
f 472/440/394 470/441/395 471/442/396
f 471/442/396 473/443/397 472/440/394
f 439/444/398 438/445/399 440/446/400
f 440/446/400 441/447/401 439/444/398
f 470/441/395 468/448/402 469/449/403
f 469/449/403 471/442/396 470/441/395
f 443/450/404 442/451/405 444/452/406
f 444/452/406 445/453/406 443/450/404
f 445/453/406 444/452/406 446/454/407
f 446/454/407 447/455/407 445/453/406
f 486/456/408 484/457/409 485/458/410
f 485/458/410 487/459/411 486/456/408
f 462/460/412 460/461/413 461/462/414
f 461/462/414 463/463/415 462/460/412
f 451/464/416 450/465/417 452/466/418
f 452/466/418 453/467/418 451/464/416
f 456/468/419 454/469/420 455/470/421
f 455/470/421 457/471/422 456/468/419
f 454/469/420 488/472/423 489/473/424
f 489/473/424 455/470/421 454/469/420
f 536/474/425 537/475/426 538/476/427
f 538/476/427 539/477/428 536/474/425
f 457/471/422 459/478/429 458/479/430
f 458/479/430 456/468/419 457/471/422
f 449/480/431 448/481/431 450/465/417
f 450/465/417 451/464/416 449/480/431
f 447/455/407 446/454/407 448/481/431
f 448/481/431 449/480/431 447/455/407
f 464/482/432 462/460/412 463/463/415
f 463/463/415 465/483/433 464/482/432
f 443/450/404 441/447/401 440/446/400
f 440/446/400 442/451/405 443/450/404
f 482/484/434 483/485/435 485/458/410
f 485/458/410 484/457/409 482/484/434
f 438/445/399 439/444/398 437/439/393
f 437/439/393 436/438/392 438/445/399
f 481/427/382 483/485/435 482/484/434
f 482/484/434 480/424/379 481/427/382
f 474/435/389 472/440/394 473/443/397
f 473/443/397 475/434/388 474/435/389
f 428/486/436 430/433/387 431/432/386
f 431/432/386 429/487/437 428/486/436
f 427/488/438 425/489/439 428/486/436
f 428/486/436 429/487/437 427/488/438
f 433/431/385 432/430/385 434/437/391
f 434/437/391 435/436/390 433/431/385
f 468/448/402 466/490/440 467/491/441
f 467/491/441 469/449/403 468/448/402
f 466/490/440 464/482/432 465/483/433
f 465/483/433 467/491/441 466/490/440
f 459/478/429 461/462/414 460/461/413
f 460/461/413 458/479/430 459/478/429
f 487/459/411 489/473/424 488/472/423
f 488/472/423 486/456/408 487/459/411
f 471/442/396 469/449/403 511/492/442
f 511/492/442 510/493/443 471/442/396
f 469/449/403 467/491/441 507/494/444
f 507/494/444 511/492/442 469/449/403
f 485/458/410 483/485/435 491/495/445
f 490/496/446 487/459/411 485/458/410
f 485/458/410 491/495/445 490/496/446
f 492/497/447 491/495/445 483/485/435
f 483/485/435 481/427/382 492/497/447
f 507/494/444 506/498/448 505/499/449
f 505/499/449 511/492/442 507/494/444
f 505/499/449 503/500/450 510/493/443
f 510/493/443 511/492/442 505/499/449
f 501/501/451 510/493/443 503/500/450
f 503/500/450 502/502/452 501/501/451
f 490/496/446 496/503/453 497/504/454
f 492/497/447 494/505/455 495/506/456
f 495/506/456 491/495/445 492/497/447
f 498/507/457 499/508/458 497/504/454
f 497/504/454 496/503/453 498/507/457
f 497/504/454 489/473/424 487/459/411
f 487/459/411 490/496/446 497/504/454
f 500/509/459 461/462/414 459/478/429
f 500/509/459 508/510/460 463/463/415
f 463/463/415 461/462/414 500/509/459
f 455/470/421 489/473/424 497/504/454
f 479/426/381 477/429/384 493/511/461
f 457/471/422 499/508/458 500/509/459
f 500/509/459 459/478/429 457/471/422
f 493/511/461 501/501/451 502/502/452
f 504/512/462 494/505/455 502/502/452
f 502/502/452 503/500/450 504/512/462
f 498/507/457 496/503/453 495/506/456
f 495/506/456 504/512/462 498/507/457
f 503/500/450 505/499/449 504/512/462
f 509/513/463 500/509/459 499/508/458
f 499/508/458 498/507/457 509/513/463
f 506/498/448 507/494/444 508/510/460
f 509/513/463 506/498/448 508/510/460
f 508/510/460 500/509/459 509/513/463
f 479/426/381 493/511/461 492/497/447
f 492/497/447 481/427/382 479/426/381
f 491/495/445 495/506/456 496/503/453
f 496/503/453 490/496/446 491/495/445
f 509/513/463 498/507/457 504/512/462
f 505/499/449 506/498/448 509/513/463
f 509/513/463 504/512/462 505/499/449
f 495/506/456 494/505/455 504/512/462
f 457/471/422 455/470/421 497/504/454
f 497/504/454 499/508/458 457/471/422
f 473/443/397 471/442/396 510/493/443
f 534/514/464 532/515/465 533/516/466
f 533/516/466 535/517/467 534/514/464
f 508/510/460 507/494/444 465/483/433
f 465/483/433 463/463/415 508/510/460
f 529/518/468 530/519/469 531/520/470
f 531/520/470 532/515/465 529/518/468
f 512/521/471 513/522/472 514/523/473
f 527/524/474 525/525/475 526/526/476
f 526/526/476 528/527/477 527/524/474
f 529/518/468 527/524/474 528/527/477
f 528/527/477 530/519/469 529/518/468
f 473/443/397 510/493/443 501/501/451
f 501/501/451 475/434/388 473/443/397
f 537/475/426 536/474/425 534/514/464
f 534/514/464 535/517/467 537/475/426
f 515/528/478 543/529/479 517/530/480
f 517/530/480 516/531/481 515/528/478
f 538/476/427 540/532/482 541/533/483
f 541/533/483 539/477/428 538/476/427
f 524/534/484 526/526/476 525/525/475
f 501/501/451 493/511/461 477/429/384
f 477/429/384 475/434/388 501/501/451
f 541/533/483 542/535/485 517/530/480
f 517/530/480 543/529/479 541/533/483
f 531/520/470 533/516/466 532/515/465
f 523/536/486 522/537/487 524/534/484
f 524/534/484 525/525/475 523/536/486
f 520/538/488 521/539/488 522/537/487
f 522/537/487 523/536/486 520/538/488
f 520/538/488 518/540/489 519/541/490
f 519/541/490 521/539/488 520/538/488
f 518/540/489 513/522/472 512/521/471
f 512/521/471 519/541/490 518/540/489
f 540/532/482 542/535/485 541/533/483
f 514/523/473 513/522/472 515/528/478
f 515/528/478 516/531/481 514/523/473
f 426/542/491 424/543/492 425/489/439
f 425/489/439 427/488/438 426/542/491
f 493/511/461 502/502/452 494/505/455
f 494/505/455 492/497/447 493/511/461
f 465/483/433 507/494/444 467/491/441
f 548/544/493 546/545/494 547/546/495
f 547/546/495 549/547/496 548/544/493
f 568/548/497 566/549/498 567/550/499
f 567/550/499 569/551/500 568/548/497
f 576/552/501 574/553/502 575/554/503
f 575/554/503 577/555/504 576/552/501
f 562/556/505 560/557/506 561/558/507
f 561/558/507 563/559/508 562/556/505
f 560/557/506 558/560/509 559/561/510
f 559/561/510 561/558/507 560/557/506
f 574/553/502 572/562/511 573/563/512
f 573/563/512 575/554/503 574/553/502
f 564/564/513 562/556/505 563/559/508
f 563/559/508 565/565/514 564/564/513
f 556/566/515 554/567/516 555/568/517
f 555/568/517 557/569/518 556/566/515
f 554/567/516 552/570/519 553/571/520
f 553/571/520 555/568/517 554/567/516
f 570/572/521 568/548/497 569/551/500
f 569/551/500 571/573/522 570/572/521
f 546/545/494 544/574/523 545/575/524
f 545/575/524 547/546/495 546/545/494
f 548/544/493 549/547/496 551/576/525
f 551/576/525 550/577/526 548/544/493
f 593/578/280 596/579/280 595/580/280
f 595/580/280 594/581/280 593/578/280
f 557/569/518 559/561/510 558/560/509
f 558/560/509 556/566/515 557/569/518
f 572/562/511 570/572/521 571/573/522
f 571/573/522 573/563/512 572/562/511
f 551/576/525 553/571/520 552/570/519
f 552/570/519 550/577/526 551/576/525
f 595/580/280 596/579/280 597/582/279
f 597/582/279 598/583/280 595/580/280
f 583/584/527 584/585/528 573/563/512
f 573/563/512 571/573/522 583/584/527
f 555/568/517 604/586/529 603/587/530
f 603/587/530 557/569/518 555/568/517
f 555/568/517 553/571/520 605/588/531
f 605/588/531 604/586/529 555/568/517
f 605/588/531 553/571/520 551/576/525
f 551/576/525 606/589/532 605/588/531
f 549/547/496 607/590/533 606/589/532
f 606/589/532 551/576/525 549/547/496
f 565/565/514 563/559/508 579/591/534
f 579/591/534 580/592/535 565/565/514
f 563/559/508 561/558/507 578/593/536
f 578/593/536 579/591/534 563/559/508
f 600/594/280 599/595/280 598/583/280
f 598/583/280 597/582/279 600/594/280
f 589/596/280 590/597/253 592/598/279
f 592/598/279 591/599/280 589/596/280
f 585/600/537 575/554/503 573/563/512
f 573/563/512 584/585/528 585/600/537
f 591/599/280 592/598/279 593/578/280
f 593/578/280 594/581/280 591/599/280
f 587/601/253 588/602/280 590/597/253
f 590/597/253 589/596/280 587/601/253
f 582/603/538 583/584/527 571/573/522
f 571/573/522 569/551/500 582/603/538
f 608/604/539 547/546/495 545/575/524
f 545/575/524 609/605/540 608/604/539
f 559/561/510 557/569/518 603/587/530
f 603/587/530 602/606/541 559/561/510
f 585/600/537 586/607/542 577/555/504
f 577/555/504 575/554/503 585/600/537
f 569/551/500 567/550/499 581/608/543
f 581/608/543 582/603/538 569/551/500
f 549/547/496 547/546/495 608/604/539
f 608/604/539 607/590/533 549/547/496
f 581/608/543 567/550/499 565/565/514
f 565/565/514 580/592/535 581/608/543
f 578/593/536 561/558/507 559/561/510
f 559/561/510 602/606/541 578/593/536
f 566/549/498 564/564/513 565/565/514
f 565/565/514 567/550/499 566/549/498
f 599/595/280 600/594/280 610/609/253
f 610/609/253 601/610/280 599/595/280
f 655/611/544 653/612/545 654/613/545
f 654/613/545 656/614/544 655/611/544
f 615/615/546 616/616/547 618/617/548
f 618/617/548 617/618/549 615/615/546
f 659/619/550 657/620/551 658/621/552
f 658/621/552 660/622/550 659/619/550
f 651/623/553 649/624/554 650/625/555
f 650/625/555 652/626/556 651/623/553
f 649/624/554 647/627/557 648/628/557
f 648/628/557 650/625/555 649/624/554
f 714/629/558 705/630/559 707/631/560
f 707/631/560 709/632/561 714/629/558
f 627/633/562 625/634/563 626/635/564
f 626/635/564 628/636/565 627/633/562
f 662/637/566 664/638/567 663/639/568
f 663/639/568 661/640/566 662/637/566
f 643/641/569 641/642/434 642/643/434
f 642/643/434 644/644/570 643/641/569
f 641/642/434 639/645/571 640/646/572
f 640/646/572 642/643/434 641/642/434
f 668/647/573 670/648/574 669/649/574
f 669/649/574 667/650/573 668/647/573
f 673/651/491 671/652/575 672/653/576
f 672/653/576 674/654/491 673/651/491
f 667/650/573 665/655/577 666/656/577
f 666/656/577 668/647/573 667/650/573
f 633/657/578 631/658/579 632/659/579
f 632/659/579 634/660/580 633/657/578
f 623/661/581 621/662/582 622/663/583
f 622/663/583 624/664/584 623/661/581
f 663/639/568 664/638/567 666/656/577
f 666/656/577 665/655/577 663/639/568
f 624/664/584 626/635/564 625/634/563
f 625/634/563 623/661/581 624/664/584
f 644/644/570 646/665/585 645/666/585
f 645/666/585 643/641/569 644/644/570
f 661/640/566 659/619/550 660/622/550
f 660/622/550 662/637/566 661/640/566
f 621/662/582 619/667/586 620/668/587
f 620/668/587 622/663/583 621/662/582
f 615/615/546 613/669/588 614/670/589
f 614/670/589 616/616/547 615/615/546
f 631/658/579 629/671/590 630/672/591
f 630/672/591 632/659/579 631/658/579
f 618/617/548 620/668/587 619/667/586
f 619/667/586 617/618/549 618/617/548
f 646/665/585 648/628/557 647/627/557
f 647/627/557 645/666/585 646/665/585
f 629/671/590 627/633/562 628/636/565
f 628/636/565 630/672/591 629/671/590
f 639/645/571 637/673/592 638/674/592
f 638/674/592 640/646/572 639/645/571
f 657/620/551 655/611/544 656/614/544
f 656/614/544 658/621/552 657/620/551
f 635/675/593 633/657/578 634/660/580
f 634/660/580 636/676/594 635/675/593
f 613/669/588 611/677/595 612/678/596
f 612/678/596 614/670/589 613/669/588
f 637/673/592 635/675/593 636/676/594
f 636/676/594 638/674/592 637/673/592
f 675/679/597 676/680/598 677/681/599
f 685/682/600 682/683/601 684/684/602
f 684/684/602 686/685/603 685/682/600
f 717/686/604 715/687/605 716/688/606
f 716/688/606 718/689/607 717/686/604
f 708/690/608 707/631/560 706/691/609
f 706/691/609 725/692/610 708/690/608
f 682/683/601 683/693/611 684/684/602
f 692/694/612 693/695/613 694/696/614
f 694/696/614 691/697/615 692/694/612
f 696/698/616 697/699/617 694/696/614
f 694/696/614 695/700/618 696/698/616
f 687/701/619 689/702/620 688/703/621
f 720/704/622 719/705/623 721/706/624
f 721/706/624 722/707/625 720/704/622
f 690/708/626 692/694/612 691/697/615
f 700/709/627 697/699/617 699/710/628
f 699/710/628 701/711/629 700/709/627
f 693/695/613 695/700/618 694/696/614
f 682/683/601 679/712/630 681/713/631
f 681/713/631 683/693/611 682/683/601
f 679/712/630 678/714/632 680/715/633
f 680/715/633 681/713/631 679/712/630
f 702/716/634 703/717/635 700/709/627
f 700/709/627 701/711/629 702/716/634
f 688/703/621 685/682/600 686/685/603
f 686/685/603 687/701/619 688/703/621
f 702/716/634 704/718/636 703/717/635
f 691/697/615 688/703/621 689/702/620
f 689/702/620 690/708/626 691/697/615
f 705/630/559 706/691/609 707/631/560
f 728/719/637 729/720/638 731/721/639
f 731/721/639 730/722/640 728/719/637
f 678/714/632 679/712/630 677/681/599
f 677/681/599 676/680/598 678/714/632
f 724/723/641 721/706/624 719/705/623
f 719/705/623 723/724/642 724/723/641
f 725/692/610 723/724/642 719/705/623
f 719/705/623 708/690/608 725/692/610
f 727/725/643 720/704/622 722/707/625
f 722/707/625 726/726/644 727/725/643
f 726/726/644 733/727/645 732/728/646
f 732/728/646 727/725/643 726/726/644
f 697/699/617 696/698/616 698/729/647
f 698/729/647 699/710/628 697/699/617
f 708/690/608 719/705/623 716/688/606
f 716/688/606 710/730/648 708/690/608
f 711/731/649 709/632/561 710/730/648
f 710/730/648 712/732/650 711/731/649
f 731/721/639 729/720/638 727/725/643
f 727/725/643 732/728/646 731/721/639
f 727/725/643 729/720/638 728/719/637
f 728/719/637 720/704/622 727/725/643
f 709/632/561 707/631/560 708/690/608
f 708/690/608 710/730/648 709/632/561
f 720/704/622 728/719/637 716/688/606
f 716/688/606 719/705/623 720/704/622
f 734/733/651 718/689/607 716/688/606
f 716/688/606 728/719/637 734/733/651
f 714/629/558 709/632/561 711/731/649
f 711/731/649 713/734/652 714/629/558
f 715/687/605 712/732/650 710/730/648
f 710/730/648 716/688/606 715/687/605
f 728/719/637 730/722/640 734/733/651
f 669/649/574 670/648/574 672/653/576
f 672/653/576 671/652/575 669/649/574
f 677/681/599 703/717/635 704/718/636
f 704/718/636 675/679/597 677/681/599
f 735/735/653 736/736/654 737/737/655
f 754/738/656 752/739/657 751/740/658
f 751/740/658 753/741/659 754/738/656
f 742/742/660 744/743/661 743/744/662
f 743/744/662 741/745/663 742/742/660
f 740/746/664 742/742/660 741/745/663
f 746/747/665 745/748/666 756/749/667
f 756/749/667 757/750/668 746/747/665
f 762/751/669 765/752/670 764/753/671
f 764/753/671 763/754/672 762/751/669
f 758/755/673 759/756/673 761/757/674
f 761/757/674 760/758/675 758/755/673
f 745/748/666 751/740/658 752/739/657
f 752/739/657 756/749/667 745/748/666
f 762/751/669 763/754/672 760/758/675
f 760/758/675 761/757/674 762/751/669
f 746/747/665 747/759/676 744/743/661
f 744/743/661 742/742/660 746/747/665
f 740/746/664 741/745/663 738/760/677
f 738/760/677 739/761/678 740/746/664
f 753/741/659 755/762/679 754/738/656
f 736/736/654 739/761/678 738/760/677
f 738/760/677 737/737/655 736/736/654
f 757/750/668 747/759/676 746/747/665
f 748/763/680 749/764/681 750/765/682
f 750/765/682 766/766/683 748/763/680
f 747/759/676 749/764/681 748/763/680
f 748/763/680 744/743/661 747/759/676
f 740/746/664 739/761/678 751/740/658
f 751/740/658 745/748/666 740/746/664
f 742/742/660 740/746/664 745/748/666
f 745/748/666 746/747/665 742/742/660
f 766/766/683 750/765/682 764/753/671
f 764/753/671 765/752/670 766/766/683
f 1574/767/684 1594/768/685 1576/769/686
f 1576/769/686 1575/770/687 1574/767/684
f 769/771/688 770/772/689 771/773/690
f 1265/774/691 1268/775/692 1262/776/693
f 1262/776/693 1258/777/694 1265/774/691
f 772/778/695 774/779/696 773/780/697
f 1073/781/698 1074/782/699 1072/783/700
f 1072/783/700 1071/784/701 1073/781/698
f 1075/785/702 1076/786/703 1074/782/699
f 1074/782/699 1073/781/698 1075/785/702
f 1096/787/704 1101/788/705 1102/789/706
f 1102/789/706 1095/790/707 1096/787/704
f 1897/791/708 1898/792/709 1895/793/710
f 1895/793/710 1896/794/711 1897/791/708
f 1667/795/712 1668/796/713 1669/797/714
f 1669/797/714 1666/798/715 1667/795/712
f 782/799/716 783/800/717 769/771/688
f 880/801/718 878/802/719 875/803/720
f 875/803/720 885/804/721 880/801/718
f 1563/805/722 1564/806/723 1555/807/724
f 1555/807/724 1562/808/725 1563/805/722
f 1381/809/726 1380/810/727 1356/811/728
f 1356/811/728 1354/812/729 1381/809/726
f 787/813/730 789/814/731 788/815/732
f 790/816/733 791/817/734 792/818/735
f 1973/819/736 1976/820/737 1974/821/738
f 1974/821/738 1959/822/739 1973/819/736
f 1894/823/740 1895/793/710 1893/824/741
f 1893/824/741 1892/825/742 1894/823/740
f 963/826/743 961/827/744 962/828/745
f 962/828/745 964/829/746 963/826/743
f 1746/830/747 1749/831/748 1747/832/749
f 1747/832/749 1743/833/750 1746/830/747
f 1884/834/751 1885/835/752 1887/836/753
f 1887/836/753 1886/837/754 1884/834/751
f 799/838/755 801/839/756 800/840/757
f 1804/841/758 1780/842/759 1778/843/760
f 1778/843/760 1803/844/761 1804/841/758
f 802/845/762 803/846/763 804/847/764
f 1802/848/765 1803/844/761 1778/843/760
f 1778/843/760 1776/849/766 1802/848/765
f 973/850/767 971/851/768 972/852/769
f 972/852/769 974/853/770 973/850/767
f 1438/854/771 1440/855/772 1439/856/773
f 1439/856/773 1437/857/774 1438/854/771
f 1088/858/775 1097/859/776 1096/787/704
f 1096/787/704 1089/860/777 1088/858/775
f 1390/861/778 1400/862/779 1401/863/780
f 1401/863/780 1388/864/781 1390/861/778
f 922/865/782 953/866/783 926/867/784
f 926/867/784 924/868/785 922/865/782
f 2002/869/786 1996/870/787 1995/871/788
f 1995/871/788 2003/872/789 2002/869/786
f 836/873/790 835/874/791 837/875/792
f 837/875/792 838/876/793 836/873/790
f 1635/877/794 1310/878/795 1633/879/796
f 1633/879/796 1634/880/797 1635/877/794
f 1467/881/798 1465/882/799 1466/883/800
f 1466/883/800 1468/884/801 1467/881/798
f 1750/885/802 1747/832/749 1749/831/748
f 1749/831/748 1752/886/803 1750/885/802
f 819/887/804 787/813/730 820/888/805
f 1126/889/806 1125/890/807 1129/891/808
f 1129/891/808 1130/892/809 1126/889/806
f 1099/893/810 1111/894/811 1100/895/812
f 1100/895/812 1098/896/813 1099/893/810
f 822/897/814 857/898/815 856/899/816
f 856/899/816 823/900/817 822/897/814
f 1818/901/818 1820/902/819 1819/903/820
f 1819/903/820 1817/904/821 1818/901/818
f 1026/905/822 1028/906/823 1027/907/823
f 1027/907/823 1024/908/824 1026/905/822
f 838/876/793 839/909/825 841/910/826
f 841/910/826 840/911/827 838/876/793
f 1497/912/828 1499/913/829 1498/914/830
f 1498/914/830 1496/915/831 1497/912/828
f 1955/916/832 1957/917/833 1956/918/834
f 1956/918/834 1954/919/835 1955/916/832
f 963/826/743 964/829/746 966/920/836
f 966/920/836 965/921/837 963/826/743
f 1854/922/838 1852/923/839 1851/924/840
f 1851/924/840 1853/925/841 1854/922/838
f 829/926/842 830/927/843 814/928/844
f 1721/929/845 1723/930/846 1796/931/847
f 1796/931/847 1732/932/848 1721/929/845
f 2008/933/849 2007/934/850 2006/935/851
f 2006/935/851 2009/936/852 2008/933/849
f 1852/923/839 1850/937/853 1849/938/854
f 1849/938/854 1851/924/840 1852/923/839
f 1692/939/855 1690/940/856 1689/941/857
f 1689/941/857 1691/942/858 1692/939/855
f 1339/943/859 1340/944/860 1338/945/861
f 1338/945/861 1337/946/862 1339/943/859
f 1001/947/863 999/948/864 1000/949/865
f 1000/949/865 1002/950/866 1001/947/863
f 837/875/792 839/909/825 838/876/793
f 1979/951/867 1981/952/868 1980/953/869
f 1980/953/869 1978/954/870 1979/951/867
f 996/955/871 944/956/872 998/957/873
f 998/957/873 997/958/874 996/955/871
f 1679/959/875 1680/960/876 1682/961/877
f 1682/961/877 1681/962/878 1679/959/875
f 1131/963/879 1132/964/880 1128/965/881
f 1128/965/881 1127/966/882 1131/963/879
f 1765/967/883 1759/968/884 1764/969/885
f 1764/969/885 1768/970/886 1765/967/883
f 1336/971/887 1335/972/888 1337/946/862
f 1337/946/862 1338/945/861 1336/971/887
f 869/973/889 874/974/890 875/803/720
f 875/803/720 867/975/891 869/973/889
f 1735/976/892 1736/977/893 1733/978/894
f 1733/978/894 1734/979/895 1735/976/892
f 863/980/896 864/981/897 865/982/898
f 865/982/898 877/983/899 863/980/896
f 991/984/900 954/985/901 952/986/902
f 952/986/902 992/987/903 991/984/900
f 774/779/696 776/988/904 775/989/905
f 775/989/905 773/780/697 774/779/696
f 1067/990/906 1069/991/907 1070/992/908
f 1070/992/908 1068/993/909 1067/990/906
f 1069/991/907 1071/784/701 1072/783/700
f 1072/783/700 1070/992/908 1069/991/907
f 1468/884/801 1470/994/910 1471/995/911
f 1471/995/911 1469/996/912 1468/884/801
f 822/897/814 858/997/913 857/898/815
f 1767/998/914 1771/999/915 1768/970/886
f 1768/970/886 1764/969/885 1767/998/914
f 1219/1000/916 1221/1001/917 1222/1002/918
f 1222/1002/918 1220/1003/919 1219/1000/916
f 1171/1004/920 1159/1005/921 1160/1006/922
f 1160/1006/922 1170/1007/923 1171/1004/920
f 944/956/872 943/1008/924 942/1009/925
f 942/1009/925 998/957/873 944/956/872
f 808/1010/926 1622/1011/927 1621/1012/928
f 1621/1012/928 806/1013/929 808/1010/926
f 1544/1014/930 1543/1015/931 1596/1016/932
f 1596/1016/932 1595/1017/933 1544/1014/930
f 1163/1018/934 1065/1019/935 1165/1020/936
f 1165/1020/936 1164/1021/937 1163/1018/934
f 1405/1022/938 1404/1023/939 1409/1024/940
f 1409/1024/940 1410/1025/941 1405/1022/938
f 1726/1026/942 1725/1027/943 1730/1028/944
f 1730/1028/944 1729/1029/945 1726/1026/942
f 1113/1030/946 1222/1002/918 1112/1031/947
f 1112/1031/947 1099/893/810 1113/1030/946
f 1366/1032/948 1386/1033/949 1387/1034/950
f 1387/1034/950 1368/1035/951 1366/1032/948
f 1321/1036/952 1323/1037/953 1324/1038/954
f 1324/1038/954 1322/1039/955 1321/1036/952
f 1286/1040/956 1288/1041/957 1582/1042/958
f 1582/1042/958 1581/1043/959 1286/1040/956
f 876/1044/960 877/983/899 865/982/898
f 1050/1045/961 1051/1046/962 975/1047/963
f 975/1047/963 1049/1048/964 1050/1045/961
f 1022/1049/965 1020/1050/965 1021/1051/966
f 1021/1051/966 1023/1052/966 1022/1049/965
f 880/801/718 881/1053/967 878/802/719
f 1115/1054/968 1113/1030/946 1114/1055/969
f 1114/1055/969 1075/785/702 1115/1054/968
f 1579/1056/970 1580/1057/971 1578/1058/972
f 1578/1058/972 1573/1059/973 1579/1056/970
f 874/974/890 887/1060/974 886/1061/975
f 1572/1062/976 1593/1063/977 1574/767/684
f 1574/767/684 1573/1059/973 1572/1062/976
f 1596/1016/932 1543/1015/931 1542/1064/978
f 1542/1064/978 1597/1065/979 1596/1016/932
f 1425/1066/980 1427/1067/981 1428/1068/982
f 1428/1068/982 1426/1069/983 1425/1066/980
f 1459/1070/984 1460/1071/984 1458/1072/985
f 1458/1072/985 1457/1073/986 1459/1070/984
f 1214/1074/987 1213/1075/988 1215/1076/989
f 1215/1076/989 1115/1054/968 1214/1074/987
f 1744/1077/990 1748/1078/991 1745/1079/992
f 1745/1079/992 1740/1080/993 1744/1077/990
f 1630/1081/994 839/909/825 837/875/792
f 837/875/792 1629/1082/995 1630/1081/994
f 1006/1083/996 1010/1084/997 1011/1085/998
f 1011/1085/998 1007/1086/999 1006/1083/996
f 1421/1087/1000 1422/1088/1001 1424/1089/1002
f 1424/1089/1002 1423/1090/1003 1421/1087/1000
f 1579/1056/970 1575/770/687 1583/1091/1004
f 1583/1091/1004 1581/1043/959 1579/1056/970
f 846/1092/1005 833/1093/1006 832/1094/1007
f 832/1094/1007 847/1095/1008 846/1092/1005
f 1742/1096/1009 1760/1097/1010 1746/830/747
f 1746/830/747 1743/833/750 1742/1096/1009
f 905/1098/1011 904/1099/1012 906/1100/1013
f 906/1100/1013 907/1101/1014 905/1098/1011
f 1528/1102/1015 1527/1103/1016 1503/1104/1017
f 1503/1104/1017 1501/1105/1018 1528/1102/1015
f 913/1106/1019 1091/1107/1020 1092/1108/1021
f 1092/1108/1021 911/1109/1022 913/1106/1019
f 863/980/896 861/1110/1023 862/1111/1024
f 862/1111/1024 864/981/897 863/980/896
f 915/1112/1025 1090/1113/1026 1091/1107/1020
f 1091/1107/1020 913/1106/1019 915/1112/1025
f 1091/1107/1020 1094/1114/1027 1093/1115/1028
f 1093/1115/1028 1092/1108/1021 1091/1107/1020
f 1830/1116/1029 1832/1117/1030 1833/1118/1031
f 1833/1118/1031 1831/1119/1032 1830/1116/1029
f 1530/1120/1033 1497/912/828 1495/1121/1034
f 1495/1121/1034 1531/1122/1035 1530/1120/1033
f 1999/1123/1036 2000/1124/1037 1993/1125/1038
f 1993/1125/1038 1998/1126/1039 1999/1123/1036
f 1500/1127/1040 1501/1105/1018 1503/1104/1017
f 1503/1104/1017 1502/1128/1041 1500/1127/1040
f 923/1129/1042 924/868/785 925/1130/1043
f 817/1131/1044 793/1132/1045 792/818/735
f 792/818/735 791/817/734 817/1131/1044
f 1937/1133/1046 1939/1134/1047 1940/1135/1048
f 1940/1135/1048 1938/1136/1049 1937/1133/1046
f 1281/1137/1050 1279/1138/1051 1293/1139/1052
f 1293/1139/1052 1294/1140/1053 1281/1137/1050
f 1948/1141/1054 1930/1142/1055 1932/1143/1056
f 1932/1143/1056 1947/1144/1057 1948/1141/1054
f 1161/1145/1058 1169/1146/1059 1170/1007/923
f 1170/1007/923 1160/1006/922 1161/1145/1058
f 1070/992/908 1072/783/700 1066/1147/1060
f 1066/1147/1060 1068/993/909 1070/992/908
f 1259/1148/1061 1263/1149/1062 1264/1150/1063
f 1264/1150/1063 1260/1151/1064 1259/1148/1061
f 1845/1152/1065 1847/1153/1066 1848/1154/1067
f 1848/1154/1067 1846/1155/1068 1845/1152/1065
f 1811/1156/1069 1809/1157/1070 1808/1158/1071
f 1808/1158/1071 1810/1159/1072 1811/1156/1069
f 1411/1160/1073 1418/1161/1074 1409/1024/940
f 1409/1024/940 1404/1023/939 1411/1160/1073
f 1154/1162/1075 1147/1163/1076 1145/1164/1077
f 1145/1164/1077 1153/1165/1078 1154/1162/1075
f 1280/1166/1079 1278/1167/1080 1279/1138/1051
f 1279/1138/1051 1281/1137/1050 1280/1166/1079
f 869/973/889 868/1168/1081 870/1169/1082
f 870/1169/1082 871/1170/1083 869/973/889
f 1343/1171/1084 1341/1172/1085 1672/1173/1086
f 1672/1173/1086 1669/797/714 1343/1171/1084
f 914/1174/1087 912/1175/1088 943/1008/924
f 943/1008/924 945/1176/1089 914/1174/1087
f 1089/860/777 1090/1113/1026 915/1112/1025
f 915/1112/1025 917/1177/1090 1089/860/777
f 1320/1178/1091 1318/1179/1092 1315/1180/1093
f 1315/1180/1093 1317/1181/1094 1320/1178/1091
f 1879/1182/1095 1875/1183/1096 1874/1184/1097
f 1874/1184/1097 1873/1185/1098 1879/1182/1095
f 1728/1186/1099 1711/1187/1100 1712/1188/1101
f 1712/1188/1101 1713/1189/1102 1728/1186/1099
f 1909/1190/1103 1912/1191/1104 1914/1192/1105
f 1914/1192/1105 1913/1193/1106 1909/1190/1103
f 1757/1194/1107 1755/1195/1108 1756/1196/1109
f 1756/1196/1109 1758/1197/1110 1757/1194/1107
f 806/1013/929 805/1198/1111 807/1199/1112
f 807/1199/1112 808/1010/926 806/1013/929
f 959/1200/1113 960/1201/1114 962/828/745
f 962/828/745 961/827/744 959/1200/1113
f 1482/1202/1115 1484/1203/1116 1485/1204/1117
f 1485/1204/1117 1483/1205/1118 1482/1202/1115
f 802/845/762 800/840/757 801/839/756
f 801/839/756 803/846/763 802/845/762
f 1146/1206/1119 1145/1164/1077 1147/1163/1076
f 1147/1163/1076 1148/1207/1120 1146/1206/1119
f 1142/1208/1121 1141/1209/1122 1143/1210/1123
f 1143/1210/1123 1144/1211/1124 1142/1208/1121
f 1267/1212/1125 1269/1213/1126 1268/775/692
f 1268/775/692 1265/774/691 1267/1212/1125
f 798/1214/1127 797/1215/1128 799/838/755
f 799/838/755 800/840/757 798/1214/1127
f 1720/1216/1129 1722/1217/1130 1723/930/846
f 1723/930/846 1721/929/845 1720/1216/1129
f 1624/1218/1131 940/1219/1132 1625/1220/1133
f 1625/1220/1133 1626/1221/1134 1624/1218/1131
f 835/874/791 1628/1222/1135 1629/1082/995
f 1629/1082/995 837/875/792 835/874/791
f 898/1223/1136 894/1224/1137 897/1225/1138
f 897/1225/1138 903/1226/1139 898/1223/1136
f 982/1227/1140 970/1228/1141 968/1229/1142
f 968/1229/1142 983/1230/1143 982/1227/1140
f 1162/1231/1144 1168/1232/1145 1169/1146/1059
f 1169/1146/1059 1161/1145/1058 1162/1231/1144
f 1775/1233/1146 1773/1234/1147 1772/1235/1148
f 1772/1235/1148 1774/1236/1149 1775/1233/1146
f 1714/1237/1150 1716/1238/1151 1717/1239/1152
f 1717/1239/1152 1715/1240/1153 1714/1237/1150
f 945/1176/1089 946/1241/1154 948/1242/1155
f 948/1242/1155 947/1243/1156 945/1176/1089
f 871/1170/1083 889/1244/1157 874/974/890
f 874/974/890 869/973/889 871/1170/1083
f 1674/1245/1158 1676/1246/1159 1675/1247/1160
f 1675/1247/1160 1673/1248/1161 1674/1245/1158
f 1159/1005/921 1171/1004/920 1151/1249/1162
f 1151/1249/1162 1157/1250/1163 1159/1005/921
f 1300/1251/1164 1301/1252/1165 1299/1253/1166
f 1299/1253/1166 1186/1254/1167 1300/1251/1164
f 1322/1039/955 1014/1255/1168 1319/1256/1169
f 1319/1256/1169 1321/1036/952 1322/1039/955
f 1545/1257/1170 1547/1258/1171 1548/1259/1172
f 1548/1259/1172 1546/1260/1173 1545/1257/1170
f 971/851/768 973/850/767 1051/1046/962
f 1051/1046/962 1052/1261/1174 971/851/768
f 921/1262/1175 919/1263/1176 920/1264/1177
f 920/1264/1177 922/865/782 921/1262/1175
f 1403/1265/1178 1374/1266/1179 1373/1267/1180
f 1373/1267/1180 1372/1268/1181 1403/1265/1178
f 1399/1269/1182 1404/1023/939 1405/1022/938
f 1405/1022/938 1400/862/779 1399/1269/1182
f 1425/1066/980 1426/1069/983 1423/1090/1003
f 1423/1090/1003 1424/1089/1002 1425/1066/980
f 1010/1084/997 1006/1083/996 1005/1270/1183
f 1005/1270/1183 1009/1271/1184 1010/1084/997
f 1195/1272/1185 1196/1273/1186 1193/1274/1187
f 1193/1274/1187 1194/1275/1188 1195/1272/1185
f 1215/1076/989 1213/1075/988 1217/1276/1189
f 1217/1276/1189 1218/1277/1190 1215/1076/989
f 1862/1278/1191 1855/1279/1192 1860/1280/1193
f 1860/1280/1193 1861/1281/1194 1862/1278/1191
f 1712/1188/1101 1714/1237/1150 1715/1240/1153
f 1715/1240/1153 1713/1189/1102 1712/1188/1101
f 1600/1282/1195 1599/1283/1196 1540/1284/1197
f 1540/1284/1197 1539/1285/1198 1600/1282/1195
f 1543/1015/931 1544/1014/930 1526/1286/1199
f 1526/1286/1199 1527/1103/1016 1543/1015/931
f 1649/1287/1200 1648/1288/1201 1650/1289/1202
f 1650/1289/1202 1651/1290/1203 1649/1287/1200
f 995/1291/1204 1007/1086/999 994/1292/1205
f 804/847/764 806/1013/929 1621/1012/928
f 1621/1012/928 1620/1293/1206 804/847/764
f 1516/1294/1207 1514/1295/1208 1515/1296/1209
f 1515/1296/1209 1517/1297/1210 1516/1294/1207
f 1366/1032/948 842/1298/1211 844/1299/1212
f 844/1299/1212 1386/1033/949 1366/1032/948
f 1521/1300/1213 1554/1301/1214 1555/807/724
f 1555/807/724 1523/1302/1215 1521/1300/1213
f 1623/1303/1216 1000/949/865 998/957/873
f 998/957/873 942/1009/925 1623/1303/1216
f 805/1198/1111 832/1094/1007 833/1093/1006
f 833/1093/1006 807/1199/1112 805/1198/1111
f 1102/789/706 1101/788/705 1109/1304/1217
f 1109/1304/1217 1105/1305/1218 1102/789/706
f 1981/952/868 1983/1306/1219 1982/1307/1220
f 1982/1307/1220 1980/953/869 1981/952/868
f 1935/1308/1221 1933/1309/1222 1931/1310/1223
f 1931/1310/1223 1949/1311/1224 1935/1308/1221
f 1219/1000/916 1220/1003/919 1215/1076/989
f 1215/1076/989 1218/1277/1190 1219/1000/916
f 1318/1179/1092 1320/1178/1091 1321/1036/952
f 1321/1036/952 1319/1256/1169 1318/1179/1092
f 1247/1312/1225 1246/1313/1226 1248/1314/1227
f 1248/1314/1227 1249/1315/1228 1247/1312/1225
f 2004/1316/1229 2005/1317/1230 2003/872/789
f 2003/872/789 1995/871/788 2004/1316/1229
f 1024/908/824 1025/1318/1231 1026/905/822
f 949/1319/1232 950/1320/1233 952/986/902
f 952/986/902 951/1321/1234 949/1319/1232
f 1761/1322/1235 1736/977/893 1735/976/892
f 1735/976/892 1762/1323/1236 1761/1322/1235
f 1508/1324/1237 1588/1325/1238 1589/1326/1239
f 1589/1326/1239 1506/1327/1240 1508/1324/1237
f 1958/1328/1241 1970/1329/1242 1956/918/834
f 1956/918/834 1957/917/833 1958/1328/1241
f 1033/1330/823 1034/1331/823 1035/1332/823
f 769/771/688 783/800/717 784/1333/1243
f 784/1333/1243 1603/1334/1244 769/771/688
f 1568/1335/1245 1593/1063/977 1572/1062/976
f 1572/1062/976 1570/1336/1246 1568/1335/1245
f 1522/1337/1247 1585/1338/1248 1518/1339/1249
f 1518/1339/1249 1520/1340/1250 1522/1337/1247
f 1419/1341/1251 1420/1342/1251 1422/1088/1001
f 1422/1088/1001 1421/1087/1000 1419/1341/1251
f 1956/918/834 1963/1343/1252 1962/1344/1253
f 1962/1344/1253 1954/919/835 1956/918/834
f 1447/1345/1254 1448/1346/1255 1450/1347/1256
f 1450/1347/1256 1449/1348/1257 1447/1345/1254
f 818/1349/1258 817/1131/1044 791/817/734
f 791/817/734 789/814/731 818/1349/1258
f 1045/1350/1259 1047/1351/1260 1046/1352/1261
f 780/1353/1262 781/1354/1263 773/780/697
f 773/780/697 775/989/905 780/1353/1262
f 1827/1355/1264 1826/1356/1265 1828/1357/1266
f 1828/1357/1266 1829/1358/1267 1827/1355/1264
f 975/1047/963 1051/1046/962 973/850/767
f 1978/954/870 1976/820/737 1977/1359/1268
f 1977/1359/1268 1979/951/867 1978/954/870
f 1052/1261/1174 969/1360/1269 971/851/768
f 1466/883/800 1478/1361/1270 1470/994/910
f 1470/994/910 1468/884/801 1466/883/800
f 1057/1362/1271 1059/1363/1272 1060/1364/1273
f 1060/1364/1273 1058/1365/1274 1057/1362/1271
f 1787/1366/1275 1791/1367/1276 1790/1368/1277
f 1790/1368/1277 1788/1369/1278 1787/1366/1275
f 1944/1370/1279 1938/1136/1049 1940/1135/1048
f 1940/1135/1048 1942/1371/1280 1944/1370/1279
f 1056/1372/1281 1057/1362/1271 961/827/744
f 1214/1074/987 1073/781/698 1159/1005/921
f 1159/1005/921 1158/1373/1282 1214/1074/987
f 1064/1374/1283 1074/782/699 1076/786/703
f 1076/786/703 1116/1375/1284 1064/1374/1283
f 1969/1376/1285 1968/1377/1286 1966/1378/1287
f 1966/1378/1287 1967/1379/1288 1969/1376/1285
f 820/888/805 821/1380/1289 822/897/814
f 822/897/814 823/900/817 820/888/805
f 834/1381/1290 833/1093/1006 846/1092/1005
f 846/1092/1005 845/1382/1291 834/1381/1290
f 1162/1231/1144 1161/1145/1058 1069/991/907
f 1069/991/907 1067/990/906 1162/1231/1144
f 1781/1383/1292 1779/1384/1293 1778/843/760
f 1778/843/760 1780/842/759 1781/1383/1292
f 828/1385/1294 815/1386/1295 816/1387/1296
f 816/1387/1296 827/1388/1297 828/1385/1294
f 1065/1019/935 1067/990/906 1068/993/909
f 1068/993/909 1066/1147/1060 1065/1019/935
f 1216/1389/1298 1217/1276/1189 1213/1075/988
f 1213/1075/988 1212/1390/1299 1216/1389/1298
f 1012/1391/1300 1013/1392/1301 1018/1393/1302
f 1018/1393/1302 1008/1394/1303 1012/1391/1300
f 1383/1395/1304 1375/1396/1305 1378/1397/1306
f 1378/1397/1306 1382/1398/1307 1383/1395/1304
f 797/1215/1128 795/1399/1308 816/1387/1296
f 816/1387/1296 815/1386/1295 797/1215/1128
f 1201/1400/1309 1137/1401/1310 1199/1402/1311
f 1199/1402/1311 1200/1403/1312 1201/1400/1309
f 1933/1309/1222 1935/1308/1221 1936/1404/1313
f 1936/1404/1313 1934/1405/1314 1933/1309/1222
f 827/1388/1297 826/1406/1315 853/1407/1316
f 853/1407/1316 852/1408/1317 827/1388/1297
f 1442/1409/1318 1444/1410/1319 1443/1411/1320
f 1443/1411/1320 1441/1412/1321 1442/1409/1318
f 1084/1413/1322 932/1414/1323 959/1200/1113
f 819/887/804 818/1349/1258 789/814/731
f 789/814/731 787/813/730 819/887/804
f 1085/1415/1324 1086/1416/1325 1077/1417/1326
f 1600/1282/1195 1539/1285/1198 1538/1418/1327
f 1538/1418/1327 1601/1419/1328 1600/1282/1195
f 1094/1114/1027 1103/1420/1329 1104/1421/1330
f 1104/1421/1330 1093/1115/1028 1094/1114/1027
f 1076/786/703 1078/1422/1331 1081/1423/1332
f 1081/1423/1332 1117/1424/1333 1076/786/703
f 1651/1290/1203 1650/1289/1202 1652/1425/1334
f 1652/1425/1334 1653/1426/1334 1651/1290/1203
f 912/1175/1088 941/1427/1335 942/1009/925
f 942/1009/925 943/1008/924 912/1175/1088
f 996/955/871 995/1291/1204 946/1241/1154
f 946/1241/1154 944/956/872 996/955/871
f 1553/1428/1336 1554/1301/1214 1521/1300/1213
f 1521/1300/1213 1519/1429/1337 1553/1428/1336
f 1104/1421/1330 905/1098/1011 907/1101/1014
f 907/1101/1014 1093/1115/1028 1104/1421/1330
f 905/1098/1011 1104/1421/1330 1107/1430/1338
f 1107/1430/1338 903/1226/1139 905/1098/1011
f 974/853/770 976/1431/1339 975/1047/963
f 975/1047/963 973/850/767 974/853/770
f 1840/1432/1340 1856/1433/1341 1841/1434/1342
f 1841/1434/1342 1842/1435/1343 1840/1432/1340
f 1087/1436/1344 1086/1416/1325 1098/896/813
f 1973/819/736 1972/1437/1345 1977/1359/1268
f 1977/1359/1268 1976/820/737 1973/819/736
f 1987/1438/1346 1989/1439/1347 1990/1440/1348
f 1990/1440/1348 1988/1441/1349 1987/1438/1346
f 1098/896/813 1100/895/812 1097/859/776
f 1464/1442/1350 1477/1443/1351 1478/1361/1270
f 1478/1361/1270 1466/883/800 1464/1442/1350
f 1156/1444/1352 1211/1445/1353 1212/1390/1299
f 1212/1390/1299 1158/1373/1282 1156/1444/1352
f 1203/1446/1354 1202/1447/1355 1204/1448/1356
f 1204/1448/1356 1205/1449/1357 1203/1446/1354
f 1321/1036/952 1320/1178/1091 1326/1450/1358
f 1326/1450/1358 1323/1037/953 1321/1036/952
f 1489/1451/1359 1487/1452/1360 1535/1453/1361
f 1535/1453/1361 1534/1454/1362 1489/1451/1359
f 1284/1455/1363 1583/1091/1004 1577/1456/1364
f 1577/1456/1364 1584/1457/1365 1284/1455/1363
f 1798/1458/1366 1799/1459/1367 1718/1460/1368
f 1718/1460/1368 1716/1238/1151 1798/1458/1366
f 1537/1461/1369 1590/1462/1370 1591/1463/1371
f 1591/1463/1371 1602/1464/1372 1537/1461/1369
f 1624/1218/1131 941/1427/1335 910/1465/1373
f 910/1465/1373 940/1219/1132 1624/1218/1131
f 1609/1466/1374 1610/1467/1375 1608/1468/1376
f 1608/1468/1376 794/1469/1377 1609/1466/1374
f 898/1223/1136 899/1470/1378 890/1471/1379
f 890/1471/1379 892/1472/1380 898/1223/1136
f 912/1175/1088 911/1109/1022 910/1465/1373
f 910/1465/1373 941/1427/1335 912/1175/1088
f 1101/788/705 1110/1473/1381 1109/1304/1217
f 1074/782/699 1064/1374/1283 1066/1147/1060
f 1066/1147/1060 1072/783/700 1074/782/699
f 1099/893/810 1112/1031/947 1111/894/811
f 1291/1474/1382 1292/1475/1383 1277/1476/1384
f 1277/1476/1384 1275/1477/1385 1291/1474/1382
f 1568/1335/1245 1566/1478/1386 1592/1479/1387
f 1592/1479/1387 1593/1063/977 1568/1335/1245
f 1957/917/833 1955/916/832 1972/1437/1345
f 1972/1437/1345 1973/819/736 1957/917/833
f 1783/1480/1388 1788/1369/1278 1782/1481/1389
f 1782/1481/1389 1777/1482/1390 1783/1480/1388
f 1121/1483/1391 1304/1484/1392 1305/1485/1393
f 1305/1485/1393 1047/1351/1260 1121/1483/1391
f 871/1170/1083 873/1486/1394 1254/1487/1395
f 1254/1487/1395 889/1244/1157 871/1170/1083
f 851/1488/1396 828/1385/1294 827/1388/1297
f 827/1388/1297 852/1408/1317 851/1488/1396
f 1116/1375/1284 1076/786/703 1117/1424/1333
f 1935/1308/1221 1937/1133/1046 1938/1136/1049
f 1938/1136/1049 1936/1404/1313 1935/1308/1221
f 1078/1422/1331 1079/1489/1397 1081/1423/1332
f 1392/1490/1398 1390/861/778 1391/1491/1399
f 1391/1491/1399 1393/1492/1400 1392/1490/1398
f 1446/1493/1401 1445/1494/1402 1448/1346/1255
f 1448/1346/1255 1447/1345/1254 1446/1493/1401
f 942/1009/925 941/1427/1335 1624/1218/1131
f 1624/1218/1131 1623/1303/1216 942/1009/925
f 792/818/735 1607/1495/1403 1606/1496/1404
f 1606/1496/1404 790/816/733 792/818/735
f 1524/1497/1405 1522/1337/1247 1523/1302/1215
f 1523/1302/1215 1525/1498/1406 1524/1497/1405
f 1011/1085/998 1318/1179/1092 1319/1256/1169
f 1319/1256/1169 1012/1391/1300 1011/1085/998
f 815/1386/1295 828/1385/1294 829/926/842
f 829/926/842 814/928/844 815/1386/1295
f 1125/890/807 1126/889/806 1122/1499/1407
f 1763/1500/1408 1760/1097/1010 1742/1096/1009
f 1742/1096/1009 1761/1322/1235 1763/1500/1408
f 1984/1501/1409 1982/1307/1220 1983/1306/1219
f 1983/1306/1219 1985/1502/1410 1984/1501/1409
f 790/816/733 1606/1496/1404 1605/1503/1411
f 1605/1503/1411 788/815/732 790/816/733
f 1180/1504/1412 1179/1505/1413 1181/1506/1414
f 1181/1506/1414 1182/1507/1415 1180/1504/1412
f 987/1508/1416 960/1201/1114 958/1509/1417
f 958/1509/1417 988/1510/1418 987/1508/1416
f 1775/1233/1146 1776/849/766 1777/1482/1390
f 1777/1482/1390 1782/1481/1389 1775/1233/1146
f 1252/1511/1419 1130/892/809 1129/891/808
f 1129/891/808 1134/1512/1420 1252/1511/1419
f 1209/1513/1421 1211/1445/1353 1156/1444/1352
f 1156/1444/1352 1155/1514/1422 1209/1513/1421
f 1046/1352/1261 1048/1515/1423 1044/1516/1424
f 1044/1516/1424 1045/1350/1259 1046/1352/1261
f 1139/1517/1425 1141/1209/1122 1140/1518/1426
f 794/1469/1377 793/1132/1045 795/1399/1308
f 795/1399/1308 796/1519/1427 794/1469/1377
f 1060/1364/1273 1117/1424/1333 1081/1423/1332
f 1081/1423/1332 1058/1365/1274 1060/1364/1273
f 1917/1520/1428 1913/1193/1106 1915/1521/1429
f 1915/1521/1429 1916/1522/1428 1917/1520/1428
f 817/1131/1044 826/1406/1315 827/1388/1297
f 827/1388/1297 816/1387/1296 817/1131/1044
f 1261/1523/1430 895/1524/1431 894/1224/1137
f 894/1224/1137 893/1525/1432 1261/1523/1430
f 798/1214/1127 1615/1526/1433 1613/1527/1434
f 1613/1527/1434 796/1519/1427 798/1214/1127
f 933/1528/1435 934/1529/1436 936/1530/1437
f 936/1530/1437 935/1531/1438 933/1528/1435
f 1364/1532/1439 840/911/827 841/910/826
f 841/910/826 842/1298/1211 1364/1532/1439
f 776/988/904 1232/1533/1440 1233/1534/1441
f 1233/1534/1441 778/1535/1442 776/988/904
f 1085/1415/1324 1099/893/810 1098/896/813
f 1098/896/813 1086/1416/1325 1085/1415/1324
f 1491/1536/1443 1493/1537/1444 1492/1538/1445
f 1492/1538/1445 1490/1539/1446 1491/1536/1443
f 1169/1146/1059 1168/1232/1145 1177/1540/1447
f 1177/1540/1447 1176/1541/1448 1169/1146/1059
f 1120/1542/1449 1125/890/807 1122/1499/1407
f 1122/1499/1407 1121/1483/1391 1120/1542/1449
f 1618/1543/1450 1615/1526/1433 798/1214/1127
f 798/1214/1127 800/840/757 1618/1543/1450
f 1870/1544/1451 1861/1281/1194 1868/1545/1452
f 1868/1545/1452 1869/1546/1453 1870/1544/1451
f 1569/1547/1454 1570/1336/1246 1572/1062/976
f 1572/1062/976 1571/1548/1455 1569/1547/1454
f 1392/1490/1398 1393/1492/1400 1395/1549/1456
f 1395/1549/1456 1394/1550/1457 1392/1490/1398
f 929/1551/1458 928/1552/1459 930/1553/1460
f 930/1553/1460 931/1554/1461 929/1551/1458
f 1989/1439/1347 1991/1555/1462 1992/1556/1463
f 1992/1556/1463 1990/1440/1348 1989/1439/1347
f 1164/1021/937 1166/1557/1464 1163/1018/934
f 1496/915/831 1494/1558/1465 1495/1121/1034
f 1495/1121/1034 1497/912/828 1496/915/831
f 1077/1417/1326 1078/1422/1331 1076/786/703
f 1076/786/703 1075/785/702 1077/1417/1326
f 999/948/864 1001/947/863 1003/1559/1466
f 1003/1559/1466 1004/1560/1467 999/948/864
f 1589/1326/1239 1504/1561/1468 1505/1562/1469
f 1505/1562/1469 1506/1327/1240 1589/1326/1239
f 1340/944/860 1341/1172/1085 1342/1563/1470
f 1342/1563/1470 1346/1564/1471 1340/944/860
f 1842/1435/1343 1841/1434/1342 1843/1565/1472
f 1843/1565/1472 1844/1566/1473 1842/1435/1343
f 1110/1473/1381 1101/788/705 1100/895/812
f 1100/895/812 1111/894/811 1110/1473/1381
f 1079/1489/1397 1080/1567/1474 1082/1568/1475
f 1082/1568/1475 1081/1423/1332 1079/1489/1397
f 1170/1007/923 1172/1569/1476 1142/1208/1121
f 1557/1570/1477 1550/1571/1478 1549/1572/1479
f 1549/1572/1479 1556/1573/1480 1557/1570/1477
f 1082/1568/1475 1080/1567/1474 936/1530/1437
f 936/1530/1437 934/1529/1436 1082/1568/1475
f 866/1574/1481 1194/1275/1188 1193/1274/1187
f 1193/1274/1187 868/1168/1081 866/1574/1481
f 1187/1575/1482 1188/1576/1483 1166/1557/1464
f 1166/1557/1464 1183/1577/1484 1187/1575/1482
f 932/1414/1323 1084/1413/1322 934/1529/1436
f 934/1529/1436 933/1528/1435 932/1414/1323
f 1632/1578/1485 1633/879/796 1310/878/795
f 1310/878/795 1308/1579/1486 1632/1578/1485
f 949/1319/1232 947/1243/1156 948/1242/1155
f 948/1242/1155 950/1320/1233 949/1319/1232
f 1279/1138/1051 1277/1476/1384 1292/1475/1383
f 1292/1475/1383 1293/1139/1052 1279/1138/1051
f 1994/1580/1487 1987/1438/1346 1988/1441/1349
f 1988/1441/1349 1986/1581/1488 1994/1580/1487
f 1207/1582/1489 1154/1162/1075 1153/1165/1078
f 1153/1165/1078 1205/1449/1357 1207/1582/1489
f 1472/1583/1490 1480/1584/1491 1474/1585/1492
f 1474/1585/1492 1473/1586/1493 1472/1583/1490
f 1249/1315/1228 1248/1314/1227 1250/1587/1494
f 1250/1587/1494 1251/1588/1495 1249/1315/1228
f 1356/811/728 1380/810/727 1379/1589/1496
f 1379/1589/1496 1358/1590/1497 1356/811/728
f 1824/1591/1498 1825/1592/1499 1823/1593/1500
f 1823/1593/1500 1822/1594/1501 1824/1591/1498
f 1179/1505/1413 1187/1575/1482 1181/1506/1414
f 902/1595/1502 888/1596/1503 900/1597/1504
f 900/1597/1504 901/1598/1505 902/1595/1502
f 795/1399/1308 793/1132/1045 817/1131/1044
f 817/1131/1044 816/1387/1296 795/1399/1308
f 892/1472/1380 893/1525/1432 894/1224/1137
f 894/1224/1137 898/1223/1136 892/1472/1380
f 1431/1599/1506 1432/1600/1507 1434/1601/1508
f 1434/1601/1508 1433/1602/1509 1431/1599/1506
f 1194/1275/1188 864/981/897 862/1111/1024
f 862/1111/1024 1195/1272/1185 1194/1275/1188
f 1387/1034/950 1389/1603/1510 1388/864/781
f 1388/864/781 1368/1035/951 1387/1034/950
f 1642/1604/1511 1640/1605/1512 1641/1606/1513
f 1641/1606/1513 1643/1607/1514 1642/1604/1511
f 1378/1397/1306 1379/1589/1496 1380/810/727
f 1380/810/727 1382/1398/1307 1378/1397/1306
f 1225/1608/1515 772/778/695 1223/1609/1516
f 1223/1609/1516 1224/1610/1517 1225/1608/1515
f 1343/1171/1084 1671/1611/1518 1345/1612/1519
f 1345/1612/1519 1344/1613/1520 1343/1171/1084
f 1853/925/841 1860/1280/1193 1855/1279/1192
f 1855/1279/1192 1854/922/838 1853/925/841
f 959/1200/1113 930/1553/1460 958/1509/1417
f 958/1509/1417 960/1201/1114 959/1200/1113
f 1399/1269/1182 1392/1490/1398 1394/1550/1457
f 1394/1550/1457 1398/1614/1521 1399/1269/1182
f 1696/1615/1522 1694/1616/1523 1693/1617/1524
f 1693/1617/1524 1695/1618/1525 1696/1615/1522
f 922/865/782 920/1264/1177 951/1321/1234
f 951/1321/1234 953/866/783 922/865/782
f 1598/1619/1526 1541/1620/1527 1540/1284/1197
f 1540/1284/1197 1599/1283/1196 1598/1619/1526
f 1403/1265/1178 1372/1268/1181 1402/1621/1528
f 1402/1621/1528 1407/1622/1529 1403/1265/1178
f 1640/1605/1512 1638/1623/1530 1639/1624/1530
f 1639/1624/1530 1641/1606/1513 1640/1605/1512
f 1284/1455/1363 1283/1625/1531 1285/1626/1532
f 1285/1626/1532 1286/1040/956 1284/1455/1363
f 1598/1619/1526 1597/1065/979 1542/1064/978
f 1542/1064/978 1541/1620/1527 1598/1619/1526
f 1635/877/794 1634/880/797 1636/1627/1533
f 1636/1627/1533 1637/1628/1534 1635/877/794
f 938/1629/1535 939/1630/1536 908/1631/1537
f 908/1631/1537 906/1100/1013 938/1629/1535
f 1259/1148/1061 1258/777/694 1262/776/693
f 1262/776/693 1263/1149/1062 1259/1148/1061
f 1294/1140/1053 1293/1139/1052 1297/1632/1538
f 1297/1632/1538 1298/1633/1539 1294/1140/1053
f 1760/1097/1010 1764/969/885 1759/968/884
f 1759/968/884 1746/830/747 1760/1097/1010
f 796/1519/1427 795/1399/1308 797/1215/1128
f 797/1215/1128 798/1214/1127 796/1519/1427
f 956/1634/1540 957/1635/1541 928/1552/1459
f 928/1552/1459 955/1636/1542 956/1634/1540
f 783/800/717 782/799/716 821/1380/1289
f 821/1380/1289 785/1637/1543 783/800/717
f 1220/1003/919 1222/1002/918 1113/1030/946
f 1971/1638/1544 1970/1329/1242 1958/1328/1241
f 1958/1328/1241 1960/1639/1545 1971/1638/1544
f 1224/1610/1517 1226/1640/1546 1225/1608/1515
f 1822/1594/1501 1821/1641/1547 1819/903/820
f 1819/903/820 1820/902/819 1822/1594/1501
f 1227/1642/1548 1228/1643/1549 1229/1644/1550
f 971/851/768 969/1360/1269 970/1228/1141
f 970/1228/1141 972/852/769 971/851/768
f 774/779/696 1227/1642/1548 1230/1645/1551
f 1057/1362/1271 1058/1365/1274 1083/1646/1552
f 1083/1646/1552 961/827/744 1057/1362/1271
f 957/1635/1541 989/1647/1553 988/1510/1418
f 988/1510/1418 958/1509/1417 957/1635/1541
f 782/799/716 781/1354/1263 780/1353/1262
f 780/1353/1262 859/1648/1554 782/799/716
f 1255/1649/1555 1259/1148/1061 1260/1151/1064
f 1260/1151/1064 891/1650/1556 1255/1649/1555
f 1236/1651/1557 1237/1652/1558 1238/1653/1559
f 1965/1654/1560 1963/1343/1252 1956/918/834
f 1956/918/834 1970/1329/1242 1965/1654/1560
f 1347/1655/1561 1349/1656/1562 1350/1657/1563
f 1350/1657/1563 1351/1658/1564 1347/1655/1561
f 1241/1659/1565 1243/1660/1566 1242/1661/1567
f 1207/1582/1489 1206/1662/1568 1208/1663/1569
f 1208/1663/1569 1209/1513/1421 1207/1582/1489
f 1225/1608/1515 1226/1640/1546 1228/1643/1549
f 1228/1643/1549 1227/1642/1548 1225/1608/1515
f 1352/1664/1570 1348/1665/1571 1338/945/861
f 1338/945/861 1347/1655/1561 1352/1664/1570
f 1291/1474/1382 1275/1477/1385 1273/1666/1572
f 1273/1666/1572 1290/1667/1573 1291/1474/1382
f 1853/925/841 1851/924/840 1858/1668/1574
f 1858/1668/1574 1859/1669/1575 1853/925/841
f 1708/1670/1576 1182/1507/1415 1183/1577/1484
f 1183/1577/1484 1184/1671/1577 1708/1670/1576
f 1055/1672/1578 1056/1372/1281 961/827/744
f 961/827/744 963/826/743 1055/1672/1578
f 1991/1555/1462 1989/1439/1347 1996/870/787
f 1996/870/787 1997/1673/1579 1991/1555/1462
f 1159/1005/921 1157/1250/1163 1156/1444/1352
f 1156/1444/1352 1158/1373/1282 1159/1005/921
f 1292/1475/1383 1296/1674/1580 1297/1632/1538
f 1297/1632/1538 1293/1139/1052 1292/1475/1383
f 1255/1649/1555 1256/1675/1581 1257/1676/1582
f 771/773/690 781/1354/1263 782/799/716
f 782/799/716 769/771/688 771/773/690
f 1707/1677/1583 1180/1504/1412 1182/1507/1415
f 1182/1507/1415 1708/1670/1576 1707/1677/1583
f 927/1678/1584 929/1551/1458 936/1530/1437
f 936/1530/1437 1080/1567/1474 927/1678/1584
f 1189/1679/1585 1190/1680/1586 1192/1681/1587
f 1192/1681/1587 1191/1682/1588 1189/1679/1585
f 916/1683/1589 947/1243/1156 949/1319/1232
f 949/1319/1232 918/1684/1590 916/1683/1589
f 1522/1337/1247 1520/1340/1250 1521/1300/1213
f 1521/1300/1213 1523/1302/1215 1522/1337/1247
f 1316/1685/1591 1317/1181/1094 1314/1686/1592
f 1314/1686/1592 1313/1687/1593 1316/1685/1591
f 1265/774/691 1266/1688/1594 1267/1212/1125
f 1796/931/847 1734/979/895 1733/978/894
f 1733/978/894 1732/932/848 1796/931/847
f 1143/1210/1123 1141/1209/1122 1139/1517/1425
f 1139/1517/1425 1152/1689/1595 1143/1210/1123
f 1134/1512/1420 1133/1690/1596 1135/1691/1597
f 1135/1691/1597 1136/1692/1598 1134/1512/1420
f 1356/811/728 1355/1693/1599 813/1694/1600
f 813/1694/1600 1354/812/729 1356/811/728
f 781/1354/1263 771/773/690 772/778/695
f 772/778/695 773/780/697 781/1354/1263
f 1802/848/765 1776/849/766 1775/1233/1146
f 1775/1233/1146 1774/1236/1149 1802/848/765
f 835/874/791 836/873/790 809/1695/1601
f 809/1695/1601 834/1381/1290 835/874/791
f 1128/965/881 1132/964/880 1129/891/808
f 1129/891/808 1125/890/807 1128/965/881
f 1887/836/753 1889/1696/1602 1888/1697/1603
f 1888/1697/1603 1886/837/754 1887/836/753
f 1103/1420/1329 1106/1698/1604 1107/1430/1338
f 1107/1430/1338 1104/1421/1330 1103/1420/1329
f 1769/1699/1605 1770/1700/1606 1758/1197/1110
f 1758/1197/1110 1765/967/883 1769/1699/1605
f 1980/953/869 1982/1307/1220 1984/1501/1409
f 1984/1501/1409 1978/954/870 1980/953/869
f 1385/1701/1607 1371/1702/1608 1383/1395/1304
f 1383/1395/1304 1384/1703/1609 1385/1701/1607
f 1272/1704/1610 1270/1705/1611 1271/1706/1612
f 1271/1706/1612 1273/1666/1572 1272/1704/1610
f 1907/1707/1613 1908/1708/1614 1910/1709/1615
f 1910/1709/1615 1909/1190/1103 1907/1707/1613
f 1097/859/776 1100/895/812 1101/788/705
f 1101/788/705 1096/787/704 1097/859/776
f 1581/1043/959 1583/1091/1004 1284/1455/1363
f 1284/1455/1363 1286/1040/956 1581/1043/959
f 842/1298/1211 1366/1032/948 1365/1710/1616
f 1365/1710/1616 1364/1532/1439 842/1298/1211
f 1167/1711/1617 1179/1505/1413 1177/1540/1447
f 1177/1540/1447 1168/1232/1145 1167/1711/1617
f 1159/1005/921 1073/781/698 1071/784/701
f 1071/784/701 1160/1006/922 1159/1005/921
f 1371/1702/1608 1372/1268/1181 1373/1267/1180
f 1373/1267/1180 1383/1395/1304 1371/1702/1608
f 1184/1671/1577 1186/1254/1167 1299/1253/1166
f 956/1634/1540 954/985/901 991/984/900
f 991/984/900 990/1712/1618 956/1634/1540
f 1133/1690/1596 1132/964/880 1131/963/879
f 1131/963/879 1197/1713/1619 1133/1690/1596
f 1670/1714/1620 1671/1611/1518 1343/1171/1084
f 1343/1171/1084 1669/797/714 1670/1714/1620
f 1869/1546/1453 1871/1715/1621 1872/1716/1622
f 1872/1716/1622 1870/1544/1451 1869/1546/1453
f 1008/1394/1303 1007/1086/999 1011/1085/998
f 1011/1085/998 1012/1391/1300 1008/1394/1303
f 1449/1348/1257 1450/1347/1256 1452/1717/1623
f 1452/1717/1623 1451/1718/1624 1449/1348/1257
f 910/1465/1373 909/1719/1625 908/1631/1537
f 908/1631/1537 940/1219/1132 910/1465/1373
f 1309/1720/1626 1310/878/795 1311/1721/1627
f 1945/1722/1628 1936/1404/1313 1938/1136/1049
f 1938/1136/1049 1944/1370/1279 1945/1722/1628
f 1055/1672/1578 963/826/743 965/921/837
f 965/921/837 1054/1723/1629 1055/1672/1578
f 1309/1720/1626 1314/1686/1592 1307/1724/1630
f 1138/1725/1631 1136/1692/1598 1135/1691/1597
f 1135/1691/1597 1137/1401/1310 1138/1725/1631
f 1528/1102/1015 1501/1105/1018 1499/913/829
f 1499/913/829 1529/1726/1632 1528/1102/1015
f 914/1174/1087 945/1176/1089 947/1243/1156
f 947/1243/1156 916/1683/1589 914/1174/1087
f 1037/1727/823 1036/1728/823 1035/1332/823
f 1035/1332/823 1034/1331/823 1037/1727/823
f 1205/1449/1357 1204/1448/1356 1206/1662/1568
f 1206/1662/1568 1207/1582/1489 1205/1449/1357
f 1715/1240/1153 1726/1026/942 1727/1729/1633
f 1727/1729/1633 1713/1189/1102 1715/1240/1153
f 1793/1730/1634 1751/1731/1635 1750/885/802
f 1750/885/802 1752/886/803 1793/1730/1634
f 1063/1732/1636 1062/1733/1637 1061/1734/1638
f 1061/1734/1638 1165/1020/936 1063/1732/1636
f 1817/904/821 1815/1735/1639 1816/1736/1640
f 1816/1736/1640 1818/901/818 1817/904/821
f 1518/1339/1249 1516/1294/1207 1517/1297/1210
f 1517/1297/1210 1519/1429/1337 1518/1339/1249
f 1947/1144/1057 1934/1405/1314 1946/1737/1641
f 1946/1737/1641 1948/1141/1054 1947/1144/1057
f 1309/1720/1626 1307/1724/1630 1308/1579/1486
f 1308/1579/1486 1310/878/795 1309/1720/1626
f 1363/1738/1642 838/876/793 840/911/827
f 840/911/827 1364/1532/1439 1363/1738/1642
f 1190/1680/1586 870/1169/1082 868/1168/1081
f 868/1168/1081 1193/1274/1187 1190/1680/1586
f 889/1244/1157 890/1471/1379 888/1596/1503
f 888/1596/1503 874/974/890 889/1244/1157
f 888/1596/1503 890/1471/1379 899/1470/1378
f 899/1470/1378 900/1597/1504 888/1596/1503
f 1677/1739/1643 1678/1740/1644 1680/960/876
f 1680/960/876 1679/959/875 1677/1739/1643
f 1344/1613/1520 1342/1563/1470 1341/1172/1085
f 1341/1172/1085 1343/1171/1084 1344/1613/1520
f 1964/1741/1645 1965/1654/1560 1967/1379/1288
f 1967/1379/1288 1966/1378/1287 1964/1741/1645
f 1172/1569/1476 1176/1541/1448 1173/1742/1646
f 1173/1742/1646 1140/1518/1426 1172/1569/1476
f 1612/1743/1647 1609/1466/1374 1613/1527/1434
f 1613/1527/1434 1614/1744/1648 1612/1743/1647
f 829/926/842 828/1385/1294 851/1488/1396
f 851/1488/1396 850/1745/1649 829/926/842
f 1340/944/860 1347/1655/1561 1338/945/861
f 1974/821/738 1976/820/737 1978/954/870
f 1978/954/870 1984/1501/1409 1974/821/738
f 1368/1035/951 1370/1746/1650 1369/1747/1651
f 1369/1747/1651 1367/1748/1652 1368/1035/951
f 1351/1658/1564 1352/1664/1570 1347/1655/1561
f 1999/1123/1036 1997/1673/1579 2001/1749/1653
f 2001/1749/1653 2000/1124/1037 1999/1123/1036
f 1586/1750/1654 1587/1751/1655 1510/1752/1656
f 1510/1752/1656 1512/1753/1657 1586/1750/1654
f 1611/1754/1658 1610/1467/1375 1609/1466/1374
f 1609/1466/1374 1612/1743/1647 1611/1754/1658
f 878/802/719 879/1755/1659 877/983/899
f 877/983/899 876/1044/960 878/802/719
f 1357/1756/1660 1358/1590/1497 1359/1757/1661
f 830/927/843 831/1758/1662 803/846/763
f 803/846/763 801/839/756 830/927/843
f 873/1486/1394 1256/1675/1581 1255/1649/1555
f 1255/1649/1555 1254/1487/1395 873/1486/1394
f 1361/1759/1663 838/876/793 1363/1738/1642
f 1136/1692/1598 1253/1760/1664 1252/1511/1419
f 1252/1511/1419 1134/1512/1420 1136/1692/1598
f 1467/881/798 1468/884/801 1469/996/912
f 1469/996/912 1486/1761/1665 1467/881/798
f 1937/1133/1046 1935/1308/1221 1949/1311/1224
f 1949/1311/1224 1950/1762/1666 1937/1133/1046
f 1220/1003/919 1113/1030/946 1115/1054/968
f 1115/1054/968 1215/1076/989 1220/1003/919
f 1136/1692/1598 1138/1725/1631 1175/1763/1667
f 1175/1763/1667 1253/1760/1664 1136/1692/1598
f 1585/1338/1248 1586/1750/1654 1512/1753/1657
f 1512/1753/1657 1514/1295/1208 1585/1338/1248
f 953/866/783 954/985/901 956/1634/1540
f 956/1634/1540 955/1636/1542 953/866/783
f 1400/862/779 1390/861/778 1392/1490/1398
f 1392/1490/1398 1399/1269/1182 1400/862/779
f 786/1764/1668 784/1333/1243 783/800/717
f 783/800/717 785/1637/1543 786/1764/1668
f 1306/1765/1669 1004/1560/1467 1003/1559/1466
f 1003/1559/1466 1631/1766/1670 1306/1765/1669
f 1375/1396/1305 1377/1767/1671 1378/1397/1306
f 1575/770/687 1576/769/686 1577/1456/1364
f 1577/1456/1364 1583/1091/1004 1575/770/687
f 1059/1363/1272 1061/1734/1638 1062/1733/1637
f 1062/1733/1637 1060/1364/1273 1059/1363/1272
f 932/1414/1323 931/1554/1461 930/1553/1460
f 930/1553/1460 959/1200/1113 932/1414/1323
f 1618/1543/1450 802/845/762 804/847/764
f 804/847/764 1619/1768/1672 1618/1543/1450
f 1310/878/795 1635/877/794 1312/1769/1673
f 1312/1769/1673 1311/1721/1627 1310/878/795
f 1872/1716/1622 1873/1185/1098 1874/1184/1097
f 1874/1184/1097 1876/1770/1674 1872/1716/1622
f 1383/1395/1304 1373/1267/1180 1375/1396/1305
f 1382/1398/1307 1384/1703/1609 1383/1395/1304
f 1091/1107/1020 1090/1113/1026 1095/790/707
f 1095/790/707 1094/1114/1027 1091/1107/1020
f 1043/1771/1675 1042/1772/1676 1118/1773/1677
f 1118/1773/1677 1119/1774/1678 1043/1771/1675
f 1688/1775/1679 1685/1776/1680 1686/1777/1681
f 1686/1777/1681 1687/1778/1682 1688/1775/1679
f 1531/1122/1035 1495/1121/1034 1493/1537/1444
f 1493/1537/1444 1532/1779/1683 1531/1122/1035
f 1081/1423/1332 1082/1568/1475 1083/1646/1552
f 1083/1646/1552 1058/1365/1274 1081/1423/1332
f 1784/1780/1684 1787/1366/1275 1788/1369/1278
f 1788/1369/1278 1783/1480/1388 1784/1780/1684
f 1394/1550/1457 1395/1549/1456 1396/1781/1685
f 1946/1737/1641 1934/1405/1314 1936/1404/1313
f 1936/1404/1313 1945/1722/1628 1946/1737/1641
f 770/772/689 1223/1609/1516 772/778/695
f 772/778/695 771/773/690 770/772/689
f 1282/1782/1686 1283/1625/1531 1284/1455/1363
f 1284/1455/1363 1584/1457/1365 1282/1782/1686
f 922/865/782 924/868/785 923/1129/1042
f 923/1129/1042 921/1262/1175 922/865/782
f 1579/1056/970 1573/1059/973 1574/767/684
f 1574/767/684 1575/770/687 1579/1056/970
f 1401/863/780 1402/1621/1528 1370/1746/1650
f 876/1044/960 865/982/898 866/1574/1481
f 866/1574/1481 867/975/891 876/1044/960
f 1784/1780/1684 1785/1783/1687 1786/1784/1688
f 1786/1784/1688 1787/1366/1275 1784/1780/1684
f 792/818/735 793/1132/1045 794/1469/1377
f 794/1469/1377 1607/1495/1403 792/818/735
f 1912/1191/1104 1909/1190/1103 1910/1709/1615
f 1910/1709/1615 1911/1785/1689 1912/1191/1104
f 1407/1622/1529 1408/1786/1690 1403/1265/1178
f 1096/787/704 1095/790/707 1090/1113/1026
f 1090/1113/1026 1089/860/777 1096/787/704
f 1405/1022/938 1410/1025/941 1406/1787/1691
f 1162/1231/1144 1067/990/906 1065/1019/935
f 1065/1019/935 1163/1018/934 1162/1231/1144
f 1698/1788/1692 1700/1789/1693 1699/1790/1694
f 1699/1790/1694 1697/1791/1695 1698/1788/1692
f 1276/1792/1696 1274/1793/1697 1275/1477/1385
f 1275/1477/1385 1277/1476/1384 1276/1792/1696
f 900/1597/1504 1106/1698/1604 1105/1305/1218
f 1105/1305/1218 1108/1794/1698 900/1597/1504
f 1415/1795/1699 1417/1796/1700 1416/1797/1701
f 1359/1757/1661 1358/1590/1497 1377/1767/1671
f 1377/1767/1671 1360/1798/1702 1359/1757/1661
f 1429/1799/1703 1432/1600/1507 1431/1599/1506
f 1431/1599/1506 1430/1800/1704 1429/1799/1703
f 1451/1718/1624 1452/1717/1623 1453/1801/1705
f 1453/1801/1705 1454/1802/1706 1451/1718/1624
f 1331/1803/1707 1329/1804/1708 1330/1805/1709
f 1330/1805/1709 1332/1806/1710 1331/1803/1707
f 1784/1780/1684 1779/1384/1293 1781/1383/1292
f 1781/1383/1292 1785/1783/1687 1784/1780/1684
f 1455/1807/1711 1456/1808/1712 1454/1802/1706
f 1454/1802/1706 1453/1801/1705 1455/1807/1711
f 1730/1028/944 1738/1809/1713 1739/1810/1714
f 1739/1810/1714 1729/1029/945 1730/1028/944
f 1209/1513/1421 1208/1663/1569 1210/1811/1715
f 1210/1811/1715 1211/1445/1353 1209/1513/1421
f 832/1094/1007 831/1758/1662 848/1812/1716
f 848/1812/1716 847/1095/1008 832/1094/1007
f 1201/1400/1309 1200/1403/1312 1202/1447/1355
f 1202/1447/1355 1203/1446/1354 1201/1400/1309
f 997/958/874 999/948/864 1004/1560/1467
f 1004/1560/1467 1005/1270/1183 997/958/874
f 833/1093/1006 834/1381/1290 809/1695/1601
f 809/1695/1601 807/1199/1112 833/1093/1006
f 1664/1813/1717 1663/1814/1718 1662/1815/1719
f 1662/1815/1719 1665/1816/1720 1664/1813/1717
f 1331/1803/1707 1332/1806/1710 1333/1817/1721
f 1333/1817/1721 1334/1818/1722 1331/1803/1707
f 966/920/836 984/1819/1723 983/1230/1143
f 983/1230/1143 968/1229/1142 966/920/836
f 1123/1820/1724 1124/1821/1725 1119/1774/1678
f 1119/1774/1678 1118/1773/1677 1123/1820/1724
f 1086/1416/1325 1087/1436/1344 921/1262/1175
f 921/1262/1175 923/1129/1042 1086/1416/1325
f 1457/1073/986 1458/1072/985 1456/1808/1712
f 1456/1808/1712 1455/1807/1711 1457/1073/986
f 979/1822/1726 1042/1772/1676 1043/1771/1675
f 1043/1771/1675 977/1823/1727 979/1822/1726
f 1172/1569/1476 1170/1007/923 1169/1146/1059
f 1169/1146/1059 1176/1541/1448 1172/1569/1476
f 1146/1206/1119 1151/1249/1162 1171/1004/920
f 1171/1004/920 1144/1211/1124 1146/1206/1119
f 2004/1316/1229 1994/1580/1487 2009/936/852
f 2009/936/852 2006/935/851 2004/1316/1229
f 1361/1759/1663 1362/1824/1728 1353/1825/1729
f 1353/1825/1729 838/876/793 1361/1759/1663
f 1920/1826/1730 1918/1827/1731 1919/1828/1732
f 1919/1828/1732 1921/1829/1733 1920/1826/1730
f 1859/1669/1575 1858/1668/1574 1857/1830/1734
f 1857/1830/1734 1864/1831/1735 1859/1669/1575
f 1478/1361/1270 1479/1832/1736 1472/1583/1490
f 1472/1583/1490 1470/994/910 1478/1361/1270
f 1080/1567/1474 1079/1489/1397 925/1130/1043
f 925/1130/1043 927/1678/1584 1080/1567/1474
f 1718/1460/1368 1799/1459/1367 1800/1833/1737
f 1800/1833/1737 1720/1216/1129 1718/1460/1368
f 804/847/764 803/846/763 805/1198/1111
f 805/1198/1111 806/1013/929 804/847/764
f 1794/1834/1738 1793/1730/1634 1752/886/803
f 1752/886/803 1795/1835/1739 1794/1834/1738
f 819/887/804 824/1836/1740 825/1837/1741
f 825/1837/1741 818/1349/1258 819/887/804
f 1536/1838/1742 1535/1453/1361 1471/995/911
f 1471/995/911 1473/1586/1493 1536/1838/1742
f 836/873/790 838/876/793 1353/1825/1729
f 1353/1825/1729 811/1839/1743 836/873/790
f 1749/831/748 1754/1840/1744 1753/1841/1745
f 1753/1841/1745 1752/886/803 1749/831/748
f 1367/1748/1652 1365/1710/1616 1366/1032/948
f 1366/1032/948 1368/1035/951 1367/1748/1652
f 1092/1108/1021 909/1719/1625 910/1465/1373
f 910/1465/1373 911/1109/1022 1092/1108/1021
f 967/1842/1746 965/921/837 966/920/836
f 966/920/836 968/1229/1142 967/1842/1746
f 1489/1451/1359 1491/1536/1443 1490/1539/1446
f 1185/1843/1747 1186/1254/1167 1184/1671/1577
f 1184/1671/1577 1183/1577/1484 1185/1843/1747
f 1015/1844/1748 1017/1845/1749 1013/1392/1301
f 1013/1392/1301 1014/1255/1168 1015/1844/1748
f 1144/1211/1124 1143/1210/1123 1145/1164/1077
f 1145/1164/1077 1146/1206/1119 1144/1211/1124
f 1890/1846/1750 1891/1847/1751 1888/1697/1603
f 1888/1697/1603 1889/1696/1602 1890/1846/1750
f 799/838/755 797/1215/1128 815/1386/1295
f 815/1386/1295 814/928/844 799/838/755
f 1152/1689/1595 1153/1165/1078 1145/1164/1077
f 1145/1164/1077 1143/1210/1123 1152/1689/1595
f 937/1848/1752 938/1629/1535 906/1100/1013
f 906/1100/1013 904/1099/1012 937/1848/1752
f 1060/1364/1273 1062/1733/1637 1116/1375/1284
f 1116/1375/1284 1117/1424/1333 1060/1364/1273
f 1513/1849/1753 1515/1296/1209 1514/1295/1208
f 1514/1295/1208 1512/1753/1657 1513/1849/1753
f 1509/1850/1754 1511/1851/1755 1510/1752/1656
f 1510/1752/1656 1508/1324/1237 1509/1850/1754
f 909/1719/1625 907/1101/1014 906/1100/1013
f 906/1100/1013 908/1631/1537 909/1719/1625
f 976/1431/1339 974/853/770 980/1852/1756
f 980/1852/1756 978/1853/1757 976/1431/1339
f 1681/962/878 1682/961/877 1684/1854/1758
f 1684/1854/1758 1683/1855/1759 1681/962/878
f 1964/1741/1645 1962/1344/1253 1963/1343/1252
f 1963/1343/1252 1965/1654/1560 1964/1741/1645
f 1280/1166/1079 1281/1137/1050 1283/1625/1531
f 1283/1625/1531 1282/1782/1686 1280/1166/1079
f 1370/1746/1650 1402/1621/1528 1372/1268/1181
f 1372/1268/1181 1371/1702/1608 1370/1746/1650
f 830/927/843 801/839/756 799/838/755
f 799/838/755 814/928/844 830/927/843
f 1602/1464/1372 1601/1419/1328 1538/1418/1327
f 1538/1418/1327 1537/1461/1369 1602/1464/1372
f 917/1177/1090 915/1112/1025 916/1683/1589
f 916/1683/1589 918/1684/1590 917/1177/1090
f 869/973/889 867/975/891 866/1574/1481
f 866/1574/1481 868/1168/1081 869/973/889
f 808/1010/926 807/1199/1112 809/1695/1601
f 809/1695/1601 810/1856/1760 808/1010/926
f 904/1099/1012 905/1098/1011 903/1226/1139
f 903/1226/1139 897/1225/1138 904/1099/1012
f 1547/1258/1171 1545/1257/1170 1544/1014/930
f 1544/1014/930 1595/1017/933 1547/1258/1171
f 1441/1412/1321 1439/856/773 1440/855/772
f 1440/855/772 1442/1409/1318 1441/1412/1321
f 841/910/826 839/909/825 1630/1081/994
f 1630/1081/994 843/1857/1761 841/910/826
f 1499/913/829 1497/912/828 1530/1120/1033
f 1530/1120/1033 1529/1726/1632 1499/913/829
f 1533/1858/1762 1537/1461/1369 1538/1418/1327
f 1538/1418/1327 1532/1779/1683 1533/1858/1762
f 1531/1122/1035 1532/1779/1683 1538/1418/1327
f 1538/1418/1327 1539/1285/1198 1531/1122/1035
f 1534/1454/1362 1535/1453/1361 1536/1838/1742
f 1536/1838/1742 1590/1462/1370 1534/1454/1362
f 1477/1443/1351 1482/1202/1115 1479/1832/1736
f 1479/1832/1736 1478/1361/1270 1477/1443/1351
f 1545/1257/1170 1507/1859/1763 1526/1286/1199
f 1526/1286/1199 1544/1014/930 1545/1257/1170
f 1470/994/910 1472/1583/1490 1473/1586/1493
f 1473/1586/1493 1471/995/911 1470/994/910
f 1648/1288/1201 1649/1287/1200 1646/1860/1764
f 1646/1860/1764 1647/1861/1765 1648/1288/1201
f 996/955/871 1006/1083/996 1007/1086/999
f 1007/1086/999 995/1291/1204 996/955/871
f 1545/1257/1170 1546/1260/1173 1509/1850/1754
f 1509/1850/1754 1507/1859/1763 1545/1257/1170
f 1511/1851/1755 1549/1572/1479 1550/1571/1478
f 1550/1571/1478 1513/1849/1753 1511/1851/1755
f 1646/1860/1764 1644/1862/1766 1645/1863/1767
f 1645/1863/1767 1647/1861/1765 1646/1860/1764
f 1551/1864/1768 1515/1296/1209 1513/1849/1753
f 1513/1849/1753 1550/1571/1478 1551/1864/1768
f 1517/1297/1210 1515/1296/1209 1551/1864/1768
f 1551/1864/1768 1552/1865/1769 1517/1297/1210
f 1552/1865/1769 1553/1428/1336 1519/1429/1337
f 1519/1429/1337 1517/1297/1210 1552/1865/1769
f 1590/1462/1370 1537/1461/1369 1533/1858/1762
f 1533/1858/1762 1534/1454/1362 1590/1462/1370
f 1107/1430/1338 1106/1698/1604 900/1597/1504
f 900/1597/1504 899/1470/1378 1107/1430/1338
f 1591/1463/1371 1590/1462/1370 1536/1838/1742
f 1536/1838/1742 1475/1866/1770 1591/1463/1371
f 890/1471/1379 889/1244/1157 891/1650/1556
f 891/1650/1556 892/1472/1380 890/1471/1379
f 1683/1855/1759 1684/1854/1758 1686/1777/1681
f 1686/1777/1681 1685/1776/1680 1683/1855/1759
f 1739/1810/1714 1744/1077/990 1740/1080/993
f 1740/1080/993 1729/1029/945 1739/1810/1714
f 1028/906/823 1030/1867/823 1029/1868/823
f 1029/1868/823 1027/907/823 1028/906/823
f 1049/1048/964 975/1047/963 976/1431/1339
f 976/1431/1339 977/1823/1727 1049/1048/964
f 1436/1869/1771 1438/854/771 1437/857/774
f 1437/857/774 1435/1870/1772 1436/1869/1771
f 1773/1234/1147 1768/970/886 1771/999/915
f 1771/999/915 1772/1235/1148 1773/1234/1147
f 1959/822/739 1961/1871/1773 1960/1639/1545
f 1960/1639/1545 1958/1328/1241 1959/822/739
f 1234/1872/1774 1232/1533/1440 1230/1645/1551
f 1230/1645/1551 1231/1873/1775 1234/1872/1774
f 1706/1874/1776 1174/1875/1777 1173/1742/1646
f 1173/1742/1646 1178/1876/1778 1706/1874/1776
f 870/1169/1082 1190/1680/1586 1189/1679/1585
f 1189/1679/1585 872/1877/1779 870/1169/1082
f 1277/1476/1384 1279/1138/1051 1278/1167/1080
f 1278/1167/1080 1276/1792/1696 1277/1476/1384
f 1322/1039/955 1016/1878/1780 1015/1844/1748
f 1015/1844/1748 1014/1255/1168 1322/1039/955
f 1615/1526/1433 1618/1543/1450 1617/1879/1781
f 1617/1879/1781 1616/1880/1782 1615/1526/1433
f 1385/1701/1607 1369/1747/1651 1370/1746/1650
f 1370/1746/1650 1371/1702/1608 1385/1701/1607
f 1246/1313/1226 1247/1312/1225 1245/1881/1783
f 1245/1881/1783 1244/1882/1784 1246/1313/1226
f 1809/1157/1070 1836/1883/1785 1807/1884/1786
f 1807/1884/1786 1808/1158/1071 1809/1157/1070
f 1140/1518/1426 1173/1742/1646 1138/1725/1631
f 1138/1725/1631 1139/1517/1425 1140/1518/1426
f 1292/1475/1383 1291/1474/1382 1295/1885/1787
f 1295/1885/1787 1296/1674/1580 1292/1475/1383
f 1230/1645/1551 1227/1642/1548 1229/1644/1550
f 1229/1644/1550 1231/1873/1775 1230/1645/1551
f 1085/1415/1324 1077/1417/1326 1075/785/702
f 1075/785/702 1114/1055/969 1085/1415/1324
f 1139/1517/1425 1138/1725/1631 1137/1401/1310
f 1137/1401/1310 1201/1400/1309 1139/1517/1425
f 1524/1497/1405 1585/1338/1248 1522/1337/1247
f 953/866/783 955/1636/1542 928/1552/1459
f 928/1552/1459 926/867/784 953/866/783
f 1174/1875/1777 1175/1763/1667 1138/1725/1631
f 1138/1725/1631 1173/1742/1646 1174/1875/1777
f 1356/811/728 1358/1590/1497 1357/1756/1660
f 1357/1756/1660 1355/1693/1599 1356/811/728
f 951/1321/1234 920/1264/1177 918/1684/1590
f 918/1684/1590 949/1319/1232 951/1321/1234
f 1881/1886/1788 1883/1887/1789 1884/834/751
f 1884/834/751 1882/1888/1790 1881/1886/1788
f 803/846/763 831/1758/1662 832/1094/1007
f 832/1094/1007 805/1198/1111 803/846/763
f 1541/1620/1527 1542/1064/978 1528/1102/1015
f 1528/1102/1015 1529/1726/1632 1541/1620/1527
f 1740/1080/993 1727/1729/1633 1726/1026/942
f 1726/1026/942 1729/1029/945 1740/1080/993
f 919/1263/1176 1088/858/775 1089/860/777
f 1089/860/777 917/1177/1090 919/1263/1176
f 1529/1726/1632 1530/1120/1033 1540/1284/1197
f 1540/1284/1197 1541/1620/1527 1529/1726/1632
f 1273/1666/1572 1275/1477/1385 1274/1793/1697
f 1274/1793/1697 1272/1704/1610 1273/1666/1572
f 1167/1711/1617 1188/1576/1483 1187/1575/1482
f 1187/1575/1482 1179/1505/1413 1167/1711/1617
f 1860/1280/1193 1866/1889/1791 1868/1545/1452
f 1868/1545/1452 1861/1281/1194 1860/1280/1193
f 999/948/864 997/958/874 998/957/873
f 998/957/873 1000/949/865 999/948/864
f 1010/1084/997 1315/1180/1093 1318/1179/1092
f 1318/1179/1092 1011/1085/998 1010/1084/997
f 1043/1771/1675 1119/1774/1678 1045/1350/1259
f 1045/1350/1259 1044/1516/1424 1043/1771/1675
f 1703/1890/1792 1701/1891/1793 1702/1892/1794
f 1702/1892/1794 1704/1893/1795 1703/1890/1792
f 1718/1460/1368 1720/1216/1129 1721/929/845
f 1721/929/845 1719/1894/1796 1718/1460/1368
f 1103/1420/1329 1102/789/706 1105/1305/1218
f 1105/1305/1218 1106/1698/1604 1103/1420/1329
f 1797/1895/1797 1798/1458/1366 1716/1238/1151
f 1716/1238/1151 1714/1237/1150 1797/1895/1797
f 1588/1325/1238 1508/1324/1237 1510/1752/1656
f 1510/1752/1656 1587/1751/1655 1588/1325/1238
f 1941/1896/1798 1943/1897/1799 1942/1371/1280
f 1942/1371/1280 1940/1135/1048 1941/1896/1798
f 1710/1898/1800 1797/1895/1797 1714/1237/1150
f 1714/1237/1150 1712/1188/1101 1710/1898/1800
f 1607/1495/1403 794/1469/1377 1608/1468/1376
f 1121/1483/1391 1047/1351/1260 1045/1350/1259
f 1045/1350/1259 1120/1542/1449 1121/1483/1391
f 1464/1442/1350 1462/1899/1801 1476/1900/1802
f 1476/1900/1802 1477/1443/1351 1464/1442/1350
f 1115/1054/968 1075/785/702 1073/781/698
f 1073/781/698 1214/1074/987 1115/1054/968
f 939/1630/1536 1625/1220/1133 940/1219/1132
f 940/1219/1132 908/1631/1537 939/1630/1536
f 1099/893/810 1085/1415/1324 1114/1055/969
f 1114/1055/969 1113/1030/946 1099/893/810
f 1493/1537/1444 1495/1121/1034 1494/1558/1465
f 1494/1558/1465 1492/1538/1445 1493/1537/1444
f 974/853/770 972/852/769 981/1901/1803
f 981/1901/1803 980/1852/1756 974/853/770
f 1906/1902/1804 1907/1707/1613 1905/1903/1805
f 1905/1903/1805 1904/1904/1806 1906/1902/1804
f 800/840/757 802/845/762 1618/1543/1450
f 787/813/730 785/1637/1543 821/1380/1289
f 821/1380/1289 820/888/805 787/813/730
f 1619/1768/1672 804/847/764 1620/1293/1206
f 1315/1180/1093 1307/1724/1630 1314/1686/1592
f 1314/1686/1592 1317/1181/1094 1315/1180/1093
f 972/852/769 970/1228/1141 982/1227/1140
f 982/1227/1140 981/1901/1803 972/852/769
f 1769/1699/1605 1765/967/883 1768/970/886
f 1768/970/886 1773/1234/1147 1769/1699/1605
f 978/1853/1757 979/1822/1726 977/1823/1727
f 977/1823/1727 976/1431/1339 978/1853/1757
f 1194/1275/1188 866/1574/1481 865/982/898
f 865/982/898 864/981/897 1194/1275/1188
f 1740/1080/993 1745/1079/992 1741/1905/1807
f 1741/1905/1807 1727/1729/1633 1740/1080/993
f 1173/1742/1646 1176/1541/1448 1177/1540/1447
f 1177/1540/1447 1178/1876/1778 1173/1742/1646
f 1551/1864/1768 1550/1571/1478 1557/1570/1477
f 1557/1570/1477 1558/1906/1808 1551/1864/1768
f 1631/1766/1670 1632/1578/1485 1308/1579/1486
f 1308/1579/1486 1306/1765/1669 1631/1766/1670
f 1245/1881/1783 1243/1660/1566 1241/1659/1565
f 1241/1659/1565 1244/1882/1784 1245/1881/1783
f 1165/1020/936 1065/1019/935 1063/1732/1636
f 1604/1907/1809 786/1764/1668 788/815/732
f 788/815/732 1605/1503/1411 1604/1907/1809
f 1434/1601/1508 1436/1869/1771 1435/1870/1772
f 1435/1870/1772 1433/1602/1509 1434/1601/1508
f 1044/1516/1424 1049/1048/964 977/1823/1727
f 977/1823/1727 1043/1771/1675 1044/1516/1424
f 810/1856/1760 812/1908/1810 1622/1011/927
f 1622/1011/927 808/1010/926 810/1856/1760
f 1637/1628/1534 1312/1769/1673 1635/877/794
f 1463/1909/1811 1461/1910/1812 1462/1899/1801
f 1462/1899/1801 1464/1442/1350 1463/1909/1811
f 915/1112/1025 913/1106/1019 914/1174/1087
f 914/1174/1087 916/1683/1589 915/1112/1025
f 1665/1816/1720 1667/795/712 1666/798/715
f 1666/798/715 1664/1813/1717 1665/1816/1720
f 1652/1425/1334 1655/1911/1813 1654/1912/1814
f 1654/1912/1814 1653/1426/1334 1652/1425/1334
f 1527/1103/1016 1528/1102/1015 1542/1064/978
f 1542/1064/978 1543/1015/931 1527/1103/1016
f 1661/1913/1815 1660/1914/1816 1662/1815/1719
f 1662/1815/1719 1663/1814/1718 1661/1913/1815
f 1656/1915/1817 1654/1912/1814 1655/1911/1813
f 1655/1911/1813 1657/1916/1818 1656/1915/1817
f 1660/1914/1816 1661/1913/1815 1658/1917/1819
f 1658/1917/1819 1659/1918/1820 1660/1914/1816
f 1658/1917/1819 1656/1915/1817 1657/1916/1818
f 1657/1916/1818 1659/1918/1820 1658/1917/1819
f 843/1857/1761 844/1299/1212 842/1298/1211
f 842/1298/1211 841/910/826 843/1857/1761
f 1511/1851/1755 1509/1850/1754 1546/1260/1173
f 1546/1260/1173 1549/1572/1479 1511/1851/1755
f 1644/1862/1766 1642/1604/1511 1643/1607/1514
f 1643/1607/1514 1645/1863/1767 1644/1862/1766
f 997/958/874 1005/1270/1183 1006/1083/996
f 1006/1083/996 996/955/871 997/958/874
f 943/1008/924 944/956/872 946/1241/1154
f 946/1241/1154 945/1176/1089 943/1008/924
f 1995/871/788 1996/870/787 1989/1439/1347
f 1989/1439/1347 1987/1438/1346 1995/871/788
f 769/771/688 767/1919/1821 768/1920/1822
f 768/1920/1822 770/772/689 769/771/688
f 1668/796/713 1670/1714/1620 1669/797/714
f 1144/1211/1124 1171/1004/920 1170/1007/923
f 1170/1007/923 1142/1208/1121 1144/1211/1124
f 913/1106/1019 911/1109/1022 912/1175/1088
f 912/1175/1088 914/1174/1087 913/1106/1019
f 1859/1669/1575 1866/1889/1791 1860/1280/1193
f 1860/1280/1193 1853/925/841 1859/1669/1575
f 891/1650/1556 1260/1151/1064 893/1525/1432
f 893/1525/1432 892/1472/1380 891/1650/1556
f 1179/1505/1413 1180/1504/1412 1178/1876/1778
f 1178/1876/1778 1177/1540/1447 1179/1505/1413
f 824/1836/1740 819/887/804 820/888/805
f 820/888/805 823/900/817 824/1836/1740
f 1398/1614/1521 1394/1550/1457 1397/1921/1823
f 1397/1921/1823 1412/1922/1824 1398/1614/1521
f 1240/1923/1825 1239/1924/1826 1241/1659/1565
f 1241/1659/1565 1242/1661/1567 1240/1923/1825
f 1413/1925/1827 1414/1926/1828 1412/1922/1824
f 1412/1922/1824 1397/1921/1823 1413/1925/1827
f 1927/1927/1829 1929/1928/1830 1928/1929/1831
f 1928/1929/1831 1925/1930/1832 1927/1927/1829
f 1694/1616/1523 1692/939/855 1691/942/858
f 1691/942/858 1693/1617/1524 1694/1616/1523
f 1628/1222/1135 835/874/791 834/1381/1290
f 834/1381/1290 845/1382/1291 1628/1222/1135
f 1473/1586/1493 1474/1585/1492 1475/1866/1770
f 1475/1866/1770 1536/1838/1742 1473/1586/1493
f 1559/1931/1833 1552/1865/1769 1551/1864/1768
f 1551/1864/1768 1558/1906/1808 1559/1931/1833
f 1487/1452/1360 1488/1932/1834 1486/1761/1665
f 1486/1761/1665 1469/996/912 1487/1452/1360
f 1491/1536/1443 1489/1451/1359 1534/1454/1362
f 1534/1454/1362 1533/1858/1762 1491/1536/1443
f 1719/1894/1796 1724/1933/1835 1725/1027/943
f 1725/1027/943 1717/1239/1152 1719/1894/1796
f 1062/1733/1637 1063/1732/1636 1064/1374/1283
f 1064/1374/1283 1116/1375/1284 1062/1733/1637
f 1192/1681/1587 1190/1680/1586 1193/1274/1187
f 1193/1274/1187 1196/1273/1186 1192/1681/1587
f 836/873/790 811/1839/1743 810/1856/1760
f 810/1856/1760 809/1695/1601 836/873/790
f 1689/941/857 1690/940/856 1688/1775/1679
f 1688/1775/1679 1687/1778/1682 1689/941/857
f 1737/1934/1836 1738/1809/1713 1730/1028/944
f 1730/1028/944 1731/1935/1837 1737/1934/1836
f 919/1263/1176 917/1177/1090 918/1684/1590
f 918/1684/1590 920/1264/1177 919/1263/1176
f 1560/1936/1838 1553/1428/1336 1552/1865/1769
f 1552/1865/1769 1559/1931/1833 1560/1936/1838
f 1401/863/780 1406/1787/1691 1407/1622/1529
f 1407/1622/1529 1402/1621/1528 1401/863/780
f 1281/1137/1050 1294/1140/1053 1285/1626/1532
f 1285/1626/1532 1283/1625/1531 1281/1137/1050
f 1748/1078/991 1744/1077/990 1747/832/749
f 1747/832/749 1750/885/802 1748/1078/991
f 1810/1159/1072 1808/1158/1071 1839/1937/1839
f 1839/1937/1839 1838/1938/1840 1810/1159/1072
f 1932/1143/1056 1930/1142/1055 1931/1310/1223
f 1931/1310/1223 1933/1309/1222 1932/1143/1056
f 993/1939/1841 950/1320/1233 948/1242/1155
f 948/1242/1155 994/1292/1205 993/1939/1841
f 1520/1340/1250 1518/1339/1249 1519/1429/1337
f 1519/1429/1337 1521/1300/1213 1520/1340/1250
f 985/1940/1842 964/829/746 962/828/745
f 962/828/745 986/1941/1843 985/1940/1842
f 1390/861/778 1388/864/781 1389/1603/1510
f 1389/1603/1510 1391/1491/1399 1390/861/778
f 810/1856/1760 811/1839/1743 813/1694/1600
f 813/1694/1600 812/1908/1810 810/1856/1760
f 1018/1393/1302 992/987/903 993/1939/1841
f 993/1939/1841 1008/1394/1303 1018/1393/1302
f 1004/1560/1467 1306/1765/1669 1009/1271/1184
f 1009/1271/1184 1005/1270/1183 1004/1560/1467
f 1317/1181/1094 1327/1942/1844 1326/1450/1358
f 1326/1450/1358 1320/1178/1091 1317/1181/1094
f 825/1837/1741 854/1943/1845 853/1407/1316
f 853/1407/1316 826/1406/1315 825/1837/1741
f 1725/1027/943 1726/1026/942 1715/1240/1153
f 1715/1240/1153 1717/1239/1152 1725/1027/943
f 1783/1480/1388 1777/1482/1390 1779/1384/1293
f 1779/1384/1293 1784/1780/1684 1783/1480/1388
f 1775/1233/1146 1782/1481/1389 1769/1699/1605
f 1769/1699/1605 1773/1234/1147 1775/1233/1146
f 1513/1849/1753 1512/1753/1657 1510/1752/1656
f 1510/1752/1656 1511/1851/1755 1513/1849/1753
f 1024/908/824 1023/1052/966 1021/1051/966
f 1021/1051/966 1025/1318/1231 1024/908/824
f 1151/1249/1162 1150/1944/1846 1149/1945/1847
f 1149/1945/1847 1157/1250/1163 1151/1249/1162
f 1731/1935/1837 1724/1933/1835 1732/932/848
f 1732/932/848 1733/978/894 1731/1935/1837
f 1561/1946/1848 1554/1301/1214 1553/1428/1336
f 1553/1428/1336 1560/1936/1838 1561/1946/1848
f 948/1242/1155 946/1241/1154 995/1291/1204
f 995/1291/1204 994/1292/1205 948/1242/1155
f 1737/1934/1836 1731/1935/1837 1733/978/894
f 1733/978/894 1736/977/893 1737/1934/1836
f 1756/1196/1109 1754/1840/1744 1759/968/884
f 1759/968/884 1765/967/883 1756/1196/1109
f 1737/1934/1836 1742/1096/1009 1738/1809/1713
f 925/1130/1043 924/868/785 926/867/784
f 926/867/784 927/1678/1584 925/1130/1043
f 1502/1128/1041 1503/1104/1017 1505/1562/1469
f 1505/1562/1469 1504/1561/1468 1502/1128/1041
f 1744/1077/990 1739/1810/1714 1743/833/750
f 1743/833/750 1747/832/749 1744/1077/990
f 1730/1028/944 1725/1027/943 1724/1933/1835
f 1724/1933/1835 1731/1935/1837 1730/1028/944
f 1172/1569/1476 1140/1518/1426 1141/1209/1122
f 1141/1209/1122 1142/1208/1121 1172/1569/1476
f 1603/1334/1244 784/1333/1243 786/1764/1668
f 786/1764/1668 1604/1907/1809 1603/1334/1244
f 1923/1947/1849 1924/1948/1850 1926/1949/1851
f 1926/1949/1851 1925/1930/1832 1923/1947/1849
f 1750/885/802 1751/1731/1635 1748/1078/991
f 1286/1040/956 1285/1626/1532 1287/1950/1852
f 1287/1950/1852 1288/1041/957 1286/1040/956
f 1289/1951/1853 1295/1885/1787 1291/1474/1382
f 1291/1474/1382 1290/1667/1573 1289/1951/1853
f 1225/1608/1515 1227/1642/1548 774/779/696
f 774/779/696 772/778/695 1225/1608/1515
f 1835/1952/1854 1833/1118/1031 1834/1953/1855
f 1834/1953/1855 1807/1884/1786 1835/1952/1854
f 1158/1373/1282 1212/1390/1299 1213/1075/988
f 1213/1075/988 1214/1074/987 1158/1373/1282
f 1698/1788/1692 1697/1791/1695 1696/1615/1522
f 1696/1615/1522 1695/1618/1525 1698/1788/1692
f 1124/1821/1725 1123/1820/1724 1127/966/882
f 1127/966/882 1128/965/881 1124/1821/1725
f 849/1954/1856 830/927/843 829/926/842
f 829/926/842 850/1745/1649 849/1954/1856
f 1526/1286/1199 1505/1562/1469 1503/1104/1017
f 1503/1104/1017 1527/1103/1016 1526/1286/1199
f 1148/1207/1120 1147/1163/1076 1149/1945/1847
f 1149/1945/1847 1150/1944/1846 1148/1207/1120
f 1507/1859/1763 1506/1327/1240 1505/1562/1469
f 1505/1562/1469 1526/1286/1199 1507/1859/1763
f 1765/967/883 1758/1197/1110 1756/1196/1109
f 1766/1955/1857 1767/998/914 1763/1500/1408
f 774/779/696 1230/1645/1551 1232/1533/1440
f 1232/1533/1440 776/988/904 774/779/696
f 1506/1327/1240 1507/1859/1763 1509/1850/1754
f 1509/1850/1754 1508/1324/1237 1506/1327/1240
f 1905/1903/1805 1902/1956/1858 1903/1957/1859
f 1903/1957/1859 1904/1904/1806 1905/1903/1805
f 1079/1489/1397 1078/1422/1331 1077/1417/1326
f 1077/1417/1326 925/1130/1043 1079/1489/1397
f 1767/998/914 1764/969/885 1760/1097/1010
f 1760/1097/1010 1763/1500/1408 1767/998/914
f 1808/1158/1071 1807/1884/1786 1806/1958/1860
f 1806/1958/1860 1839/1937/1839 1808/1158/1071
f 1850/937/853 1848/1154/1067 1847/1153/1066
f 1847/1153/1066 1849/938/854 1850/937/853
f 777/1959/1861 775/989/905 776/988/904
f 776/988/904 778/1535/1442 777/1959/1861
f 989/1647/1553 957/1635/1541 956/1634/1540
f 956/1634/1540 990/1712/1618 989/1647/1553
f 1841/1434/1342 1847/1153/1066 1845/1152/1065
f 1845/1152/1065 1843/1565/1472 1841/1434/1342
f 966/920/836 964/829/746 985/1940/1842
f 985/1940/1842 984/1819/1723 966/920/836
f 921/1262/1175 1087/1436/1344 1088/858/775
f 1088/858/775 919/1263/1176 921/1262/1175
f 1727/1729/1633 1741/1905/1807 1728/1186/1099
f 1728/1186/1099 1713/1189/1102 1727/1729/1633
f 830/927/843 849/1954/1856 848/1812/1716
f 848/1812/1716 831/1758/1662 830/927/843
f 859/1648/1554 860/1960/1862 858/997/913
f 858/997/913 822/897/814 859/1648/1554
f 1675/1247/1160 1676/1246/1159 1678/1740/1644
f 1678/1740/1644 1677/1739/1643 1675/1247/1160
f 1408/1786/1690 1407/1622/1529 1406/1787/1691
f 1406/1787/1691 1410/1025/941 1408/1786/1690
f 969/1360/1269 967/1842/1746 968/1229/1142
f 968/1229/1142 970/1228/1141 969/1360/1269
f 951/1321/1234 952/986/902 954/985/901
f 954/985/901 953/866/783 951/1321/1234
f 1752/886/803 1753/1841/1745 1795/1835/1739
f 1376/1961/1863 1360/1798/1702 1377/1767/1671
f 1377/1767/1671 1375/1396/1305 1376/1961/1863
f 1311/1721/1627 1313/1687/1593 1314/1686/1592
f 1314/1686/1592 1309/1720/1626 1311/1721/1627
f 1493/1537/1444 1491/1536/1443 1533/1858/1762
f 1533/1858/1762 1532/1779/1683 1493/1537/1444
f 1716/1238/1151 1718/1460/1368 1719/1894/1796
f 1719/1894/1796 1717/1239/1152 1716/1238/1151
f 1959/822/739 1974/821/738 1975/1962/1864
f 1975/1962/1864 1961/1871/1773 1959/822/739
f 1031/1963/823 1029/1868/823 1030/1867/823
f 1030/1867/823 1032/1964/823 1031/1963/823
f 1837/1965/1865 1814/1966/1866 1810/1159/1072
f 1810/1159/1072 1838/1938/1840 1837/1965/1865
f 1814/1966/1866 1815/1735/1639 1813/1967/1867
f 1813/1967/1867 1810/1159/1072 1814/1966/1866
f 1581/1043/959 1582/1042/958 1580/1057/971
f 1580/1057/971 1579/1056/970 1581/1043/959
f 1133/1690/1596 1134/1512/1420 1129/891/808
f 1129/891/808 1132/964/880 1133/1690/1596
f 786/1764/1668 785/1637/1543 787/813/730
f 787/813/730 788/815/732 786/1764/1668
f 1381/809/726 1354/812/729 1353/1825/1729
f 1353/1825/1729 1362/1824/1728 1381/809/726
f 1814/1966/1866 1816/1736/1640 1815/1735/1639
f 1335/972/888 1336/971/887 1334/1818/1722
f 1334/1818/1722 1333/1817/1721 1335/972/888
f 1273/1666/1572 1271/1706/1612 1289/1951/1853
f 1289/1951/1853 1290/1667/1573 1273/1666/1572
f 1821/1641/1547 1822/1594/1501 1823/1593/1500
f 1032/1964/823 1034/1331/823 1033/1330/823
f 1033/1330/823 1031/1963/823 1032/1964/823
f 875/803/720 878/802/719 876/1044/960
f 876/1044/960 867/975/891 875/803/720
f 1706/1874/1776 1178/1876/1778 1180/1504/1412
f 1180/1504/1412 1707/1677/1583 1706/1874/1776
f 1154/1162/1075 1155/1514/1422 1149/1945/1847
f 1149/1945/1847 1147/1163/1076 1154/1162/1075
f 1119/1774/1678 1124/1821/1725 1120/1542/1449
f 1120/1542/1449 1045/1350/1259 1119/1774/1678
f 1832/1117/1030 1834/1953/1855 1833/1118/1031
f 1259/1148/1061 1255/1649/1555 1257/1676/1582
f 1257/1676/1582 1258/777/694 1259/1148/1061
f 1835/1952/1854 1807/1884/1786 1836/1883/1785
f 881/1053/967 883/1968/1868 884/1969/1869
f 884/1969/1869 882/1970/1870 881/1053/967
f 967/1842/1746 1053/1971/1871 1054/1723/1629
f 1054/1723/1629 965/921/837 967/1842/1746
f 1614/1744/1648 1613/1527/1434 1615/1526/1433
f 1615/1526/1433 1616/1880/1782 1614/1744/1648
f 1347/1655/1561 1340/944/860 1346/1564/1471
f 1346/1564/1471 1349/1656/1562 1347/1655/1561
f 962/828/745 960/1201/1114 987/1508/1416
f 987/1508/1416 986/1941/1843 962/828/745
f 1866/1889/1791 1859/1669/1575 1864/1831/1735
f 1864/1831/1735 1865/1972/1872 1866/1889/1791
f 1261/1523/1430 893/1525/1432 1260/1151/1064
f 1260/1151/1064 1264/1150/1063 1261/1523/1430
f 1868/1545/1452 1867/1973/1873 1877/1974/1874
f 1877/1974/1874 1869/1546/1453 1868/1545/1452
f 2006/935/851 2007/934/850 2005/1317/1230
f 2005/1317/1230 2004/1316/1229 2006/935/851
f 855/1975/1875 854/1943/1845 825/1837/1741
f 825/1837/1741 824/1836/1740 855/1975/1875
f 1879/1182/1095 1873/1185/1098 1872/1716/1622
f 1872/1716/1622 1871/1715/1621 1879/1182/1095
f 1898/792/709 1897/791/708 1900/1976/1876
f 1900/1976/1876 1899/1977/1877 1898/792/709
f 1871/1715/1621 1869/1546/1453 1877/1974/1874
f 1877/1974/1874 1878/1978/1878 1871/1715/1621
f 1565/1979/1879 1566/1478/1386 1568/1335/1245
f 1568/1335/1245 1567/1980/1880 1565/1979/1879
f 1153/1165/1078 1152/1689/1595 1203/1446/1354
f 1203/1446/1354 1205/1449/1357 1153/1165/1078
f 1444/1410/1319 1445/1494/1402 1446/1493/1401
f 1446/1493/1401 1443/1411/1320 1444/1410/1319
f 1162/1231/1144 1163/1018/934 1167/1711/1617
f 1167/1711/1617 1168/1232/1145 1162/1231/1144
f 1181/1506/1414 1187/1575/1482 1183/1577/1484
f 1183/1577/1484 1182/1507/1415 1181/1506/1414
f 1128/965/881 1125/890/807 1120/1542/1449
f 1120/1542/1449 1124/1821/1725 1128/965/881
f 1857/1830/1734 1858/1668/1574 1856/1433/1341
f 1856/1433/1341 1840/1432/1340 1857/1830/1734
f 822/897/814 821/1380/1289 782/799/716
f 782/799/716 859/1648/1554 822/897/814
f 1867/1973/1873 1868/1545/1452 1866/1889/1791
f 1866/1889/1791 1865/1972/1872 1867/1973/1873
f 1858/1668/1574 1851/924/840 1849/938/854
f 1849/938/854 1856/1433/1341 1858/1668/1574
f 1841/1434/1342 1856/1433/1341 1849/938/854
f 1849/938/854 1847/1153/1066 1841/1434/1342
f 1040/1981/823 1041/1982/823 1038/1983/823
f 1038/1983/823 1039/1984/823 1040/1981/823
f 1098/896/813 1097/859/776 1088/858/775
f 1088/858/775 1087/1436/1344 1098/896/813
f 1843/1565/1472 1845/1152/1065 1846/1155/1068
f 1846/1155/1068 1844/1566/1473 1843/1565/1472
f 1916/1522/1428 1919/1828/1732 1918/1827/1731
f 1918/1827/1731 1917/1520/1428 1916/1522/1428
f 929/1551/1458 931/1554/1461 935/1531/1438
f 935/1531/1438 936/1530/1437 929/1551/1458
f 1862/1278/1191 1861/1281/1194 1870/1544/1451
f 1870/1544/1451 1863/1985/1881 1862/1278/1191
f 1000/949/865 1623/1303/1216 1627/1986/1882
f 1627/1986/1882 1002/950/866 1000/949/865
f 1762/1323/1236 1766/1955/1857 1763/1500/1408
f 1763/1500/1408 1761/1322/1235 1762/1323/1236
f 1479/1832/1736 1482/1202/1115 1483/1205/1118
f 1483/1205/1118 1481/1987/1883 1479/1832/1736
f 1883/1887/1789 1885/835/752 1884/834/751
f 1160/1006/922 1071/784/701 1069/991/907
f 1069/991/907 1161/1145/1058 1160/1006/922
f 826/1406/1315 817/1131/1044 818/1349/1258
f 818/1349/1258 825/1837/1741 826/1406/1315
f 1788/1369/1278 1790/1368/1277 1789/1988/1884
f 1789/1988/1884 1782/1481/1389 1788/1369/1278
f 1416/1797/1701 1412/1922/1824 1414/1926/1828
f 1414/1926/1828 1415/1795/1699 1416/1797/1701
f 1156/1444/1352 1157/1250/1163 1149/1945/1847
f 1149/1945/1847 1155/1514/1422 1156/1444/1352
f 1894/823/740 1896/794/711 1895/793/710
f 1377/1767/1671 1358/1590/1497 1379/1589/1496
f 1379/1589/1496 1378/1397/1306 1377/1767/1671
f 1240/1923/1825 1238/1653/1559 1237/1652/1558
f 1237/1652/1558 1239/1924/1826 1240/1923/1825
f 1900/1976/1876 1901/1989/1885 1899/1977/1877
f 1198/1990/1886 1135/1691/1597 1133/1690/1596
f 1133/1690/1596 1197/1713/1619 1198/1990/1886
f 1567/1980/1880 1568/1335/1245 1570/1336/1246
f 1570/1336/1246 1569/1547/1454 1567/1980/1880
f 788/815/732 789/814/731 791/817/734
f 791/817/734 790/816/733 788/815/732
f 1906/1902/1804 1908/1708/1614 1907/1707/1613
f 874/974/890 886/1061/975 885/804/721
f 885/804/721 875/803/720 874/974/890
f 1578/1058/972 1571/1548/1455 1572/1062/976
f 1572/1062/976 1573/1059/973 1578/1058/972
f 1914/1192/1105 1915/1521/1429 1913/1193/1106
f 1624/1218/1131 1626/1221/1134 1627/1986/1882
f 1627/1986/1882 1623/1303/1216 1624/1218/1131
f 1825/1592/1499 1824/1591/1498 1826/1356/1265
f 1826/1356/1265 1827/1355/1264 1825/1592/1499
f 1812/1991/1887 1811/1156/1069 1810/1159/1072
f 1810/1159/1072 1813/1967/1867 1812/1991/1887
f 1921/1829/1733 1922/1992/1888 1920/1826/1730
f 1063/1732/1636 1065/1019/935 1066/1147/1060
f 1066/1147/1060 1064/1374/1283 1063/1732/1636
f 1755/1195/1108 1753/1841/1745 1754/1840/1744
f 1754/1840/1744 1756/1196/1109 1755/1195/1108
f 1925/1930/1832 1926/1949/1851 1927/1927/1829
f 1701/1891/1793 1699/1790/1694 1700/1789/1693
f 1700/1789/1693 1702/1892/1794 1701/1891/1793
f 1928/1929/1831 1929/1928/1830 1880/1993/1889
f 1562/808/725 1555/807/724 1554/1301/1214
f 1554/1301/1214 1561/1946/1848 1562/808/725
f 1037/1727/823 1039/1984/823 1038/1983/823
f 1038/1983/823 1036/1728/823 1037/1727/823
f 929/1551/1458 927/1678/1584 926/867/784
f 926/867/784 928/1552/1459 929/1551/1458
f 1973/819/736 1959/822/739 1958/1328/1241
f 1958/1328/1241 1957/917/833 1973/819/736
f 871/1170/1083 870/1169/1082 872/1877/1779
f 872/1877/1779 873/1486/1394 871/1170/1083
f 1933/1309/1222 1934/1405/1314 1947/1144/1057
f 1947/1144/1057 1932/1143/1056 1933/1309/1222
f 1401/863/780 1400/862/779 1405/1022/938
f 1405/1022/938 1406/1787/1691 1401/863/780
f 1995/871/788 1987/1438/1346 1994/1580/1487
f 1994/1580/1487 2004/1316/1229 1995/871/788
f 994/1292/1205 1007/1086/999 1008/1394/1303
f 1008/1394/1303 993/1939/1841 994/1292/1205
f 1952/1994/1890 1939/1134/1047 1951/1995/1891
f 1951/1995/1891 1953/1996/1892 1952/1994/1890
f 1891/1847/1751 1890/1846/1750 1892/825/742
f 1892/825/742 1893/824/741 1891/1847/1751
f 1373/1267/1180 1374/1266/1179 1376/1961/1863
f 1376/1961/1863 1375/1396/1305 1373/1267/1180
f 1902/1956/1858 1901/1989/1885 1900/1976/1876
f 1900/1976/1876 1903/1957/1859 1902/1956/1858
f 1232/1533/1440 1234/1872/1774 1235/1997/1893
f 1235/1997/1893 1233/1534/1441 1232/1533/1440
f 952/986/902 950/1320/1233 993/1939/1841
f 993/1939/1841 992/987/903 952/986/902
f 775/989/905 777/1959/1861 779/1998/1894
f 779/1998/1894 780/1353/1262 775/989/905
f 824/1836/1740 823/900/817 856/899/816
f 856/899/816 855/1975/1875 824/1836/1740
f 1743/833/750 1739/1810/1714 1738/1809/1713
f 1738/1809/1713 1742/1096/1009 1743/833/750
f 1427/1067/981 1429/1799/1703 1430/1800/1704
f 1430/1800/1704 1428/1068/982 1427/1067/981
f 969/1360/1269 1052/1261/1174 1053/1971/1871
f 1053/1971/1871 967/1842/1746 969/1360/1269
f 1920/1826/1730 1922/1992/1888 1924/1948/1850
f 1924/1948/1850 1923/1947/1849 1920/1826/1730
f 1082/1568/1475 934/1529/1436 1084/1413/1322
f 1084/1413/1322 1083/1646/1552 1082/1568/1475
f 1870/1544/1451 1872/1716/1622 1876/1770/1674
f 1876/1770/1674 1863/1985/1881 1870/1544/1451
f 1480/1584/1491 1472/1583/1490 1479/1832/1736
f 1479/1832/1736 1481/1987/1883 1480/1584/1491
f 1018/1393/1302 1013/1392/1301 1017/1845/1749
f 1017/1845/1749 1019/1999/1895 1018/1393/1302
f 1148/1207/1120 1150/1944/1846 1151/1249/1162
f 1151/1249/1162 1146/1206/1119 1148/1207/1120
f 1465/882/799 1463/1909/1811 1464/1442/1350
f 1464/1442/1350 1466/883/800 1465/882/799
f 1951/1995/1891 1939/1134/1047 1937/1133/1046
f 1937/1133/1046 1950/1762/1666 1951/1995/1891
f 1154/1162/1075 1207/1582/1489 1209/1513/1421
f 1209/1513/1421 1155/1514/1422 1154/1162/1075
f 1298/1633/1539 1287/1950/1852 1285/1626/1532
f 1285/1626/1532 1294/1140/1053 1298/1633/1539
f 1322/1039/955 1324/1038/954 1325/2000/1896
f 1325/2000/1896 1016/1878/1780 1322/1039/955
f 1953/1996/1892 1943/1897/1799 1941/1896/1798
f 1941/1896/1798 1952/1994/1890 1953/1996/1892
f 1489/1451/1359 1490/1539/1446 1488/1932/1834
f 1488/1932/1834 1487/1452/1360 1489/1451/1359
f 1828/1357/1266 1830/1116/1029 1831/1119/1032
f 1831/1119/1032 1829/1358/1267 1828/1357/1266
f 1319/1256/1169 1014/1255/1168 1013/1392/1301
f 1013/1392/1301 1012/1391/1300 1319/1256/1169
f 1103/1420/1329 1094/1114/1027 1095/790/707
f 1095/790/707 1102/789/706 1103/1420/1329
f 1307/1724/1630 1009/1271/1184 1306/1765/1669
f 1306/1765/1669 1308/1579/1486 1307/1724/1630
f 1518/1339/1249 1585/1338/1248 1514/1295/1208
f 1514/1295/1208 1516/1294/1207 1518/1339/1249
f 1417/1796/1700 1418/1161/1074 1411/1160/1073
f 1411/1160/1073 1416/1797/1701 1417/1796/1700
f 1152/1689/1595 1139/1517/1425 1201/1400/1309
f 1201/1400/1309 1203/1446/1354 1152/1689/1595
f 811/1839/1743 1353/1825/1729 1354/812/729
f 1354/812/729 813/1694/1600 811/1839/1743
f 896/2001/1897 897/1225/1138 894/1224/1137
f 894/1224/1137 895/1524/1431 896/2001/1897
f 1711/1187/1100 1709/2002/1898 1710/1898/1800
f 1710/1898/1800 1712/1188/1101 1711/1187/1100
f 1672/1173/1086 1341/1172/1085 1340/944/860
f 1340/944/860 1339/943/859 1672/1173/1086
f 1302/2003/1899 1303/2004/1900 1305/1485/1393
f 1305/1485/1393 1304/1484/1392 1302/2003/1899
f 1940/1135/1048 1939/1134/1047 1952/1994/1890
f 1952/1994/1890 1941/1896/1798 1940/1135/1048
f 1776/849/766 1778/843/760 1779/1384/1293
f 1779/1384/1293 1777/1482/1390 1776/849/766
f 1135/1691/1597 1198/1990/1886 1199/1402/1311
f 1199/1402/1311 1137/1401/1310 1135/1691/1597
f 1499/913/829 1501/1105/1018 1500/1127/1040
f 1500/1127/1040 1498/914/830 1499/913/829
f 1302/2003/1899 1301/1252/1165 1300/1251/1164
f 1300/1251/1164 1303/2004/1900 1302/2003/1899
f 1986/1581/1488 2008/933/849 2009/936/852
f 2009/936/852 1994/1580/1487 1986/1581/1488
f 935/1531/1438 931/1554/1461 932/1414/1323
f 932/1414/1323 933/1528/1435 935/1531/1438
f 1997/1673/1579 1996/870/787 2002/869/786
f 2002/869/786 2001/1749/1653 1997/1673/1579
f 1997/1673/1579 1999/1123/1036 1998/1126/1039
f 1998/1126/1039 1991/1555/1462 1997/1673/1579
f 958/1509/1417 930/1553/1460 928/1552/1459
f 928/1552/1459 957/1635/1541 958/1509/1417
f 1531/1122/1035 1539/1285/1198 1540/1284/1197
f 1540/1284/1197 1530/1120/1033 1531/1122/1035
f 1183/1577/1484 1166/1557/1464 1164/1021/937
f 1164/1021/937 1185/1843/1747 1183/1577/1484
f 1370/1746/1650 1368/1035/951 1388/864/781
f 1388/864/781 1401/863/780 1370/1746/1650
f 888/1596/1503 902/1595/1502 887/1060/974
f 887/1060/974 874/974/890 888/1596/1503
f 780/1353/1262 779/1998/1894 860/1960/1862
f 860/1960/1862 859/1648/1554 780/1353/1262
f 1397/1921/1823 1394/1550/1457 1396/1781/1685
f 1396/1781/1685 2010/2005/1901 1397/1921/1823
f 1975/1962/1864 1974/821/738 1984/1501/1409
f 1984/1501/1409 1985/1502/1410 1975/1962/1864
f 1083/1646/1552 1084/1413/1322 959/1200/1113
f 959/1200/1113 961/827/744 1083/1646/1552
f 904/1099/1012 897/1225/1138 896/2001/1897
f 896/2001/1897 937/1848/1752 904/1099/1012
f 1525/1498/1406 1523/1302/1215 1555/807/724
f 1555/807/724 1564/806/723 1525/1498/1406
f 899/1470/1378 898/1223/1136 903/1226/1139
f 903/1226/1139 1107/1430/1338 899/1470/1378
f 1265/774/691 1258/777/694 1257/1676/1582
f 1257/1676/1582 1266/1688/1594 1265/774/691
f 1593/1063/977 1592/1479/1387 1594/768/685
f 1594/768/685 1574/767/684 1593/1063/977
f 1548/1259/1172 1556/1573/1480 1549/1572/1479
f 1549/1572/1479 1546/1260/1173 1548/1259/1172
f 1787/1366/1275 1786/1784/1688 1792/2006/1902
f 1792/2006/1902 1791/1367/1276 1787/1366/1275
f 909/1719/1625 1092/1108/1021 1093/1115/1028
f 1093/1115/1028 907/1101/1014 909/1719/1625
f 889/1244/1157 1254/1487/1395 1255/1649/1555
f 1255/1649/1555 891/1650/1556 889/1244/1157
f 1167/1711/1617 1163/1018/934 1166/1557/1464
f 1166/1557/1464 1188/1576/1483 1167/1711/1617
f 796/1519/1427 1613/1527/1434 1609/1466/1374
f 1609/1466/1374 794/1469/1377 796/1519/1427
f 1807/1884/1786 1834/1953/1855 1805/2007/1903
f 1805/2007/1903 1806/1958/1860 1807/1884/1786
f 1315/1180/1093 1010/1084/997 1009/1271/1184
f 1009/1271/1184 1307/1724/1630 1315/1180/1093
f 1482/1202/1115 1477/1443/1351 1476/1900/1802
f 1476/1900/1802 1484/1203/1116 1482/1202/1115
f 925/1130/1043 1077/1417/1326 1086/1416/1325
f 1086/1416/1325 923/1129/1042 925/1130/1043
f 1736/977/893 1761/1322/1235 1742/1096/1009
f 1742/1096/1009 1737/1934/1836 1736/977/893
f 1769/1699/1605 1782/1481/1389 1789/1988/1884
f 1789/1988/1884 1770/1700/1606 1769/1699/1605
f 1487/1452/1360 1469/996/912 1471/995/911
f 1471/995/911 1535/1453/1361 1487/1452/1360
f 1412/1922/1824 1416/1797/1701 1411/1160/1073
f 1411/1160/1073 1398/1614/1521 1412/1922/1824
f 1880/1993/1889 1881/1886/1788 1882/1888/1790
f 1882/1888/1790 1928/1929/1831 1880/1993/1889
f 992/987/903 1018/1393/1302 1019/1999/1895
f 1019/1999/1895 991/984/900 992/987/903
f 1993/1125/1038 1992/1556/1463 1991/1555/1462
f 1991/1555/1462 1998/1126/1039 1993/1125/1038
f 1800/1833/1737 1801/2008/1904 1722/1217/1130
f 1722/1217/1130 1720/1216/1129 1800/1833/1737
f 1210/1811/1715 1216/1389/1298 1212/1390/1299
f 1212/1390/1299 1211/1445/1353 1210/1811/1715
f 2011/2009/1905 1705/2010/1905 1703/1890/1792
f 1703/1890/1792 1704/1893/1795 2011/2009/1905
f 1399/1269/1182 1398/1614/1521 1411/1160/1073
f 1411/1160/1073 1404/1023/939 1399/1269/1182
f 1724/1933/1835 1719/1894/1796 1721/929/845
f 1721/929/845 1732/932/848 1724/1933/1835
f 1746/830/747 1759/968/884 1754/1840/1744
f 1754/1840/1744 1749/831/748 1746/830/747
f 1049/1048/964 1044/1516/1424 1048/1515/1423
f 1048/1515/1423 1050/1045/961 1049/1048/964
f 882/1970/1870 879/1755/1659 878/802/719
f 878/802/719 881/1053/967 882/1970/1870
f 1969/1376/1285 1970/1329/1242 1971/1638/1544
f 1971/1638/1544 1968/1377/1286 1969/1376/1285
f 1316/1685/1591 1328/2011/1906 1327/1942/1844
f 1327/1942/1844 1317/1181/1094 1316/1685/1591
f 1875/1183/1096 1879/1182/1095 1871/1715/1621
f 1871/1715/1621 1878/1978/1878 1875/1183/1096
f 1965/1654/1560 1970/1329/1242 1969/1376/1285
f 1969/1376/1285 1967/1379/1288 1965/1654/1560
f 900/1597/1504 1108/1794/1698 901/1598/1505
