# Blender 5.2.0 LTS
# www.blender.org
o throttle_moving_joined
v -0.060103 0.124128 0.050426
v -0.060116 0.107390 0.050399
v -0.054234 0.124142 0.058792
v -0.054244 0.107380 0.058801
v -0.044389 0.124141 0.066173
v -0.044400 0.107380 0.066183
v -0.031430 0.124137 0.071311
v -0.031393 0.107385 0.071316
v -0.016428 0.124137 0.073058
v -0.016399 0.107377 0.073022
v -0.001250 0.107379 0.071080
v 0.012660 0.107288 0.011265
v 0.016612 0.107286 0.013873
v 0.013265 0.108304 0.010488
v 0.016611 0.108322 0.013840
v 0.013280 0.119088 0.010483
v 0.016630 0.124136 0.013840
v 0.013276 0.124070 0.010480
v 0.020878 0.108292 0.018027
v 0.020876 0.107280 0.018025
v 0.012114 0.107384 0.065729
v -0.001284 0.124147 0.071078
v 0.025811 0.107254 0.023950
v 0.022388 0.107382 0.057969
v 0.012121 0.124129 0.065717
v 0.025805 0.108218 0.023943
v 0.029540 0.107222 0.031433
v 0.028555 0.107398 0.049095
v 0.022404 0.124135 0.057998
v 0.028569 0.124136 0.049121
v 0.025791 0.124143 0.023930
v 0.029526 0.124143 0.031420
v 0.029559 0.108027 0.031432
v 0.030820 0.124138 0.039994
v 0.030831 0.107852 0.040015
v 0.030826 0.107169 0.039999
v 0.000322 0.118632 -0.011907
v 0.006940 0.118636 0.001077
v 0.000407 0.108310 -0.011699
v 0.007055 0.108308 0.001197
v -0.000089 0.107291 -0.010817
v 0.006413 0.107282 0.001773
v -0.017207 0.107284 -0.011200
v -0.041070 0.107287 0.002474
v -0.034259 0.107287 -0.010939
v -0.041804 0.108315 0.001934
v -0.034779 0.108309 -0.011837
v -0.041688 0.118637 0.001820
v -0.034721 0.118637 -0.012023
v -0.046813 0.107289 0.012188
v -0.047542 0.108309 0.011686
v -0.050332 0.107282 0.014773
v -0.054287 0.107280 0.019092
v -0.050332 0.108319 0.014740
v -0.047528 0.119093 0.011681
v -0.058587 0.107260 0.025170
v -0.054285 0.108292 0.019095
v -0.050313 0.124133 0.014740
v -0.047520 0.124139 0.011689
v -0.061617 0.107224 0.033017
v -0.058594 0.108224 0.025164
v -0.061642 0.108034 0.033023
v -0.061626 0.124137 0.033042
v -0.062350 0.124139 0.041664
v -0.062394 0.107183 0.041638
v -0.062391 0.107850 0.041652
v -0.060103 0.124128 0.050426
v -0.017225 0.108312 -0.012129
v -0.054307 0.124128 0.019105
v -0.058564 0.124143 0.025143
v 0.020858 0.124145 0.018040
v -0.034779 0.108309 -0.011837
v -0.034721 0.118637 -0.012023
v -0.017225 0.108312 -0.012129
v -0.017257 0.118636 -0.012303
v 0.000322 0.118632 -0.011907
v -0.017336 0.119097 0.000232
v 0.006940 0.118636 0.001077
v -0.017080 0.119084 0.011074
v 0.013280 0.119088 0.010483
v 0.013276 0.124070 0.010480
v -0.041688 0.118637 0.001820
v -0.047528 0.119093 0.011681
v -0.047520 0.124139 0.011689
v 0.022404 0.124135 0.057998
v 0.000407 0.108310 -0.011699
v 0.013276 0.124070 0.010480
v -0.047520 0.124139 0.011689
v 0.006783 0.124189 0.001864
v -0.041546 0.124196 0.002198
v -0.036455 0.124194 -0.003550
v 0.000571 0.124189 -0.003964
v -0.006254 0.124193 -0.006931
v -0.029817 0.124195 -0.006749
v -0.013654 0.124201 -0.008428
v -0.031430 0.124137 0.071311
v -0.016428 0.124137 0.073058
v -0.031414 0.128926 0.071307
v -0.016412 0.128927 0.073054
v -0.029656 0.139832 0.065818
v -0.016450 0.139841 0.067296
v -0.045336 0.139844 0.017916
v -0.042747 0.139833 0.014769
v -0.050297 0.128923 0.014735
v -0.047549 0.128935 0.011692
v -0.050313 0.124133 0.014740
v -0.047520 0.124139 0.011689
v -0.041019 0.139835 0.061386
v -0.049281 0.139842 0.022030
v -0.054289 0.128934 0.019104
v -0.054307 0.124128 0.019105
v -0.058592 0.128939 0.025146
v -0.053329 0.139834 0.027422
v -0.049481 0.139840 0.055069
v -0.044417 0.128937 0.066177
v -0.055896 0.139844 0.033907
v -0.061654 0.128933 0.033045
v -0.058563 0.124143 0.025143
v -0.061626 0.124137 0.033042
v -0.062378 0.128934 0.041667
v -0.056438 0.139846 0.040914
v -0.054511 0.139830 0.048091
v -0.054218 0.128932 0.058787
v -0.044389 0.124141 0.066173
v -0.060087 0.128917 0.050421
v -0.054234 0.124142 0.058792
v -0.062350 0.124139 0.041664
v -0.060103 0.124128 0.050426
v 0.030820 0.124139 0.039994
v 0.029526 0.124143 0.031420
v 0.030841 0.128920 0.040028
v 0.029541 0.128933 0.031415
v 0.024711 0.139848 0.039553
v 0.023806 0.139837 0.032713
v 0.022802 0.139846 0.046919
v 0.020548 0.139841 0.026378
v 0.017572 0.139841 0.054275
v 0.015605 0.139842 0.020693
v 0.008579 0.139844 0.060913
v 0.010989 0.139833 0.016386
v -0.003107 0.139834 0.065573
v 0.028540 0.128931 0.049124
v 0.022376 0.128931 0.058002
v 0.012093 0.128925 0.065720
v -0.001268 0.128936 0.071074
v -0.001284 0.124147 0.071078
v 0.012121 0.124129 0.065717
v 0.022404 0.124136 0.057998
v 0.028569 0.124136 0.049121
v 0.016630 0.124136 0.013840
v 0.013276 0.124070 0.010480
v 0.013259 0.128930 0.010495
v 0.006783 0.124189 0.001864
v 0.006714 0.128926 0.001943
v 0.000548 0.128937 -0.003889
v -0.001203 0.139839 0.001804
v -0.007217 0.139830 -0.000997
v 0.003619 0.139841 0.006244
v -0.013991 0.139842 -0.002340
v 0.008473 0.139835 0.013285
v 0.016602 0.128932 0.013843
v 0.020874 0.128935 0.018036
v 0.025807 0.128933 0.023926
v 0.025791 0.124143 0.023930
v 0.020858 0.124145 0.018040
v 0.000571 0.124189 -0.003964
v -0.006279 0.128924 -0.006860
v -0.006254 0.124193 -0.006931
v -0.013674 0.128925 -0.008319
v -0.021563 0.139850 -0.002427
v -0.038764 0.139848 0.007391
v -0.041524 0.128937 0.002265
v -0.041546 0.124196 0.002198
v -0.013654 0.124201 -0.008428
v -0.021935 0.128927 -0.008389
v -0.029790 0.128929 -0.006644
v -0.028567 0.139834 -0.000808
v -0.036428 0.128928 -0.003445
v -0.034348 0.139848 0.002270
v -0.021915 0.124203 -0.008499
v -0.029817 0.124195 -0.006749
v -0.036455 0.124194 -0.003550
v -0.021915 0.124203 -0.008499
v -0.007422 0.119397 -0.042321
v -0.005335 0.119315 0.012113
v -0.027276 0.119346 -0.042227
v -0.029502 0.119337 0.011925
v -0.029386 0.123844 0.011906
v -0.027160 0.123852 -0.042246
v -0.007328 0.123770 -0.042364
v -0.005219 0.123821 0.012094
v -0.007422 0.119397 -0.042321
v -0.005335 0.119315 0.012113
v -0.005453 -0.012692 0.013272
v -0.001527 -0.013306 0.014492
v -0.005870 -0.015989 0.013104
v -0.002121 -0.016602 0.014240
v 0.001151 -0.017369 0.016555
v 0.001865 -0.014149 0.016891
v 0.003531 -0.018212 0.019753
v 0.004304 -0.014916 0.020174
v 0.004780 -0.018979 0.023541
v 0.005554 -0.015759 0.024088
v 0.004780 -0.019746 0.027539
v 0.005554 -0.016449 0.028213
v 0.003531 -0.020282 0.031411
v 0.004245 -0.016986 0.032127
v 0.001805 -0.017369 0.035493
v 0.001151 -0.020589 0.034694
v -0.001467 -0.017446 0.038019
v -0.002121 -0.020666 0.037135
v -0.005453 -0.017292 0.039365
v -0.005929 -0.020436 0.038440
v -0.009618 -0.016832 0.039492
v -0.009975 -0.019976 0.038524
v -0.013604 -0.016219 0.038313
v -0.013842 -0.019362 0.037345
v -0.016996 -0.015376 0.035914
v -0.017115 -0.018596 0.035031
v -0.019495 -0.014532 0.032632
v -0.019495 -0.017829 0.031832
v -0.020804 -0.013689 0.028718
v -0.020744 -0.016986 0.028044
v -0.020804 -0.012999 0.024593
v -0.020804 -0.016296 0.024046
v -0.019495 -0.012386 0.020595
v -0.019495 -0.015759 0.020216
v -0.017055 -0.012079 0.017186
v -0.017174 -0.015452 0.016891
v -0.013842 -0.015376 0.014492
v -0.013604 -0.012002 0.014661
v -0.010035 -0.015606 0.013146
v -0.009678 -0.012232 0.013356
v -0.005870 -0.015989 0.013104
v 0.033458 -0.029176 0.083808
v 0.036968 -0.030096 0.079558
v 0.030662 -0.026799 0.087933
v 0.028758 -0.023042 0.091552
v 0.041014 -0.029176 0.075644
v 0.027984 -0.018212 0.094330
v 0.028401 -0.012769 0.096056
v 0.045060 -0.026722 0.072403
v 0.030007 -0.007249 0.096476
v 0.048630 -0.022966 0.070173
v 0.032923 -0.002342 0.095551
v 0.051426 -0.018289 0.069120
v 0.053211 -0.012999 0.069583
v 0.036730 0.001568 0.093320
v 0.053806 -0.007632 0.071351
v 0.041014 0.004174 0.089869
v 0.053152 -0.002496 0.074213
v 0.045179 0.005094 0.085787
v 0.051307 0.001644 0.077748
v 0.048630 0.004174 0.081704
v 0.054520 0.001798 0.055989
v 0.055770 0.001184 0.051023
v 0.053449 0.004404 0.060366
v 0.052676 0.008544 0.063439
v 0.057078 0.002488 0.046225
v 0.052378 0.013604 0.064701
v 0.052557 0.018741 0.064028
v 0.058149 0.005631 0.042269
v 0.058863 0.010077 0.039828
v 0.053271 0.023111 0.061503
v 0.054342 0.026254 0.057505
v -0.004680 -0.017522 0.042017
v -0.003490 -0.020742 0.043784
v -0.008607 -0.017292 0.044121
v -0.008012 -0.019746 0.046688
v -0.013188 -0.018059 0.049129
v -0.010392 -0.023426 0.051907
v -0.014199 -0.019362 0.052580
v -0.011284 -0.024499 0.056579
v -0.015211 -0.019362 0.057210
v -0.011463 -0.024959 0.062092
v -0.015687 -0.018366 0.064070
v -0.012296 -0.023349 0.067521
v -0.015449 -0.016909 0.070299
v -0.011463 -0.023196 0.073497
v -0.013485 -0.015452 0.076149
v -0.009261 -0.023349 0.079474
v -0.010273 -0.014609 0.080442
v -0.006941 -0.022352 0.083177
v -0.005751 -0.013842 0.084650
v -0.003728 -0.021509 0.086376
v -0.001051 -0.014149 0.087891
v 0.000318 -0.020819 0.089280
v 0.002103 -0.014149 0.089574
v 0.004066 -0.020819 0.091216
v 0.006268 -0.014302 0.091258
v 0.009957 -0.020359 0.092731
v 0.011979 -0.014456 0.092605
v 0.014597 -0.021279 0.092731
v 0.017810 -0.016372 0.092899
v 0.018643 -0.022582 0.091763
v 0.023522 -0.019746 0.092604
v 0.021023 -0.024652 0.090416
v 0.025485 -0.024422 0.090037
v 0.023046 -0.026952 0.088396
v 0.018167 -0.028639 0.090837
v 0.014954 -0.026722 0.092478
v 0.010730 -0.025956 0.093152
v 0.006922 -0.025956 0.092773
v 0.002281 -0.029942 0.091637
v -0.001348 -0.029712 0.089153
v -0.004085 -0.030786 0.086460
v -0.006108 -0.031936 0.083303
v -0.007298 -0.033239 0.078295
v -0.009261 -0.027872 0.075517
v -0.007417 -0.032549 0.073034
v -0.010035 -0.026799 0.071056
v -0.007655 -0.030939 0.069247
v -0.009440 -0.027872 0.065627
v -0.005632 -0.033085 0.067184
v -0.005810 -0.032472 0.063144
v -0.001705 -0.035922 0.064617
v -0.001288 -0.037455 0.061839
v 0.002876 -0.038835 0.064238
v 0.000556 -0.039985 0.060535
v 0.003531 -0.040215 0.062639
v -0.006227 -0.036152 0.075644
v -0.005037 -0.039065 0.082798
v -0.003371 -0.038529 0.086923
v -0.001467 -0.037915 0.089785
v 0.001448 -0.037762 0.092099
v 0.005375 -0.031399 0.093067
v 0.009600 -0.031936 0.093572
v 0.012991 -0.032702 0.092983
v 0.015490 -0.033545 0.091931
v 0.017989 -0.035002 0.089869
v 0.020666 -0.030249 0.088606
v -0.002121 -0.041059 0.079768
v -0.004739 -0.040369 0.079137
v -0.003430 -0.041595 0.075728
v -0.004739 -0.037225 0.072108
v -0.005394 -0.034772 0.069962
v -0.002002 -0.036765 0.067479
v 0.002579 -0.038682 0.066048
v 0.006684 -0.039755 0.065585
v 0.007160 -0.040599 0.063691
v -0.001586 -0.039219 0.069667
v -0.000099 -0.043282 0.072950
v 0.002162 -0.040675 0.068194
v 0.002222 -0.043972 0.071351
v 0.006089 -0.041595 0.067689
v -0.001467 -0.040522 0.050224
v -0.002062 -0.044049 0.050518
v -0.002121 -0.040062 0.054685
v -0.002538 -0.043819 0.054937
v -0.001645 -0.043589 0.058262
v 0.000199 -0.043589 0.060871
v 0.000556 -0.039985 0.060535
v 0.003531 -0.040215 0.062639
v 0.003114 -0.043895 0.063018
v 0.006744 -0.044125 0.064070
v 0.002995 -0.044815 0.046688
v -0.001467 -0.040522 0.050224
v 0.003412 -0.041519 0.046688
v 0.007160 -0.040599 0.063691
v -0.020804 -0.016296 0.024046
v -0.019495 -0.015759 0.020216
v -0.020744 -0.016986 0.028044
v -0.017174 -0.015452 0.016891
v -0.013842 -0.015376 0.014492
v -0.019495 -0.017829 0.031832
v -0.017115 -0.018596 0.035031
v -0.010035 -0.015606 0.013146
v -0.013842 -0.019362 0.037345
v -0.005870 -0.015989 0.013104
v -0.002121 -0.016602 0.014240
v -0.009975 -0.019976 0.038524
v 0.001151 -0.017369 0.016555
v -0.005929 -0.020436 0.038440
v -0.002121 -0.020666 0.037135
v 0.003531 -0.018212 0.019753
v 0.004780 -0.018979 0.023541
v 0.001151 -0.020589 0.034694
v 0.003531 -0.020282 0.031411
v -0.001110 -0.039985 0.057968
v 0.059101 0.015214 0.039197
v 0.058804 0.020121 0.040502
v 0.054342 0.026254 0.057505
v 0.055651 0.027557 0.052707
v 0.056959 0.026791 0.047783
v 0.058090 0.024261 0.043490
v -0.007476 -0.030709 0.060577
v -0.004085 -0.035615 0.059146
v -0.001110 -0.039985 0.057968
v -0.002121 -0.040062 0.054685
v -0.005096 -0.035155 0.054895
v -0.004620 -0.034542 0.050139
v -0.007714 -0.030096 0.055442
v -0.006941 -0.028102 0.050097
v 0.054342 0.026254 0.057505
v 0.055651 0.027557 0.052707
v 0.051724 0.029014 0.055148
v 0.053152 0.029397 0.048119
v 0.046488 0.031544 0.054474
v 0.047678 0.032157 0.046773
v 0.040360 0.034611 0.053254
v 0.041788 0.035071 0.045636
v 0.033101 0.037984 0.052118
v 0.034707 0.038444 0.043953
v 0.026616 0.042507 0.043111
v 0.026378 0.040821 0.035325
v 0.019595 0.045497 0.034946
v 0.023641 0.037677 0.029601
v 0.017334 0.043580 0.029433
v 0.013288 0.040821 0.025098
v 0.012753 0.048334 0.028928
v 0.008826 0.045957 0.024130
v 0.009005 0.054697 0.028128
v 0.005435 0.053317 0.023457
v 0.007041 0.062134 0.027413
v 0.003828 0.061290 0.022910
v 0.003828 0.069187 0.022405
v -0.000872 0.068344 0.018912
v 0.000139 0.076087 0.018364
v -0.007655 0.076317 0.015839
v 0.002460 0.085823 0.017439
v -0.006346 0.087970 0.014745
v 0.005494 0.094487 0.016344
v -0.004382 0.099853 0.013440
v 0.007815 0.099930 0.015629
v -0.004263 0.107060 0.014282
v 0.007874 0.106983 0.016302
v 0.017453 0.099930 0.019122
v 0.013883 0.094640 0.019964
v 0.010373 0.088890 0.020763
v 0.007636 0.083293 0.021353
v 0.005256 0.076547 0.021942
v 0.006922 0.069724 0.026866
v 0.009005 0.069954 0.032547
v 0.009302 0.062747 0.033221
v 0.009243 0.070030 0.038860
v 0.009659 0.062900 0.039744
v 0.006922 0.069800 0.045089
v 0.007517 0.062517 0.046436
v 0.008469 0.076930 0.026403
v 0.011503 0.083447 0.025982
v 0.015073 0.088967 0.025561
v 0.019833 0.094640 0.024888
v 0.024474 0.099853 0.024130
v 0.024890 0.103380 0.023920
v 0.028996 0.099853 0.031201
v 0.029591 0.103380 0.031074
v 0.030424 0.099853 0.039702
v 0.031138 0.103380 0.039702
v 0.028877 0.103380 0.049129
v 0.028460 0.106907 0.048751
v 0.023581 0.094717 0.031495
v 0.017929 0.088967 0.031706
v 0.013824 0.083523 0.031874
v 0.010551 0.077084 0.032127
v 0.010730 0.077084 0.038440
v 0.014062 0.083523 0.038440
v 0.018405 0.088967 0.038734
v 0.024593 0.094717 0.039239
v 0.028163 0.099853 0.048835
v 0.022272 0.094717 0.047446
v 0.015906 0.088967 0.046015
v 0.011622 0.083523 0.045047
v 0.008350 0.077007 0.044584
v 0.030662 0.106907 0.039786
v 0.029234 0.106907 0.031453
v 0.024652 0.106907 0.024551
v 0.017572 0.106907 0.019669
v 0.017632 -0.041825 0.057042
v 0.012634 -0.041442 0.060956
v 0.017453 -0.045505 0.057210
v 0.012217 -0.044662 0.061166
v 0.007160 -0.040599 0.063691
v 0.024771 0.042277 0.050771
v 0.019893 0.046724 0.042438
v 0.017989 0.046417 0.050182
v 0.015192 0.051017 0.041891
v 0.013288 0.050634 0.049634
v 0.009897 0.055540 0.048330
v 0.014835 0.050174 0.034610
v 0.011860 0.056000 0.040923
v 0.011384 0.055694 0.034063
v 0.004780 -0.038069 0.093404
v 0.008469 -0.038452 0.093825
v 0.011979 -0.039219 0.093110
v 0.014716 -0.040369 0.091384
v 0.056959 0.026791 0.047783
v 0.053687 0.027557 0.042648
v 0.047975 0.030317 0.040586
v 0.042204 0.033691 0.040165
v 0.042026 0.031084 0.035746
v 0.034826 0.036144 0.036251
v 0.037623 0.029857 0.031958
v 0.030305 0.033767 0.030654
v 0.034648 0.026101 0.029138
v 0.026735 0.028324 0.027076
v 0.031197 0.021501 0.027160
v 0.024117 0.022344 0.025056
v 0.029353 0.013221 0.026445
v 0.019536 0.015751 0.023457
v 0.023522 0.010767 0.025056
v 0.016323 0.007547 0.023457
v 0.019060 0.001721 0.025814
v 0.009778 0.001338 0.021521
v 0.012753 -0.003186 0.024341
v 0.008469 -0.008246 0.021395
v 0.010611 -0.010086 0.025098
v 0.009064 -0.013152 0.024046
v 0.011860 -0.012309 0.028213
v 0.009124 -0.014609 0.029096
v 0.012039 -0.015912 0.031453
v 0.006387 -0.016909 0.032842
v 0.009124 -0.018366 0.034399
v 0.005018 -0.019516 0.037766
v 0.007160 -0.023196 0.037135
v 0.000794 -0.020359 0.040796
v 0.005851 -0.027106 0.038902
v 0.002281 -0.027336 0.041133
v 0.004066 -0.033545 0.041217
v 0.000556 -0.034005 0.043448
v 0.002817 -0.040905 0.044163
v 0.019952 0.034151 0.026108
v 0.015192 0.030164 0.023162
v 0.013229 0.020197 0.021437
v 0.011265 0.011227 0.021058
v 0.004364 0.005018 0.017817
v 0.005554 0.014371 0.018701
v 0.006803 0.024951 0.019501
v 0.008291 0.038061 0.021815
v 0.003174 0.043504 0.020258
v 0.000496 0.051554 0.019795
v -0.000813 0.059987 0.019332
v -0.007536 0.058377 0.016933
v -0.007952 0.067117 0.016471
v -0.017412 0.065737 0.015250
v -0.018245 0.075627 0.014661
v -0.025087 0.064510 0.015292
v -0.026932 0.075014 0.014871
v -0.033179 0.063284 0.016765
v -0.035975 0.073940 0.016471
v -0.018721 0.087970 0.013651
v -0.018721 0.099853 0.012641
v -0.018543 0.106983 0.013356
v -0.028776 0.087970 0.013987
v -0.038772 0.084367 0.015881
v -0.041033 0.093720 0.015418
v -0.030026 0.099853 0.013146
v -0.029788 0.107137 0.014114
v -0.041866 0.099853 0.015166
v -0.041568 0.107137 0.016092
v 0.003293 -0.017216 0.036714
v -0.000575 -0.017522 0.039576
v -0.003490 -0.020742 0.043784
v -0.004680 -0.017522 0.042017
v -0.001051 -0.027796 0.043490
v 0.016501 -0.022736 0.022994
v 0.020726 -0.019516 0.021142
v 0.013586 -0.027029 0.025351
v 0.012277 -0.032165 0.028044
v 0.025961 -0.017676 0.020006
v 0.012812 -0.037455 0.030780
v 0.031614 -0.017292 0.019669
v 0.015073 -0.042132 0.033305
v 0.037147 -0.018519 0.020216
v 0.018941 -0.045889 0.035325
v 0.042085 -0.021202 0.021563
v 0.023819 -0.048419 0.036546
v 0.045833 -0.025112 0.023583
v 0.029353 -0.049569 0.036924
v 0.035005 -0.049109 0.036504
v 0.048094 -0.029789 0.025982
v 0.040181 -0.047192 0.035325
v 0.048630 -0.034849 0.028549
v 0.044465 -0.043972 0.033473
v 0.047380 -0.039679 0.031117
v 0.008945 -0.041902 0.043406
v 0.008588 -0.045505 0.043574
v 0.018048 -0.045735 0.054096
v 0.018167 -0.042132 0.053969
v 0.017870 -0.042439 0.050939
v 0.011503 -0.045582 0.044121
v 0.017632 -0.045889 0.050897
v 0.016680 -0.042515 0.048119
v 0.008945 -0.041902 0.043406
v 0.012039 -0.042209 0.043995
v 0.014121 -0.045735 0.045594
v 0.014419 -0.042362 0.045552
v 0.016382 -0.045889 0.048077
v 0.007339 -0.011849 0.019206
v 0.005078 -0.006406 0.017144
v 0.004364 -0.010699 0.015250
v 0.001151 -0.004719 0.014114
v -0.001705 0.006781 0.014871
v -0.001110 0.015367 0.016134
v -0.001170 0.023111 0.016807
v -0.000753 0.033461 0.017733
v -0.008785 0.029321 0.015545
v -0.011582 0.037831 0.015587
v -0.018900 0.035991 0.015334
v -0.020625 0.045267 0.015418
v -0.027765 0.043504 0.016807
v -0.023005 0.054927 0.015460
v -0.030561 0.053394 0.016849
v 0.000139 -0.009549 0.012220
v -0.003847 -0.003262 0.012220
v -0.008607 0.007241 0.013398
v -0.008190 0.017361 0.014703
v -0.016163 0.011687 0.014450
v -0.016817 0.026101 0.015166
v -0.023243 0.024414 0.016765
v -0.025147 0.034457 0.016723
v -0.021042 0.010767 0.016218
v -0.019316 -0.001882 0.015545
v -0.014437 -0.001806 0.012935
v -0.009499 -0.002342 0.011841
v -0.009797 -0.008552 0.010747
v -0.004620 -0.008936 0.010705
v -0.014556 -0.008399 0.012262
v -0.018840 -0.008552 0.015292
v 0.028460 0.106907 0.048751
v 0.022272 0.106907 0.057547
v 0.028877 0.103380 0.049129
v 0.022570 0.103380 0.058136
v 0.028163 0.099853 0.048835
v 0.021975 0.099853 0.057757
v 0.022272 0.094717 0.047446
v 0.016442 0.094640 0.055527
v 0.015906 0.088967 0.046015
v 0.010551 0.088890 0.053128
v 0.011622 0.083523 0.045047
v 0.006506 0.083370 0.051402
v 0.008350 0.077007 0.044584
v 0.003471 0.076777 0.050434
v 0.006922 0.069800 0.045089
v 0.002222 0.069340 0.050897
v 0.007517 0.062517 0.046436
v 0.002995 0.061750 0.052707
v 0.009897 0.055540 0.048330
v 0.005792 0.054237 0.055484
v 0.013288 0.050634 0.049634
v 0.009481 0.049024 0.057294
v 0.014895 0.044500 0.057757
v 0.010849 0.041970 0.063439
v 0.017513 0.038137 0.063270
v 0.009897 0.034457 0.070173
v 0.018703 0.030777 0.069205
v 0.013288 0.028247 0.073455
v 0.021677 0.025181 0.072824
v 0.017215 0.022421 0.076570
v 0.026675 0.020581 0.075097
v 0.023700 0.017361 0.078842
v 0.032387 0.015137 0.078421
v 0.026913 0.012147 0.082630
v 0.034648 0.010691 0.082588
v 0.029769 0.007854 0.086544
v 0.037266 0.007164 0.086670
v 0.032447 0.004404 0.090164
v 0.041014 0.004174 0.089869
v 0.036730 0.001568 0.093320
v 0.014419 0.107060 0.063523
v 0.014716 0.103303 0.064323
v 0.014181 0.099777 0.063902
v 0.009421 0.094487 0.061208
v 0.004304 0.088660 0.058262
v -0.000991 0.083063 0.057252
v -0.003549 0.076240 0.055695
v -0.004382 0.068650 0.056074
v -0.003311 0.060600 0.058094
v -0.000337 0.052627 0.061334
v 0.003531 0.046110 0.064154
v 0.005613 0.039287 0.068363
v -0.000634 0.036144 0.072024
v 0.002757 0.030394 0.074718
v -0.008964 0.031851 0.074044
v -0.004680 0.025717 0.076906
v -0.012831 0.021577 0.076485
v -0.006108 0.016977 0.079768
v -0.010987 0.013527 0.079011
v -0.002419 0.010614 0.082588
v -0.007655 0.006551 0.081620
v 0.001091 0.004097 0.085366
v -0.004025 -0.000502 0.084356
v 0.003412 0.000264 0.087302
v -0.001586 -0.006712 0.086755
v 0.003055 -0.007479 0.089069
v 0.006506 -0.008092 0.090542
v 0.011206 -0.008476 0.091889
v 0.017572 -0.010776 0.093278
v 0.023165 -0.011849 0.094625
v 0.027984 -0.018212 0.094330
v 0.028758 -0.023042 0.091552
v 0.005018 0.107213 0.068026
v 0.005256 0.103303 0.069205
v 0.004840 0.099623 0.068742
v 0.000972 0.094180 0.065711
v -0.003133 0.088353 0.062387
v -0.010511 0.082680 0.061461
v -0.012117 0.075627 0.059483
v -0.012415 0.067577 0.059735
v -0.010987 0.059067 0.061882
v -0.007774 0.050557 0.065248
v -0.003906 0.042737 0.068868
v -0.021577 0.082143 0.062976
v -0.021815 0.074707 0.060872
v -0.021220 0.066197 0.061124
v -0.019435 0.057074 0.063355
v -0.016282 0.048027 0.066806
v -0.024730 0.045497 0.065585
v -0.020923 0.035914 0.069752
v -0.028419 0.033384 0.065585
v -0.024790 0.025104 0.069331
v -0.030502 0.023111 0.062513
v -0.024195 0.015981 0.070004
v -0.027586 0.013911 0.065080
v -0.023481 0.004021 0.068531
v -0.025147 0.001568 0.063397
v -0.020268 -0.008322 0.067142
v -0.020506 -0.010316 0.062050
v -0.019614 -0.012999 0.056452
v -0.018067 -0.015069 0.051865
v -0.016579 -0.015682 0.048751
v -0.013545 -0.015682 0.046099
v -0.021518 -0.010469 0.048119
v -0.023660 -0.006252 0.052623
v -0.025920 -0.000272 0.057252
v -0.029312 0.011917 0.060030
v -0.033596 0.021807 0.054895
v -0.030442 0.010921 0.055106
v -0.029252 0.003714 0.045131
v -0.024909 -0.005486 0.043574
v -0.022589 -0.009932 0.040754
v -0.019435 -0.013152 0.045005
v -0.020566 -0.012922 0.038776
v -0.017769 -0.014302 0.043616
v -0.034072 0.031544 0.058557
v -0.032108 0.043427 0.061419
v -0.027824 0.055004 0.062050
v -0.029966 0.064664 0.059693
v -0.035202 0.053394 0.057883
v -0.037760 0.041971 0.054601
v -0.037522 0.030394 0.049087
v -0.035381 0.020964 0.046099
v -0.032525 0.012224 0.045636
v -0.035916 0.020581 0.037766
v -0.032168 0.009924 0.037556
v -0.034905 0.021041 0.029728
v -0.030502 0.007011 0.029938
v -0.028776 0.008237 0.024172
v -0.025444 -0.003032 0.024256
v -0.022708 -0.002112 0.019038
v -0.021934 -0.009012 0.019417
v -0.018840 -0.008552 0.015292
v -0.039188 0.030394 0.038145
v -0.041390 0.040974 0.045763
v -0.041092 0.052167 0.051360
v -0.037820 0.063360 0.055358
v -0.031454 0.073787 0.059272
v -0.040081 0.072790 0.054601
v -0.044067 0.062364 0.049045
v -0.044960 0.051477 0.043448
v -0.042639 0.040514 0.036756
v -0.038236 0.031161 0.029728
v -0.032584 0.021884 0.024383
v -0.025504 0.009464 0.019711
v -0.019316 -0.001882 0.015545
v -0.042163 0.080840 0.056032
v -0.046864 0.071947 0.048119
v -0.048232 0.061750 0.041764
v -0.046388 0.051094 0.035536
v -0.041628 0.040744 0.029475
v -0.038653 0.041204 0.024046
v -0.035619 0.032081 0.024172
v -0.034429 0.041971 0.020132
v -0.031632 0.032924 0.020174
v -0.027765 0.043504 0.016807
v -0.025147 0.034457 0.016723
v -0.049481 0.080227 0.049087
v -0.051385 0.071410 0.041133
v -0.049898 0.061520 0.034610
v -0.045257 0.051094 0.028886
v -0.042044 0.051400 0.023794
v -0.037582 0.052090 0.020006
v -0.030561 0.053394 0.016849
v -0.048767 0.061444 0.028465
v -0.045436 0.061750 0.023583
v -0.040735 0.062287 0.019922
v -0.033179 0.063284 0.016765
v -0.052099 0.071104 0.028381
v -0.049065 0.072254 0.023499
v -0.044127 0.072790 0.019795
v -0.035975 0.073940 0.016471
v -0.038772 0.084367 0.015881
v -0.047875 0.083600 0.019585
v -0.041033 0.093720 0.015418
v -0.051028 0.093490 0.019543
v -0.041866 0.099853 0.015166
v -0.052337 0.099853 0.019627
v -0.052337 0.103303 0.019585
v -0.058109 0.099853 0.025098
v -0.058228 0.103303 0.025098
v -0.061678 0.099777 0.032547
v -0.061797 0.103303 0.032632
v -0.062571 0.099777 0.041133
v -0.062690 0.103303 0.041301
v -0.060250 0.099777 0.049971
v -0.060488 0.103303 0.050140
v -0.055134 0.099777 0.057463
v -0.055372 0.103303 0.057757
v -0.048113 0.099700 0.063565
v -0.048232 0.103303 0.063902
v -0.040021 0.099623 0.068110
v -0.040081 0.103303 0.068489
v -0.031573 0.099700 0.071183
v -0.031632 0.103303 0.071519
v -0.023124 0.099700 0.072529
v -0.023005 0.103303 0.072950
v -0.013902 0.099777 0.072740
v -0.013723 0.103303 0.073119
v -0.004680 0.099623 0.071477
v -0.004442 0.103303 0.071940
v -0.004501 0.107290 0.070593
v -0.013604 0.107060 0.072109
v -0.022827 0.107213 0.071772
v -0.031216 0.107137 0.070509
v -0.039486 0.107290 0.067395
v -0.047637 0.107137 0.063144
v -0.054777 0.106983 0.057378
v -0.059953 0.106907 0.050055
v -0.062214 0.106907 0.041428
v -0.061321 0.106907 0.032968
v -0.057752 0.106907 0.025603
v -0.051980 0.106907 0.020216
v -0.041568 0.107137 0.016092
v -0.053051 0.082987 0.023794
v -0.056681 0.093413 0.024509
v -0.055134 0.079460 0.028802
v -0.057692 0.086283 0.029601
v -0.060131 0.093337 0.031117
v -0.053170 0.071180 0.034357
v -0.056145 0.079537 0.034988
v -0.054241 0.079767 0.041849
v -0.056681 0.086513 0.043574
v -0.052337 0.086743 0.050350
v -0.058822 0.093413 0.046857
v -0.054063 0.093567 0.054011
v -0.061024 0.093337 0.038776
v -0.058644 0.086283 0.036251
v -0.009737 -0.004872 0.081410
v -0.013366 0.002948 0.078800
v -0.016579 0.010077 0.076401
v -0.019673 0.017974 0.073708
v -0.016936 0.028094 0.073371
v -0.012890 0.038751 0.070846
v -0.020744 0.007164 0.072992
v -0.017353 -0.000119 0.075475
v -0.018721 -0.005639 0.072277
v -0.013842 -0.007479 0.077874
v -0.023600 -0.009626 0.024172
v -0.026218 -0.004259 0.030022
v -0.028479 0.000648 0.036756
v -0.025266 -0.006252 0.035115
v -0.022648 -0.011696 0.034231
v -0.023779 -0.010546 0.029265
v -0.015865 -0.014992 0.045720
v 0.028401 -0.012769 0.096056
v 0.024712 -0.005486 0.094667
v 0.018167 -0.006099 0.093067
v 0.020071 -0.001039 0.091931
v 0.011622 -0.002342 0.090458
v 0.014895 0.003791 0.088606
v 0.006744 -0.001422 0.088859
v 0.009302 0.008467 0.085450
v 0.030007 -0.007249 0.096476
v 0.028222 0.000264 0.093067
v 0.024295 0.003714 0.089911
v 0.020369 0.008544 0.086249
v 0.015966 0.013604 0.082925
v 0.004423 0.014754 0.082167
v 0.011027 0.019661 0.079684
v -0.000039 0.021194 0.079095
v 0.006744 0.025257 0.077033
v 0.032923 -0.002342 0.095551
v -0.007714 0.094027 0.068363
v -0.010868 0.088123 0.064786
v -0.018424 0.088123 0.065880
v -0.026099 0.087817 0.065543
v -0.032584 0.081530 0.061166
v -0.033060 0.087663 0.064070
v -0.040021 0.087280 0.060829
v -0.040259 0.093720 0.064701
v -0.047637 0.093643 0.060030
v -0.032525 0.093950 0.067900
v -0.024730 0.093950 0.069331
v -0.016163 0.094180 0.069625
v -0.046566 0.087050 0.056200
v -0.021042 0.010767 0.016218
v -0.029014 0.022804 0.020300
v -0.023243 0.024414 0.016765
v -0.001467 -0.040522 0.050224
v -0.001051 -0.040292 0.047867
v 0.003412 -0.041519 0.046688
v 0.000318 -0.040522 0.045973
v 0.002817 -0.040905 0.044163
v 0.000556 -0.034005 0.043448
v -0.002538 -0.034312 0.046520
v -0.004323 -0.028026 0.046520
v -0.001051 -0.027796 0.043490
v 0.017989 0.046417 0.050182
v 0.021558 0.040437 0.058052
v 0.024771 0.042277 0.050771
v 0.030483 0.035684 0.058809
v 0.033101 0.037984 0.052118
v 0.038456 0.032311 0.059188
v 0.040360 0.034611 0.053254
v 0.045655 0.029704 0.058473
v 0.046488 0.031544 0.054474
v 0.051724 0.029014 0.055148
v 0.025426 0.033997 0.063312
v 0.032447 0.030394 0.063944
v 0.039467 0.027174 0.064575
v 0.045952 0.026407 0.062471
v 0.050891 0.027634 0.058430
v 0.050534 0.025104 0.061587
v 0.054342 0.026254 0.057505
v 0.053271 0.023111 0.061503
v 0.050296 0.022037 0.064112
v 0.045893 0.022727 0.065753
v 0.041014 0.022804 0.068068
v 0.034588 0.026101 0.067311
v 0.037028 0.022037 0.070383
v 0.029948 0.023111 0.071688
v 0.032565 0.018741 0.074928
v 0.039586 0.014524 0.076359
v 0.040419 0.017207 0.073245
v 0.043216 0.018357 0.070509
v 0.046607 0.018511 0.068068
v 0.049820 0.018434 0.066048
v 0.052557 0.018741 0.064028
v 0.040181 0.011687 0.079263
v 0.044941 0.010767 0.075181
v 0.045774 0.012531 0.071814
v 0.047678 0.013987 0.068826
v 0.050415 0.013911 0.066553
v 0.052378 0.013604 0.064701
v 0.050534 0.009541 0.066216
v 0.048154 0.006857 0.069920
v 0.049165 0.004021 0.074044
v 0.046785 0.007317 0.078716
v 0.051307 0.001644 0.077748
v 0.048630 0.004174 0.081704
v 0.045179 0.005094 0.085787
v 0.042204 0.008314 0.082967
v 0.025485 0.027481 0.069289
v 0.020904 -0.014072 0.028718
v 0.020607 -0.014226 0.027750
v 0.016382 -0.017522 0.029686
v 0.019952 -0.017062 0.022910
v 0.015371 -0.020512 0.024930
v 0.020726 -0.019516 0.021142
v 0.016501 -0.022736 0.022994
v 0.012217 -0.025266 0.027497
v 0.013348 -0.022199 0.031537
v 0.013586 -0.027029 0.025351
v 0.010789 -0.030862 0.030359
v 0.011682 -0.028639 0.034147
v 0.011384 -0.036535 0.033347
v 0.012158 -0.034772 0.037261
v 0.013883 -0.041595 0.036083
v 0.014776 -0.039602 0.040628
v 0.017989 -0.045659 0.038313
v 0.019238 -0.042515 0.044332
v 0.023343 -0.048419 0.039618
v 0.024355 -0.044509 0.046099
v 0.029353 -0.049645 0.040039
v 0.029888 -0.045275 0.046773
v 0.035421 -0.049185 0.039576
v 0.035540 -0.044509 0.046604
v 0.041074 -0.047115 0.038271
v 0.040776 -0.042362 0.045720
v 0.045714 -0.043589 0.036251
v 0.045119 -0.038912 0.044079
v 0.048154 -0.034542 0.041891
v 0.044287 -0.036765 0.045678
v 0.047083 -0.032472 0.043658
v 0.016204 -0.039295 0.042185
v 0.020488 -0.041519 0.045678
v 0.025545 -0.042822 0.047530
v 0.030424 -0.042975 0.048077
v 0.035659 -0.042209 0.048035
v 0.040241 -0.039985 0.047236
v 0.028758 -0.023042 0.091552
v 0.025485 -0.024422 0.090037
v 0.030662 -0.026799 0.087933
v 0.027449 -0.028332 0.085576
v 0.033458 -0.029176 0.083808
v 0.029591 -0.030402 0.080947
v 0.033874 -0.030862 0.076948
v 0.031554 -0.031475 0.076275
v 0.033279 -0.031706 0.072656
v 0.029115 -0.033852 0.072024
v 0.031733 -0.034235 0.067058
v 0.026913 -0.035232 0.069247
v 0.028044 -0.036382 0.064028
v 0.023462 -0.036689 0.066932
v 0.022629 -0.037762 0.062807
v 0.019774 -0.037992 0.065753
v 0.017929 -0.039602 0.062429
v 0.013348 -0.040062 0.064196
v 0.015549 -0.041519 0.060198
v 0.012634 -0.041212 0.062471
v 0.012634 -0.041442 0.060956
v 0.009600 -0.040829 0.063565
v 0.007160 -0.040599 0.063691
v 0.009718 -0.039985 0.065501
v 0.006684 -0.039755 0.065585
v 0.006089 -0.041595 0.067689
v 0.023046 -0.026952 0.088396
v 0.025604 -0.029406 0.084776
v 0.027746 -0.031552 0.080231
v 0.028817 -0.033009 0.075854
v 0.025307 -0.035769 0.075686
v 0.023879 -0.036765 0.072782
v 0.021737 -0.039909 0.077117
v 0.019893 -0.040445 0.073582
v 0.017989 -0.044815 0.077958
v 0.015847 -0.045352 0.074928
v 0.017156 -0.041059 0.071014
v 0.021261 -0.037915 0.070215
v 0.012931 -0.045582 0.072445
v 0.013883 -0.041289 0.068868
v 0.018465 -0.038605 0.068194
v 0.014002 -0.039525 0.066469
v 0.009540 -0.045429 0.071014
v 0.010076 -0.041749 0.067942
v 0.005792 -0.044815 0.070551
v 0.036968 -0.030096 0.079558
v 0.038396 -0.029789 0.072908
v 0.041014 -0.029176 0.075644
v 0.042918 -0.027182 0.069331
v 0.045060 -0.026722 0.072403
v 0.046845 -0.023119 0.066595
v 0.048630 -0.022966 0.070173
v 0.049820 -0.017676 0.065627
v 0.051426 -0.018289 0.069120
v 0.051188 -0.012079 0.066174
v 0.053211 -0.012999 0.069583
v 0.051426 -0.006329 0.067942
v 0.053806 -0.007632 0.071351
v 0.050712 -0.001192 0.070509
v 0.053152 -0.002496 0.074213
v 0.049165 0.004021 0.074044
v 0.051307 0.001644 0.077748
v 0.049939 -0.011466 0.062723
v 0.049046 -0.017829 0.062134
v 0.045952 -0.024269 0.063775
v 0.041788 -0.028179 0.066553
v 0.036135 -0.031169 0.069583
v 0.037623 -0.032626 0.064280
v 0.032982 -0.036075 0.062134
v 0.028758 -0.037762 0.060072
v 0.024712 -0.038375 0.059188
v 0.029115 -0.039295 0.056537
v 0.024831 -0.039525 0.055737
v 0.029234 -0.041059 0.052496
v 0.024236 -0.040675 0.052580
v 0.026437 -0.041902 0.050139
v 0.022629 -0.041519 0.049045
v 0.025545 -0.042822 0.047530
v 0.020488 -0.041519 0.045678
v 0.020309 -0.039909 0.058094
v 0.020785 -0.040522 0.054054
v 0.020131 -0.041212 0.050434
v 0.018465 -0.041365 0.046983
v 0.016263 -0.040982 0.044837
v 0.016204 -0.039295 0.042185
v 0.014062 -0.040139 0.042901
v 0.009778 -0.038452 0.041049
v 0.012039 -0.042209 0.043995
v 0.008945 -0.041902 0.043406
v 0.014419 -0.042362 0.045552
v 0.016680 -0.042515 0.048119
v 0.017870 -0.042439 0.050939
v 0.018167 -0.042132 0.053969
v 0.017632 -0.041825 0.057042
v 0.012158 -0.034772 0.037261
v 0.007755 -0.033162 0.039492
v 0.011682 -0.028639 0.034147
v 0.005911 -0.038069 0.041554
v 0.005732 -0.041442 0.043279
v 0.003412 -0.041519 0.046688
v 0.030424 -0.042975 0.048077
v 0.034588 -0.040139 0.052875
v 0.033755 -0.038145 0.057294
v 0.039646 -0.037839 0.052370
v 0.038694 -0.035462 0.058010
v 0.043037 -0.032319 0.056705
v 0.042204 -0.029866 0.062344
v 0.046071 -0.025879 0.060114
v 0.048451 -0.020819 0.058304
v 0.049046 -0.015529 0.057673
v 0.049046 -0.010776 0.058262
v 0.049820 -0.003646 0.062639
v 0.049403 -0.004796 0.057168
v 0.051783 0.000648 0.059398
v 0.052200 -0.001192 0.055190
v 0.054520 0.001798 0.055989
v 0.055770 0.001184 0.051023
v 0.013348 -0.022199 0.031537
v 0.016382 -0.017522 0.029686
v 0.014538 -0.013459 0.029770
v 0.018227 -0.010546 0.028760
v 0.014002 -0.007402 0.026529
v 0.019476 -0.003876 0.027455
v 0.020904 -0.014072 0.028718
v 0.023938 -0.007709 0.028886
v 0.025783 -0.012462 0.028339
v 0.029829 -0.006176 0.030106
v 0.030900 -0.012079 0.028718
v 0.035243 -0.006099 0.032042
v 0.036909 -0.013076 0.030443
v 0.040300 -0.008092 0.034904
v 0.042264 -0.015836 0.033305
v 0.043573 -0.011389 0.038650
v 0.045655 -0.019516 0.036377
v 0.046250 -0.015759 0.043111
v 0.048154 -0.021356 0.044963
v 0.047499 -0.013382 0.050055
v 0.048570 -0.018212 0.051949
v 0.048273 -0.011389 0.054264
v 0.027449 -0.000656 0.028760
v 0.033696 0.001721 0.029980
v 0.040300 -0.000502 0.033263
v 0.044822 -0.003646 0.037808
v 0.046190 -0.006099 0.041722
v 0.046428 -0.009319 0.045763
v 0.049582 -0.004182 0.047404
v 0.047737 -0.008322 0.050266
v 0.049284 -0.005179 0.052412
v 0.031971 0.007087 0.028086
v 0.039586 0.006014 0.030696
v 0.046369 0.002334 0.034946
v 0.050831 0.000571 0.039534
v 0.050355 -0.002342 0.043616
v 0.057078 0.002488 0.046225
v 0.052973 -0.001422 0.049634
v 0.053449 0.004404 0.060366
v 0.051367 0.004328 0.063312
v 0.049641 0.001491 0.066174
v 0.048154 0.006857 0.069920
v 0.050534 0.009541 0.066216
v 0.052676 0.008544 0.063439
v 0.048332 -0.023349 0.053506
v 0.048273 -0.026109 0.047278
v 0.048154 -0.028486 0.041722
v 0.047083 -0.032472 0.043658
v 0.046488 -0.028102 0.054937
v 0.046904 -0.030402 0.049087
v 0.044287 -0.036765 0.045678
v 0.043751 -0.034695 0.050897
v 0.040241 -0.039985 0.047236
v 0.035659 -0.042209 0.048035
v 0.047737 -0.024039 0.039155
v 0.025604 0.004634 0.026866
v 0.038039 0.012531 0.028970
v 0.038218 0.019431 0.028970
v 0.046012 0.013374 0.031453
v 0.045655 0.019277 0.031579
v 0.053628 0.018741 0.035578
v 0.047856 0.025717 0.035073
v 0.053628 0.023801 0.038019
v 0.058090 0.024261 0.043490
v 0.046547 0.007087 0.032968
v 0.051962 0.006474 0.036041
v 0.058149 0.005631 0.042269
v 0.058863 0.010077 0.039828
v 0.052914 0.012454 0.034862
v 0.059101 0.015214 0.039197
v 0.058804 0.020121 0.040502
v 0.042264 0.025181 0.031790
v 0.014716 -0.040369 0.091384
v 0.014359 -0.044279 0.092268
v 0.016739 -0.043052 0.084819
v 0.015966 -0.046502 0.086165
v 0.017334 -0.048649 0.079137
v -0.000634 -0.047039 0.074507
v 0.015371 -0.049185 0.076191
v 0.001865 -0.047959 0.072950
v 0.012574 -0.049415 0.073834
v 0.005316 -0.048649 0.072108
v 0.009183 -0.049185 0.072361
v 0.009540 -0.045429 0.071014
v 0.012931 -0.045582 0.072445
v 0.015847 -0.045352 0.074928
v 0.017989 -0.044815 0.077958
v 0.005792 -0.044815 0.070551
v 0.002222 -0.043972 0.071351
v -0.000099 -0.043282 0.072950
v 0.012277 -0.032165 0.028044
v 0.012812 -0.037455 0.030780
v 0.015073 -0.042132 0.033305
v 0.018941 -0.045889 0.035325
v 0.023819 -0.048419 0.036546
v 0.029353 -0.049569 0.036924
v 0.035005 -0.049109 0.036504
v 0.040181 -0.047192 0.035325
v 0.044465 -0.043972 0.033473
v 0.047380 -0.039679 0.031117
v 0.048868 -0.038989 0.033726
v 0.048630 -0.034849 0.028549
v 0.050236 -0.033699 0.030948
v 0.048094 -0.029789 0.025982
v 0.049641 -0.028256 0.028170
v 0.045833 -0.025112 0.023583
v 0.047202 -0.023119 0.025561
v 0.042085 -0.021202 0.021563
v 0.043097 -0.018902 0.023373
v 0.037801 -0.015989 0.021900
v 0.037444 -0.013229 0.028802
v 0.031673 -0.012079 0.027329
v 0.036909 -0.013076 0.030443
v 0.030900 -0.012079 0.028718
v 0.042561 -0.015912 0.031117
v 0.046547 -0.019899 0.033936
v 0.048927 -0.024806 0.036798
v 0.049463 -0.029712 0.039492
v 0.042264 -0.015836 0.033305
v 0.045655 -0.019516 0.036377
v 0.047737 -0.024039 0.039155
v 0.048154 -0.028486 0.041722
v -0.003371 -0.038529 0.086923
v -0.002121 -0.041059 0.079768
v -0.003906 -0.042592 0.087428
v -0.002597 -0.044892 0.081115
v -0.001764 -0.041979 0.090963
v -0.003371 -0.038529 0.086923
v -0.001467 -0.037915 0.089785
v 0.001448 -0.037762 0.092099
v 0.001091 -0.041672 0.093236
v 0.004780 -0.038069 0.093404
v 0.004304 -0.041749 0.094583
v 0.008469 -0.038452 0.093825
v 0.007874 -0.042285 0.094919
v 0.011979 -0.039219 0.093110
v 0.011265 -0.043129 0.094204
v 0.014716 -0.040369 0.091384
v 0.037147 -0.018519 0.020216
v 0.031614 -0.017292 0.019669
v 0.031733 -0.014686 0.021310
v 0.025961 -0.017676 0.020006
v 0.025604 -0.015069 0.021689
v 0.020726 -0.019516 0.021142
v 0.019952 -0.017062 0.022910
v 0.020607 -0.014226 0.027750
v 0.025902 -0.012462 0.026992
v 0.020904 -0.014072 0.028718
v 0.025783 -0.012462 0.028339
v -0.000099 -0.043282 0.072950
v 0.029234 0.106907 0.031453
v 0.024652 0.106907 0.024551
v 0.030662 0.106907 0.039786
v 0.028460 0.106907 0.048751
v 0.017572 0.106907 0.019669
v 0.022272 0.106907 0.057547
v 0.007874 0.106983 0.016302
v 0.014419 0.107060 0.063523
v 0.005018 0.107213 0.068026
v -0.004263 0.107060 0.014282
v -0.004501 0.107290 0.070593
v -0.013604 0.107060 0.072109
v -0.018543 0.106983 0.013356
v -0.022827 0.107213 0.071772
v -0.029788 0.107137 0.014114
v -0.031216 0.107137 0.070509
v -0.039486 0.107290 0.067395
v -0.047637 0.107137 0.063144
v -0.041568 0.107137 0.016092
v -0.054777 0.106983 0.057378
v -0.051980 0.106907 0.020216
v -0.059953 0.106907 0.050055
v -0.057752 0.106907 0.025603
v -0.062214 0.106907 0.041428
v -0.003609 0.040667 0.017439
v -0.014021 0.046954 0.015629
v -0.005989 0.049407 0.017228
v -0.016044 0.056384 0.015545
v -0.023779 -0.010546 0.029265
v -0.023600 -0.012999 0.028970
v -0.022648 -0.011696 0.034231
v -0.022529 -0.013996 0.033810
v -0.020566 -0.012922 0.038776
v -0.020685 -0.014992 0.038397
v -0.017769 -0.014302 0.043616
v -0.017948 -0.016142 0.043322
v -0.015865 -0.014992 0.045720
v -0.016103 -0.016679 0.045384
v -0.013545 -0.015682 0.046099
v -0.013783 -0.016986 0.045763
v -0.008607 -0.017292 0.044121
v -0.009618 -0.016832 0.039492
v -0.004680 -0.017522 0.042017
v -0.005453 -0.017292 0.039365
v -0.000575 -0.017522 0.039576
v -0.001467 -0.017446 0.038019
v 0.001805 -0.017369 0.035493
v -0.013604 -0.016219 0.038313
v -0.016996 -0.015376 0.035914
v -0.019495 -0.014532 0.032632
v -0.020804 -0.013689 0.028718
v -0.020804 -0.012999 0.024593
v -0.023541 -0.012156 0.023962
v -0.019495 -0.012386 0.020595
v -0.021994 -0.011542 0.019164
v -0.017055 -0.012079 0.017186
v -0.019019 -0.011159 0.015082
v -0.013604 -0.012002 0.014661
v -0.014854 -0.011082 0.012009
v -0.009678 -0.012232 0.013356
v -0.009975 -0.011312 0.010368
v -0.005453 -0.012692 0.013272
v -0.004918 -0.011849 0.010326
v -0.000158 -0.012692 0.011799
v 0.000139 -0.009549 0.012220
v 0.004364 -0.010699 0.015250
v -0.023600 -0.009626 0.024172
v -0.021934 -0.009012 0.019417
v -0.018840 -0.008552 0.015292
v -0.014556 -0.008399 0.012262
v -0.009797 -0.008552 0.010747
v -0.004620 -0.008936 0.010705
v 0.003293 -0.017216 0.036714
v 0.004245 -0.016986 0.032127
v 0.006387 -0.016909 0.032842
v 0.005554 -0.016449 0.028213
v 0.008231 -0.016372 0.028465
v 0.005554 -0.015759 0.024088
v 0.008529 -0.015529 0.023751
v 0.004304 -0.014916 0.020174
v 0.007041 -0.014456 0.018701
v 0.001865 -0.014149 0.016891
v 0.003947 -0.013612 0.014703
v -0.001527 -0.013306 0.014492
v 0.009124 -0.014609 0.029096
v 0.009064 -0.013152 0.024046
v 0.007339 -0.011849 0.019206
v 0.025188 -0.034235 0.080315
v 0.022332 -0.038759 0.080989
v 0.019119 -0.043895 0.081578
v 0.016739 -0.043052 0.084819
v 0.023165 -0.032242 0.085155
v 0.020666 -0.030249 0.088606
v 0.020488 -0.036612 0.086544
v 0.018881 -0.042745 0.085197
v 0.017513 -0.041519 0.088564
v 0.014716 -0.040369 0.091384
v 0.017989 -0.035002 0.089869
v -0.005453 -0.012692 0.013272
v 0.005792 -0.044815 0.070551
v -0.061321 0.106907 0.032968
v 0.017632 -0.041825 0.057042
v 0.052676 0.008544 0.063439
v 0.017989 -0.044815 0.077958
v 0.004780 -0.019746 0.027539
v 0.059101 0.015214 0.039197
v 0.071921 0.021575 0.047905
v 0.069334 0.025018 0.057578
v 0.071773 0.020124 0.048382
v 0.069186 0.023567 0.058055
v 0.069390 0.017393 0.048716
v 0.066803 0.020837 0.058390
v 0.065783 0.010824 0.061681
v 0.067172 0.011746 0.064917
v 0.068370 0.007380 0.052008
v 0.071184 0.006406 0.049916
v 0.072205 0.016418 0.046624
v 0.071559 0.005907 0.048514
v 0.072579 0.015919 0.045222
v 0.070191 0.004597 0.053486
v 0.067604 0.008041 0.063159
v 0.070043 0.003146 0.053963
v 0.067456 0.006590 0.063636
v 0.052369 0.007491 0.048865
v 0.053346 0.009980 0.045385
v 0.054713 0.007511 0.049653
v 0.055691 0.010000 0.046173
v 0.057537 0.010808 0.047723
v 0.056120 0.014208 0.044789
v 0.057877 0.014146 0.046625
v 0.057671 0.017552 0.047541
v 0.058505 0.016147 0.049945
v 0.056912 0.019715 0.050432
v 0.058077 0.017376 0.051576
v 0.057568 0.017394 0.053449
v 0.059249 0.017373 0.053907
v 0.057105 0.016198 0.055096
v 0.058787 0.016177 0.055553
v 0.056913 0.014311 0.055716
v 0.058594 0.014290 0.056173
v 0.058732 0.012295 0.055576
v 0.055178 0.017739 0.056719
v 0.055984 0.019797 0.053850
v 0.054943 0.021047 0.049431
v 0.055822 0.018394 0.046075
v 0.053478 0.018374 0.045287
v 0.053775 0.014188 0.044001
v 0.060383 0.007480 0.049836
v 0.068370 0.007380 0.052008
v 0.059954 0.003272 0.051220
v 0.070191 0.004597 0.053486
v 0.070043 0.003146 0.053963
v 0.067456 0.006590 0.063636
v 0.057367 0.006716 0.060893
v 0.067604 0.008041 0.063159
v 0.065783 0.010824 0.061681
v 0.057796 0.010924 0.059510
v 0.056708 0.012372 0.063575
v 0.067172 0.011746 0.064917
v 0.066797 0.012245 0.066318
v 0.057728 0.022384 0.060284
v 0.067818 0.022258 0.063027
v 0.068193 0.021759 0.061625
v 0.066803 0.020837 0.058390
v 0.058816 0.020937 0.056218
v 0.059245 0.025145 0.054835
v 0.069186 0.023567 0.058055
v 0.069334 0.025018 0.057578
v 0.071921 0.021575 0.047905
v 0.061832 0.021701 0.045161
v 0.071773 0.020124 0.048382
v 0.069390 0.017393 0.048716
v 0.061403 0.017493 0.046545
v 0.062490 0.016045 0.042479
v 0.072205 0.016418 0.046624
v 0.072579 0.015919 0.045222
v 0.071559 0.005907 0.048514
v 0.061470 0.006033 0.045771
v 0.071184 0.006406 0.049916
v 0.068370 0.007380 0.052008
v 0.057367 0.006716 0.060893
v 0.057796 0.010924 0.059510
v 0.059954 0.003272 0.051220
v 0.060383 0.007480 0.049836
v 0.059122 0.011115 0.054085
v 0.059669 0.011047 0.052071
v 0.060132 0.012244 0.050425
v 0.060324 0.014130 0.049805
v 0.061403 0.017493 0.046545
v 0.062490 0.016045 0.042479
v 0.060187 0.016126 0.050402
v 0.059758 0.017355 0.052033
v 0.058816 0.020937 0.056218
v 0.059249 0.017373 0.053907
v 0.058787 0.016177 0.055553
v 0.058594 0.014290 0.056173
v 0.058732 0.012295 0.055576
v 0.057728 0.022384 0.060284
v 0.056708 0.012372 0.063575
v 0.059245 0.025145 0.054835
v 0.061832 0.021701 0.045161
v 0.059758 0.017355 0.052033
v 0.060187 0.016126 0.050402
v 0.058642 0.014151 0.049348
v 0.058450 0.012265 0.049968
v 0.057987 0.011068 0.051614
v 0.056769 0.008700 0.050451
v 0.060324 0.014130 0.049805
v 0.060132 0.012244 0.050425
v 0.059669 0.011047 0.052071
v 0.052561 0.021077 0.048783
v 0.051416 0.021119 0.052998
v 0.053798 0.021089 0.053646
v 0.052858 0.018550 0.056986
v 0.050438 0.018630 0.056478
v 0.052429 0.014342 0.058369
v 0.054838 0.014402 0.057816
v 0.057050 0.012316 0.055119
v 0.057441 0.011136 0.053628
v 0.059122 0.011115 0.054085
v 0.059669 0.011047 0.052071
v 0.050009 0.014422 0.057862
v 0.052689 0.010206 0.057224
v 0.055082 0.010946 0.056760
v 0.055803 0.008832 0.054010
v 0.056769 0.008700 0.050451
v 0.057987 0.011068 0.051614
v 0.053568 0.007553 0.053868
v 0.054713 0.007511 0.049653
v 0.052369 0.007491 0.048865
v 0.051186 0.007582 0.053220
v 0.050307 0.010236 0.056576
v 0.068193 0.021759 0.061625
v 0.066797 0.012245 0.066318
v 0.061470 0.006033 0.045771
v 0.067818 0.022258 0.063027
v 0.060383 0.007480 0.049836
v 0.045976 -0.009462 0.078798
v 0.048010 -0.010300 0.080703
v 0.044187 -0.016586 0.077576
v 0.046221 -0.017423 0.079481
v 0.038866 -0.019925 0.081789
v 0.040899 -0.020763 0.083694
v 0.035430 -0.016032 0.087167
v 0.037464 -0.016870 0.089072
v 0.037219 -0.008909 0.088389
v 0.039253 -0.009746 0.090294
v 0.044505 -0.006402 0.086157
v 0.042472 -0.005565 0.084252
v 0.048010 -0.010300 0.080703
v 0.045976 -0.009462 0.078798
v 0.039253 -0.009746 0.090294
v 0.037464 -0.016870 0.089072
v 0.040899 -0.020763 0.083694
v 0.044187 -0.016586 0.077576
v 0.038866 -0.019925 0.081789
v 0.035430 -0.016032 0.087167
v 0.037219 -0.008909 0.088389
v 0.046221 -0.017423 0.079481
v 0.005246 -0.048962 0.092642
v 0.006162 -0.043520 0.091043
v 0.002625 -0.048735 0.091912
v 0.003541 -0.043293 0.090314
v 0.001325 -0.043382 0.088742
v 0.000300 -0.049477 0.090532
v -0.000175 -0.043779 0.086529
v -0.001411 -0.050706 0.088672
v -0.000943 -0.044363 0.084100
v -0.002427 -0.052565 0.086441
v -0.000709 -0.045169 0.081492
v -0.002363 -0.054387 0.084132
v -0.001093 -0.054166 0.081479
v 0.000275 -0.046039 0.079092
v 0.001019 -0.053855 0.079342
v 0.002127 -0.046850 0.077393
v 0.003461 -0.053592 0.078058
v 0.004578 -0.047566 0.076357
v 0.006313 -0.053519 0.077738
v 0.007229 -0.048076 0.076140
v 0.009849 -0.048303 0.076869
v 0.008934 -0.053745 0.078468
v 0.012065 -0.048214 0.078441
v 0.011052 -0.054237 0.080210
v 0.013566 -0.047817 0.080654
v 0.012457 -0.054822 0.082603
v 0.014334 -0.047233 0.083083
v 0.013070 -0.055358 0.085537
v 0.014099 -0.046427 0.085691
v 0.012652 -0.055641 0.088465
v 0.011736 -0.053757 0.090499
v 0.013116 -0.045557 0.088091
v 0.010027 -0.051673 0.091933
v 0.011263 -0.044746 0.089790
v 0.007890 -0.050123 0.092684
v 0.008813 -0.044029 0.090826
v 0.005246 -0.048962 0.092642
v 0.008934 -0.053745 0.078468
v 0.011052 -0.054237 0.080210
v 0.006313 -0.053519 0.077738
v 0.003461 -0.053592 0.078058
v 0.012457 -0.054822 0.082603
v 0.001019 -0.053855 0.079342
v 0.013070 -0.055358 0.085537
v -0.001093 -0.054166 0.081479
v -0.002363 -0.054387 0.084132
v 0.012652 -0.055641 0.088465
v 0.011736 -0.053757 0.090499
v -0.002427 -0.052565 0.086441
v 0.010027 -0.051673 0.091933
v -0.001411 -0.050706 0.088672
v 0.000300 -0.049477 0.090532
v 0.007890 -0.050123 0.092684
v 0.005246 -0.048962 0.092642
v 0.002625 -0.048735 0.091912
v 0.003541 -0.043293 0.090314
v 0.006162 -0.043520 0.091043
v 0.001325 -0.043382 0.088742
v 0.008813 -0.044029 0.090826
v -0.000175 -0.043779 0.086529
v 0.011263 -0.044746 0.089790
v 0.013116 -0.045557 0.088091
v -0.000943 -0.044363 0.084100
v 0.014099 -0.046427 0.085691
v -0.000709 -0.045169 0.081492
v 0.000275 -0.046039 0.079092
v 0.014334 -0.047233 0.083083
v 0.013566 -0.047817 0.080654
v 0.002127 -0.046850 0.077393
v 0.004578 -0.047566 0.076357
v 0.012065 -0.048214 0.078441
v 0.009849 -0.048303 0.076869
v 0.007229 -0.048076 0.076140
v 0.006162 -0.043520 0.091043
v 0.015167 -0.045710 0.053175
v 0.014943 -0.045532 0.055714
v 0.014618 -0.051519 0.053534
v 0.014394 -0.051340 0.056074
v 0.012890 -0.053195 0.055835
v 0.012019 -0.052989 0.057821
v 0.013399 -0.051098 0.058466
v 0.013948 -0.045290 0.058106
v 0.011645 -0.050817 0.060336
v 0.012193 -0.045008 0.059977
v 0.009756 -0.044704 0.061179
v 0.009208 -0.050512 0.061539
v 0.008732 -0.052528 0.060260
v 0.006614 -0.050251 0.061797
v 0.006620 -0.052313 0.060502
v 0.004122 -0.050055 0.061160
v 0.004529 -0.052147 0.059996
v 0.001987 -0.049945 0.059677
v 0.002718 -0.052051 0.058789
v 0.001478 -0.052041 0.057046
v 0.004670 -0.044247 0.060801
v 0.007163 -0.044443 0.061438
v 0.002535 -0.044137 0.059317
v 0.000422 -0.049922 0.057657
v 0.000907 -0.052107 0.055108
v 0.000970 -0.044114 0.057297
v 0.000199 -0.044203 0.054676
v -0.000350 -0.050012 0.055035
v 0.000423 -0.044382 0.052136
v -0.000126 -0.050190 0.052496
v 0.000869 -0.050432 0.050103
v 0.001008 -0.052249 0.052976
v 0.001880 -0.052454 0.050991
v 0.010532 -0.052753 0.059366
v 0.012991 -0.053336 0.053703
v 0.012421 -0.053402 0.051765
v 0.014618 -0.051519 0.053534
v 0.013846 -0.051608 0.050913
v 0.015167 -0.045710 0.053175
v 0.014395 -0.045800 0.050553
v 0.011180 -0.053393 0.050022
v 0.012281 -0.051585 0.048893
v 0.012830 -0.045777 0.048533
v 0.010146 -0.051475 0.047409
v 0.010695 -0.045667 0.047050
v 0.009369 -0.053296 0.048816
v 0.007654 -0.051279 0.046772
v 0.008202 -0.045471 0.046413
v 0.007279 -0.053130 0.048309
v 0.004949 -0.051006 0.047063
v 0.005497 -0.045197 0.046703
v 0.005278 -0.052928 0.048519
v 0.003367 -0.052690 0.049445
v 0.002624 -0.050714 0.048233
v 0.003172 -0.044905 0.047873
v 0.001417 -0.044624 0.049744
v 0.012991 -0.053336 0.053703
v 0.012890 -0.053195 0.055835
v 0.012421 -0.053402 0.051765
v 0.011180 -0.053393 0.050022
v 0.012019 -0.052989 0.057821
v 0.009369 -0.053296 0.048816
v 0.007279 -0.053130 0.048309
v 0.010532 -0.052753 0.059366
v 0.005278 -0.052928 0.048519
v 0.008732 -0.052528 0.060260
v 0.006620 -0.052313 0.060502
v 0.003367 -0.052690 0.049445
v 0.001880 -0.052454 0.050991
v 0.004529 -0.052147 0.059996
v 0.002718 -0.052051 0.058789
v 0.001008 -0.052249 0.052976
v 0.001478 -0.052041 0.057046
v 0.000907 -0.052107 0.055108
v 0.000199 -0.044203 0.054676
v 0.000970 -0.044114 0.057297
v 0.000423 -0.044382 0.052136
v 0.002535 -0.044137 0.059317
v 0.001417 -0.044624 0.049744
v 0.004670 -0.044247 0.060801
v 0.007163 -0.044443 0.061438
v 0.003172 -0.044905 0.047873
v 0.005497 -0.045197 0.046703
v 0.009756 -0.044704 0.061179
v 0.012193 -0.045008 0.059977
v 0.008202 -0.045471 0.046413
v 0.013948 -0.045290 0.058106
v 0.010695 -0.045667 0.047050
v 0.012830 -0.045777 0.048533
v 0.014943 -0.045532 0.055714
v 0.015167 -0.045710 0.053175
v 0.014395 -0.045800 0.050553
v 0.012991 -0.053336 0.053703
v -0.010155 -0.023584 0.015747
v -0.007481 -0.023857 0.015631
v -0.012892 -0.023430 0.016584
v -0.015289 -0.023488 0.018425
v -0.016903 -0.023702 0.020660
v -0.004640 -0.024329 0.016549
v -0.017883 -0.024089 0.023493
v -0.002415 -0.024846 0.018107
v -0.000602 -0.025454 0.020448
v -0.017816 -0.024559 0.026141
v 0.000164 -0.025979 0.022973
v -0.017023 -0.025118 0.028839
v -0.015210 -0.025726 0.031179
v 0.000259 -0.026483 0.025793
v -0.012984 -0.026243 0.032738
v -0.000721 -0.026870 0.028626
v -0.010144 -0.026715 0.033656
v -0.002336 -0.027084 0.030861
v -0.004732 -0.027142 0.032702
v -0.007470 -0.026988 0.033539
v -0.002878 -0.011983 0.026156
v -0.003215 -0.012359 0.028521
v -0.003774 -0.020144 0.024730
v -0.004111 -0.020520 0.027094
v -0.005432 -0.020695 0.028923
v -0.004536 -0.012533 0.030349
v -0.007416 -0.020662 0.029982
v -0.006520 -0.012501 0.031408
v -0.008900 -0.012189 0.031118
v -0.009796 -0.020350 0.029692
v -0.011617 -0.019928 0.028417
v -0.010721 -0.011766 0.029843
v -0.012676 -0.019441 0.026298
v -0.011780 -0.011280 0.027725
v -0.012311 -0.019098 0.024106
v -0.011415 -0.010937 0.025532
v -0.010094 -0.010762 0.023704
v -0.010990 -0.018923 0.022277
v -0.008111 -0.010795 0.022645
v -0.009006 -0.018956 0.021218
v -0.006626 -0.019268 0.021508
v -0.005730 -0.011107 0.022935
v -0.003909 -0.011529 0.024210
v -0.004805 -0.019691 0.022783
v -0.002878 -0.011983 0.026156
v -0.003774 -0.020144 0.024730
v -0.009006 -0.018956 0.021218
v -0.013307 -0.017640 0.015749
v -0.010990 -0.018923 0.022277
v -0.016199 -0.017691 0.017854
v -0.018254 -0.017962 0.020699
v -0.012311 -0.019098 0.024106
v -0.019325 -0.018435 0.024080
v -0.012676 -0.019441 0.026298
v -0.019321 -0.019025 0.027448
v -0.018242 -0.019730 0.030805
v -0.011617 -0.019928 0.028417
v -0.016172 -0.020451 0.033632
v -0.009796 -0.020350 0.029692
v -0.013339 -0.021109 0.035616
v -0.009947 -0.021655 0.036614
v -0.007416 -0.020662 0.029982
v -0.006547 -0.022017 0.036547
v -0.003139 -0.022193 0.035414
v -0.005432 -0.020695 0.028923
v -0.000247 -0.022142 0.033309
v 0.001808 -0.021871 0.030464
v -0.004111 -0.020520 0.027094
v 0.002879 -0.021398 0.027083
v -0.003774 -0.020144 0.024730
v 0.002848 -0.020775 0.023542
v 0.001797 -0.020104 0.020358
v -0.004805 -0.019691 0.022783
v -0.000274 -0.019382 0.017531
v -0.003107 -0.018725 0.015547
v -0.006626 -0.019268 0.021508
v -0.006499 -0.018178 0.014549
v -0.009899 -0.017816 0.014616
v 0.002848 -0.020775 0.023542
v 0.002879 -0.021398 0.027083
v 0.002455 -0.025264 0.026408
v 0.001808 -0.021871 0.030464
v 0.001384 -0.025737 0.029788
v -0.000247 -0.022142 0.033309
v -0.000671 -0.026008 0.032633
v -0.003139 -0.022193 0.035414
v -0.003564 -0.026059 0.034739
v -0.006547 -0.022017 0.036547
v -0.006972 -0.025883 0.035871
v -0.009947 -0.021655 0.036614
v -0.010371 -0.025521 0.035938
v -0.013339 -0.021109 0.035616
v -0.013763 -0.024974 0.034940
v -0.016172 -0.020451 0.033632
v -0.016596 -0.024317 0.032956
v -0.018242 -0.019730 0.030805
v -0.018667 -0.023596 0.030129
v -0.019746 -0.022891 0.026773
v -0.017816 -0.024559 0.026141
v -0.019750 -0.022301 0.023404
v -0.017883 -0.024089 0.023493
v -0.018678 -0.021828 0.020023
v -0.016903 -0.023702 0.020660
v -0.016623 -0.021557 0.017179
v -0.015289 -0.023488 0.018425
v -0.012892 -0.023430 0.016584
v -0.002336 -0.027084 0.030861
v -0.004732 -0.027142 0.032702
v -0.007470 -0.026988 0.033539
v -0.010144 -0.026715 0.033656
v -0.012984 -0.026243 0.032738
v -0.000721 -0.026870 0.028626
v 0.000259 -0.026483 0.025793
v 0.000164 -0.025979 0.022973
v 0.002423 -0.024641 0.022866
v -0.015210 -0.025726 0.031179
v -0.017023 -0.025118 0.028839
v -0.019321 -0.019025 0.027448
v -0.019325 -0.018435 0.024080
v -0.018254 -0.017962 0.020699
v -0.016199 -0.017691 0.017854
v -0.013731 -0.021506 0.015073
v -0.010498 -0.021669 0.013971
v -0.010155 -0.023584 0.015747
v -0.007481 -0.023857 0.015631
v -0.013307 -0.017640 0.015749
v -0.009899 -0.017816 0.014616
v -0.006923 -0.022044 0.013873
v -0.003531 -0.022591 0.014872
v -0.004640 -0.024329 0.016549
v -0.000699 -0.023248 0.016855
v -0.002415 -0.024846 0.018107
v 0.001372 -0.023970 0.019682
v -0.000602 -0.025454 0.020448
v 0.000164 -0.025979 0.022973
v -0.006499 -0.018178 0.014549
v -0.003107 -0.018725 0.015547
v -0.000274 -0.019382 0.017531
v 0.001797 -0.020104 0.020358
v 0.002848 -0.020775 0.023542
v 0.002423 -0.024641 0.022866
v 0.053457 -0.010324 0.079120
v 0.052561 -0.006500 0.081758
v 0.063823 -0.014593 0.088831
v 0.062926 -0.010769 0.091469
v 0.064081 -0.015973 0.091773
v 0.063437 -0.012730 0.093887
v 0.050601 -0.003739 0.085064
v 0.060967 -0.008008 0.094774
v 0.061729 -0.010550 0.096668
v 0.057936 -0.006874 0.098509
v 0.059174 -0.009635 0.099798
v 0.054569 -0.007603 0.101782
v 0.056376 -0.010212 0.102531
v 0.053644 -0.012111 0.104612
v 0.047700 -0.002613 0.088655
v 0.044203 -0.003334 0.092071
v 0.051306 -0.010034 0.104196
v 0.051416 -0.015173 0.105644
v 0.040940 -0.005765 0.094485
v 0.048547 -0.013627 0.105562
v 0.046776 -0.018037 0.105514
v 0.049962 -0.018848 0.105580
v 0.046265 -0.022714 0.104003
v 0.049507 -0.022775 0.104340
v 0.047161 -0.026538 0.101365
v 0.050151 -0.026018 0.102226
v 0.051859 -0.028199 0.099445
v 0.038181 -0.009358 0.095851
v 0.036410 -0.013767 0.095803
v 0.035899 -0.018445 0.094292
v 0.036796 -0.022269 0.091654
v 0.038755 -0.025030 0.088349
v 0.049121 -0.029299 0.098059
v 0.041656 -0.026155 0.084757
v 0.052022 -0.030424 0.094468
v 0.045153 -0.025434 0.081341
v 0.055519 -0.029704 0.091052
v 0.058782 -0.027273 0.088638
v 0.059944 -0.026638 0.091501
v 0.061541 -0.023680 0.087272
v 0.062172 -0.023576 0.090469
v 0.063672 -0.019715 0.090565
v 0.057212 -0.028537 0.093582
v 0.054284 -0.029105 0.096458
v 0.057212 -0.028537 0.093582
v 0.059944 -0.026638 0.091501
v 0.054284 -0.029105 0.096458
v 0.062172 -0.023576 0.090469
v 0.063672 -0.019715 0.090565
v 0.051859 -0.028199 0.099445
v 0.064081 -0.015973 0.091773
v 0.050151 -0.026018 0.102226
v 0.049507 -0.022775 0.104340
v 0.063437 -0.012730 0.093887
v 0.061729 -0.010550 0.096668
v 0.049962 -0.018848 0.105580
v 0.051416 -0.015173 0.105644
v 0.059174 -0.009635 0.099798
v 0.056376 -0.010212 0.102531
v 0.053644 -0.012111 0.104612
v 0.053457 -0.010324 0.079120
v 0.063823 -0.014593 0.088831
v 0.052992 -0.014816 0.077641
v 0.063358 -0.019085 0.087352
v 0.051175 -0.019410 0.077561
v 0.048416 -0.023003 0.078927
v 0.064081 -0.015973 0.091773
v 0.042238 -0.011457 0.079712
v 0.047085 -0.013453 0.084252
v 0.041726 -0.013497 0.079362
v 0.046572 -0.015493 0.083902
v 0.045239 -0.017104 0.084617
v 0.040393 -0.015108 0.080077
v 0.038901 -0.015768 0.081380
v 0.043617 -0.017755 0.086063
v 0.042497 -0.016931 0.087620
v 0.037651 -0.014935 0.083080
v 0.042002 -0.015204 0.088908
v 0.037156 -0.013208 0.084367
v 0.037668 -0.011169 0.084717
v 0.042515 -0.013165 0.089257
v 0.039001 -0.009557 0.084003
v 0.043848 -0.011553 0.088543
v 0.040493 -0.008898 0.082700
v 0.045340 -0.010894 0.087240
v 0.041743 -0.009731 0.081000
v 0.046590 -0.011727 0.085540
v 0.047085 -0.013453 0.084252
v 0.042238 -0.011457 0.079712
v 0.053457 -0.010324 0.079120
v 0.047085 -0.013453 0.084252
v 0.052561 -0.006500 0.081758
v 0.046590 -0.011727 0.085540
v 0.050601 -0.003739 0.085064
v 0.045340 -0.010894 0.087240
v 0.047700 -0.002613 0.088655
v 0.044203 -0.003334 0.092071
v 0.043848 -0.011553 0.088543
v 0.040940 -0.005765 0.094485
v 0.042515 -0.013165 0.089257
v 0.038181 -0.009358 0.095851
v 0.036410 -0.013767 0.095803
v 0.042002 -0.015204 0.088908
v 0.035899 -0.018445 0.094292
v 0.036796 -0.022269 0.091654
v 0.042497 -0.016931 0.087620
v 0.038755 -0.025030 0.088349
v 0.043617 -0.017755 0.086063
v 0.041656 -0.026155 0.084757
v 0.045153 -0.025434 0.081341
v 0.045239 -0.017104 0.084617
v 0.048416 -0.023003 0.078927
v 0.046572 -0.015493 0.083902
v 0.051175 -0.019410 0.077561
v 0.052992 -0.014816 0.077641
v 0.032722 -0.018231 0.019678
v 0.032467 -0.023200 0.010458
v 0.027087 -0.018279 0.019860
v 0.026832 -0.023248 0.010640
v 0.021756 -0.024712 0.011569
v 0.023025 -0.028798 0.010055
v 0.017242 -0.027591 0.013246
v 0.019514 -0.031038 0.011359
v 0.016790 -0.034412 0.013252
v 0.022011 -0.019743 0.020789
v 0.017497 -0.022622 0.022465
v 0.014319 -0.026559 0.024675
v 0.014063 -0.031527 0.015455
v 0.012449 -0.036239 0.018039
v 0.015534 -0.038076 0.015262
v 0.012578 -0.041203 0.020710
v 0.015520 -0.042313 0.017546
v 0.014307 -0.045692 0.023082
v 0.017106 -0.046075 0.019529
v 0.017636 -0.049706 0.025153
v 0.019695 -0.049197 0.021140
v 0.022147 -0.052557 0.026564
v 0.023562 -0.051641 0.022350
v 0.027520 -0.054040 0.027215
v 0.027741 -0.052794 0.022856
v 0.032880 -0.054031 0.027062
v 0.032278 -0.052901 0.022788
v 0.036804 -0.051515 0.021916
v 0.012833 -0.036234 0.029930
v 0.014562 -0.040723 0.032301
v 0.017891 -0.044737 0.034373
v 0.022403 -0.047588 0.035784
v 0.027775 -0.049072 0.036435
v 0.033136 -0.049062 0.036282
v 0.038485 -0.047560 0.035324
v 0.038230 -0.052528 0.026104
v 0.040315 -0.049276 0.020612
v 0.042745 -0.049649 0.024427
v 0.043000 -0.044680 0.033647
v 0.046178 -0.040744 0.031438
v 0.045923 -0.045713 0.022218
v 0.047793 -0.036032 0.028854
v 0.047538 -0.041001 0.019634
v 0.047712 -0.031311 0.026312
v 0.047457 -0.036279 0.017092
v 0.045680 -0.031548 0.014591
v 0.044357 -0.038243 0.014554
v 0.042723 -0.034238 0.012441
v 0.044295 -0.042237 0.016708
v 0.043039 -0.045902 0.018718
v 0.040134 -0.031116 0.010830
v 0.042723 -0.034238 0.012441
v 0.036267 -0.028673 0.009621
v 0.044357 -0.038243 0.014554
v 0.044295 -0.042237 0.016708
v 0.032088 -0.027519 0.009114
v 0.043039 -0.045902 0.018718
v 0.027277 -0.027451 0.009211
v 0.040315 -0.049276 0.020612
v 0.023025 -0.028798 0.010055
v 0.019514 -0.031038 0.011359
v 0.036804 -0.051515 0.021916
v 0.016790 -0.034412 0.013252
v 0.032278 -0.052901 0.022788
v 0.027741 -0.052794 0.022856
v 0.015534 -0.038076 0.015262
v 0.015520 -0.042313 0.017546
v 0.023562 -0.051641 0.022350
v 0.019695 -0.049197 0.021140
v 0.017106 -0.046075 0.019529
v 0.040134 -0.031116 0.010830
v 0.042351 -0.027534 0.012520
v 0.045935 -0.026579 0.023811
v 0.042606 -0.022565 0.021740
v 0.036267 -0.028673 0.009621
v 0.037839 -0.024683 0.011109
v 0.038094 -0.019715 0.020329
v 0.032088 -0.027519 0.009114
v 0.032467 -0.023200 0.010458
v 0.032722 -0.018231 0.019678
v 0.027277 -0.027451 0.009211
v 0.032088 -0.027519 0.009114
v 0.012704 -0.031270 0.027259
v 0.047712 -0.031311 0.026312
v 0.045935 -0.026579 0.023811
v 0.047793 -0.036032 0.028854
v 0.042606 -0.022565 0.021740
v 0.038094 -0.019715 0.020329
v 0.046178 -0.040744 0.031438
v 0.043000 -0.044680 0.033647
v 0.032722 -0.018231 0.019678
v 0.027087 -0.018279 0.019860
v 0.038485 -0.047560 0.035324
v 0.033136 -0.049062 0.036282
v 0.022011 -0.019743 0.020789
v 0.027775 -0.049072 0.036435
v 0.017497 -0.022622 0.022465
v 0.014319 -0.026559 0.024675
v 0.022403 -0.047588 0.035784
v 0.017891 -0.044737 0.034373
v 0.012704 -0.031270 0.027259
v 0.012833 -0.036234 0.029930
v 0.014562 -0.040723 0.032301
vn 0.0010 0.0070 1.0000
vn 0.6810 0.0053 0.7323
vn 0.6793 0.1849 0.7102
vn 0.0001 0.2518 0.9678
vn 0.0018 0.8213 0.5705
vn 0.6734 0.5315 0.5139
vn 0.6719 0.6723 0.3107
vn 0.0009 0.9108 0.4128
vn 0.0031 -0.7790 -0.6270
vn -0.0001 -0.7793 -0.6267
vn -0.0009 -0.7386 -0.6742
vn 0.1039 -0.7185 -0.6877
vn 0.6783 -0.1782 0.7129
vn 0.0005 -0.2433 0.9699
vn 0.9069 -0.3245 -0.2688
vn 0.7648 -0.4552 -0.4560
vn 0.9132 0.3507 -0.2077
vn 0.9087 0.3038 -0.2863
vn 0.9132 -0.3570 -0.1965
vn 0.2824 -0.7530 -0.5944
vn 0.3033 0.7231 -0.6205
vn 0.1169 0.6828 -0.7212
vn 0.7750 0.4234 -0.4692
vn 0.0003 0.7512 -0.6601
vn -0.0000 0.7078 -0.7064
vn 0.0001 0.7053 -0.7089
vn -0.0009 0.8365 -0.5479
vn 0.0016 0.8367 -0.5477
vn 0.0025 0.7353 -0.6777
vn -0.0006 0.7359 -0.6771
vn 0.9100 -0.4145 -0.0028
vn 0.2872 -0.9566 0.0497
vn 0.0070 -0.9742 -0.2256
vn 0.6892 -0.7048 -0.1681
vn 0.9109 0.0017 -0.4127
vn 0.8752 0.2643 -0.4052
vn -0.0005 -0.4883 0.8727
vn 0.6776 -0.3582 0.6422
vn -0.0016 -0.9965 0.0836
vn -0.0016 -0.9742 -0.2256
vn 0.6861 0.6089 -0.3981
vn 0.6984 0.5260 -0.4854
vn -0.0005 -0.7185 0.6956
vn -0.0003 -0.8191 0.5736
vn 0.5868 -0.7399 0.3290
vn 0.6684 -0.5355 0.5163
vn 0.3514 -0.8212 -0.4495
vn 0.6855 -0.6414 -0.3444
vn 0.6778 0.3604 0.6408
vn 0.0001 0.4909 0.8712
vn 0.0045 -0.8809 -0.4732
vn -0.0007 -0.8809 -0.4732
vn -0.0012 0.9534 -0.3017
vn 0.0052 0.9536 -0.3009
vn 0.6754 0.7054 -0.2149
vn -0.0017 -0.8770 -0.4805
vn -0.0010 -0.8920 -0.4519
vn 0.4642 -0.6545 -0.5968
vn -0.0010 0.8615 -0.5078
vn 0.3479 0.8090 -0.4738
vn -0.6889 0.0025 -0.7248
vn -0.7810 -0.0192 -0.6243
vn -0.9997 -0.0101 -0.0228
vn -0.9997 -0.0003 -0.0225
vn 0.6960 -0.5598 -0.4497
vn 0.8793 -0.2567 -0.4011
vn -0.9997 0.0096 -0.0234
vn -0.7817 0.0235 -0.6233
vn -0.0016 -0.7823 -0.6229
vn 0.6660 0.0027 -0.7459
vn 0.4563 0.6548 -0.6025
vn -0.0013 -0.9682 0.2501
vn -0.0006 0.9989 0.0473
vn 0.3053 0.9523 0.0030
vn 0.0174 -0.0163 -0.9997
vn 0.0179 0.0036 -0.9998
vn -0.0022 -0.7376 -0.6752
vn 0.6703 0.7393 -0.0637
vn -0.0013 0.8899 -0.4562
vn -0.6992 -0.0141 -0.7148
vn 0.0004 -0.0195 -0.9998
vn -0.5355 -0.0064 -0.8445
vn -0.5388 -0.0214 -0.8422
vn 0.0008 0.6015 0.7988
vn -0.0018 -0.0199 -0.9998
vn 0.0183 0.0234 -0.9996
vn -0.8387 0.4517 -0.3042
vn -0.8471 0.3843 -0.3671
vn -0.8407 0.2618 0.4739
vn -0.8390 0.3878 0.3816
vn -0.8366 -0.4794 -0.2653
vn -0.8387 -0.3883 0.3819
vn -0.8385 -0.2632 0.4771
vn -0.8468 -0.4086 -0.3404
vn -0.8308 0.4186 -0.3668
vn -0.8416 0.1670 -0.5136
vn -0.8473 0.0556 -0.5282
vn -0.8567 0.4005 -0.3251
vn -0.2480 0.8818 0.4010
vn -0.2460 0.6980 0.6726
vn -0.0038 0.7203 0.6937
vn -0.0021 0.9108 0.4128
vn -0.8381 0.4947 0.2297
vn -0.2372 -0.7533 -0.6135
vn -0.2342 -0.8553 -0.4622
vn -0.2375 0.2463 0.9396
vn -0.2413 0.4765 0.8454
vn -0.8388 0.1358 0.5273
vn 1.0000 -0.0007 -0.0072
vn 1.0000 -0.0008 -0.0097
vn 1.0000 -0.0007 -0.0097
vn 1.0000 -0.0006 -0.0069
vn -0.2506 0.2896 -0.9238
vn -0.8322 0.3138 -0.4572
vn -0.2401 0.5310 -0.8126
vn -0.2383 -0.2368 0.9419
vn -0.0005 -0.2440 0.9698
vn -0.0009 0.0068 1.0000
vn -0.2359 0.0072 0.9718
vn -0.2297 0.7242 -0.6502
vn -0.0158 0.7436 -0.6685
vn -0.0175 0.5500 -0.8350
vn -0.8615 -0.3780 -0.3390
vn -0.2396 -0.7193 -0.6521
vn -0.8348 0.5245 -0.1677
vn -0.2388 0.9266 -0.2904
vn -0.2345 0.8127 -0.5335
vn -0.2429 -0.6976 0.6741
vn -0.0013 -0.7188 0.6952
vn 0.0005 -0.4885 0.8726
vn -0.2384 -0.4757 0.8467
vn 1.0000 -0.0001 -0.0000
vn 1.0000 -0.0001 -0.0011
vn 1.0000 -0.0001 -0.0010
vn 1.0000 -0.0001 -0.0001
vn -0.8362 -0.4959 0.2341
vn -0.8384 -0.5429 0.0480
vn -0.2405 -0.9669 0.0851
vn -0.2442 -0.8797 0.4080
vn -0.0180 0.2991 -0.9540
vn -0.2352 -0.9474 -0.2172
vn 0.0030 -0.8807 -0.4737
vn 0.0056 -0.9743 -0.2251
vn -0.8363 -0.5338 -0.1253
vn -0.0027 0.7052 -0.7090
vn -0.0089 0.7538 -0.6571
vn -0.2371 0.7413 -0.6279
vn -0.2380 0.6886 -0.6850
vn -0.0006 -0.7389 -0.6738
vn -0.0008 -0.7785 -0.6276
vn 0.0012 0.7354 -0.6776
vn -0.2348 0.7122 -0.6615
vn -0.2552 -0.1014 -0.9616
vn -0.2548 0.0987 -0.9620
vn -0.0215 0.1029 -0.9945
vn -0.0229 -0.1042 -0.9943
vn -0.8670 -0.4048 -0.2906
vn -0.2374 -0.7796 -0.5796
vn -0.8374 0.5459 0.0285
vn -0.8336 -0.4509 -0.3190
vn -0.8442 -0.0574 -0.5329
vn -0.8374 -0.1305 0.5307
vn -0.8643 0.3614 -0.3499
vn -0.8387 0.0043 0.5446
vn -0.2443 0.9684 0.0499
vn 0.0019 0.9989 0.0466
vn 0.0034 0.9535 -0.3014
vn -0.0225 -0.3274 -0.9446
vn -0.2540 -0.3198 -0.9128
vn -0.0019 0.4906 0.8714
vn -0.0005 0.2524 0.9676
vn -0.2300 -0.7787 -0.5837
vn -0.0096 -0.7983 -0.6022
vn -0.0012 -0.7951 -0.6064
vn 0.0035 -0.9964 0.0848
vn -0.0010 -0.9079 0.4193
vn -0.8402 -0.1865 -0.5093
vn -0.2435 -0.5832 -0.7750
vn -0.8284 -0.3512 -0.4364
vn 0.0033 0.8364 -0.5480
vn -0.0195 -0.6015 -0.7986
vn 1.0000 -0.0002 0.0086
vn 1.0000 -0.0001 -0.0052
vn -0.7084 -0.7052 -0.0293
vn -0.6862 0.7269 -0.0282
vn -0.7071 0.7069 -0.0186
vn -0.7283 -0.6849 -0.0224
vn 0.7075 -0.7058 -0.0368
vn 1.0000 0.0007 -0.0008
vn 1.0000 0.0008 -0.0008
vn 0.6916 -0.7217 -0.0303
vn 0.0239 0.9990 -0.0385
vn 0.0240 0.9990 -0.0386
vn 0.4641 0.7263 0.5071
vn 0.0179 0.8193 0.5731
vn 0.0071 0.7251 0.6886
vn 0.4728 0.6469 0.5982
vn 0.3062 0.6926 0.6532
vn 0.3064 0.6905 0.6552
vn 0.2818 0.8674 0.4102
vn 0.2816 0.8685 0.4079
vn 0.1647 -0.7118 0.6827
vn 0.1654 -0.7096 0.6849
vn 0.1060 -0.8901 0.4432
vn 0.1057 -0.8909 0.4417
vn -0.0799 -0.8042 -0.5890
vn 0.0720 -0.8068 -0.5864
vn 0.1023 -0.9594 -0.2630
vn -0.0628 -0.9604 -0.2716
vn 0.3332 0.9304 0.1530
vn 0.3393 0.9230 -0.1813
vn 0.5237 0.8322 -0.1819
vn 0.5474 0.8272 0.1271
vn -0.0386 -0.1674 -0.9851
vn -0.1331 -0.1654 -0.9772
vn -0.1254 -0.1099 -0.9860
vn -0.0230 -0.1075 -0.9939
vn -0.0877 -0.5345 -0.8406
vn 0.0540 -0.5502 -0.8333
vn -0.0186 0.1048 -0.9943
vn 0.0154 -0.0784 -0.9968
vn 0.0296 -0.0810 -0.9963
vn 0.0083 0.0867 -0.9962
vn -0.0156 0.2958 -0.9551
vn 0.0129 0.4401 -0.8979
vn 0.0122 0.4368 -0.8995
vn -0.8957 0.4429 -0.0398
vn -0.8939 0.4451 -0.0537
vn -0.8987 0.4183 0.1318
vn -0.9021 0.4107 0.1324
vn -0.0458 -0.7436 0.6671
vn 0.2685 -0.7176 0.6426
vn 0.2785 -0.5559 0.7832
vn -0.0721 -0.5678 0.8200
vn 0.2064 0.8830 0.4215
vn 0.4148 0.7250 0.5499
vn 0.6607 0.7443 0.0971
vn 0.4317 0.9016 -0.0292
vn 0.4950 0.1981 0.8460
vn -0.1802 0.4107 0.8938
vn -0.2640 0.0948 0.9599
vn 0.4194 -0.0384 0.9070
vn 0.0746 0.6840 -0.7257
vn 0.0759 0.6880 -0.7217
vn 0.1412 0.8673 -0.4774
vn 0.1405 0.8656 -0.4806
vn 0.2960 -0.8733 0.3869
vn 0.2391 -0.7461 0.6215
vn 0.3655 -0.7048 0.6080
vn 0.3665 -0.8458 0.3878
vn 0.0432 -0.9871 0.1539
vn 0.0435 -0.9869 0.1554
vn -0.0167 -0.9879 -0.1543
vn -0.0169 -0.9877 -0.1557
vn 0.1111 -0.5099 0.8530
vn 0.0240 -0.8167 0.5766
vn 0.6607 -0.6755 0.3275
vn 0.6868 -0.4571 0.5651
vn 0.5783 0.5074 0.6389
vn 0.8337 0.5165 0.1951
vn 0.5795 0.0195 0.8147
vn -0.1311 -0.2658 0.9551
vn -0.1377 -0.4270 0.8937
vn 0.5890 -0.3810 0.7127
vn 0.9655 0.1962 0.1712
vn 0.8955 0.2079 0.3936
vn 0.9124 0.3081 0.2696
vn 0.9009 0.3753 0.2181
vn 0.4253 0.4486 -0.7860
vn 0.5638 0.5851 -0.5830
vn 0.3786 0.6465 -0.6623
vn 0.2814 0.4411 -0.8522
vn -0.0573 -0.6414 0.7650
vn -0.0887 -0.5490 0.8311
vn -0.2325 -0.3337 0.9136
vn -0.2291 -0.3611 0.9039
vn 0.2250 -0.4641 0.8567
vn 0.2260 -0.4595 0.8590
vn -0.7617 0.4006 0.5092
vn -0.7115 0.4722 0.5203
vn -0.6231 0.4024 0.6706
vn -0.6559 0.3600 0.6635
vn 0.9793 -0.1078 -0.1711
vn 0.9803 -0.1023 -0.1689
vn 0.9803 -0.1024 -0.1689
vn 0.9793 -0.1078 -0.1712
vn 0.4708 -0.0170 -0.8821
vn 0.4618 -0.0323 -0.8864
vn 0.4707 -0.0171 -0.8821
vn 0.9792 -0.1093 -0.1709
vn 0.9792 -0.1094 -0.1709
vn 0.9787 -0.1110 -0.1727
vn 0.9787 -0.1111 -0.1727
vn 0.0196 0.9648 0.2624
vn 0.0195 0.9647 0.2625
vn 0.0132 0.9659 0.2586
vn 0.0133 0.9659 0.2586
vn 0.0412 0.9843 -0.1714
vn -0.0615 0.9765 -0.2065
vn 0.2357 0.9545 -0.1826
vn 0.4547 0.8886 -0.0602
vn 0.1478 0.3500 -0.9250
vn 0.0885 0.5406 -0.8366
vn -0.0570 0.4733 -0.8791
vn 0.0483 0.3737 -0.9263
vn 0.4739 -0.0167 -0.8804
vn 0.4740 -0.0166 -0.8804
vn 0.4699 -0.0229 -0.8824
vn 0.4700 -0.0229 -0.8824
vn 0.7456 0.5381 0.3931
vn 0.4894 0.8387 0.2389
vn 0.2867 0.7788 0.5579
vn 0.6525 0.4996 0.5698
vn 0.4684 -0.5377 0.7011
vn 0.4497 -0.5681 0.6893
vn 0.4573 -0.4238 0.7819
vn 0.4679 -0.3985 0.7888
vn -0.1666 0.7279 -0.6651
vn -0.3438 0.5556 -0.7571
vn -0.5678 0.6370 -0.5214
vn -0.3683 0.8303 -0.4183
vn -0.6788 0.3139 0.6638
vn -0.7805 0.3373 0.5264
vn 0.7799 -0.3926 0.4875
vn 0.8469 -0.2918 0.4446
vn 0.9430 -0.3198 -0.0922
vn 0.8551 -0.4090 0.3186
vn 0.2291 -0.8807 0.4146
vn 0.3978 -0.8363 0.3773
vn 0.4531 -0.6788 0.5779
vn 0.5599 -0.8286 -0.0032
vn 0.5109 -0.8560 0.0797
vn 0.5117 -0.8546 0.0881
vn 0.9463 -0.0264 0.3223
vn 0.9674 -0.1453 0.2075
vn 0.9314 -0.1743 0.3196
vn 0.9233 -0.1046 0.3695
vn 0.4073 -0.8725 0.2699
vn 0.3690 -0.8898 0.2683
vn 0.2615 -0.8346 0.4849
vn 0.0963 0.2751 -0.9566
vn 0.4262 0.4627 -0.7773
vn 0.3862 0.5408 -0.7473
vn 0.2451 0.3055 -0.9201
vn 0.2044 -0.8775 0.4338
vn 0.0536 -0.7671 0.6392
vn 0.1213 -0.7510 0.6491
vn 0.5082 0.0577 0.8593
vn 0.5490 0.1933 0.8132
vn 0.5660 0.1782 0.8049
vn 0.5209 0.0483 0.8522
vn 0.4757 -0.2593 0.8405
vn 0.4732 -0.2426 0.8469
vn -0.0809 -0.5164 0.8525
vn -0.0891 -0.5187 0.8503
vn -0.1072 -0.4228 0.8999
vn 0.2938 -0.0832 0.9522
vn 0.4914 -0.0867 0.8666
vn 0.3145 0.0579 0.9475
vn 0.1937 0.2592 -0.9462
vn -0.0362 0.2429 -0.9694
vn 0.0277 0.1338 -0.9906
vn 0.2323 0.2793 -0.9317
vn 0.2486 -0.9287 0.2752
vn 0.3223 -0.9466 0.0051
vn 0.3100 -0.9507 0.0040
vn 0.2478 -0.9346 0.2551
vn 0.0845 -0.2399 0.9671
vn 0.0052 -0.1751 0.9845
vn 0.1186 -0.0637 0.9909
vn 0.3493 -0.0934 0.9324
vn 0.3078 -0.4745 -0.8247
vn 0.1979 -0.5524 -0.8097
vn 0.2303 -0.6300 -0.7417
vn 0.4931 -0.4251 -0.7590
vn 0.3771 0.2683 0.8865
vn 0.4412 0.3452 0.8283
vn 0.5220 -0.0012 0.8529
vn 0.4994 -0.1785 -0.8478
vn 0.5186 0.0545 -0.8533
vn 0.9556 -0.0911 -0.2802
vn 0.9522 -0.1239 -0.2794
vn 0.1384 -0.6975 -0.7031
vn 0.1343 -0.7816 -0.6091
vn 0.2539 -0.9013 -0.3511
vn 0.2427 -0.8513 -0.4653
vn 0.2086 0.1755 0.9621
vn 0.0329 0.0672 0.9972
vn 0.0373 0.2566 0.9658
vn 0.3887 -0.9164 0.0954
vn 0.3305 -0.9367 0.1156
vn 0.3413 -0.9398 -0.0168
vn 0.3950 -0.9185 0.0157
vn 0.4941 -0.2419 0.8351
vn 0.6459 -0.3311 0.6879
vn 0.7007 -0.0375 0.7125
vn 0.5212 -0.0078 0.8534
vn 0.4715 -0.6158 0.6312
vn 0.7634 -0.6170 0.1910
vn 0.9014 -0.3510 0.2535
vn -0.0353 -0.6450 0.7634
vn -0.0676 -0.6416 0.7641
vn 0.9976 0.0645 -0.0231
vn 0.9978 0.0621 -0.0216
vn 0.9954 0.0684 -0.0675
vn 0.9853 0.1677 -0.0334
vn 0.2926 -0.9182 -0.2670
vn 0.3215 -0.9265 -0.1957
vn 0.3101 -0.9505 -0.0187
vn 0.7072 -0.6217 0.3366
vn 0.6676 -0.5881 0.4566
vn 0.9455 0.3109 0.0964
vn 0.9337 0.2501 0.2563
vn 0.9317 0.2053 0.2997
vn 0.9219 0.3622 0.1376
vn -0.1532 -0.3538 -0.9227
vn -0.0184 -0.3757 -0.9266
vn -0.1750 -0.5215 -0.8351
vn 0.4442 -0.8931 0.0713
vn 0.5656 -0.8247 -0.0005
vn 0.5194 -0.8498 -0.0897
vn -0.1702 0.3982 -0.9014
vn -0.1241 0.4230 -0.8976
vn -0.2625 0.5650 -0.7823
vn -0.3185 0.4785 -0.8183
vn 0.6469 -0.7423 -0.1749
vn 0.6553 -0.7541 0.0445
vn 0.7917 -0.6108 -0.0052
vn 0.9943 0.0583 -0.0893
vn 0.7257 0.1280 -0.6760
vn 0.7179 -0.0106 -0.6961
vn 0.9742 -0.0490 -0.2201
vn -0.2711 0.3263 -0.9056
vn -0.1041 0.2899 -0.9514
vn -0.1049 0.3078 -0.9456
vn -0.2659 0.3415 -0.9015
vn 0.1603 -0.9831 0.0886
vn 0.3036 -0.9504 0.0671
vn 0.2148 0.3124 -0.9254
vn -0.0389 0.3997 -0.9158
vn 0.2761 -0.9530 0.1244
vn 0.5775 -0.7584 0.3022
vn 0.1314 -0.9021 0.4109
vn 0.3047 0.8399 -0.4491
vn 0.2337 0.6810 -0.6940
vn 0.3251 0.6183 -0.7156
vn 0.4483 0.7663 -0.4603
vn 0.5496 0.8286 0.1068
vn 0.4636 0.8504 0.2488
vn 0.2399 0.9673 0.0825
vn 0.2522 0.9626 -0.0985
vn -0.7808 0.3122 0.5412
vn -0.8374 0.3341 0.4326
vn -0.8361 0.3572 0.4163
vn 0.4239 -0.8995 -0.1063
vn 0.3235 -0.9348 0.1464
vn 0.5535 -0.4352 -0.7101
vn 0.6744 -0.4005 -0.6203
vn 0.4580 -0.5023 -0.7334
vn 0.3639 -0.5058 -0.7822
vn -0.1294 0.5634 0.8160
vn 0.5725 0.5283 0.6271
vn 0.9952 -0.0760 -0.0623
vn 0.9994 -0.0005 -0.0335
vn 0.9994 -0.0017 -0.0341
vn 0.9949 -0.0785 -0.0629
vn 0.1059 -0.2878 0.9518
vn -0.2061 -0.2616 0.9429
vn -0.2360 -0.2437 0.9407
vn -0.6921 0.2726 0.6684
vn -0.6502 0.2336 0.7230
vn -0.6889 0.2191 0.6910
vn -0.6650 0.2462 0.7051
vn -0.6613 0.2442 0.7092
vn -0.4966 0.4801 -0.7231
vn -0.4893 0.5587 -0.6696
vn -0.1816 0.5398 -0.8220
vn -0.1594 0.4039 -0.9008
vn -0.2071 0.6692 0.7136
vn -0.3530 0.7335 0.5808
vn -0.3246 0.8681 0.3756
vn -0.0050 0.7450 0.6670
vn 0.5774 0.4519 -0.6800
vn 0.3408 0.4419 -0.8298
vn 0.1878 0.0640 -0.9801
vn 0.3608 -0.0224 -0.9324
vn 0.6829 -0.5949 -0.4240
vn 0.8534 -0.4172 -0.3125
vn 0.4097 0.9072 0.0957
vn 0.8061 0.5917 -0.0099
vn 0.7149 0.6570 -0.2393
vn 0.2056 0.9573 -0.2031
vn -0.0360 0.2665 -0.9632
vn 0.0088 0.2497 -0.9683
vn 0.0022 0.4710 -0.8821
vn -0.0719 0.4547 -0.8877
vn -0.2983 -0.2744 0.9142
vn -0.1754 -0.3047 0.9362
vn -0.1564 -0.2300 0.9605
vn -0.3094 -0.2319 0.9222
vn -0.1093 -0.2211 0.9691
vn -0.0887 -0.2396 0.9668
vn -0.0448 0.0353 0.9984
vn -0.0607 -0.0005 0.9982
vn 0.8998 0.3506 0.2596
vn 0.9018 0.3058 0.3053
vn 0.9413 0.1985 0.2731
vn 0.8642 0.4406 0.2430
vn 0.4158 -0.8500 -0.3236
vn 0.6426 -0.7395 -0.2003
vn 0.5506 -0.8301 0.0882
vn 0.2847 -0.9581 -0.0328
vn 0.0979 -0.5080 -0.8558
vn 0.0808 -0.5997 -0.7961
vn 0.1474 -0.6228 -0.7684
vn -0.0106 0.0086 -0.9999
vn 0.0875 0.0256 -0.9958
vn 0.0840 -0.0957 -0.9919
vn 0.2128 0.4619 -0.8610
vn -0.0899 0.2538 -0.9631
vn -0.0610 0.4471 -0.8924
vn 0.4618 -0.0360 -0.8862
vn 0.4598 -0.0370 -0.8872
vn 0.4598 -0.0370 -0.8873
vn 0.4619 -0.0361 -0.8862
vn -0.1344 0.9659 -0.2213
vn -0.0751 0.8681 -0.4907
vn 0.1175 0.8799 -0.4605
vn 0.1015 0.9751 -0.1974
vn 0.3162 -0.9486 0.0139
vn 0.3171 -0.8834 -0.3450
vn 0.3230 -0.8920 -0.3163
vn 0.2831 0.6961 0.6598
vn 0.2701 0.7023 0.6586
vn 0.2699 0.7024 0.6586
vn 0.2829 0.6962 0.6597
vn -0.8864 0.4607 -0.0449
vn -0.7666 0.5066 -0.3945
vn -0.8082 0.4832 -0.3367
vn 0.2605 -0.7428 -0.6167
vn 0.2510 -0.7695 -0.5872
vn 0.3081 -0.9043 -0.2954
vn 0.4635 -0.0287 -0.8856
vn 0.4635 -0.0288 -0.8856
vn 0.2681 0.7056 0.6559
vn 0.2730 0.7055 0.6540
vn 0.2730 0.7056 0.6539
vn 0.2682 0.7056 0.6559
vn 0.7565 0.5091 0.4106
vn 0.7715 0.5046 0.3876
vn 0.8674 0.2963 0.3998
vn 0.8644 0.2741 0.4215
vn 0.0111 0.9666 0.2561
vn 0.0110 0.9665 0.2562
vn 0.0094 0.9672 0.2539
vn 0.0094 0.9672 0.2540
vn -0.5687 -0.0935 0.8172
vn -0.4025 -0.1929 0.8948
vn -0.5177 -0.1608 0.8403
vn 0.4751 -0.0125 -0.8799
vn 0.4751 -0.0124 -0.8799
vn 0.2730 0.7089 0.6503
vn 0.2731 0.7089 0.6503
vn 0.2632 0.7180 0.6443
vn 0.2633 0.7180 0.6443
vn 0.0079 0.9679 0.2514
vn 0.0079 0.9678 0.2514
vn 0.0118 0.9680 0.2507
vn 0.4260 0.7474 0.5098
vn 0.4248 0.8451 0.3245
vn 0.5982 0.7797 0.1849
vn 0.6132 0.7221 0.3201
vn 0.1081 -0.8465 0.5214
vn 0.1134 -0.8528 0.5097
vn 0.2332 -0.9250 0.3000
vn -0.6428 0.4721 -0.6033
vn -0.4777 0.3968 -0.7838
vn -0.5109 0.4085 -0.7564
vn -0.7647 0.4619 -0.4493
vn 0.5665 -0.8236 0.0271
vn 0.5972 -0.7780 0.1952
vn -0.0260 0.3243 -0.9456
vn 0.0250 0.2942 -0.9554
vn 0.2489 -0.9279 -0.2776
vn 0.3589 -0.9328 -0.0330
vn 0.3517 -0.9313 -0.0948
vn -0.0180 -0.3513 -0.9361
vn 0.0108 -0.2561 -0.9666
vn -0.0218 -0.0942 -0.9953
vn -0.0561 -0.2075 -0.9766
vn 0.7279 0.6762 0.1142
vn 0.8061 0.5169 0.2881
vn 0.7463 0.5021 0.4369
vn 0.5697 0.7337 0.3703
vn -0.6741 0.2531 0.6939
vn -0.6479 0.2764 0.7098
vn -0.6223 0.3324 0.7087
vn -0.6890 0.2856 0.6661
vn 0.1073 -0.8202 0.5619
vn 0.2381 -0.9183 0.3163
vn 0.1100 -0.8440 0.5249
vn -0.7582 -0.6408 -0.1207
vn -0.5455 -0.6505 -0.5285
vn -0.4493 -0.7627 -0.4653
vn -0.6254 -0.7496 -0.2169
vn 0.1631 -0.4857 -0.8588
vn 0.2434 -0.6985 -0.6729
vn 0.2425 -0.6956 -0.6763
vn 0.1719 -0.4763 -0.8623
vn -0.7847 0.5100 0.3523
vn -0.8527 0.4973 0.1601
vn -0.8623 0.4678 0.1937
vn 0.9506 0.2975 0.0887
vn 0.4473 -0.6887 0.5707
vn 0.4139 -0.8303 0.3732
vn -0.2814 -0.0671 0.9573
vn -0.3478 0.2119 0.9133
vn -0.1480 0.2577 0.9548
vn -0.1283 -0.0331 0.9912
vn -0.0580 -0.8926 -0.4470
vn -0.0579 -0.8933 -0.4457
vn -0.1817 -0.7953 -0.5784
vn -0.1537 -0.9525 -0.2629
vn -0.3930 -0.0788 0.9162
vn -0.5034 0.0857 0.8598
vn -0.4906 0.1041 0.8652
vn -0.3887 -0.0699 0.9187
vn -0.1083 -0.6991 -0.7068
vn 0.5120 -0.5900 -0.6243
vn 0.5366 -0.7222 -0.4364
vn -0.0608 -0.8864 -0.4590
vn -0.0101 0.6925 0.7213
vn -0.2599 0.5792 0.7726
vn -0.2870 0.5434 0.7889
vn -0.0565 0.6482 0.7594
vn 0.3361 0.8816 -0.3313
vn 0.6188 0.7604 -0.1971
vn 0.0525 0.9901 -0.1300
vn 0.3021 0.9533 -0.0000
vn 0.0876 0.9957 -0.0300
vn 0.0525 0.9753 -0.2143
vn 0.5238 -0.8512 0.0340
vn 0.4897 -0.8715 -0.0262
vn 0.3780 -0.8692 -0.3189
vn 0.5718 -0.7828 -0.2454
vn 0.6451 -0.7041 -0.2968
vn 0.5121 -0.7509 -0.4170
vn 0.5563 -0.8183 -0.1444
vn 0.5834 -0.8100 -0.0589
vn -0.0267 0.7052 -0.7085
vn 0.0797 0.4660 -0.8812
vn 0.1077 0.7133 -0.6926
vn 0.2466 -0.9126 0.3262
vn 0.3088 -0.9286 0.2059
vn 0.3808 -0.9097 0.1655
vn 0.3006 -0.9010 0.3129
vn -1.0000 0.0035 -0.0029
vn -0.9999 -0.0119 -0.0041
vn -0.9999 0.0097 -0.0039
vn -0.9999 0.0096 -0.0036
vn 0.0197 0.1309 -0.9912
vn 0.5571 0.2794 -0.7820
vn -0.0782 0.4531 -0.8880
vn -0.0363 0.7003 -0.7129
vn 0.5933 0.4732 -0.6511
vn 0.1278 -0.0062 0.9918
vn 0.1437 -0.3155 0.9380
vn -0.0670 -0.3447 0.9363
vn 0.3751 0.8106 -0.4498
vn -0.0957 0.8827 -0.4601
vn -0.0504 0.6649 -0.7452
vn -0.0434 -0.6354 0.7710
vn -0.0628 -0.6537 0.7542
vn 0.0684 0.2743 -0.9592
vn 0.1394 -0.7860 0.6023
vn 0.0282 -0.6080 0.7935
vn 0.1850 -0.5731 0.7983
vn 0.3560 -0.5341 0.7668
vn 0.9595 -0.0544 0.2764
vn 0.3984 -0.9106 -0.1101
vn 0.5153 -0.7871 -0.3391
vn 0.7713 -0.6301 -0.0901
vn 0.7066 -0.7023 0.0868
vn -0.6173 0.3107 0.7228
vn -0.5688 0.2893 0.7699
vn -0.5744 0.2486 0.7799
vn -0.1121 0.0032 -0.9937
vn -0.7944 0.6073 0.0096
vn -0.8660 0.4992 -0.0292
vn -0.7578 0.5147 -0.4010
vn -0.7102 0.6191 -0.3351
vn 0.9976 -0.0623 -0.0289
vn 0.9772 0.2061 -0.0515
vn 0.9355 0.2433 0.2564
vn -0.3012 0.9073 -0.2934
vn -0.3226 0.7868 -0.5261
vn -0.1720 0.9467 -0.2724
vn -0.0492 0.9935 -0.1025
vn 0.0313 0.9933 -0.1112
vn 0.1863 0.9795 0.0770
vn -0.0479 -0.1542 0.9869
vn -0.0645 -0.1175 0.9910
vn 0.2362 0.3279 -0.9147
vn 0.2169 0.2690 -0.9384
vn 0.6761 0.2418 0.6960
vn 0.2780 -0.4029 0.8720
vn -0.0910 -0.4122 0.9065
vn 0.0090 0.6090 0.7931
vn -0.0055 0.5387 0.8425
vn 0.6769 0.3275 0.6592
vn 0.6609 0.6108 0.4360
vn -0.2714 -0.2406 0.9319
vn -0.2848 -0.2260 0.9316
vn -0.1644 -0.3957 0.9035
vn -0.1421 -0.4084 0.9017
vn 0.7431 0.6674 0.0484
vn 0.7459 0.6400 0.1845
vn 0.6770 0.6976 0.2344
vn 0.6847 0.7236 0.0870
vn -0.5388 0.0464 0.8411
vn -0.4143 -0.1207 0.9021
vn 0.1976 -0.5144 -0.8345
vn 0.1540 -0.5470 -0.8229
vn 0.1648 -0.5240 -0.8356
vn 0.2183 -0.4472 -0.8674
vn 0.3274 -0.9441 0.0385
vn 0.3491 -0.9358 0.0488
vn 0.3005 -0.8869 -0.3508
vn 0.3051 -0.8795 -0.3653
vn 0.3500 -0.9353 0.0526
vn -0.1994 0.2569 -0.9457
vn -0.1665 -0.0397 -0.9852
vn -0.1336 0.0556 -0.9895
vn -0.1330 0.3168 -0.9391
vn -0.8979 0.4191 0.1348
vn -0.0248 0.5381 0.8425
vn -0.2258 0.5208 0.8233
vn -0.2791 0.3471 0.8953
vn -0.0625 0.3639 0.9293
vn -0.0345 0.7070 -0.7064
vn -0.1673 0.7110 -0.6830
vn 0.3946 -0.4480 0.8023
vn -0.2896 -0.4904 0.8220
vn -0.2304 -0.7443 0.6268
vn 0.4451 -0.6283 0.6380
vn 0.0813 -0.9547 0.2863
vn 0.0669 -0.9947 0.0778
vn 0.6144 -0.7884 -0.0313
vn 0.6488 -0.7527 0.1116
vn 0.7149 0.2075 -0.6677
vn 0.6629 -0.1910 -0.7240
vn 0.0646 0.1814 -0.9813
vn 0.0762 0.3585 -0.9304
vn 0.9891 0.0522 -0.1375
vn 0.9793 0.0491 -0.1964
vn -0.1564 -0.9792 0.1292
vn 0.0145 -0.9860 -0.1661
vn 0.1356 -0.9471 0.2909
vn 0.4485 -0.8823 0.1425
vn 0.3581 -0.8843 0.2995
vn 0.5000 -0.4043 -0.7658
vn -0.1312 -0.4439 -0.8864
vn -0.1356 -0.1527 -0.9789
vn 0.3586 0.1857 -0.9148
vn 0.8519 0.0517 -0.5211
vn 0.8480 -0.1823 -0.4977
vn 0.3507 -0.1317 -0.9272
vn -0.4953 0.4774 0.7258
vn -0.5960 0.4188 0.6851
vn 0.5999 -0.5979 -0.5317
vn 0.5541 -0.7771 -0.2986
vn 0.6674 -0.1336 0.7326
vn 0.9115 -0.1330 0.3891
vn 0.8876 0.4476 -0.1083
vn 0.6385 0.6878 -0.3454
vn 0.3637 0.8155 -0.4502
vn 0.5206 -0.7657 0.3778
vn 0.5225 -0.6251 0.5799
vn -0.1475 -0.7082 0.6904
vn -0.1484 -0.8968 0.4167
vn 0.6453 0.4512 0.6165
vn 0.5916 0.3973 0.7016
vn 0.3197 0.6659 0.6741
vn 0.4013 0.7029 0.5873
vn 0.0596 0.3615 0.9305
vn 0.0876 0.4847 0.8703
vn 0.0112 0.2816 0.9595
vn 0.7226 0.3417 -0.6009
vn 0.7121 0.5047 -0.4880
vn 0.6467 0.5791 -0.4965
vn 0.6500 0.3913 -0.6514
vn 0.6424 -0.7609 -0.0917
vn 0.7787 -0.5771 -0.2462
vn 0.6998 -0.5332 -0.4754
vn 0.0733 -0.0915 -0.9931
vn 0.0498 -0.0865 -0.9950
vn 0.0624 -0.1686 -0.9837
vn 0.0825 -0.1618 -0.9834
vn 0.1437 0.2681 -0.9526
vn 0.7230 0.6906 -0.0207
vn 0.6205 0.7648 -0.1733
vn 0.6512 0.6809 -0.3351
vn 0.7146 0.6491 -0.2608
vn 0.3694 -0.2875 0.8837
vn 0.3779 0.0042 0.9258
vn 0.4820 -0.1021 0.8702
vn 0.2460 -0.8999 0.3601
vn 0.1598 -0.6010 -0.7831
vn 0.4913 -0.4392 -0.7521
vn -0.7277 -0.2252 -0.6479
vn -0.9508 -0.1988 -0.2378
vn -0.9738 0.0963 -0.2058
vn -0.7584 0.0796 -0.6469
vn 0.6474 -0.3877 -0.6562
vn 0.8050 0.1172 0.5815
vn 0.7346 0.0338 0.6777
vn 0.9784 -0.1130 -0.1733
vn 0.9783 -0.1120 -0.1743
vn 0.9783 -0.1121 -0.1743
vn 0.9784 -0.1130 -0.1734
vn -0.0605 -0.6557 0.7526
vn -0.2321 -0.3802 0.8953
vn -0.2252 -0.3788 0.8977
vn 0.9731 0.0358 -0.2277
vn 0.6239 0.6264 -0.4674
vn -0.7484 0.1704 0.6410
vn -0.6628 0.1174 0.7395
vn -0.7001 0.0361 0.7131
vn 0.2738 0.7014 0.6581
vn 0.2737 0.7014 0.6582
vn 0.6586 -0.7212 0.2146
vn 0.9757 -0.1825 -0.1211
vn 0.9829 -0.1445 -0.1138
vn -0.1632 0.9184 -0.3603
vn 0.0553 0.9144 -0.4009
vn -0.5257 0.5653 -0.6357
vn -0.5146 0.4679 -0.7185
vn -0.3000 0.4015 -0.8653
vn -0.3715 -0.1005 0.9230
vn 0.1930 0.5073 0.8399
vn -0.1289 0.5012 0.8557
vn -0.0813 0.6963 0.7131
vn 0.2402 0.6804 0.6924
vn 0.7010 -0.3611 -0.6150
vn 0.3494 -0.3070 -0.8853
vn 0.3498 0.6855 -0.6386
vn 0.4359 -0.8979 0.0610
vn 0.4671 -0.8772 0.1108
vn 0.6138 -0.7795 0.1252
vn 0.5695 -0.8155 0.1031
vn 0.9336 0.2997 0.1966
vn 0.9433 0.0711 0.3243
vn 0.9418 0.1521 0.2997
vn -0.0381 0.3661 -0.9298
vn -0.0759 0.3285 -0.9415
vn -0.1572 0.3536 -0.9221
vn 0.6782 0.5907 0.4371
vn 0.7356 0.5524 0.3920
vn 0.7194 0.5073 0.4745
vn 0.6597 0.5462 0.5162
vn 0.5630 0.6114 -0.5560
vn 0.5403 -0.1228 -0.8325
vn 0.7921 0.0414 -0.6090
vn 0.7169 0.1311 -0.6848
vn 0.6547 0.1457 -0.7417
vn 0.6524 0.0054 -0.7578
vn -0.3520 -0.0911 0.9315
vn -0.3667 -0.1141 0.9233
vn -0.4805 0.1382 0.8660
vn -0.4465 0.1705 0.8784
vn 0.1606 0.4740 0.8657
vn -0.0871 -0.3220 -0.9427
vn -0.0330 -0.4653 -0.8845
vn -0.6550 0.6111 0.4444
vn -0.5118 0.6953 0.5046
vn -0.5287 0.5977 0.6026
vn -0.6328 0.5345 0.5603
vn -0.2963 0.1977 0.9344
vn -0.2825 0.0584 0.9575
vn -0.0834 0.0563 0.9949
vn -0.0821 0.2026 0.9758
vn -0.0290 0.0372 0.9989
vn 0.3073 -0.8789 -0.3647
vn -0.4379 -0.1524 0.8860
vn -0.5751 -0.0115 0.8180
vn 0.3357 0.4884 -0.8054
vn 0.8717 0.2645 -0.4126
vn 0.3128 -0.9495 0.0262
vn 0.1978 -0.8429 0.5005
vn 0.1453 -0.8528 0.5017
vn 0.0447 -0.9000 0.4336
vn -0.0949 -0.3884 -0.9166
vn -0.0452 -0.5245 -0.8502
vn 0.4697 -0.8789 0.0833
vn 0.4803 -0.8732 0.0827
vn -0.0924 -0.2508 0.9636
vn -0.2833 -0.2390 0.9288
vn -0.2784 -0.3948 0.8756
vn 0.0772 -0.1602 -0.9841
vn 0.1909 0.2763 -0.9419
vn -0.8141 0.4192 0.4019
vn -0.7553 0.5122 0.4089
vn 0.0451 0.8592 -0.5097
vn 0.9173 0.0713 0.3918
vn 0.9160 0.0345 0.3996
vn 0.8637 0.2754 0.4221
vn 0.2467 0.7167 0.6523
vn 0.4662 -0.0262 -0.8843
vn 0.2476 0.9620 0.1151
vn 0.2478 0.9618 0.1165
vn 0.2908 0.6925 0.6602
vn 0.2910 0.6924 0.6602
vn 0.9796 -0.1024 -0.1728
vn 0.4565 -0.0435 -0.8887
vn 0.9934 -0.1102 -0.0305
vn 0.8458 0.1896 -0.4986
vn -0.1376 -0.9881 0.0685
vn 0.5844 -0.8066 0.0884
vn 0.3707 -0.2533 0.8935
vn -0.3060 -0.2077 0.9291
vn -1.0000 -0.0000 -0.0000
vn 0.0064 -0.9834 -0.1813
vn 0.5715 -0.7900 -0.2219
vn -0.5086 0.4013 0.7618
vn -0.5658 0.3653 0.7392
vn 0.2859 0.6949 0.6598
vn 0.2858 0.6949 0.6599
vn 0.7461 0.5505 -0.3745
vn 0.7387 0.6541 -0.1630
vn 0.7324 0.4058 -0.5467
vn 0.5238 0.6720 0.5235
vn 0.5035 0.6168 0.6051
vn 0.0385 -0.7291 0.6833
vn -0.3481 0.6615 0.6643
vn -0.3726 0.4544 0.8091
vn -0.0866 0.6916 -0.7171
vn -0.1596 0.7123 -0.6835
vn -0.2170 0.4876 -0.8457
vn -0.1721 0.5139 -0.8404
vn -0.4051 0.8637 0.2999
vn -0.3397 0.9307 0.1355
vn -0.5836 0.8119 0.0141
vn -0.6198 0.7648 0.1757
vn 0.8876 0.3702 -0.2742
vn 0.9483 0.2581 -0.1846
vn -0.9998 -0.0180 -0.0028
vn -0.9999 -0.0123 -0.0029
vn -0.9999 -0.0125 -0.0029
vn -0.9998 -0.0175 -0.0028
vn -0.2336 -0.9214 -0.3105
vn -0.2576 -0.6788 -0.6877
vn -0.0604 -0.8147 -0.5767
vn 0.1576 0.9727 -0.1702
vn -0.0641 0.9600 0.2726
vn -0.2674 0.8033 -0.5322
vn -0.1545 0.6527 -0.7417
vn -0.5846 0.7611 -0.2811
vn -0.6570 0.7519 0.0549
vn -0.3655 -0.1119 0.9240
vn -0.4787 0.1069 0.8714
vn -0.4795 0.1159 0.8699
vn 0.0780 -0.7085 -0.7014
vn 0.0402 0.0665 -0.9970
vn 0.0536 0.2318 -0.9713
vn -0.0830 0.2992 -0.9506
vn -0.0898 0.1033 -0.9906
vn -0.0710 0.2482 -0.9661
vn -0.0800 0.6056 -0.7917
vn -0.4047 0.6223 -0.6701
vn 0.7796 -0.2213 -0.5859
vn 0.6348 -0.0260 -0.7722
vn 0.9742 -0.1759 -0.1417
vn 0.7417 0.6435 0.1891
vn 0.8210 0.5637 -0.0903
vn 0.9273 0.3740 0.0155
vn 0.8604 0.4522 0.2349
vn -0.7853 0.3859 0.4841
vn -0.7884 0.4174 0.4519
vn -0.7008 0.6817 0.2101
vn -0.6764 0.6956 0.2419
vn 0.5840 0.3272 0.7428
vn 0.4278 0.2640 0.8644
vn 0.4661 0.4648 0.7528
vn -0.6232 0.1791 0.7613
vn 0.4216 0.8751 0.2376
vn 0.6396 0.6853 0.3483
vn 0.6099 0.7116 0.3487
vn -0.1226 0.9844 -0.1259
vn 0.1321 0.9903 0.0420
vn 0.3535 0.1985 0.9141
vn 0.3942 0.3516 0.8491
vn 0.2799 -0.2391 0.9298
vn -0.0866 -0.0900 0.9922
vn -0.0169 0.8436 -0.5367
vn 0.0996 0.7816 -0.6158
vn 0.1987 -0.8113 0.5499
vn -0.0514 -0.6881 0.7238
vn 0.0243 -0.7962 0.6046
vn 0.1339 -0.5965 -0.7914
vn 0.1508 0.4363 -0.8871
vn -0.0324 0.7791 0.6260
vn 0.2788 0.7474 0.6031
vn -0.6794 -0.3654 -0.6363
vn -0.9025 -0.3491 -0.2521
vn 0.6432 0.7389 -0.2007
vn 0.6980 0.6782 -0.2299
vn 0.9528 -0.0204 0.3028
vn 0.9452 0.0814 0.3162
vn 0.9212 0.1710 0.3495
vn 0.3706 0.7471 -0.5518
vn 0.2181 0.5420 -0.8116
vn -0.4410 0.6857 -0.5790
vn 0.8568 0.2993 0.4200
vn 0.7404 0.5545 0.3799
vn 0.7486 0.5342 0.3927
vn -0.1031 -0.3095 0.9453
vn -0.1064 -0.3575 0.9278
vn -0.1319 0.9906 0.0354
vn 0.0321 0.9990 0.0305
vn 0.0134 0.9291 -0.3696
vn -0.1396 0.9230 -0.3585
vn -0.2434 -0.5449 0.8024
vn 0.0375 -0.2073 -0.9776
vn 0.0104 -0.0890 -0.9960
vn 0.5442 0.6825 -0.4879
vn 0.5292 -0.8476 0.0390
vn 0.5756 -0.8169 0.0367
vn -0.3070 0.7557 0.5785
vn 0.0726 0.8176 0.5712
vn 0.2597 0.6648 0.7004
vn 0.2960 -0.9445 0.1427
vn 0.9425 0.3234 -0.0842
vn 0.9793 0.1618 0.1218
vn -0.5542 0.2950 0.7783
vn 0.9682 -0.2154 -0.1274
vn 0.9582 -0.2442 -0.1491
vn 0.3467 0.8353 -0.4267
vn 0.0732 -0.7203 0.6897
vn -0.1750 -0.3848 0.9063
vn -0.1390 -0.4645 0.8746
vn 0.8196 0.5659 -0.0893
vn 0.6300 0.7706 -0.0966
vn 0.6983 0.6295 -0.3407
vn 0.8547 0.4790 -0.2002
vn 0.8760 0.4784 -0.0613
vn 0.9733 0.2228 0.0553
vn 0.8506 0.5125 0.1177
vn -0.1201 0.9456 -0.3024
vn 0.1270 -0.5235 -0.8425
vn 0.1055 -0.3772 -0.9201
vn 0.5297 -0.5771 -0.6216
vn 0.2775 -0.9038 -0.3258
vn 0.1646 -0.7731 -0.6125
vn 0.2293 -0.7201 -0.6549
vn 0.0899 -0.1565 -0.9836
vn -0.0864 0.2922 -0.9525
vn 0.0696 0.0464 -0.9965
vn -0.1897 -0.7241 0.6631
vn 0.6256 0.4523 0.6357
vn 0.5909 0.6136 -0.5238
vn -0.6838 0.3181 0.6566
vn -0.7866 0.3246 0.5252
vn -0.0551 -0.5551 0.8300
vn -0.1595 0.8081 0.5671
vn -0.1795 0.7157 0.6749
vn 0.2345 -0.8071 -0.5419
vn 0.1665 -0.5671 -0.8066
vn -0.1043 0.1157 -0.9878
vn -0.4518 0.8874 0.0914
vn -0.4858 0.8359 0.2555
vn -0.6658 0.7153 0.2123
vn 0.5399 -0.4398 -0.7177
vn 0.3669 -0.5053 -0.7810
vn -0.4004 0.5116 0.7602
vn -0.5659 0.3725 0.7355
vn 0.2496 0.3255 -0.9120
vn 0.0901 0.2951 -0.9512
vn 0.0735 0.3808 -0.9217
vn 0.2849 0.4018 -0.8703
vn -0.0451 -0.9963 0.0732
vn -0.0847 -0.4562 -0.8858
vn -0.0846 -0.4596 -0.8841
vn -0.0799 -0.7125 -0.6971
vn -0.0800 -0.7111 -0.6985
vn 0.3819 0.9033 0.1957
vn 0.5914 0.7426 0.3144
vn 0.5744 0.7643 0.2933
vn 0.3554 0.9191 0.1701
vn 0.6227 0.3087 0.7190
vn 0.2077 0.3753 -0.9033
vn 0.1249 0.1655 -0.9783
vn -0.4745 0.4450 0.7595
vn -0.0208 -0.5817 0.8131
vn -0.0219 -0.6161 0.7874
vn -0.1442 -0.4363 0.8882
vn 0.8817 0.3492 0.3173
vn 0.8711 0.4479 0.2012
vn -0.7830 0.1416 0.6056
vn -0.6992 -0.0298 0.7143
vn 0.1515 0.2790 0.9483
vn -0.6473 0.3834 0.6588
vn -0.7550 0.3825 0.5327
vn -0.7079 0.4485 0.5456
vn -0.5476 0.4717 0.6911
vn 0.2087 0.7094 0.6732
vn -0.1957 -0.2263 0.9542
vn -0.1900 -0.8458 0.4985
vn 0.4648 -0.8441 0.2673
vn -0.9996 0.0284 -0.0035
vn -0.9486 0.3146 0.0344
vn -0.9174 0.3677 -0.1525
vn -0.2773 -0.3058 0.9108
vn 0.7705 -0.4190 -0.4804
vn 0.6674 -0.4642 -0.5823
vn -0.5777 0.7162 0.3916
vn -0.5618 0.8236 0.0779
vn -0.1143 0.1615 -0.9802
vn -0.1787 -0.3672 0.9128
vn 0.1198 -0.4506 -0.8847
vn 0.0671 0.8424 -0.5347
vn 0.0595 0.9672 -0.2471
vn 0.2712 -0.7641 -0.5853
vn 0.3662 -0.8256 -0.4293
vn 0.2470 -0.7122 -0.6571
vn 0.6742 -0.4650 -0.5737
vn -0.0435 -0.5432 -0.8385
vn -0.0343 -0.4957 -0.8678
vn -0.7861 0.6120 -0.0864
vn -0.2780 -0.0873 0.9566
vn -0.0249 -0.5587 0.8290
vn -0.7361 0.5523 -0.3914
vn 0.2528 -0.7183 -0.6482
vn -0.0353 0.1190 -0.9923
vn -0.0668 0.2806 -0.9575
vn -0.0586 0.1463 -0.9875
vn 0.9330 0.0466 0.3569
vn -0.0356 -0.9113 0.4102
vn -0.1502 -0.8983 0.4130
vn -0.1371 -0.9875 0.0772
vn -0.6452 0.2773 0.7120
vn -0.6266 0.2667 0.7323
vn 0.2308 0.8441 0.4840
vn -0.0429 0.9875 0.1520
vn 0.0950 0.2048 -0.9742
vn 0.0969 -0.7102 0.6973
vn 0.4831 0.8748 0.0369
vn 0.4462 0.8388 -0.3120
vn -0.0736 -0.2399 0.9680
vn -0.8682 0.4748 0.1443
vn -0.6932 -0.0389 0.7197
vn -0.7897 0.1544 0.5938
vn -0.1093 0.9691 0.2212
vn -0.4003 0.9043 -0.1481
vn -0.3327 0.9142 -0.2312
vn 0.2729 -0.1647 0.9478
vn 0.2734 -0.1608 0.9484
vn -0.8674 0.4951 -0.0505
vn 0.1046 -0.7127 0.6936
vn 0.0758 0.6347 -0.7690
vn -0.1051 -0.4536 0.8850
vn 0.4988 0.2415 0.8324
vn -0.6694 0.4106 0.6191
vn 0.2110 -0.9347 -0.2860
vn 0.9156 0.0465 0.3995
vn 0.3019 0.1432 0.9425
vn 0.3021 0.1462 0.9420
vn 0.0484 -0.1733 -0.9837
vn 0.6763 0.4169 0.6073
vn 0.8096 -0.0355 0.5859
vn 0.4328 0.5890 0.6825
vn 0.8129 -0.4082 -0.4154
vn 0.2941 -0.4416 -0.8477
vn 0.4411 0.4972 0.7471
vn 0.5266 0.7982 0.2924
vn 0.2949 0.8947 0.3356
vn 0.9229 0.1293 0.3626
vn 0.2323 -0.8283 0.5099
vn 0.3677 -0.5043 0.7813
vn 0.5883 -0.7570 0.2843
vn 0.9333 -0.0652 0.3532
vn 0.2674 0.5947 -0.7581
vn 0.3664 0.5224 -0.7700
vn 0.6253 0.1976 -0.7550
vn 0.6651 -0.6377 -0.3887
vn 0.6729 -0.5497 -0.4951
vn 0.6959 -0.5000 -0.5154
vn 0.9505 -0.2806 -0.1337
vn -0.4917 -0.1772 0.8525
vn 0.2500 -0.8072 0.5348
vn -0.2708 -0.2717 0.9235
vn -0.2463 0.2163 -0.9447
vn -0.1353 0.0388 -0.9900
vn 0.8313 0.5073 -0.2272
vn 0.1728 -0.5352 -0.8268
vn 0.1666 -0.5082 -0.8450
vn 0.1204 -0.3920 -0.9120
vn 0.1254 -0.4177 -0.8999
vn -0.7395 0.3872 0.5507
vn 0.1004 0.9948 0.0176
vn -0.1596 0.9766 -0.1441
vn 0.1330 0.5701 0.8107
vn 0.2207 0.5513 0.8046
vn -0.5848 0.2088 0.7838
vn -0.8015 0.5927 0.0797
vn 0.7561 0.3426 -0.5576
vn 0.9794 0.1408 -0.1446
vn 0.8619 0.4060 -0.3037
vn 0.7180 0.6895 0.0956
vn -0.4145 -0.9083 -0.0571
vn 0.2295 -0.6793 -0.6971
vn 0.9958 -0.0866 -0.0281
vn 0.9966 -0.0481 0.0663
vn -0.3735 0.8940 -0.2474
vn 0.8316 0.5225 0.1883
vn 0.6996 0.6900 -0.1857
vn 0.9457 0.0277 0.3238
vn 0.9522 -0.1547 -0.2633
vn 0.9531 -0.1822 -0.2416
vn -0.2261 0.8476 -0.4801
vn 0.9693 -0.0092 -0.2456
vn 0.9621 -0.0599 -0.2659
vn 0.9445 -0.3247 -0.0495
vn 0.1946 0.9437 -0.2673
vn 0.1686 -0.4917 -0.8543
vn 0.1376 -0.3644 -0.9210
vn -0.2053 0.9704 0.1268
vn 0.7281 0.3168 -0.6079
vn 0.4848 -0.8654 -0.1263
vn 0.7397 -0.0674 0.6696
vn 0.9534 -0.2404 -0.1826
vn 0.9531 -0.2112 -0.2170
vn -0.4283 0.8342 -0.3473
vn -0.4985 0.8259 -0.2632
vn 0.3017 0.7249 -0.6193
vn 0.8616 0.4342 -0.2629
vn 0.1051 0.5115 -0.8529
vn -0.8148 0.3734 0.4434
vn -0.7996 -0.5978 0.0571
vn 0.5027 0.8383 0.2111
vn 0.6921 -0.5815 -0.4275
vn 0.6399 -0.4067 -0.6520
vn 0.8120 -0.1821 -0.5545
vn 0.4893 -0.2155 -0.8450
vn 0.7249 -0.6889 0.0039
vn 0.5263 0.7921 -0.3092
vn 0.7338 0.6505 -0.1958
vn 0.2818 0.8137 -0.5084
vn 0.7593 0.6488 0.0507
vn 0.1197 -0.7011 0.7029
vn 0.5639 -0.7415 -0.3635
vn 0.9179 -0.3129 0.2442
vn 0.1278 0.5388 0.8327
vn 0.0128 -0.1014 -0.9948
vn 0.1543 0.8426 0.5160
vn 0.9801 -0.1034 -0.1695
vn -1.0000 0.0090 -0.0019
vn -0.9999 0.0140 -0.0034
vn -1.0000 0.0095 -0.0019
vn -1.0000 -0.0059 -0.0016
vn -1.0000 -0.0058 -0.0016
vn 0.1333 -0.8351 -0.5337
vn 0.4088 0.4703 0.7821
vn 0.8190 -0.5733 -0.0239
vn -0.1185 0.3175 -0.9408
vn -1.0000 0.0001 -0.0020
vn -0.9999 0.0100 -0.0008
vn -1.0000 0.0036 -0.0017
vn -1.0000 0.0037 -0.0016
vn -0.9472 -0.3183 -0.0382
vn -0.9790 -0.2017 -0.0310
vn 0.7125 0.6999 0.0502
vn 0.0422 0.9982 0.0426
vn -0.7034 0.3806 -0.6004
vn 0.0460 0.8293 -0.5569
vn -0.0207 0.4599 0.8877
vn -0.0894 -0.4854 0.8697
vn 0.1719 -0.8732 -0.4561
vn -0.6609 0.6057 -0.4430
vn 0.3938 -0.5611 -0.7281
vn 0.6254 -0.4631 -0.6280
vn -0.8237 0.5515 -0.1316
vn -0.2979 0.4726 -0.8294
vn 0.9920 -0.0235 0.1238
vn 0.0095 0.9403 0.3402
vn 0.0592 0.9865 0.1526
vn -0.8311 0.3377 0.4419
vn 0.1345 -0.3617 -0.9225
vn 0.1204 -0.3720 -0.9204
vn 0.0570 0.9537 0.2952
vn 0.7265 0.5709 0.3825
vn 0.0881 0.9634 0.2532
vn -0.0751 -0.9744 -0.2120
vn -0.0453 -0.9667 -0.2520
vn 0.6203 -0.7841 0.0208
vn -0.6183 0.7848 0.0425
vn 0.3607 -0.2385 0.9017
vn 0.9792 -0.1084 -0.1716
vn 0.9792 -0.1084 -0.1715
vn -0.3538 0.3971 -0.8468
vn 0.1224 -0.3699 -0.9210
vn -1.0000 0.0075 -0.0010
vn 0.8701 -0.4150 -0.2660
vn 0.1989 0.9612 -0.1913
vn 0.1994 0.9615 -0.1889
vn -0.1778 -0.0942 -0.9796
vn -0.2225 0.2055 -0.9530
vn -0.5278 0.0557 -0.8475
vn -0.5092 -0.2150 -0.8334
vn -0.7927 0.5842 0.1744
vn -0.4699 0.3228 -0.8216
vn 0.0457 0.8785 -0.4755
vn 0.0121 0.9661 0.2580
vn 0.0121 0.9661 0.2579
vn 0.6683 -0.2639 -0.6955
vn -1.0000 -0.0091 -0.0027
vn 0.6581 -0.7105 -0.2491
vn -0.0524 -0.5887 -0.8067
vn -0.0166 -0.9570 -0.2897
vn -0.3444 -0.5840 -0.7351
vn 0.2878 0.8536 -0.4342
vn -0.4758 -0.3428 -0.8100
vn -0.1525 0.8867 0.4364
vn 0.8260 -0.5533 -0.1081
vn -0.0705 -0.1679 -0.9833
vn -0.0702 -0.1651 -0.9838
vn -0.1264 -0.9828 -0.1349
vn -0.1317 0.9633 0.2337
vn 0.0382 0.9710 0.2361
vn 0.3159 0.4386 0.8413
vn 0.3161 0.4450 0.8379
vn 0.0398 -0.1851 -0.9819
vn 0.0756 -0.7559 -0.6504
vn 0.0012 0.9704 0.2415
vn 0.0013 0.9704 0.2415
vn 0.1973 -0.6433 -0.7398
vn -0.2536 0.9182 0.3043
vn 0.9741 -0.1333 -0.1825
vn 0.9741 -0.1334 -0.1825
vn 0.2466 -0.5873 -0.7709
vn 0.1155 0.9697 0.2154
vn 0.6467 -0.2760 -0.7111
vn 0.0096 0.9666 0.2561
vn 0.0096 0.9666 0.2560
vn 0.2534 0.7584 0.6006
vn 0.5181 -0.1572 0.8408
vn 0.0820 0.7341 0.6741
vn -0.0578 -0.0092 -0.9983
vn 0.0328 0.9827 0.1824
vn 0.1472 0.8431 0.5173
vn 0.3096 0.8853 0.3470
vn 0.2894 0.9499 0.1177
vn -0.0910 0.8386 0.5371
vn -0.2665 0.8852 0.3813
vn -0.0910 0.8386 0.5370
vn 0.0121 0.9649 0.2624
vn 0.0120 0.9649 0.2624
vn -0.0192 -0.9614 -0.2745
vn -0.0242 -0.9663 -0.2565
vn -0.0121 -0.9649 -0.2624
vn -0.2867 0.9460 0.1509
vn -0.2867 0.9461 0.1507
vn -0.9493 0.0935 -0.3002
vn -0.7903 0.6027 -0.1102
vn -0.7943 0.4730 0.3813
vn -0.9551 -0.0667 0.2887
vn -0.5678 0.2532 -0.7833
vn -0.9464 0.1005 -0.3070
vn -0.9104 0.3444 -0.2293
vn -0.5581 0.4704 -0.6836
vn -0.0121 0.4584 0.8886
vn -0.0058 0.3146 0.9492
vn -0.4961 0.3647 0.7879
vn -0.4293 0.5010 0.7515
vn -0.0118 -0.0029 0.9999
vn -0.5790 0.0549 0.8134
vn 0.4436 0.8069 -0.3900
vn 0.5088 0.6939 -0.5096
vn 0.7010 0.6264 -0.3411
vn 0.6194 0.7434 -0.2524
vn 0.7975 0.4409 0.4119
vn 0.6903 0.5970 0.4088
vn 0.7492 0.6339 0.1921
vn 0.8539 0.4940 0.1638
vn 0.8986 0.1046 -0.4262
vn -0.4386 0.2409 -0.8658
vn -0.4386 0.2408 -0.8658
vn 0.8986 0.1046 -0.4260
vn 0.5709 -0.2221 0.7904
vn 0.4882 0.3424 0.8028
vn 0.9417 -0.0992 0.3215
vn 0.0148 0.5195 -0.8543
vn 0.0175 0.3186 -0.9477
vn -0.6019 -0.2025 0.7725
vn 0.0249 0.7432 -0.6686
vn 0.0267 0.8494 -0.5271
vn -0.4034 0.8229 -0.4000
vn -0.4787 0.7127 -0.5129
vn 0.4210 0.5032 0.7547
vn 0.5524 0.0365 0.8327
vn 0.9151 0.1584 0.3708
vn 0.9707 0.2269 0.0797
vn 0.9447 -0.0921 0.3147
vn 0.9999 -0.0063 0.0138
vn 0.8231 0.1871 -0.5361
vn 0.6014 0.2591 -0.7558
vn 0.5852 0.4614 -0.6668
vn 0.7945 0.3868 -0.4682
vn -0.0063 -0.9681 -0.2505
vn -0.8986 -0.1046 0.4262
vn -0.8986 -0.1047 0.4261
vn -0.3252 -0.2443 0.9135
vn 0.8987 0.1046 -0.4260
vn 0.3252 0.2443 -0.9135
vn 0.8986 0.1046 -0.4261
vn -0.5951 -0.1590 0.7878
vn -0.0231 -0.2173 0.9758
vn 0.4387 -0.2409 0.8658
vn 0.4386 -0.2409 0.8658
vn -0.4387 0.2410 -0.8657
vn -0.9456 0.0964 -0.3109
vn 0.9456 -0.0964 0.3108
vn 0.4387 -0.2411 0.8657
vn 0.5684 -0.2096 0.7956
vn -0.8985 -0.1046 0.4262
vn -0.8987 -0.1045 0.4260
vn -0.9456 0.0964 -0.3108
vn 0.0117 -0.9503 -0.3112
vn 0.0006 -0.9492 -0.3148
vn 0.0015 -0.9635 -0.2678
vn 0.6017 0.2025 -0.7726
vn 0.0169 0.2621 -0.9649
vn -0.5804 0.2204 -0.7839
vn -0.1242 0.9921 -0.0183
vn -0.0507 -0.9562 -0.2884
vn -0.0670 -0.9581 -0.2786
vn 0.0354 -0.9649 -0.2602
vn -0.0374 -0.9759 -0.2151
vn -0.0219 -0.9775 -0.2100
vn 0.0421 -0.9691 -0.2429
vn -0.0456 -0.9668 -0.2516
vn -0.0120 -0.9649 -0.2624
vn -0.6756 0.7362 -0.0404
vn 0.8192 0.1409 -0.5560
vn -0.0169 -0.2621 0.9649
vn -0.6838 0.6158 0.3914
vn -0.9183 0.1863 0.3493
vn -0.9539 -0.0546 0.2951
vn 0.1140 0.9927 -0.0392
vn 0.1140 0.9927 -0.0390
vn 0.0121 0.9649 0.2623
vn 0.9456 -0.0964 0.3109
vn 0.0077 -0.9722 -0.2340
vn 0.9994 -0.0202 0.0285
vn -0.0121 -0.9649 -0.2623
vn -0.9341 -0.2373 -0.2669
vn -0.5832 0.6147 0.5312
vn -0.2541 0.8861 0.3877
vn -0.7146 -0.2322 -0.6599
vn -0.5125 -0.4651 0.7218
vn -0.5121 -0.4651 0.7221
vn 0.2878 0.6989 0.6548
vn 0.2879 0.6989 0.6547
vn 0.9566 -0.2426 -0.1615
vn 0.4385 -0.7040 0.5586
vn 0.4386 -0.7041 0.5585
vn 0.5153 0.4633 -0.7210
vn -0.2878 -0.6989 -0.6548
vn -0.2879 -0.6989 -0.6547
vn 0.0426 0.6737 -0.7378
vn 0.0426 0.6736 -0.7378
vn 0.3199 0.4110 -0.8536
vn 0.3196 0.4001 -0.8589
vn 0.3043 0.6927 -0.6539
vn 0.3005 0.7148 -0.6315
vn 0.2855 0.0477 -0.9572
vn 0.2099 -0.3085 -0.9278
vn 0.2182 -0.2773 -0.9357
vn 0.2874 0.0588 -0.9560
vn -0.1784 -0.9840 0.0013
vn -0.1927 -0.9798 0.0529
vn -0.0902 -0.9571 -0.2753
vn -0.0905 -0.9573 -0.2745
vn 0.7341 -0.2435 0.6339
vn 0.7342 -0.2436 0.6338
vn 0.6822 -0.2534 0.6858
vn 0.6823 -0.2534 0.6858
vn 0.1228 -0.6057 -0.7862
vn 0.1327 -0.5758 -0.8068
vn -0.1341 0.6069 0.7834
vn -0.0172 0.8493 0.5277
vn -0.0334 0.8215 0.5692
vn -0.1461 0.5780 0.8029
vn 0.2448 0.9034 -0.3521
vn 0.2522 0.8878 -0.3850
vn 0.1706 0.9836 -0.0592
vn 0.1562 0.9877 -0.0084
vn -0.3199 -0.4123 0.8531
vn -0.3097 -0.2301 0.9226
vn -0.3195 -0.4000 0.8590
vn -0.3121 -0.6913 0.6517
vn -0.3098 -0.7135 0.6284
vn 0.0722 0.9601 0.2701
vn 0.0716 0.9596 0.2722
vn 0.0081 -0.8473 -0.5310
vn 0.0253 -0.8202 -0.5715
vn -0.2639 -0.8999 0.3472
vn -0.2705 -0.8847 0.3796
vn -0.9472 0.1594 -0.2781
vn -0.9472 0.1593 -0.2782
vn -0.9472 0.1593 -0.2783
vn -0.9472 0.1594 -0.2782
vn 0.6687 -0.2551 0.6984
vn 0.6682 -0.2552 0.6988
vn 0.9504 -0.1569 0.2685
vn 0.9516 -0.1560 0.2650
vn -0.2360 0.2802 0.9305
vn -0.2288 0.3121 0.9221
vn 0.9815 -0.0289 -0.1893
vn 0.9902 -0.0453 -0.1322
vn 0.9902 -0.0453 -0.1321
vn 0.9815 -0.0287 -0.1895
vn 0.9638 -0.0070 -0.2665
vn 0.9719 -0.0157 -0.2350
vn 0.9719 -0.0157 -0.2348
vn 0.9638 -0.0071 -0.2665
vn -0.9448 0.1561 -0.2880
vn 0.5839 -0.2662 0.7669
vn 0.5839 -0.2662 0.7670
vn -0.2680 0.1161 0.9564
vn 0.2524 -0.8252 -0.5052
vn -0.0452 -0.8365 -0.5461
vn -0.0069 -0.5980 -0.8014
vn 0.2911 -0.5981 -0.7467
vn 0.4915 -0.7779 0.3915
vn 0.4886 -0.6135 0.6205
vn 0.1906 -0.6805 0.7075
vn 0.1891 -0.8741 0.4474
vn 0.3994 0.6248 -0.6710
vn 0.6666 0.5043 -0.5489
vn 0.6571 0.2709 -0.7035
vn 0.3857 0.3602 -0.8494
vn -0.0947 -0.4087 0.9077
vn -0.1092 -0.6824 0.7228
vn 0.2050 -0.4159 0.8860
vn 0.3679 0.8957 0.2497
vn 0.3383 0.7694 0.5418
vn 0.6166 0.6204 0.4847
vn 0.6400 0.7334 0.2293
vn 0.2640 0.2374 0.9348
vn 0.3022 0.5406 0.7851
vn 0.0065 0.5950 0.8037
vn -0.0331 0.2784 0.9599
vn 0.0948 0.4088 -0.9077
vn 0.1092 0.6824 -0.7228
vn 0.3264 -0.3013 -0.8959
vn 0.3607 0.0354 -0.9320
vn 0.6357 -0.0077 -0.7719
vn 0.6079 -0.2793 -0.7432
vn 0.5858 0.4229 0.6914
vn 0.5795 -0.5318 -0.6176
vn 0.2006 -0.9735 0.1095
vn 0.2220 -0.9514 -0.2133
vn 0.5151 -0.8425 -0.1578
vn 0.5006 -0.8569 0.1233
vn 0.5445 -0.7301 -0.4127
vn -0.1116 -0.8854 0.4512
vn 0.0452 0.8365 0.5461
vn 0.0323 -0.2858 -0.9578
vn 0.0678 0.0655 -0.9955
vn 0.6721 0.6680 -0.3195
vn 0.4020 0.8183 -0.4109
vn 0.3909 0.8865 -0.2474
vn 0.6645 0.7227 -0.1900
vn 0.3784 0.9203 0.0997
vn 0.0879 0.9917 0.0935
vn 0.0761 0.9668 0.2441
vn 0.1073 0.9548 -0.2773
vn 0.1116 0.8854 -0.4512
vn 0.5040 -0.3805 0.7754
vn 0.5549 0.1785 0.8125
vn 0.2326 -0.0936 0.9681
vn -0.0681 -0.0694 0.9953
vn 0.5298 -0.1023 0.8419
vn -0.0762 -0.9668 -0.2439
vn 0.9937 -0.0939 0.0615
vn 0.9937 -0.0939 0.0614
vn -0.0994 -0.9906 0.0935
vn 0.9937 -0.0939 0.0616
vn -0.9937 0.0939 -0.0616
vn -0.9937 0.0939 -0.0615
vn -0.9937 0.0939 -0.0614
vn -0.9937 0.0938 -0.0615
vn 0.6469 0.7565 0.0966
vn 0.9794 -0.1075 -0.1711
vn 0.9794 -0.1075 -0.1710
vn 0.2581 -0.1917 -0.9469
vn -0.1862 -0.1518 -0.9707
vn -0.1525 0.1488 -0.9770
vn 0.2898 0.0880 -0.9530
vn 0.9794 -0.1075 -0.1712
vn 0.6070 0.5832 0.5398
vn 0.1967 0.7007 0.6858
vn 0.2012 0.4449 0.8727
vn 0.6094 0.3542 0.7094
vn 0.1863 0.1524 0.9706
vn 0.5943 0.0904 0.7992
vn 0.5671 -0.1838 0.8029
vn 0.1540 -0.1509 0.9765
vn 0.0298 -0.7606 0.6485
vn 0.0298 -0.7606 0.6486
vn 0.1199 -0.3727 0.9202
vn -0.1200 0.3725 -0.9202
vn -0.1199 0.3727 -0.9202
vn -0.1875 -0.1676 -0.9679
vn -0.1874 -0.1676 -0.9679
vn 0.3108 -0.9305 -0.1939
vn -0.1307 -0.9827 -0.1314
vn -0.1720 -0.8879 -0.4268
vn 0.2757 -0.8442 -0.4597
vn 0.4127 -0.8461 0.3374
vn 0.4722 -0.6799 0.5611
vn 0.0462 -0.7052 0.7075
vn -0.0177 -0.8891 0.4574
vn -0.0322 0.7531 -0.6571
vn 0.0145 0.8820 -0.4709
vn 0.0145 0.8821 -0.4709
vn 0.5254 -0.4503 0.7219
vn 0.1061 -0.4474 0.8880
vn -0.1996 -0.6491 -0.7340
vn -0.1995 -0.6490 -0.7342
vn -0.1640 -0.9173 -0.3629
vn -0.1641 -0.9173 -0.3628
vn -0.9760 0.1149 0.1850
vn -0.9761 0.1170 0.1830
vn -0.9763 0.1100 0.1863
vn -0.9763 0.1099 0.1864
vn -0.9825 0.1000 0.1573
vn -0.9824 0.0963 0.1603
vn -0.9823 0.0979 0.1595
vn -0.9761 0.1187 0.1819
vn -0.9765 0.1215 0.1780
vn -0.9768 0.1219 0.1761
vn -0.9820 0.0934 0.1643
vn -0.9814 0.0918 0.1686
vn -0.9817 0.0931 0.1661
vn -0.9822 0.1050 0.1559
vn -0.9822 0.1050 0.1560
vn -0.9795 0.0934 0.1787
vn -0.9785 0.0964 0.1824
vn -0.9789 0.0954 0.1807
vn -0.9773 0.1022 0.1855
vn -0.9776 0.1003 0.1851
vn -0.9768 0.1048 0.1866
vn 0.8245 -0.4945 0.2750
vn 0.8556 -0.3467 0.3843
vn 0.7014 -0.0014 -0.7128
vn 0.6799 -0.1752 -0.7121
vn 0.7691 0.3196 -0.5535
vn 0.3885 0.5853 -0.7117
vn 0.4436 0.7503 -0.4901
vn 0.8034 0.4343 -0.4074
vn -0.9771 0.1232 0.1735
vn -0.9805 0.0921 0.1737
vn -0.9805 0.0921 0.1739
vn -0.9790 0.1216 0.1634
vn -0.9800 0.1186 0.1600
vn -0.9796 0.1195 0.1614
vn -0.9809 0.1147 0.1571
vn -0.9817 0.1102 0.1554
vn -0.9812 0.1128 0.1568
vn 0.5456 0.8370 0.0410
vn 0.1302 0.9833 0.1276
vn 0.1721 0.8879 0.4267
vn 0.5850 0.7497 0.3094
vn -0.0797 -0.9836 0.1615
vn -0.0797 -0.9836 0.1617
vn -0.1968 -0.7008 -0.6857
vn 0.2537 -0.6776 -0.6903
vn 0.1995 0.6490 0.7342
vn 0.1626 0.9217 0.3522
vn 0.1627 0.9217 0.3520
vn 0.1874 0.1676 0.9679
vn 0.0475 0.9455 -0.3222
vn 0.4657 0.8078 -0.3613
vn 0.0169 0.8874 -0.4608
vn 0.3354 0.3558 -0.8723
vn -0.1061 0.4474 -0.8880
vn -0.0462 0.7052 -0.7075
vn -0.2031 -0.4464 -0.8715
vn 0.2474 -0.4497 -0.8582
vn 0.8693 0.4898 -0.0659
vn 0.8481 0.5050 -0.1601
vn 0.5166 0.8501 -0.1019
vn 0.8837 -0.1739 0.4345
vn 0.9001 0.0031 0.4356
vn -0.9780 0.1229 0.1683
vn 0.7825 -0.6094 0.1277
vn 0.7359 0.1765 -0.6537
vn 0.8973 0.4268 0.1126
vn 0.3560 -0.9312 0.0778
vn 0.7437 -0.6674 -0.0383
vn 0.6762 -0.3469 -0.6500
vn 0.6826 -0.4980 -0.5349
vn 0.9113 0.1720 0.3741
vn 0.9110 0.3230 0.2563
vn 0.1290 0.9844 0.1199
vn -0.0783 -0.9824 0.1694
vn 0.6963 -0.6018 -0.3912
vn 0.7167 -0.6638 -0.2139
vn 0.1044 0.9942 -0.0272
vn 0.8167 0.4779 -0.3233
vn 0.8964 0.0440 -0.4411
vn 0.7150 0.3031 -0.6300
vn 0.7616 0.5137 -0.3950
vn 0.9427 0.2652 -0.2026
vn 0.3508 0.5592 -0.7512
vn -0.3066 -0.6879 -0.6579
vn -0.3039 -0.6864 -0.6607
vn -0.3083 -0.6937 -0.6510
vn -0.3083 -0.6935 -0.6511
vn 0.2148 0.9664 -0.1411
vn 0.4982 0.8523 -0.1592
vn 0.4827 0.7250 -0.4913
vn 0.1317 0.8674 -0.4798
vn -0.8083 0.4557 0.3728
vn -0.5457 0.6319 0.5503
vn -0.4866 0.8157 0.3128
vn -0.7242 0.6846 0.0828
vn 0.7045 -0.3890 0.5937
vn 0.9098 -0.2328 0.3436
vn 0.8508 0.0693 0.5209
vn 0.6848 -0.0692 0.7255
vn -0.9567 0.2414 0.1629
vn -0.8959 -0.0458 0.4418
vn -0.7554 0.1857 0.6284
vn -0.3508 -0.5592 0.7512
vn 0.2702 -0.7152 0.6446
vn 0.4375 -0.1081 0.8927
vn 0.4084 -0.4491 0.7947
vn 0.0388 0.6746 -0.7372
vn -0.1534 0.7085 -0.6888
vn -0.0497 0.8976 -0.4379
vn -0.5112 0.4114 0.7546
vn 0.8774 0.4732 0.0788
vn 0.9167 0.2647 0.2993
vn 0.9980 0.0013 0.0638
vn -0.2164 0.9763 -0.0051
vn -0.3938 0.8737 -0.2856
vn -0.5205 0.8357 -0.1752
vn -0.3257 0.9411 0.0913
vn -0.5776 -0.0670 0.8136
vn -0.2994 -0.2703 0.9151
vn -0.1360 0.0363 0.9900
vn -0.3728 0.1964 0.9069
vn -0.9573 0.2295 0.1756
vn -0.7900 -0.2131 0.5748
vn -0.9573 0.2295 0.1757
vn -0.7485 0.5907 -0.3014
vn -0.7485 0.5907 -0.3015
vn 0.7431 -0.5956 0.3051
vn 0.7953 0.2093 -0.5690
vn 0.7952 0.2093 -0.5691
vn -0.6464 0.6462 -0.4056
vn -0.8619 0.4873 -0.1402
vn 0.8613 -0.4879 0.1421
vn 0.9566 -0.2430 -0.1612
vn 0.7318 0.6755 -0.0901
vn 0.1496 -0.0633 0.9867
vn 0.0512 -0.4044 0.9131
vn -0.3034 -0.7055 -0.6405
vn -0.3048 -0.7028 -0.6428
vn -0.2941 -0.7109 -0.6388
vn -0.2971 -0.7100 -0.6384
vn 0.0679 0.9911 -0.1143
vn 0.2879 0.6989 0.6548
vn 0.9564 -0.2446 -0.1594
vn 0.9570 -0.2359 -0.1687
vn 0.3369 -0.7139 0.6138
vn -0.0463 -0.6727 0.7385
vn -0.7150 -0.3031 0.6300
vn -0.5137 0.6897 -0.5103
vn 0.6464 -0.6461 0.4058
vn -0.4187 -0.5230 0.7424
vn -0.5538 0.6793 -0.4816
vn -0.5538 0.6793 -0.4815
vn 0.4154 0.5249 -0.7429
vn -0.3021 -0.6845 -0.6635
vn -0.2682 -0.6976 -0.6644
vn -0.2673 -0.7040 -0.6580
vn -0.2674 -0.7040 -0.6580
vn -0.2707 -0.6948 -0.6663
vn -0.2791 -0.6873 -0.6706
vn -0.2795 -0.6870 -0.6707
vn -0.2923 -0.6838 -0.6686
vn -0.2873 -0.6837 -0.6708
vn -0.3074 -0.6999 -0.6447
vn -0.2722 -0.6920 -0.6686
vn -0.2892 -0.7135 -0.6382
vn -0.2955 -0.6831 -0.6679
vn -0.2718 -0.7111 -0.6484
vn -0.2690 -0.7096 -0.6512
vn -0.2735 -0.7129 -0.6457
vn -0.2809 -0.7141 -0.6412
vn -0.2812 -0.7141 -0.6411
vn -0.6211 0.6992 -0.3541
vn -0.4055 0.6414 -0.6513
vn -0.5586 0.3990 -0.7271
vn -0.7865 0.4374 -0.4359
vn 0.4328 -0.7240 -0.5371
vn 0.6212 -0.6498 -0.4380
vn 0.5438 -0.8337 -0.0965
vn 0.3050 -0.9260 -0.2225
vn -0.2305 0.2934 -0.9278
vn -0.2763 0.1905 -0.9420
vn -0.6155 0.2601 -0.7440
vn -0.1102 0.4837 -0.8683
vn -0.3947 0.8878 -0.2369
vn -0.1964 0.8178 -0.5410
vn 0.3955 0.8990 0.1880
vn 0.5421 0.8276 -0.1459
vn 0.2970 0.9135 -0.2779
vn 0.1329 0.9902 0.0438
vn 0.7743 -0.5178 -0.3639
vn 0.7520 -0.6591 0.0084
vn 0.9830 -0.1385 0.1208
vn 0.9541 -0.1230 -0.2731
vn 0.9549 0.1023 -0.2786
vn 0.9827 0.1467 0.1130
vn 0.6128 0.6258 -0.4826
vn 0.4317 0.6931 -0.5773
vn 0.8925 0.3190 -0.3189
vn 0.9050 0.4206 0.0634
vn 0.2315 -0.7273 -0.6462
vn 0.0506 -0.9318 -0.3595
vn -0.1957 -0.8454 -0.4971
vn 0.0512 -0.6599 -0.7496
vn -0.2312 -0.3559 -0.9055
vn -0.5590 -0.4416 -0.7018
vn -0.6373 -0.1717 -0.7512
vn -0.2942 -0.1431 -0.9450
vn -0.6489 -0.0256 -0.7604
vn -0.3091 -0.0247 -0.9507
vn -0.7855 -0.4633 -0.4103
vn -0.4070 -0.6747 -0.6158
vn -0.6239 -0.7146 -0.3165
vn 0.3978 -0.8859 0.2388
vn 0.6211 -0.6992 0.3541
vn 0.8702 -0.1378 0.4730
vn 0.8700 0.1669 0.4639
vn 0.7865 -0.4374 0.4360
vn 0.9051 -0.4168 0.0842
vn 0.6239 0.7146 0.3165
vn 0.7535 0.6569 -0.0272
vn -0.8688 -0.1746 -0.4634
vn -0.8803 -0.0228 -0.4738
vn 0.8945 -0.3275 -0.3043
vn -0.4744 0.0243 0.8800
vn -0.4743 0.0243 0.8800
vn 0.0459 0.9095 -0.4131
vn -0.1357 0.9857 -0.1001
vn 0.7868 0.4599 0.4116
vn -0.3955 -0.8990 -0.1883
vn -0.1295 -0.9907 -0.0424
vn 0.7788 0.4918 -0.3894
vn 0.0417 0.6173 -0.7856
vn 0.4743 -0.0244 -0.8800
vn 0.4743 -0.0243 -0.8800
vn 0.4744 -0.0243 -0.8800
vn -0.1148 -0.5259 -0.8428
vn -0.4744 0.0244 0.8800
vn 0.1424 -0.9843 0.1040
vn 0.2330 0.6914 -0.6839
vn -0.4743 0.0242 0.8800
vn -0.8397 0.2877 -0.4605
vt 0.211145 0.766923
vt 0.209817 0.794944
vt 0.231298 0.797307
vt 0.237936 0.771762
vt 0.300327 0.802596
vt 0.267019 0.813512
vt 0.276553 0.829492
vt 0.305999 0.824878
vt 0.144650 0.862465
vt 0.120755 0.871693
vt 0.124738 0.881258
vt 0.148994 0.870455
vt 0.188577 0.795056
vt 0.183750 0.768611
vt 0.154546 0.875181
vt 0.150322 0.869554
vt 0.241797 0.899939
vt 0.253503 0.884409
vt 0.162752 0.892399
vt 0.152494 0.876194
vt 0.255072 0.886210
vt 0.260382 0.880358
vt 0.259175 0.879232
vt 0.270157 0.897576
vt 0.277398 0.902977
vt 0.282587 0.896113
vt 0.296103 0.875294
vt 0.273053 0.863703
vt 0.266416 0.873156
vt 0.288621 0.887335
vt 0.139581 0.829492
vt 0.138616 0.829379
vt 0.138012 0.840971
vt 0.139219 0.840858
vt 0.200525 0.917944
vt 0.228281 0.919182
vt 0.159856 0.775813
vt 0.169631 0.799558
vt 0.112549 0.828367
vt 0.113152 0.844122
vt 0.271847 0.862915
vt 0.265209 0.872143
vt 0.141150 0.786166
vt 0.128117 0.796069
vt 0.144167 0.817563
vt 0.154666 0.806760
vt 0.160821 0.893637
vt 0.141754 0.851999
vt 0.250728 0.803721
vt 0.260985 0.780427
vt 0.140426 0.852449
vt 0.116411 0.859201
vt 0.302620 0.860664
vt 0.277760 0.853012
vt 0.276794 0.852674
vt 0.145133 0.901289
vt 0.156235 0.924584
vt 0.171562 0.916819
vt 0.257606 0.912430
vt 0.243487 0.901514
vt 0.297551 0.938426
vt 0.261468 0.937751
vt 0.246262 0.966109
vt 0.296827 0.964196
vt 0.145977 0.861790
vt 0.173010 0.914794
vt 0.346910 0.967122
vt 0.333755 0.939889
vt 0.135840 0.884184
vt 0.200283 0.920308
vt 0.229367 0.921433
vt 0.114601 0.812049
vt 0.306482 0.843896
vt 0.279932 0.841646
vt 0.261830 0.916369
vt 0.298276 0.917044
vt 0.127755 0.887898
vt 0.278967 0.841646
vt 0.243004 0.932011
vt 0.296707 0.986591
vt 0.359581 0.997282
vt 0.359581 0.986928
vt 0.233712 0.986253
vt 0.279087 0.789767
vt 0.233591 0.996719
vt 0.334721 0.918507
vt 0.560290 0.341221
vt 0.563308 0.348843
vt 0.581832 0.311365
vt 0.571267 0.315557
vt 0.636100 0.360849
vt 0.638844 0.332963
vt 0.632121 0.324578
vt 0.630612 0.365741
vt 0.572021 0.367900
vt 0.581215 0.377683
vt 0.587801 0.380605
vt 0.568385 0.359261
vt 0.553703 0.313143
vt 0.563102 0.304758
vt 0.559672 0.299677
vt 0.549107 0.309396
vt 0.564200 0.321020
vt 0.641520 0.375904
vt 0.647763 0.368726
vt 0.594113 0.295675
vt 0.576961 0.298279
vt 0.594867 0.309777
vt 0.623545 0.410397
vt 0.617165 0.419481
vt 0.679871 0.418655
vt 0.673422 0.409063
vt 0.575246 0.389816
vt 0.575795 0.373427
vt 0.568042 0.384543
vt 0.629582 0.305076
vt 0.632807 0.299804
vt 0.614215 0.291800
vt 0.612568 0.297961
vt 0.561250 0.376603
vt 0.556173 0.380351
vt 0.563926 0.389117
vt 0.625329 0.369552
vt 0.635757 0.380986
vt 0.559055 0.334043
vt 0.546019 0.332582
vt 0.546431 0.342872
vt 0.651125 0.327627
vt 0.656545 0.324959
vt 0.647214 0.311492
vt 0.642686 0.315684
vt 0.667934 0.403283
vt 0.661004 0.400234
vt 0.636718 0.400869
vt 0.629720 0.404172
vt 0.642069 0.340967
vt 0.642206 0.348272
vt 0.655241 0.349415
vt 0.654967 0.338870
vt 0.572159 0.395025
vt 0.652772 0.359452
vt 0.653183 0.372347
vt 0.658740 0.361675
vt 0.640079 0.354878
vt 0.545951 0.361802
vt 0.548695 0.367646
vt 0.554321 0.364661
vt 0.551714 0.359198
vt 0.639874 0.386131
vt 0.646323 0.380605
vt 0.542863 0.354243
vt 0.548832 0.352210
vt 0.592672 0.396232
vt 0.583273 0.393627
vt 0.581283 0.399217
vt 0.591711 0.401949
vt 0.621693 0.372410
vt 0.631503 0.384226
vt 0.560290 0.327309
vt 0.614832 0.378699
vt 0.595210 0.382955
vt 0.621967 0.316955
vt 0.566601 0.355196
vt 0.608863 0.311810
vt 0.548215 0.322481
vt 0.542452 0.320131
vt 0.539433 0.331946
vt 0.602277 0.402774
vt 0.602071 0.396803
vt 0.575177 0.292435
vt 0.593975 0.289449
vt 0.619291 0.392103
vt 0.622036 0.397820
vt 0.635277 0.389562
vt 0.661416 0.349987
vt 0.660799 0.337854
vt 0.602483 0.383527
vt 0.610647 0.395596
vt 0.608932 0.382320
vt 0.540119 0.343889
vt 0.612088 0.401504
vt 0.652772 0.398709
vt 0.644264 0.399090
vt 0.195531 0.928872
vt 0.166514 0.929396
vt 0.170410 0.994743
vt 0.194187 0.994351
vt 0.199695 0.994351
vt 0.223472 0.995791
vt 0.229786 0.930705
vt 0.200904 0.929003
vt 0.161141 0.929789
vt 0.165037 0.995136
vt 0.432292 0.964509
vt 0.430381 0.970501
vt 0.449254 0.975783
vt 0.451006 0.969994
vt 0.983831 0.848310
vt 0.995538 0.848310
vt 0.995538 0.838255
vt 0.983831 0.838255
vt 0.995538 0.903972
vt 0.983831 0.903972
vt 0.983831 0.915856
vt 0.995538 0.915856
vt 0.664582 0.982792
vt 0.663387 0.976697
vt 0.649292 0.979541
vt 0.650168 0.985636
vt 0.844792 0.924794
vt 0.831493 0.927943
vt 0.835793 0.943585
vt 0.848853 0.939725
vt 0.708778 0.982284
vt 0.709654 0.995387
vt 0.732111 0.994269
vt 0.731394 0.981268
vt 0.678597 0.979541
vt 0.677084 0.973345
vt 0.749789 0.872281
vt 0.736013 0.872383
vt 0.735854 0.892291
vt 0.750267 0.892393
vt 0.995538 0.772334
vt 0.983831 0.772334
vt 0.983831 0.783304
vt 0.995538 0.783304
vt 0.876406 0.803619
vt 0.868682 0.817128
vt 0.882140 0.824238
vt 0.890501 0.810526
vt 0.603185 0.989800
vt 0.603344 0.983706
vt 0.587019 0.983198
vt 0.586621 0.989394
vt 0.707026 0.588692
vt 0.705275 0.600271
vt 0.723431 0.603522
vt 0.725581 0.591333
vt 0.653274 0.188600
vt 0.662910 0.179763
vt 0.654070 0.171638
vt 0.647381 0.182201
vt 0.995538 0.794376
vt 0.983831 0.794376
vt 0.983831 0.805548
vt 0.995538 0.805548
vt 0.626756 0.924591
vt 0.609396 0.923981
vt 0.609715 0.942366
vt 0.627075 0.942569
vt 0.995538 0.926419
vt 0.983831 0.926419
vt 0.983831 0.938100
vt 0.995538 0.938100
vt 0.486761 0.611241
vt 0.478957 0.607178
vt 0.477125 0.612663
vt 0.483337 0.615710
vt 0.703523 0.612155
vt 0.721122 0.615710
vt 0.697072 0.491488
vt 0.704239 0.480823
vt 0.694046 0.473510
vt 0.688870 0.483667
vt 0.806648 0.606975
vt 0.800436 0.594787
vt 0.800675 0.606975
vt 0.802029 0.616320
vt 0.837705 0.731198
vt 0.847898 0.721650
vt 0.831652 0.718197
vt 0.822734 0.730487
vt 0.568146 0.809307
vt 0.559227 0.790719
vt 0.542265 0.793969
vt 0.548716 0.809916
vt 0.995538 0.891986
vt 0.983831 0.891986
vt 0.458650 0.833176
vt 0.470755 0.843232
vt 0.483416 0.836020
vt 0.470357 0.825964
vt 0.857055 0.559541
vt 0.846544 0.567159
vt 0.916780 0.590114
vt 0.912799 0.577722
vt 0.684650 0.626782
vt 0.689268 0.612054
vt 0.675890 0.570612
vt 0.663945 0.562182
vt 0.894722 0.559541
vt 0.882379 0.555580
vt 0.869399 0.555580
vt 0.905234 0.567261
vt 0.559625 0.660199
vt 0.572845 0.654714
vt 0.582958 0.644557
vt 0.545291 0.660199
vt 0.845588 0.677669
vt 0.836749 0.683053
vt 0.845429 0.688842
vt 0.854826 0.689249
vt 0.780846 0.767561
vt 0.762610 0.761466
vt 0.753373 0.774569
vt 0.773679 0.779749
vt 0.663706 0.647706
vt 0.634958 0.558221
vt 0.620784 0.562995
vt 0.649611 0.652073
vt 0.764920 0.583309
vt 0.775113 0.592755
vt 0.777024 0.579144
vt 0.765477 0.576097
vt 0.590682 0.971009
vt 0.594425 0.956484
vt 0.578339 0.955875
vt 0.574278 0.970197
vt 0.737924 0.554869
vt 0.739596 0.541868
vt 0.732589 0.541157
vt 0.731235 0.554056
vt 0.455147 0.815604
vt 0.442804 0.820683
vt 0.605733 0.660504
vt 0.604937 0.653190
vt 0.599920 0.653698
vt 0.601512 0.662027
vt 0.619032 0.983299
vt 0.622376 0.971111
vt 0.606848 0.971416
vt 0.601911 0.705703
vt 0.590364 0.708446
vt 0.597133 0.721447
vt 0.773918 0.655527
vt 0.771370 0.662027
vt 0.776467 0.664770
vt 0.777661 0.660301
vt 0.583993 0.723072
vt 0.578021 0.707227
vt 0.570615 0.723174
vt 0.803781 0.981370
vt 0.818194 0.971822
vt 0.813496 0.959125
vt 0.800436 0.970501
vt 0.564563 0.704484
vt 0.554927 0.704180
vt 0.558670 0.721853
vt 0.532391 0.952929
vt 0.516544 0.951000
vt 0.510253 0.965220
vt 0.526737 0.967048
vt 0.562970 0.955367
vt 0.558431 0.969486
vt 0.535337 0.715556
vt 0.535815 0.700828
vt 0.528568 0.713423
vt 0.538602 0.979948
vt 0.543221 0.968165
vt 0.521640 0.978729
vt 0.797092 0.741761
vt 0.797410 0.729471
vt 0.785147 0.731198
vt 0.779095 0.741761
vt 0.618235 0.857147
vt 0.636870 0.858467
vt 0.635834 0.836426
vt 0.613537 0.833278
vt 0.485885 0.704992
vt 0.496556 0.710274
vt 0.499104 0.699304
vt 0.490504 0.689655
vt 0.747002 0.688131
vt 0.743658 0.697781
vt 0.756319 0.697070
vt 0.755125 0.686811
vt 0.498228 0.680513
vt 0.494963 0.674114
vt 0.489946 0.678685
vt 0.400518 0.660199
vt 0.404420 0.672692
vt 0.411667 0.669036
vt 0.408402 0.658675
vt 0.679553 0.792344
vt 0.682022 0.768983
vt 0.671112 0.768068
vt 0.669280 0.791125
vt 0.501971 0.686912
vt 0.509297 0.691889
vt 0.511447 0.680716
vt 0.628827 0.778327
vt 0.625323 0.796102
vt 0.641886 0.793563
vt 0.645789 0.774264
vt 0.692692 0.644862
vt 0.697789 0.647909
vt 0.699700 0.635923
vt 0.694444 0.633689
vt 0.696515 0.660097
vt 0.709893 0.665785
vt 0.713158 0.652987
vt 0.545530 0.702859
vt 0.543380 0.683967
vt 0.480948 0.674419
vt 0.474418 0.670153
vt 0.467410 0.679294
vt 0.472109 0.685694
vt 0.654867 0.817737
vt 0.657734 0.788891
vt 0.638860 0.815706
vt 0.605255 0.671778
vt 0.609317 0.666496
vt 0.776068 0.626172
vt 0.773281 0.634704
vt 0.784589 0.633790
vt 0.783793 0.622820
vt 0.700417 0.980760
vt 0.697232 0.968064
vt 0.680031 0.985839
vt 0.583356 0.699710
vt 0.594744 0.696257
vt 0.587975 0.689350
vt 0.792553 0.837848
vt 0.785147 0.853795
vt 0.802188 0.854405
vt 0.807762 0.838864
vt 0.592594 0.682951
vt 0.600477 0.684983
vt 0.598566 0.673302
vt 0.744135 0.629118
vt 0.744056 0.621094
vt 0.736013 0.622719
vt 0.737924 0.629423
vt 0.833882 0.788180
vt 0.822176 0.782593
vt 0.808877 0.791125
vt 0.820902 0.799962
vt 0.634560 0.981776
vt 0.637029 0.969790
vt 0.811187 0.741558
vt 0.807125 0.725103
vt 0.569420 0.684272
vt 0.562413 0.672286
vt 0.558909 0.684983
vt 0.817796 0.929974
vt 0.805135 0.930685
vt 0.809355 0.946429
vt 0.822415 0.945718
vt 0.829263 0.645268
vt 0.823530 0.652073
vt 0.832289 0.659691
vt 0.842801 0.654714
vt 0.428788 0.812252
vt 0.419949 0.823019
vt 0.433327 0.831043
vt 0.580011 0.685998
vt 0.574278 0.696155
vt 0.732191 0.713321
vt 0.740233 0.714845
vt 0.742224 0.710579
vt 0.733544 0.707735
vt 0.669838 0.189616
vt 0.658291 0.198656
vt 0.478400 0.647807
vt 0.478161 0.659285
vt 0.485487 0.660910
vt 0.487956 0.647096
vt 0.476090 0.699914
vt 0.469879 0.708852
vt 0.479355 0.715860
vt 0.442405 0.806056
vt 0.460960 0.779648
vt 0.452121 0.764717
vt 0.449333 0.774467
vt 0.452359 0.786453
vt 0.860081 0.775686
vt 0.870195 0.767357
vt 0.863506 0.758216
vt 0.847818 0.766037
vt 0.413737 0.768373
vt 0.419312 0.762888
vt 0.409278 0.754966
vt 0.403544 0.763091
vt 0.758947 0.728658
vt 0.765875 0.738613
vt 0.772485 0.728760
vt 0.764044 0.724189
vt 0.592594 0.671981
vt 0.597531 0.661926
vt 0.464384 0.699304
vt 0.461040 0.693007
vt 0.449095 0.696460
vt 0.449732 0.703672
vt 0.768105 0.872891
vt 0.769220 0.892900
vt 0.785545 0.893611
vt 0.784510 0.873602
vt 0.512881 0.735769
vt 0.516464 0.722158
vt 0.507386 0.718501
vt 0.503484 0.730791
vt 0.525622 0.686811
vt 0.532391 0.677263
vt 0.524666 0.673708
vt 0.519251 0.684983
vt 0.767309 0.645065
vt 0.762531 0.636431
vt 0.756956 0.641408
vt 0.760858 0.648010
vt 0.709575 0.693311
vt 0.713317 0.680615
vt 0.706549 0.678482
vt 0.702886 0.691382
vt 0.688552 0.820073
vt 0.689268 0.793258
vt 0.676845 0.819565
vt 0.752736 0.980557
vt 0.752019 0.957399
vt 0.732429 0.958414
vt 0.822574 0.982893
vt 0.803542 0.994269
vt 0.822654 0.995285
vt 0.600318 0.626782
vt 0.608998 0.638767
vt 0.595540 0.598240
vt 0.595620 0.612866
vt 0.828149 0.893408
vt 0.813178 0.893916
vt 0.814531 0.912504
vt 0.828706 0.911082
vt 0.638144 0.881524
vt 0.651522 0.881220
vt 0.651602 0.859178
vt 0.572526 0.562588
vt 0.587895 0.562893
vt 0.623013 0.539938
vt 0.627393 0.525108
vt 0.882538 0.791633
vt 0.871230 0.785031
vt 0.865974 0.797727
vt 0.663706 0.858975
vt 0.664900 0.840185
vt 0.652796 0.838864
vt 0.620943 0.647401
vt 0.599999 0.584223
vt 0.601592 0.473408
vt 0.587258 0.468939
vt 0.533984 0.508146
vt 0.533904 0.523178
vt 0.800834 0.649737
vt 0.805135 0.637345
vt 0.793110 0.639885
vt 0.791358 0.649229
vt 0.521879 0.644557
vt 0.588453 0.617031
vt 0.582958 0.603826
vt 0.516464 0.631352
vt 0.475612 0.736276
vt 0.486283 0.728049
vt 0.469958 0.725408
vt 0.675810 0.638970
vt 0.649770 0.557916
vt 0.572606 0.469142
vt 0.538443 0.493926
vt 0.547123 0.482143
vt 0.558909 0.473611
vt 0.516464 0.617031
vt 0.572845 0.593669
vt 0.559625 0.588184
vt 0.521879 0.603826
vt 0.886201 0.688741
vt 0.876804 0.683357
vt 0.867567 0.690569
vt 0.875769 0.694327
vt 0.586701 0.810627
vt 0.592673 0.830738
vt 0.603742 0.812049
vt 0.856896 0.791227
vt 0.844872 0.792243
vt 0.835953 0.806666
vt 0.853153 0.807580
vt 0.606211 0.691280
vt 0.609954 0.679396
vt 0.785624 0.796204
vt 0.793667 0.781171
vt 0.672306 0.755372
vt 0.662989 0.752934
vt 0.660043 0.765326
vt 0.711008 0.808494
vt 0.718175 0.834903
vt 0.730916 0.833074
vt 0.720644 0.805345
vt 0.782997 0.605553
vt 0.793190 0.606772
vt 0.795260 0.595193
vt 0.787217 0.594482
vt 0.440574 0.794477
vt 0.437866 0.783406
vt 0.428708 0.786047
vt 0.429664 0.797524
vt 0.602946 0.878985
vt 0.621660 0.880610
vt 0.598168 0.855217
vt 0.679473 0.745316
vt 0.692613 0.745723
vt 0.694046 0.731706
vt 0.681225 0.732112
vt 0.674695 0.899604
vt 0.663387 0.901432
vt 0.663626 0.923169
vt 0.675173 0.920934
vt 0.909056 0.782288
vt 0.899580 0.778022
vt 0.901730 0.787367
vt 0.767946 0.628407
vt 0.610511 0.956891
vt 0.625801 0.956789
vt 0.544177 0.877868
vt 0.523870 0.880001
vt 0.523631 0.901128
vt 0.545053 0.900721
vt 0.983831 0.950593
vt 0.995538 0.950593
vt 0.665776 0.989089
vt 0.650965 0.991933
vt 0.509297 0.771217
vt 0.494406 0.779851
vt 0.500776 0.794071
vt 0.515747 0.787266
vt 0.398129 0.632165
vt 0.404420 0.634806
vt 0.411747 0.624039
vt 0.406411 0.619672
vt 0.402191 0.771725
vt 0.403465 0.781374
vt 0.409676 0.779241
vt 0.407207 0.770608
vt 0.847499 0.646893
vt 0.835156 0.639681
vt 0.851879 0.670559
vt 0.861674 0.680818
vt 0.872902 0.672286
vt 0.856578 0.660808
vt 0.619987 0.671473
vt 0.618315 0.682139
vt 0.627791 0.683459
vt 0.628429 0.671473
vt 0.621102 0.720634
vt 0.623810 0.708344
vt 0.613537 0.706922
vt 0.611467 0.720837
vt 0.799640 0.894018
vt 0.788013 0.912809
vt 0.801631 0.913113
vt 0.595938 0.790008
vt 0.607405 0.788992
vt 0.606529 0.765428
vt 0.593151 0.766951
vt 0.349473 0.876649
vt 0.447183 0.890056
vt 0.444874 0.872789
vt 0.355685 0.855928
vt 0.780209 0.980354
vt 0.412065 0.683561
vt 0.406331 0.688538
vt 0.419312 0.698390
vt 0.422816 0.691483
vt 0.543540 0.921341
vt 0.566553 0.922458
vt 0.566315 0.900620
vt 0.834678 0.707836
vt 0.821220 0.704180
vt 0.816124 0.715556
vt 0.583675 0.877360
vt 0.578976 0.853490
vt 0.811107 0.768068
vt 0.606928 0.902448
vt 0.587099 0.901229
vt 0.588851 0.923372
vt 0.588612 0.941858
vt 0.716025 0.640392
vt 0.574915 0.678583
vt 0.582002 0.675130
vt 0.574756 0.667309
vt 0.568863 0.670255
vt 0.471870 0.806463
vt 0.489787 0.815807
vt 0.485487 0.800064
vt 0.753373 0.993558
vt 0.854268 0.848920
vt 0.860559 0.833074
vt 0.844553 0.825355
vt 0.837386 0.843333
vt 0.722873 0.641814
vt 0.725422 0.629219
vt 0.718733 0.628001
vt 0.810470 0.693210
vt 0.808320 0.702453
vt 0.823928 0.691178
vt 0.830776 0.673708
vt 0.842005 0.665989
vt 0.823132 0.666903
vt 0.509138 0.706414
vt 0.516623 0.695851
vt 0.781882 0.753239
vt 0.797251 0.753848
vt 0.701691 0.623938
vt 0.570376 0.982182
vt 0.569818 0.988480
vt 0.701930 0.526022
vt 0.703921 0.509365
vt 0.695719 0.507943
vt 0.692931 0.525007
vt 0.525622 0.765021
vt 0.529843 0.780765
vt 0.541947 0.776600
vt 0.538841 0.760349
vt 0.859524 0.967454
vt 0.873141 0.960446
vt 0.866213 0.945921
vt 0.853631 0.952828
vt 0.486920 0.763802
vt 0.502688 0.755169
vt 0.733704 0.684576
vt 0.729642 0.694327
vt 0.736331 0.696054
vt 0.740313 0.686506
vt 0.640851 0.924489
vt 0.640772 0.941960
vt 0.652398 0.940436
vt 0.652478 0.923270
vt 0.639816 0.955773
vt 0.728527 0.767256
vt 0.719449 0.773655
vt 0.729961 0.790516
vt 0.741985 0.783914
vt 0.896792 0.798032
vt 0.466693 0.979237
vt 0.465340 0.985331
vt 0.484452 0.987972
vt 0.485487 0.981674
vt 0.837625 0.989394
vt 0.838182 0.995387
vt 0.632569 0.176310
vt 0.632012 0.164629
vt 0.620784 0.166254
vt 0.624049 0.177833
vt 0.447183 0.601897
vt 0.431734 0.603826
vt 0.434362 0.610937
vt 0.447980 0.609108
vt 0.656858 0.527546
vt 0.650567 0.519826
vt 0.640851 0.529781
vt 0.649929 0.536992
vt 0.458252 0.685490
vt 0.447820 0.688334
vt 0.689427 0.702961
vt 0.699541 0.704789
vt 0.693807 0.687522
vt 0.599442 0.741761
vt 0.588373 0.744199
vt 0.400439 0.647198
vt 0.394068 0.646385
vt 0.393749 0.660910
vt 0.612263 0.241925
vt 0.617519 0.232784
vt 0.609954 0.228112
vt 0.602707 0.236034
vt 0.425364 0.774975
vt 0.432770 0.770709
vt 0.587497 0.668020
vt 0.586462 0.679904
vt 0.491300 0.617437
vt 0.486283 0.620687
vt 0.727651 0.616828
vt 0.841129 0.631657
vt 0.851959 0.638158
vt 0.673581 0.480112
vt 0.681146 0.480721
vt 0.682659 0.470158
vt 0.673262 0.469447
vt 0.796773 0.582293
vt 0.797330 0.570714
vt 0.789049 0.570612
vt 0.788571 0.581277
vt 0.523552 0.659082
vt 0.513836 0.667715
vt 0.518614 0.670661
vt 0.752178 0.618961
vt 0.759584 0.613882
vt 0.753293 0.602506
vt 0.747480 0.607686
vt 0.621500 0.732924
vt 0.628190 0.730995
vt 0.628349 0.722158
vt 0.734022 0.932818
vt 0.735217 0.911894
vt 0.719210 0.911793
vt 0.716264 0.932412
vt 0.797569 0.767764
vt 0.860559 0.701640
vt 0.849251 0.700015
vt 0.847977 0.710579
vt 0.866930 0.714946
vt 0.565279 0.940944
vt 0.540673 0.939116
vt 0.548238 0.954047
vt 0.624686 0.903565
vt 0.746684 0.704687
vt 0.750904 0.713626
vt 0.736411 0.502051
vt 0.723351 0.501340
vt 0.721201 0.513935
vt 0.735217 0.515256
vt 0.591160 0.660097
vt 0.801551 0.581989
vt 0.804816 0.568581
vt 0.834838 0.603014
vt 0.838819 0.615304
vt 0.894642 0.633485
vt 0.905154 0.625868
vt 0.573482 0.829418
vt 0.554609 0.829519
vt 0.560024 0.853084
vt 0.436990 0.688030
vt 0.435159 0.695952
vt 0.450846 0.751411
vt 0.465817 0.757403
vt 0.463269 0.743996
vt 0.614015 0.482042
vt 0.538124 0.537398
vt 0.461836 0.609616
vt 0.458491 0.621703
vt 0.467649 0.628001
vt 0.874495 0.656441
vt 0.860320 0.652479
vt 0.822972 0.840692
vt 0.828626 0.821597
vt 0.814611 0.818042
vt 0.524109 0.799048
vt 0.498786 0.918801
vt 0.502847 0.901432
vt 0.484213 0.901534
vt 0.479753 0.917075
vt 0.738402 0.673810
vt 0.743897 0.679599
vt 0.837147 0.983401
vt 0.650726 0.759841
vt 0.654230 0.748871
vt 0.646027 0.743590
vt 0.641329 0.749481
vt 0.768264 0.652987
vt 0.775511 0.649534
vt 0.776467 0.642729
vt 0.764681 0.791227
vt 0.777104 0.810526
vt 0.799799 0.815198
vt 0.450608 0.938506
vt 0.440653 0.951914
vt 0.458332 0.958008
vt 0.467092 0.943991
vt 0.867487 0.726018
vt 0.750188 0.678990
vt 0.761416 0.676044
vt 0.756797 0.674114
vt 0.740871 0.611546
vt 0.733943 0.614390
vt 0.540354 0.854811
vt 0.536372 0.831551
vt 0.515827 0.837747
vt 0.520605 0.857960
vt 0.505395 0.674724
vt 0.711725 0.779648
vt 0.702487 0.784828
vt 0.465579 0.862327
vt 0.469720 0.872992
vt 0.484850 0.867000
vt 0.480151 0.854303
vt 0.502847 0.989800
vt 0.520048 0.991324
vt 0.520844 0.985026
vt 0.503723 0.983503
vt 0.529524 0.662230
vt 0.652000 0.903058
vt 0.493848 0.741863
vt 0.481107 0.750192
vt 0.622775 0.245277
vt 0.625721 0.234815
vt 0.639657 0.903870
vt 0.581286 0.768779
vt 0.584790 0.790516
vt 0.462553 0.602811
vt 0.705752 0.768576
vt 0.697470 0.773350
vt 0.617121 0.754051
vt 0.634162 0.758825
vt 0.553573 0.987464
vt 0.553016 0.993761
vt 0.569341 0.994777
vt 0.709734 0.970705
vt 0.811505 0.753442
vt 0.447104 0.842622
vt 0.458093 0.853186
vt 0.863745 0.643033
vt 0.783315 0.649229
vt 0.782439 0.656542
vt 0.790323 0.656745
vt 0.602468 0.559135
vt 0.614493 0.551517
vt 0.608679 0.572034
vt 0.634958 0.651972
vt 0.995538 0.826168
vt 0.983831 0.826168
vt 0.627393 0.509060
vt 0.558192 0.558018
vt 0.846464 0.625766
vt 0.882299 0.637548
vt 0.689268 0.596615
vt 0.684650 0.582395
vt 0.768344 0.668528
vt 0.760779 0.670458
vt 0.662989 0.470869
vt 0.665458 0.481432
vt 0.639975 0.178138
vt 0.643240 0.166559
vt 0.386901 0.822206
vt 0.373921 0.828605
vt 0.416763 0.827488
vt 0.401713 0.821698
vt 0.417719 0.609921
vt 0.421940 0.615914
vt 0.502130 0.862124
vt 0.497432 0.845466
vt 0.546327 0.549384
vt 0.622854 0.494230
vt 0.670236 0.533336
vt 0.677483 0.532726
vt 0.662512 0.531202
vt 0.458093 0.927130
vt 0.473622 0.931295
vt 0.571650 0.790821
vt 0.486124 0.884775
vt 0.504201 0.882337
vt 0.744534 0.753340
vt 0.737446 0.747348
vt 0.729563 0.753239
vt 0.736809 0.760349
vt 0.704239 0.565432
vt 0.710371 0.565940
vt 0.712442 0.553040
vt 0.706469 0.552837
vt 0.764362 0.621602
vt 0.754010 0.626375
vt 0.412702 0.974666
vt 0.424329 0.963595
vt 0.344058 0.942264
vt 0.348757 0.961461
vt 0.696356 0.718298
vt 0.701213 0.732518
vt 0.703284 0.719517
vt 0.727651 0.579246
vt 0.708619 0.577519
vt 0.814213 0.874617
vt 0.799560 0.874211
vt 0.833006 0.859280
vt 0.849570 0.863241
vt 0.530719 0.814182
vt 0.506829 0.806970
vt 0.512005 0.821394
vt 0.691259 0.768678
vt 0.750745 0.911996
vt 0.771131 0.912301
vt 0.752099 0.799657
vt 0.739517 0.809510
vt 0.759266 0.814284
vt 0.873221 0.746738
vt 0.877919 0.756083
vt 0.743260 0.673708
vt 0.748276 0.672591
vt 0.738720 0.669239
vt 0.819230 0.635415
vt 0.824645 0.629829
vt 0.814531 0.618961
vt 0.806966 0.624750
vt 0.436194 0.743590
vt 0.433248 0.733432
vt 0.423054 0.735261
vt 0.423612 0.745012
vt 0.499900 0.949374
vt 0.515986 0.936983
vt 0.493291 0.934545
vt 0.469162 0.771319
vt 0.816124 0.660808
vt 0.814531 0.644354
vt 0.808877 0.654409
vt 0.819150 0.681123
vt 0.814770 0.672591
vt 0.504678 0.977205
vt 0.486602 0.975478
vt 0.554210 0.981166
vt 0.537886 0.986347
vt 0.744295 0.741253
vt 0.752019 0.744605
vt 0.554609 0.670966
vt 0.548636 0.668833
vt 0.550229 0.684576
vt 0.760301 0.708039
vt 0.791039 0.930584
vt 0.469321 0.901331
vt 0.464782 0.914637
vt 0.737924 0.488238
vt 0.724546 0.488644
vt 0.840571 0.956992
vt 0.846146 0.971111
vt 0.744374 0.634197
vt 0.750904 0.636330
vt 0.752656 0.631657
vt 0.756718 0.736480
vt 0.765875 0.749379
vt 0.817955 0.856436
vt 0.790164 0.663754
vt 0.795817 0.665278
vt 0.797968 0.658574
vt 0.520207 0.710579
vt 0.528011 0.698999
vt 0.867487 0.990917
vt 0.865815 0.985331
vt 0.851800 0.988277
vt 0.852914 0.994168
vt 0.586223 0.995691
vt 0.721360 0.854709
vt 0.733863 0.853592
vt 0.827193 0.958922
vt 0.611626 0.737597
vt 0.627393 0.745316
vt 0.470994 0.887212
vt 0.701054 0.586559
vt 0.699302 0.598443
vt 0.621819 0.814284
vt 0.822176 0.613984
vt 0.815646 0.603217
vt 0.496795 0.828199
vt 0.447820 0.618453
vt 0.436831 0.618758
vt 0.750586 0.734143
vt 0.569261 0.771522
vt 0.523392 0.725713
vt 0.532869 0.730080
vt 0.778219 0.612054
vt 0.770972 0.600982
vt 0.766274 0.608296
vt 0.770892 0.617132
vt 0.762372 0.659285
vt 0.767070 0.659894
vt 0.762372 0.653800
vt 0.729483 0.566753
vt 0.676129 0.961766
vt 0.695400 0.956586
vt 0.636949 0.713118
vt 0.651841 0.953945
vt 0.663149 0.964915
vt 0.663547 0.944905
vt 0.712840 0.952828
vt 0.768185 0.835614
vt 0.751382 0.932412
vt 0.603025 0.996098
vt 0.482859 0.947038
vt 0.832528 0.972330
vt 0.416206 0.796712
vt 0.414454 0.806666
vt 0.556360 0.773858
vt 0.428470 0.976494
vt 0.447502 0.981674
vt 0.666891 0.819261
vt 0.675731 0.840286
vt 0.780448 0.993457
vt 0.845986 0.876547
vt 0.861833 0.878680
vt 0.865735 0.867406
vt 0.724148 0.713220
vt 0.724864 0.706211
vt 0.417401 0.777413
vt 0.418038 0.787164
vt 0.825919 0.744808
vt 0.827591 0.759232
vt 0.843438 0.754762
vt 0.840651 0.741558
vt 0.635038 0.987972
vt 0.983831 0.972736
vt 0.995538 0.972736
vt 0.995538 0.962173
vt 0.983831 0.962173
vt 0.810231 0.667309
vt 0.804338 0.662332
vt 0.800914 0.668426
vt 0.805294 0.672895
vt 0.492813 0.963696
vt 0.795738 0.952117
vt 0.776706 0.956484
vt 0.408561 0.786961
vt 0.550547 0.739425
vt 0.545928 0.719212
vt 0.535895 0.743590
vt 0.793667 0.628407
vt 0.790801 0.615203
vt 0.448457 0.739831
vt 0.459765 0.733128
vt 0.520446 0.920122
vt 0.407048 0.794376
vt 0.404739 0.801689
vt 0.397811 0.799860
vt 0.401713 0.791024
vt 0.776944 0.569698
vt 0.492654 0.718908
vt 0.610989 0.168794
vt 0.613856 0.181592
vt 0.717777 0.512107
vt 0.714273 0.525718
vt 0.718414 0.526733
vt 0.519092 0.741457
vt 0.634640 0.727338
vt 0.641249 0.718298
vt 0.423692 0.756184
vt 0.412224 0.744808
vt 0.397890 0.675638
vt 0.564165 0.876852
vt 0.689746 0.839880
vt 0.670714 0.544001
vt 0.680748 0.542477
vt 0.636153 0.682646
vt 0.628269 0.696562
vt 0.637268 0.694530
vt 0.652000 0.503067
vt 0.642683 0.502153
vt 0.640453 0.519217
vt 0.715229 0.539735
vt 0.537169 0.992644
vt 0.553733 0.757810
vt 0.879273 0.774874
vt 0.663228 0.880204
vt 0.749073 0.852475
vt 0.767627 0.852779
vt 0.748356 0.833278
vt 0.811744 0.591739
vt 0.619111 0.989394
vt 0.619271 0.995691
vt 0.635516 0.994269
vt 0.459208 0.798235
vt 0.469003 0.792039
vt 0.890581 0.681428
vt 0.889148 0.671169
vt 0.773600 0.932006
vt 0.566235 0.755270
vt 0.864222 0.979846
vt 0.850685 0.982690
vt 0.535815 0.664567
vt 0.873221 0.840286
vt 0.453315 0.723275
vt 0.443600 0.729369
vt 0.905632 0.670661
vt 0.904756 0.657558
vt 0.888988 0.658269
vt 0.995538 0.881016
vt 0.983831 0.881016
vt 0.889068 0.781171
vt 0.562890 0.738206
vt 0.658928 0.542274
vt 0.536771 0.681326
vt 0.695798 0.621703
vt 0.436353 0.762787
vt 0.650407 0.967657
vt 0.783474 0.664059
vt 0.995538 0.870047
vt 0.983831 0.870047
vt 0.720883 0.892291
vt 0.474896 0.961258
vt 0.811346 0.579957
vt 0.763566 0.568276
vt 0.604300 0.221306
vt 0.595460 0.228112
vt 0.468047 0.973142
vt 0.861037 0.933732
vt 0.857215 0.920528
vt 0.784191 0.642322
vt 0.576348 0.746434
vt 0.692852 0.657355
vt 0.614015 0.669747
vt 0.739437 0.634197
vt 0.869637 0.736581
vt 0.851879 0.735667
vt 0.752975 0.670559
vt 0.632729 0.671778
vt 0.636392 0.670458
vt 0.640931 0.667004
vt 0.636471 0.664363
vt 0.462154 0.716470
vt 0.696993 0.673911
vt 0.521720 0.750293
vt 0.793588 0.717892
vt 0.785067 0.721041
vt 0.831095 0.623531
vt 0.674855 0.858366
vt 0.674536 0.878985
vt 0.689268 0.877461
vt 0.689268 0.857756
vt 0.437548 0.754661
vt 0.808161 0.677669
vt 0.809753 0.684272
vt 0.508819 0.662738
vt 0.500378 0.669442
vt 0.479992 0.784929
vt 0.710291 0.540141
vt 0.757116 0.668528
vt 0.764203 0.666293
vt 0.760540 0.664160
vt 0.869478 0.703976
vt 0.684490 0.718704
vt 0.644355 0.680209
vt 0.474577 0.637142
vt 0.490902 0.633790
vt 0.829980 0.875227
vt 0.762849 0.590317
vt 0.758470 0.596716
vt 0.760858 0.582496
vt 0.408402 0.648010
vt 0.411747 0.637752
vt 0.876645 0.645877
vt 0.426877 0.684475
vt 0.418038 0.677974
vt 0.720086 0.654612
vt 0.836749 0.696562
vt 0.675651 0.942569
vt 0.693568 0.938405
vt 0.843199 0.892799
vt 0.753293 0.725611
vt 0.616802 0.693311
vt 0.813576 0.568378
vt 0.426558 0.622414
vt 0.417958 0.629016
vt 0.890262 0.646690
vt 0.903720 0.645369
vt 0.634321 0.245582
vt 0.634799 0.234511
vt 0.856737 0.747145
vt 0.401155 0.807478
vt 0.676686 0.744707
vt 0.879114 0.973752
vt 0.580011 0.660707
vt 0.583117 0.656238
vt 0.747400 0.718908
vt 0.757673 0.719314
vt 0.634560 0.739628
vt 0.732111 0.592552
vt 0.729802 0.604639
vt 0.645390 0.245074
vt 0.644435 0.232378
vt 0.693091 0.670356
vt 0.654389 0.486511
vt 0.567111 0.665379
vt 0.518216 0.655323
vt 0.775989 0.720837
vt 0.904596 0.683053
vt 0.838103 0.577722
vt 0.916780 0.603115
vt 0.363807 0.839778
vt 0.439220 0.855420
vt 0.430699 0.840286
vt 0.398846 0.981979
vt 0.356800 0.972634
vt 0.681623 0.756184
vt 0.698187 0.610530
vt 0.637746 0.736480
vt 0.833803 0.772436
vt 0.343262 0.921341
vt 0.440972 0.936678
vt 0.445033 0.922255
vt 0.344456 0.901432
vt 0.721679 0.488847
vt 0.720405 0.500629
vt 0.685207 0.529374
vt 0.689587 0.539125
vt 0.734102 0.528257
vt 0.736411 0.567768
vt 0.707106 0.493418
vt 0.542345 0.666700
vt 0.706230 0.706313
vt 0.883971 0.764717
vt 0.646266 0.707532
vt 0.649372 0.715149
vt 0.891138 0.772131
vt 0.802188 0.711696
vt 0.750825 0.639885
vt 0.855941 0.906714
vt 0.842721 0.909050
vt 0.409995 0.813979
vt 0.691657 0.917786
vt 0.690144 0.896963
vt 0.668165 0.202414
vt 0.651920 0.214704
vt 0.661317 0.219478
vt 0.604140 0.176005
vt 0.598486 0.193780
vt 0.607087 0.197132
vt 0.412941 0.735159
vt 0.480470 0.690163
vt 0.834838 0.590013
vt 0.912719 0.615406
vt 0.847818 0.779749
vt 0.766831 0.716064
vt 0.433566 0.950289
vt 0.634401 0.732010
vt 0.995538 0.816010
vt 0.983831 0.816010
vt 0.713636 0.763498
vt 0.721679 0.758419
vt 0.742224 0.516068
vt 0.743578 0.502965
vt 0.868602 0.855420
vt 0.740791 0.528866
vt 0.433964 0.702758
vt 0.532072 0.654714
vt 0.588453 0.631352
vt 0.593470 0.652784
vt 0.447820 0.906308
vt 0.600318 0.213993
vt 0.642603 0.486003
vt 0.590205 0.210438
vt 0.700178 0.745824
vt 0.734341 0.580363
vt 0.745330 0.489761
vt 0.702886 0.576707
vt 0.716981 0.667614
vt 0.995538 0.984620
vt 0.983831 0.984620
vt 0.649770 0.474119
vt 0.883095 0.985534
vt 0.881184 0.979744
vt 0.995538 0.858772
vt 0.983831 0.858772
vt 0.721759 0.872688
vt 0.691100 0.756184
vt 0.545291 0.588184
vt 0.532072 0.593669
vt 0.645868 0.692499
vt 0.857533 0.892697
vt 0.869319 0.637447
vt 0.856976 0.633485
vt 0.383318 0.983909
vt 0.368745 0.980455
vt 0.590762 0.221509
vt 0.654628 0.236237
vt 0.585984 0.649635
vt 0.898226 0.688538
vt 0.482540 0.680107
vt 0.396776 0.763599
vt 0.995538 0.996605
vt 0.983831 0.996605
vt 0.697630 0.534148
vt 0.515490 0.585137
vt 0.526756 0.585137
vt 0.526756 0.551249
vt 0.515490 0.551249
vt 0.515490 0.596433
vt 0.481615 0.585137
vt 0.481615 0.596433
vt 0.481615 0.601499
vt 0.515490 0.601499
vt 0.494607 0.341075
vt 0.494607 0.317046
vt 0.484750 0.317046
vt 0.484750 0.341075
vt 0.465249 0.551249
vt 0.465249 0.585137
vt 0.470324 0.585137
vt 0.470324 0.551249
vt 0.365377 0.819273
vt 0.360196 0.816808
vt 0.356211 0.825229
vt 0.361392 0.827693
vt 0.341333 0.797639
vt 0.337347 0.805923
vt 0.344547 0.809346
vt 0.348506 0.800994
vt 0.340323 0.836593
vt 0.348878 0.840632
vt 0.352226 0.833581
vt 0.343671 0.829542
vt 0.333203 0.833170
vt 0.336550 0.826187
vt 0.363225 0.788397
vt 0.371780 0.792436
vt 0.375766 0.784084
vt 0.367237 0.779976
vt 0.340881 0.857474
vt 0.332326 0.853366
vt 0.328500 0.861444
vt 0.337055 0.865483
vt 0.412005 0.373046
vt 0.412005 0.403991
vt 0.442427 0.403991
vt 0.442427 0.373046
vt 0.350047 0.851517
vt 0.344866 0.849053
vt 0.346062 0.859870
vt 0.352518 0.792641
vt 0.345318 0.789218
vt 0.357380 0.836045
vt 0.368167 0.800035
vt 0.359612 0.795996
vt 0.355627 0.804417
vt 0.364155 0.808456
vt 0.336338 0.844945
vt 0.329217 0.841591
vt 0.325232 0.850011
vt 0.321406 0.858021
vt 0.318032 0.846588
vt 0.314206 0.854598
vt 0.352943 0.773199
vt 0.348931 0.781619
vt 0.356131 0.785042
vt 0.360117 0.776622
vt 0.518652 0.317046
vt 0.518652 0.307187
vt 0.494607 0.307187
vt 0.412005 0.460265
vt 0.412005 0.472999
vt 0.436024 0.472999
vt 0.442427 0.464920
vt 0.412005 0.572883
vt 0.442427 0.577538
vt 0.442427 0.572883
vt 0.329377 0.822764
vt 0.326029 0.829747
vt 0.442427 0.541939
vt 0.442427 0.537352
vt 0.412005 0.541939
vt 0.442427 0.424734
vt 0.436024 0.416656
vt 0.412005 0.416656
vt 0.412005 0.429321
vt 0.442427 0.408577
vt 0.442427 0.521195
vt 0.442427 0.516608
vt 0.412005 0.516608
vt 0.322017 0.838168
vt 0.412005 0.485664
vt 0.442427 0.485664
vt 0.442427 0.481009
vt 0.436024 0.529273
vt 0.412005 0.529273
vt 0.508901 0.336009
vt 0.504385 0.336009
vt 0.518652 0.341075
vt 0.442427 0.460265
vt 0.376961 0.794901
vt 0.373348 0.802500
vt 0.442427 0.429321
vt 0.412005 0.585616
vt 0.436024 0.585616
vt 0.369336 0.810920
vt 0.442427 0.368391
vt 0.481615 0.551249
vt 0.500745 0.333339
vt 0.499337 0.329095
vt 0.512541 0.333339
vt 0.504385 0.322112
vt 0.508901 0.322112
vt 0.531830 0.585137
vt 0.531830 0.551249
vt 0.513923 0.329095
vt 0.500745 0.324782
vt 0.528536 0.341075
vt 0.528536 0.317046
vt 0.351668 0.812769
vt 0.380947 0.786548
vt 0.354032 0.843097
vt 0.347656 0.821121
vt 0.340562 0.817766
vt 0.333362 0.814343
vt 0.515490 0.540022
vt 0.481615 0.540022
vt 0.515490 0.534956
vt 0.481615 0.534956
vt 0.436024 0.360313
vt 0.412005 0.360313
vt 0.512541 0.324782
vt 0.342236 0.867948
vt 0.494607 0.351002
vt 0.518652 0.351002
vt 0.523268 0.157064
vt 0.530216 0.155361
vt 0.525163 0.134006
vt 0.518215 0.135638
vt 0.528321 0.178420
vt 0.535269 0.176788
vt 0.567313 0.146635
vt 0.562260 0.125208
vt 0.551270 0.161747
vt 0.538385 0.221273
vt 0.545332 0.219641
vt 0.540322 0.198214
vt 0.533332 0.199846
vt 0.543438 0.242699
vt 0.550385 0.241068
vt 0.507225 0.172105
vt 0.481118 0.144364
vt 0.486171 0.165791
vt 0.497161 0.129252
vt 0.548490 0.264126
vt 0.555438 0.262494
vt 0.541206 0.118894
vt 0.976207 0.525534
vt 0.992772 0.525534
vt 0.992772 0.517742
vt 0.974403 0.517631
vt 0.976207 0.533326
vt 0.974403 0.541229
vt 0.992772 0.541229
vt 0.992772 0.533326
vt 0.968007 0.572731
vt 0.992936 0.572397
vt 0.992936 0.564605
vt 0.964727 0.564939
vt 0.818266 0.538001
vt 0.851888 0.511954
vt 0.844179 0.508281
vt 0.816626 0.529541
vt 0.971615 0.549132
vt 0.992772 0.549021
vt 0.971943 0.478226
vt 0.968171 0.486129
vt 0.993100 0.486463
vt 0.993264 0.478671
vt 0.971615 0.509728
vt 0.992772 0.509950
vt 0.992936 0.502158
vt 0.968007 0.501824
vt 0.976863 0.596218
vt 0.977027 0.604121
vt 0.993592 0.603676
vt 0.993428 0.595884
vt 0.993264 0.588092
vt 0.974731 0.588426
vt 0.992936 0.494255
vt 0.964891 0.493921
vt 0.968007 0.557036
vt 0.992772 0.556813
vt 0.971779 0.580634
vt 0.993100 0.580300
vt 0.672461 0.689832
vt 0.664916 0.669239
vt 0.661636 0.671132
vt 0.668689 0.690500
vt 0.679513 0.677588
vt 0.678201 0.674026
vt 0.675741 0.671132
vt 0.679513 0.681484
vt 0.835815 0.507390
vt 0.817938 0.521193
vt 0.659176 0.674026
vt 0.664916 0.689832
vt 0.822366 0.545459
vt 0.858120 0.517742
vt 0.993428 0.470879
vt 0.974895 0.470434
vt 0.863861 0.533771
vt 0.862220 0.525200
vt 0.828598 0.551247
vt 0.836307 0.555032
vt 0.672461 0.669239
vt 0.678201 0.685046
vt 0.858776 0.549132
vt 0.862713 0.542008
vt 0.844671 0.555923
vt 0.852544 0.553919
vt 0.657864 0.681484
vt 0.659176 0.685046
vt 0.661636 0.687940
vt 0.657864 0.677588
vt 0.675741 0.687940
vt 0.668689 0.668571
vt 0.827942 0.509282
vt 0.821710 0.514069
vt 0.993592 0.463088
vt 0.977027 0.462642
vt 0.986727 0.698971
vt 0.967334 0.698971
vt 0.967334 0.707027
vt 0.986727 0.707027
vt 0.994820 0.675017
vt 0.994820 0.666962
vt 0.986727 0.666962
vt 0.986727 0.675017
vt 0.986727 0.739390
vt 0.994820 0.739390
vt 0.994820 0.731264
vt 0.986727 0.731264
vt 0.967334 0.658836
vt 0.967334 0.666962
vt 0.986727 0.658836
vt 0.986727 0.618417
vt 0.986727 0.626543
vt 0.994820 0.626543
vt 0.994820 0.618417
vt 0.986727 0.642654
vt 0.986727 0.634599
vt 0.967334 0.634599
vt 0.967334 0.642654
vt 0.967334 0.731264
vt 0.967334 0.739390
vt 0.986727 0.715153
vt 0.986727 0.723208
vt 0.994820 0.723208
vt 0.994820 0.715153
vt 0.994820 0.634599
vt 0.994820 0.707027
vt 0.986727 0.682790
vt 0.986727 0.690916
vt 0.994820 0.690916
vt 0.994820 0.682790
vt 0.994820 0.698971
vt 0.967334 0.675017
vt 0.967334 0.626543
vt 0.967334 0.715153
vt 0.967334 0.723208
vt 0.994820 0.747445
vt 0.986727 0.747445
vt 0.986727 0.755006
vt 0.994820 0.755006
vt 0.986727 0.610362
vt 0.967334 0.610362
vt 0.967334 0.618417
vt 0.967334 0.755006
vt 0.967334 0.747445
vt 0.994820 0.658836
vt 0.994820 0.642654
vt 0.986727 0.650780
vt 0.967334 0.650780
vt 0.994820 0.650780
vt 0.967334 0.690916
vt 0.872459 0.721866
vt 0.918222 0.713810
vt 0.915431 0.706250
vt 0.872459 0.713810
vt 0.967334 0.682790
vt 0.880412 0.700031
vt 0.903293 0.696004
vt 0.895340 0.694590
vt 0.887388 0.696004
vt 0.875249 0.706250
vt 0.910269 0.700031
vt 0.710753 0.739036
vt 0.735309 0.734726
vt 0.735309 0.730062
vt 0.709218 0.734726
vt 0.733774 0.725752
vt 0.709218 0.730062
vt 0.730844 0.722219
vt 0.710753 0.725752
vt 0.713822 0.742570
vt 0.717729 0.744831
vt 0.730844 0.742570
vt 0.733774 0.739036
vt 0.910269 0.735574
vt 0.887388 0.739602
vt 0.895340 0.741015
vt 0.903293 0.739602
vt 0.713822 0.722219
vt 0.726798 0.719887
vt 0.915431 0.729427
vt 0.880412 0.735574
vt 0.918222 0.721866
vt 0.875249 0.729427
vt 0.717729 0.719887
vt 0.722333 0.719110
vt 0.726798 0.744831
vt 0.722333 0.745679
vt 0.994820 0.610362
vt 0.752765 0.543635
vt 0.752765 0.516040
vt 0.749746 0.525069
vt 0.749746 0.534606
vt 0.809833 0.534606
vt 0.809833 0.525069
vt 0.806914 0.516040
vt 0.806914 0.543635
vt 0.758301 0.551337
vt 0.758301 0.508337
vt 0.766051 0.502750
vt 0.766051 0.556924
vt 0.907864 0.482774
vt 0.907864 0.494144
vt 0.917828 0.494144
vt 0.917828 0.482774
vt 0.793628 0.502750
vt 0.784570 0.499816
vt 0.784570 0.559887
vt 0.793628 0.556924
vt 0.801278 0.551337
vt 0.801278 0.508337
vt 0.783765 0.482774
vt 0.783765 0.494144
vt 0.794132 0.494144
vt 0.794132 0.482774
vt 0.804901 0.494144
vt 0.804901 0.482774
vt 0.815368 0.482774
vt 0.815368 0.494144
vt 0.159747 0.670068
vt 0.135793 0.670068
vt 0.135793 0.677122
vt 0.159747 0.677122
vt 0.159747 0.636463
vt 0.135793 0.636463
vt 0.135793 0.643179
vt 0.159747 0.643179
vt 0.867403 0.482774
vt 0.867403 0.494144
vt 0.878676 0.494144
vt 0.878676 0.482774
vt 0.846167 0.482774
vt 0.836202 0.482774
vt 0.836202 0.494144
vt 0.846167 0.494144
vt 0.135793 0.629748
vt 0.159747 0.629748
vt 0.159747 0.623005
vt 0.135793 0.623005
vt 0.825836 0.482774
vt 0.825836 0.494144
vt 0.135793 0.649894
vt 0.159747 0.649894
vt 0.135793 0.656638
vt 0.159747 0.656638
vt 0.901523 0.544876
vt 0.897296 0.532772
vt 0.893371 0.534521
vt 0.895283 0.546908
vt 0.882601 0.507801
vt 0.877367 0.511638
vt 0.886828 0.519905
vt 0.906757 0.541067
vt 0.910581 0.535791
vt 0.899812 0.529301
vt 0.873543 0.516886
vt 0.871530 0.523094
vt 0.884312 0.523376
vt 0.890754 0.518184
vt 0.888741 0.505798
vt 0.873543 0.535791
vt 0.877367 0.541067
vt 0.885621 0.531558
vt 0.889043 0.534069
vt 0.882601 0.544876
vt 0.888741 0.546908
vt 0.836202 0.475071
vt 0.825836 0.475071
vt 0.917828 0.475071
vt 0.907864 0.475071
vt 0.938964 0.475071
vt 0.938964 0.482774
vt 0.948928 0.482774
vt 0.948928 0.475071
vt 0.912594 0.529611
vt 0.883910 0.527636
vt 0.871530 0.529611
vt 0.910581 0.516886
vt 0.906757 0.511638
vt 0.898504 0.521147
vt 0.901523 0.507801
vt 0.895283 0.505798
vt 0.894981 0.518636
vt 0.762830 0.482774
vt 0.762830 0.494144
vt 0.773297 0.494144
vt 0.773297 0.482774
vt 0.159747 0.663353
vt 0.135793 0.663353
vt 0.888539 0.494144
vt 0.888539 0.482774
vt 0.159747 0.692387
vt 0.135793 0.692387
vt 0.135793 0.699469
vt 0.159747 0.699469
vt 0.135793 0.684204
vt 0.159747 0.684204
vt 0.960201 0.494144
vt 0.960201 0.482774
vt 0.948928 0.494144
vt 0.927691 0.482774
vt 0.927691 0.494144
vt 0.938964 0.494144
vt 0.898504 0.494144
vt 0.898504 0.482774
vt 0.762830 0.475071
vt 0.752967 0.475071
vt 0.752967 0.482774
vt 0.815368 0.475071
vt 0.804901 0.475071
vt 0.900215 0.525040
vt 0.912594 0.523094
vt 0.846167 0.475071
vt 0.927691 0.475071
vt 0.773297 0.475071
vt 0.857439 0.482774
vt 0.857439 0.475071
vt 0.898504 0.475071
vt 0.888539 0.475071
vt 0.794132 0.475071
vt 0.783765 0.475071
vt 0.135793 0.706184
vt 0.159747 0.706184
vt 0.857439 0.494144
vt 0.775109 0.499816
vt 0.775109 0.559887
vt 0.878676 0.475071
vt 0.867403 0.475071
vt 0.752967 0.494144
vt 0.960201 0.475071
vt 0.926942 0.937165
vt 0.926942 0.950514
vt 0.969143 0.950514
vt 0.969143 0.937165
vt 0.897835 0.860985
vt 0.897835 0.867314
vt 0.917614 0.867314
vt 0.917614 0.860985
vt 0.911602 0.974334
vt 0.904746 0.961676
vt 0.901656 0.963402
vt 0.904409 0.977326
vt 0.978246 0.980778
vt 0.978246 0.965704
vt 0.969143 0.965704
vt 0.969143 0.980778
vt 0.969143 0.805174
vt 0.978246 0.805174
vt 0.978246 0.791365
vt 0.969143 0.791365
vt 0.969143 0.891825
vt 0.969143 0.906900
vt 0.978246 0.906900
vt 0.978246 0.891825
vt 0.926942 0.805174
vt 0.926942 0.818868
vt 0.969143 0.818868
vt 0.897778 0.873413
vt 0.886315 0.873413
vt 0.886315 0.931066
vt 0.897778 0.931066
vt 0.897835 0.830260
vt 0.897835 0.836014
vt 0.917614 0.836014
vt 0.917614 0.830260
vt 0.978246 0.878132
vt 0.969143 0.878132
vt 0.926942 0.980778
vt 0.926942 0.995853
vt 0.969143 0.995853
vt 0.978246 0.818868
vt 0.978246 0.937165
vt 0.978246 0.922090
vt 0.969143 0.922090
vt 0.978246 0.760295
vt 0.969143 0.760295
vt 0.969143 0.773989
vt 0.978246 0.773989
vt 0.969143 0.833252
vt 0.969143 0.846946
vt 0.978246 0.846946
vt 0.978246 0.833252
vt 0.897835 0.818868
vt 0.897835 0.824622
vt 0.917614 0.824622
vt 0.917614 0.818868
vt 0.897835 0.813114
vt 0.917614 0.813114
vt 0.897835 0.841653
vt 0.917614 0.841653
vt 0.917614 0.854196
vt 0.897835 0.854196
vt 0.926942 0.773989
vt 0.926942 0.791365
vt 0.926942 0.906900
vt 0.926942 0.922090
vt 0.978246 0.950514
vt 0.978246 0.860755
vt 0.969143 0.860755
vt 0.889462 0.974334
vt 0.898172 0.962942
vt 0.895587 0.960525
vt 0.883955 0.968811
vt 0.978246 0.995853
vt 0.916434 0.918523
vt 0.920817 0.907936
vt 0.920817 0.896428
vt 0.916434 0.885842
vt 0.908342 0.877786
vt 0.908342 0.926693
vt 0.917614 0.847982
vt 0.897835 0.847982
vt 0.875695 0.926693
vt 0.875695 0.877786
vt 0.867603 0.885842
vt 0.867603 0.918523
vt 0.863220 0.896428
vt 0.863220 0.907936
vt 0.926942 0.878132
vt 0.926942 0.860755
vt 0.926942 0.833252
vt 0.926942 0.760295
vt 0.926942 0.891825
vt 0.926942 0.846946
vt 0.917614 0.807475
vt 0.897835 0.807475
vt 0.926942 0.965704
vt 0.917109 0.968811
vt 0.904409 0.938201
vt 0.896654 0.938201
vt 0.899408 0.952240
vt 0.902948 0.952585
vt 0.917109 0.946716
vt 0.905533 0.955002
vt 0.906207 0.958454
vt 0.920087 0.953851
vt 0.896654 0.977326
vt 0.911602 0.941193
vt 0.880977 0.961676
vt 0.920087 0.961676
vt 0.896374 0.953966
vt 0.889462 0.941193
vt 0.883955 0.946716
vt 0.880977 0.953851
vt 0.894913 0.957073
vt 0.922811 0.536761
vt 0.949088 0.536761
vt 0.949088 0.523937
vt 0.922811 0.523937
vt 0.960349 0.682578
vt 0.960349 0.669754
vt 0.949088 0.669754
vt 0.949088 0.682578
vt 0.960349 0.523937
vt 0.960349 0.512419
vt 0.949088 0.512419
vt 0.960349 0.536761
vt 0.922811 0.548279
vt 0.949088 0.548279
vt 0.922811 0.585327
vt 0.949088 0.585327
vt 0.949088 0.572503
vt 0.922811 0.572503
vt 0.960349 0.658235
vt 0.949088 0.658235
vt 0.949088 0.634012
vt 0.960349 0.634012
vt 0.960349 0.621188
vt 0.949088 0.621188
vt 0.960349 0.585327
vt 0.960349 0.572503
vt 0.960349 0.609670
vt 0.949088 0.609670
vt 0.960349 0.694096
vt 0.949088 0.694096
vt 0.949088 0.706920
vt 0.960349 0.706920
vt 0.960349 0.731144
vt 0.949088 0.731144
vt 0.949088 0.742662
vt 0.960349 0.742662
vt 0.949088 0.755486
vt 0.960349 0.755486
vt 0.922811 0.731144
vt 0.949088 0.718438
vt 0.922811 0.718438
vt 0.922811 0.669754
vt 0.922811 0.658235
vt 0.922811 0.634012
vt 0.922811 0.621188
vt 0.922811 0.645411
vt 0.949088 0.645411
vt 0.922811 0.596845
vt 0.949088 0.596845
vt 0.922811 0.742662
vt 0.922811 0.755486
vt 0.960349 0.645411
vt 0.786066 0.672722
vt 0.779899 0.672722
vt 0.779899 0.710482
vt 0.786066 0.710482
vt 0.949088 0.560985
vt 0.922811 0.560985
vt 0.922811 0.609670
vt 0.922811 0.706920
vt 0.922811 0.694096
vt 0.960349 0.596845
vt 0.960349 0.548279
vt 0.475842 0.648380
vt 0.472624 0.638762
vt 0.466725 0.630450
vt 0.475842 0.658592
vt 0.458413 0.624512
vt 0.472624 0.668329
vt 0.466725 0.676522
vt 0.448761 0.621306
vt 0.438572 0.621306
vt 0.458413 0.682578
vt 0.960349 0.718438
vt 0.774268 0.674622
vt 0.774268 0.708701
vt 0.428919 0.682578
vt 0.414709 0.638762
vt 0.411491 0.648380
vt 0.420607 0.676522
vt 0.800008 0.682934
vt 0.796523 0.678066
vt 0.796523 0.705139
vt 0.800008 0.700271
vt 0.922811 0.682578
vt 0.448761 0.685665
vt 0.428919 0.624512
vt 0.420607 0.630450
vt 0.438572 0.685665
vt 0.960349 0.560985
vt 0.801885 0.694571
vt 0.801885 0.688634
vt 0.765956 0.682934
vt 0.764079 0.688634
vt 0.764079 0.694571
vt 0.765956 0.700271
vt 0.791696 0.674622
vt 0.791696 0.708701
vt 0.769442 0.678066
vt 0.769442 0.705139
vt 0.414709 0.668329
vt 0.411491 0.658592
vt 0.922811 0.512419
s 1
f 9/1/1 10/2/2 11/3/3
f 11/3/3 22/4/4 9/1/1
f 29/5/5 24/6/6 28/7/7
f 28/7/7 30/8/8 29/5/5
f 57/9/9 69/10/10 58/11/11
f 58/11/11 54/12/12 57/9/9
f 8/13/13 10/2/2 9/1/1
f 9/1/1 7/14/14 8/13/13
f 50/15/15 10/2/2 8/13/13
f 8/13/13 52/16/16 50/15/15
f 42/17/17 12/18/18 50/15/15
f 50/15/15 44/19/19 42/17/17
f 51/20/20 50/15/15 52/16/16
f 52/16/16 54/12/12 51/20/20
f 14/21/21 15/22/22 13/23/23
f 13/23/23 12/18/18 14/21/21
f 16/24/24 18/25/25 17/26/26
f 31/27/27 26/28/28 19/29/29
f 19/29/29 71/30/30 31/27/27
f 65/31/31 66/32/32 62/33/33
f 62/33/33 60/34/34 65/31/31
f 43/35/35 41/36/36 42/17/17
f 42/17/17 44/19/19 43/35/35
f 5/37/37 6/38/38 8/13/13
f 8/13/13 7/14/14 5/37/37
f 66/32/32 64/39/39 63/40/40
f 63/40/40 62/33/33 66/32/32
f 23/41/41 24/6/6 20/42/42
f 3/43/43 1/44/44 2/45/45
f 2/45/45 4/46/46 3/43/43
f 46/47/47 44/19/19 50/15/15
f 50/15/15 51/20/20 46/47/47
f 56/48/48 4/46/46 65/31/31
f 65/31/31 60/34/34 56/48/48
f 21/49/49 25/50/50 22/4/4
f 22/4/4 11/3/3 21/49/49
f 61/51/51 70/52/52 69/10/10
f 69/10/10 57/9/9 61/51/51
f 31/27/27 32/53/53 33/54/54
f 33/54/54 26/28/28 31/27/27
f 26/28/28 33/54/54 27/55/55
f 27/55/55 23/41/41 26/28/28
f 46/47/47 48/56/56 49/57/57
f 49/57/57 47/58/58 46/47/47
f 65/31/31 4/46/46 2/45/45
f 2/45/45 66/32/32 65/31/31
f 38/59/59 16/24/24 14/21/21
f 14/21/21 40/60/60 38/59/59
f 75/61/61 73/62/62 82/63/63
f 82/63/63 77/64/64 75/61/61
f 6/38/38 4/46/46 56/48/48
f 56/48/48 53/65/65 6/38/38
f 43/35/35 44/19/19 45/66/66
f 77/64/64 78/67/67 76/68/68
f 76/68/68 75/61/61 77/64/64
f 55/69/69 48/56/56 46/47/47
f 46/47/47 51/20/20 55/69/69
f 20/42/42 13/23/23 15/22/22
f 15/22/22 19/29/29 20/42/42
f 43/35/35 68/70/70 39/71/71
f 39/71/71 41/36/36 43/35/35
f 52/16/16 8/13/13 6/38/38
f 6/38/38 53/65/65 52/16/16
f 16/24/24 17/26/26 15/22/22
f 15/22/22 14/21/21 16/24/24
f 47/58/58 68/70/70 43/35/35
f 43/35/35 45/66/66 47/58/58
f 56/48/48 60/34/34 62/33/33
f 62/33/33 61/51/51 56/48/48
f 54/12/12 58/11/11 55/69/69
f 55/69/69 51/20/20 54/12/12
f 67/72/72 64/39/39 66/32/32
f 66/32/32 2/45/45 67/72/72
f 11/3/3 12/18/18 13/23/23
f 13/23/23 21/49/49 11/3/3
f 24/6/6 23/41/41 27/55/55
f 27/55/55 28/7/7 24/6/6
f 32/53/53 34/73/73 35/74/74
f 35/74/74 33/54/54 32/53/53
f 72/75/75 73/62/62 75/61/61
f 75/61/61 74/76/76 72/75/75
f 58/11/11 59/77/77 55/69/69
f 27/55/55 36/78/78 35/74/74
f 35/74/74 28/7/7 27/55/55
f 39/71/71 37/79/79 38/59/59
f 38/59/59 40/60/60 39/71/71
f 56/48/48 61/51/51 57/9/9
f 57/9/9 53/65/65 56/48/48
f 35/74/74 34/73/73 30/8/8
f 30/8/8 28/7/7 35/74/74
f 53/65/65 57/9/9 54/12/12
f 54/12/12 52/16/16 53/65/65
f 40/60/60 14/21/21 12/18/18
f 12/18/18 42/17/17 40/60/60
f 44/19/19 46/47/47 47/58/58
f 47/58/58 45/66/66 44/19/19
f 19/29/29 15/22/22 17/26/26
f 17/26/26 71/30/30 19/29/29
f 23/41/41 20/42/42 19/29/29
f 19/29/29 26/28/28 23/41/41
f 41/36/36 39/71/71 40/60/60
f 40/60/60 42/17/17 41/36/36
f 50/15/15 12/18/18 11/3/3
f 11/3/3 10/2/2 50/15/15
f 79/80/80 81/81/81 80/82/82
f 83/83/83 79/80/80 77/64/64
f 77/64/64 82/63/63 83/83/83
f 78/67/67 77/64/64 79/80/80
f 79/80/80 80/82/82 78/67/67
f 20/42/42 24/6/6 21/49/49
f 21/49/49 13/23/23 20/42/42
f 5/37/37 3/43/43 4/46/46
f 4/46/46 6/38/38 5/37/37
f 25/50/50 21/49/49 24/6/6
f 24/6/6 85/84/84 25/50/50
f 36/78/78 27/55/55 33/54/54
f 33/54/54 35/74/74 36/78/78
f 83/83/83 84/85/85 81/81/81
f 81/81/81 79/80/80 83/83/83
f 61/51/51 62/33/33 63/40/40
f 63/40/40 70/52/52 61/51/51
f 86/86/86 74/76/76 75/61/61
f 75/61/61 76/68/68 86/86/86
f 136/87/87 138/88/88 139/89/89
f 139/89/89 137/90/90 136/87/87
f 113/91/91 114/92/92 108/93/93
f 108/93/93 109/94/94 113/91/91
f 158/95/95 157/96/96 159/97/97
f 159/97/97 160/98/98 158/95/95
f 142/99/99 143/100/100 148/101/101
f 148/101/101 149/102/102 142/99/99
f 142/99/99 135/103/103 137/90/90
f 137/90/90 143/100/100 142/99/99
f 110/104/104 112/105/105 113/91/91
f 113/91/91 109/94/94 110/104/104
f 145/106/106 144/107/107 139/89/89
f 139/89/89 141/108/108 145/106/106
f 89/109/109 87/110/110 88/111/111
f 88/111/111 90/112/112 89/109/109
f 167/113/113 157/96/96 156/114/114
f 156/114/114 155/115/115 167/113/113
f 98/116/116 96/117/117 97/118/118
f 97/118/118 99/119/119 98/116/116
f 155/115/115 154/120/120 153/121/121
f 153/121/121 166/122/122 155/115/115
f 109/94/94 102/123/123 104/124/124
f 104/124/124 110/104/104 109/94/94
f 135/103/103 134/125/125 136/87/87
f 136/87/87 137/90/90 135/103/103
f 136/87/87 134/125/125 132/126/126
f 132/126/126 163/127/127 136/87/87
f 123/128/128 126/129/129 124/130/130
f 124/130/130 115/131/131 123/128/128
f 91/132/132 94/133/133 93/134/134
f 93/134/134 92/135/135 91/132/132
f 122/136/136 121/137/137 120/138/138
f 120/138/138 125/139/139 122/136/136
f 166/122/122 168/140/140 167/113/113
f 167/113/113 155/115/115 166/122/122
f 117/141/141 112/105/105 118/142/142
f 118/142/142 119/143/143 117/141/141
f 123/128/128 114/92/92 122/136/136
f 122/136/136 125/139/139 123/128/128
f 121/137/137 122/136/136 116/144/144
f 144/107/107 143/100/100 137/90/90
f 137/90/90 139/89/89 144/107/107
f 150/145/145 151/146/146 152/147/147
f 152/147/147 161/148/148 150/145/145
f 121/137/137 116/144/144 117/141/141
f 117/141/141 120/138/138 121/137/137
f 110/104/104 104/124/124 106/149/149
f 106/149/149 111/150/150 110/104/104
f 165/151/151 150/145/145 161/148/148
f 161/148/148 162/152/152 165/151/151
f 175/153/153 169/154/154 174/155/155
f 174/155/155 180/156/156 175/153/153
f 103/157/157 105/158/158 104/124/124
f 104/124/124 102/123/123 103/157/157
f 133/159/159 134/125/125 135/103/103
f 171/160/160 103/157/157 159/97/97
f 159/97/97 170/161/161 171/160/160
f 91/132/132 92/135/135 89/109/109
f 89/109/109 90/112/112 91/132/132
f 108/93/93 100/162/162 102/123/123
f 102/123/123 109/94/94 108/93/93
f 140/163/163 141/108/108 139/89/89
f 139/89/89 138/88/88 140/163/163
f 108/93/93 115/131/131 98/116/116
f 98/116/116 100/162/162 108/93/93
f 145/106/106 141/108/108 101/164/164
f 101/164/164 99/119/119 145/106/106
f 133/159/159 131/165/165 132/126/126
f 132/126/126 134/125/125 133/159/159
f 115/131/131 108/93/93 114/92/92
f 114/92/92 123/128/128 115/131/131
f 99/119/119 101/164/164 100/162/162
f 100/162/162 98/116/116 99/119/119
f 131/165/165 129/166/166 130/167/167
f 130/167/167 132/126/126 131/165/165
f 180/156/156 181/168/168 176/169/169
f 176/169/169 175/153/153 180/156/156
f 147/170/170 144/107/107 145/106/106
f 145/106/106 146/171/171 147/170/170
f 145/106/106 99/119/119 97/118/118
f 97/118/118 146/171/171 145/106/106
f 105/158/158 172/172/172 173/173/173
f 173/173/173 107/174/174 105/158/158
f 127/175/175 128/176/176 125/139/139
f 125/139/139 120/138/138 127/175/175
f 169/154/154 175/153/153 170/161/161
f 170/161/161 159/97/97 169/154/154
f 104/124/124 105/158/158 107/174/174
f 107/174/174 106/149/149 104/124/124
f 161/148/148 152/147/147 160/98/98
f 160/98/98 140/163/163 161/148/148
f 177/177/177 176/169/169 178/178/178
f 178/178/178 179/179/179 177/177/177
f 156/114/114 157/96/96 158/95/95
f 171/160/160 170/161/161 177/177/177
f 177/177/177 179/179/179 171/160/160
f 103/157/157 102/123/123 100/162/162
f 100/162/162 101/164/164 103/157/157
f 136/87/87 163/127/127 162/152/152
f 162/152/152 138/88/88 136/87/87
f 105/158/158 103/157/157 171/160/160
f 171/160/160 172/172/172 105/158/158
f 178/178/178 172/172/172 171/160/160
f 171/160/160 179/179/179 178/178/178
f 155/115/115 156/114/114 158/95/95
f 158/95/95 154/120/120 155/115/115
f 131/165/165 133/159/159 135/103/103
f 135/103/103 142/99/99 131/165/165
f 165/151/151 162/152/152 163/127/127
f 163/127/127 164/180/180 165/151/151
f 126/129/129 123/128/128 125/139/139
f 125/139/139 128/176/176 126/129/129
f 175/153/153 176/169/169 177/177/177
f 177/177/177 170/161/161 175/153/153
f 96/117/117 98/116/116 115/131/131
f 115/131/131 124/130/130 96/117/117
f 169/154/154 159/97/97 157/96/96
f 157/96/96 167/113/113 169/154/154
f 122/136/136 114/92/92 113/91/91
f 113/91/91 116/144/144 122/136/136
f 140/163/163 138/88/88 162/152/152
f 162/152/152 161/148/148 140/163/163
f 178/178/178 182/181/181 173/173/173
f 173/173/173 172/172/172 178/178/178
f 176/169/169 181/168/168 182/181/181
f 182/181/181 178/178/178 176/169/169
f 112/105/105 117/141/141 116/144/144
f 116/144/144 113/91/91 112/105/105
f 160/98/98 152/147/147 154/120/120
f 154/120/120 158/95/95 160/98/98
f 159/97/97 103/157/157 101/164/164
f 101/164/164 160/98/98 159/97/97
f 174/155/155 169/154/154 167/113/113
f 167/113/113 168/140/140 174/155/155
f 144/107/107 147/170/170 148/101/101
f 148/101/101 143/100/100 144/107/107
f 154/120/120 152/147/147 151/146/146
f 151/146/146 153/121/121 154/120/120
f 164/180/180 163/127/127 132/126/126
f 132/126/126 130/167/167 164/180/180
f 141/108/108 140/163/163 160/98/98
f 160/98/98 101/164/164 141/108/108
f 149/102/102 129/166/166 131/165/165
f 131/165/165 142/99/99 149/102/102
f 119/143/143 127/175/175 120/138/138
f 120/138/138 117/141/141 119/143/143
f 112/105/105 110/104/104 111/150/150
f 111/150/150 118/142/142 112/105/105
f 93/134/134 94/133/133 183/182/182
f 183/182/182 95/183/183 93/134/134
f 188/184/184 191/185/185 190/186/186
f 190/186/186 189/187/187 188/184/184
f 186/188/188 184/189/189 185/190/190
f 185/190/190 187/191/191 186/188/188
f 188/184/184 189/187/187 186/188/188
f 186/188/188 187/191/191 188/184/184
f 191/185/185 193/192/192 192/193/193
f 192/193/193 190/186/186 191/185/185
f 623/194/194 621/195/195 622/196/196
f 622/196/196 624/197/197 623/194/194
f 208/198/198 209/199/199 206/200/200
f 206/200/200 207/201/201 208/198/198
f 219/202/202 218/203/203 220/204/204
f 220/204/204 221/205/205 219/202/202
f 799/206/206 798/207/207 800/208/208
f 800/208/208 801/209/209 799/206/206
f 455/210/210 454/211/211 453/212/212
f 453/212/212 456/213/213 455/210/210
f 548/214/214 549/215/215 547/216/216
f 547/216/216 546/217/217 548/214/214
f 799/206/206 797/218/218 796/219/219
f 796/219/219 798/207/207 799/206/206
f 1282/220/220 599/221/221 601/222/222
f 601/222/222 1284/223/223 1282/220/220
f 196/224/224 194/225/224 195/226/225
f 195/226/225 197/227/226 196/224/224
f 401/228/227 403/229/228 402/230/229
f 402/230/229 400/231/230 401/228/227
f 807/232/231 806/233/232 808/234/233
f 808/234/233 809/235/234 807/232/231
f 981/236/235 980/237/236 979/238/237
f 979/238/237 1207/239/238 981/236/235
f 1243/240/239 1242/241/240 1240/242/241
f 1240/242/241 1241/243/242 1243/240/239
f 198/244/243 199/245/244 201/246/245
f 201/246/245 200/247/246 198/244/243
f 777/248/247 766/249/248 776/250/249
f 776/250/249 840/251/250 777/248/247
f 223/252/251 222/253/252 224/254/253
f 224/254/253 225/255/254 223/252/251
f 1293/256/255 1291/257/256 1292/258/257
f 1292/258/257 1294/259/258 1293/256/255
f 978/260/259 977/261/260 979/238/237
f 979/238/237 980/237/236 978/260/259
f 355/262/261 359/263/262 353/264/263
f 353/264/263 354/265/264 355/262/261
f 996/266/265 995/267/266 997/268/267
f 997/268/267 998/269/268 996/266/265
f 1140/270/269 1141/271/270 1132/272/271
f 1132/272/271 1131/273/272 1140/270/269
f 710/274/273 850/275/274 675/276/275
f 675/276/275 851/277/276 710/274/273
f 217/278/277 216/279/278 218/203/203
f 218/203/203 219/202/202 217/278/277
f 908/280/279 641/281/280 642/282/281
f 642/282/281 643/283/282 908/280/279
f 364/284/283 367/285/284 366/286/285
f 366/286/285 365/287/286 364/284/283
f 560/288/287 558/289/288 556/290/288
f 556/290/288 559/291/289 560/288/287
f 360/292/290 361/293/291 363/294/292
f 363/294/292 362/295/293 360/292/290
f 385/296/294 384/297/295 383/298/296
f 383/298/296 381/299/297 385/296/294
f 1128/300/298 1126/301/299 1136/302/300
f 1136/302/300 1137/303/301 1128/300/298
f 501/304/302 503/305/303 525/306/304
f 525/306/304 524/307/305 501/304/302
f 564/308/306 563/309/307 565/310/308
f 565/310/308 566/311/309 564/308/306
f 1351/312/310 1345/313/311 1350/314/312
f 1350/314/312 1352/315/313 1351/312/310
f 890/316/314 894/317/315 888/318/316
f 888/318/316 889/319/317 890/316/314
f 1212/320/318 1214/321/319 1215/322/320
f 1215/322/320 1213/323/321 1212/320/318
f 908/280/279 643/283/282 917/324/322
f 917/324/322 910/325/323 908/280/279
f 320/326/324 340/327/325 339/328/326
f 339/328/326 318/329/327 320/326/324
f 804/330/328 843/331/329 844/332/330
f 844/332/330 806/233/232 804/330/328
f 275/333/331 277/334/332 276/335/333
f 1064/336/334 1066/337/335 1067/338/336
f 1067/338/336 1065/339/337 1064/336/334
f 278/340/338 279/341/339 280/342/340
f 424/343/341 428/344/342 429/345/343
f 429/345/343 422/346/344 424/343/341
f 281/347/345 283/348/346 282/349/347
f 884/350/348 883/351/349 882/352/350
f 882/352/350 893/353/351 884/350/348
f 887/354/352 891/355/353 889/319/317
f 889/319/317 888/318/316 887/354/352
f 286/356/354 287/357/355 288/358/356
f 814/359/357 892/360/358 893/353/351
f 893/353/351 816/361/359 814/359/357
f 1129/362/360 1116/363/361 1114/364/362
f 1114/364/362 1112/365/363 1129/362/360
f 753/366/364 760/367/365 752/368/366
f 752/368/366 740/369/367 753/366/364
f 688/370/368 687/371/369 294/372/370
f 294/372/370 296/373/371 688/370/368
f 1085/374/372 516/375/373 1086/376/374
f 1086/376/374 1084/377/375 1085/374/372
f 297/378/376 299/379/377 298/380/378
f 1317/381/379 1319/382/380 1318/383/381
f 1318/383/381 1316/384/382 1317/381/379
f 763/385/383 749/386/384 748/387/385
f 748/387/385 747/388/386 763/385/383
f 295/389/387 293/390/388 301/391/389
f 728/392/390 742/393/391 744/394/392
f 744/394/392 859/395/393 728/392/390
f 986/396/394 972/397/395 974/398/396
f 974/398/396 987/399/397 986/396/394
f 970/400/398 969/401/399 971/402/400
f 971/402/400 972/397/395 970/400/398
f 287/357/355 285/403/401 305/404/402
f 1329/405/403 1303/406/404 1330/407/405
f 1330/407/405 1331/408/406 1329/405/403
f 745/409/407 746/410/408 744/394/392
f 744/394/392 743/411/409 745/409/407
f 318/329/327 317/412/410 319/413/411
f 319/413/411 320/326/324 318/329/327
f 1003/414/412 1004/415/413 1002/416/414
f 1002/416/414 1001/417/415 1003/414/412
f 832/418/416 795/419/417 797/218/218
f 797/218/218 831/420/418 832/418/416
f 311/421/419 313/422/420 312/423/421
f 528/424/422 529/425/423 411/426/424
f 411/426/424 409/427/425 528/424/422
f 314/428/426 315/429/427 316/430/428
f 1013/431/429 1033/432/430 1015/433/431
f 1015/433/431 1014/434/432 1013/431/429
f 494/435/433 496/436/434 497/437/435
f 497/437/435 495/438/436 494/435/433
f 843/331/329 804/330/328 802/439/437
f 802/439/437 845/440/438 843/331/329
f 1116/363/361 1129/362/360 1130/441/439
f 1130/441/439 1118/442/440 1116/363/361
f 308/443/441 322/444/442 307/445/443
f 439/446/444 431/447/445 430/448/446
f 430/448/446 440/449/447 439/446/444
f 1054/450/448 1097/451/449 1098/452/450
f 1098/452/450 1053/453/451 1054/450/448
f 912/454/452 913/455/453 911/456/454
f 911/456/454 910/325/323 912/454/452
f 310/457/455 309/458/456 311/421/419
f 311/421/419 312/423/421 310/457/455
f 551/459/457 550/460/458 513/461/459
f 513/461/459 515/462/460 551/459/457
f 1244/463/461 1242/241/240 1243/240/239
f 1243/240/239 1180/464/462 1244/463/461
f 1300/465/463 1302/466/464 1301/467/465
f 1301/467/465 1299/468/466 1300/465/463
f 864/469/467 872/470/468 865/471/469
f 865/471/469 688/370/368 864/469/467
f 910/325/323 917/324/322 918/472/470
f 918/472/470 912/454/452 910/325/323
f 649/473/471 651/474/472 931/475/473
f 931/475/473 930/476/474 649/473/471
f 1168/477/475 1169/478/476 1167/479/477
f 1167/479/477 1166/480/478 1168/477/475
f 941/481/479 940/482/480 945/483/481
f 945/483/481 944/484/482 941/481/479
f 508/485/483 1111/486/484 1110/487/485
f 1110/487/485 1109/488/486 508/485/483
f 337/489/487 316/430/428 338/490/488
f 338/490/488 318/329/327 339/328/326
f 1341/491/489 1333/492/490 1335/493/491
f 1335/493/491 1342/494/492 1341/491/489
f 1283/495/493 532/496/494 531/497/495
f 531/497/495 530/498/496 1283/495/493
f 870/499/497 685/500/498 686/501/499
f 686/501/499 868/502/500 870/499/497
f 303/503/501 326/504/502 327/505/503
f 327/505/503 302/506/504 303/503/501
f 1069/507/505 1006/508/506 1008/509/507
f 1008/509/507 1083/510/508 1069/507/505
f 1198/511/509 1199/512/510 967/513/511
f 967/513/511 965/514/512 1198/511/509
f 897/515/513 895/516/514 763/385/383
f 763/385/383 896/517/515 897/515/513
f 546/217/217 541/518/516 540/519/517
f 540/519/517 543/520/518 546/217/217
f 427/521/519 424/343/341 426/522/520
f 426/522/520 467/523/521 427/521/519
f 573/524/522 571/525/523 572/526/524
f 572/526/524 574/527/525 573/524/522
f 434/528/526 414/529/527 432/530/528
f 432/530/528 433/531/529 434/528/526
f 768/532/530 779/533/531 769/534/532
f 769/534/532 760/367/365 768/532/530
f 249/535/533 251/536/534 252/537/535
f 252/537/535 250/538/536 249/535/533
f 399/539/537 488/540/538 489/541/539
f 489/541/539 401/228/227 399/539/537
f 769/534/532 770/542/540 771/543/541
f 771/543/541 761/544/542 769/534/532
f 197/227/226 195/226/225 199/245/244
f 199/245/244 198/244/243 197/227/226
f 571/525/523 569/545/543 570/546/544
f 570/546/544 572/526/524 571/525/523
f 241/547/545 240/548/546 239/549/547
f 239/549/547 242/550/548 241/547/545
f 1094/551/549 1057/552/550 1058/553/551
f 1058/553/551 1092/554/552 1094/551/549
f 263/555/553 264/556/554 261/557/555
f 261/557/555 262/558/556 263/555/553
f 874/559/557 867/560/558 865/471/469
f 865/471/469 873/561/559 874/559/557
f 562/562/560 560/288/287 559/291/289
f 559/291/289 561/563/561 562/562/560
f 238/564/562 236/565/563 239/549/547
f 239/549/547 240/548/546 238/564/562
f 235/566/564 236/565/563 238/564/562
f 238/564/562 237/567/565 235/566/564
f 259/568/566 260/569/567 258/570/568
f 258/570/568 256/571/568 259/568/566
f 1145/572/569 1103/573/570 1104/574/571
f 1104/574/571 1105/575/572 1145/572/569
f 279/341/339 277/334/332 311/421/419
f 711/576/573 734/577/574 740/369/367
f 740/369/367 726/578/575 711/576/573
f 490/579/576 492/580/577 493/581/578
f 493/581/578 491/582/579 490/579/576
f 386/583/580 387/584/581 315/429/427
f 501/304/302 524/307/305 523/585/582
f 523/585/582 499/586/583 501/304/302
f 748/387/385 857/587/584 862/588/585
f 862/588/585 858/589/586 748/387/385
f 611/590/587 609/591/588 608/592/589
f 608/592/589 607/593/590 611/590/587
f 1020/594/591 1019/595/592 1018/596/593
f 1018/596/593 1344/597/594 1020/594/591
f 928/598/595 929/599/596 927/600/597
f 927/600/597 919/601/598 928/598/595
f 754/602/599 759/603/600 753/366/364
f 753/366/364 739/604/601 754/602/599
f 954/605/602 956/606/603 957/607/604
f 957/607/604 955/608/605 954/605/602
f 785/609/606 784/610/607 788/611/608
f 788/611/608 789/612/609 785/609/606
f 394/613/610 395/614/611 396/615/612
f 1004/415/413 1003/414/412 1005/616/613
f 1005/616/613 1006/508/506 1004/415/413
f 840/251/250 776/250/249 842/617/614
f 842/617/614 841/618/615 840/251/250
f 705/619/616 699/620/617 698/621/618
f 698/621/618 704/622/619 705/619/616
f 225/255/254 224/254/253 226/623/620
f 226/623/620 227/624/621 225/255/254
f 830/625/622 799/206/206 801/209/209
f 801/209/209 829/626/623 830/625/622
f 877/627/624 878/628/625 880/629/626
f 880/629/626 879/630/627 877/627/624
f 1325/631/628 1313/632/629 1311/633/630
f 1311/633/630 1324/634/631 1325/631/628
f 943/635/632 937/636/633 936/637/634
f 936/637/634 942/638/635 943/635/632
f 1053/453/451 1042/639/636 1040/640/637
f 1040/640/637 1054/450/448 1053/453/451
f 1100/641/638 1102/642/639 1101/643/640
f 1101/643/640 1052/644/641 1100/641/638
f 389/645/642 390/646/643 391/647/644
f 391/647/644 898/648/645 389/645/642
f 272/649/646 271/650/647 273/651/648
f 273/651/648 274/652/649 272/649/646
f 415/653/650 531/497/495 417/654/651
f 417/654/651 416/655/652 415/653/650
f 725/656/653 727/657/654 724/658/655
f 724/658/655 715/659/656 725/656/653
f 1266/660/657 1267/661/658 1265/662/659
f 1265/662/659 1263/663/660 1266/660/657
f 422/346/344 423/664/661 424/343/341
f 1320/665/662 1321/666/663 1322/667/664
f 1322/667/664 1339/668/665 1320/665/662
f 704/622/619 703/669/666 756/670/667
f 756/670/667 737/671/668 704/622/619
f 427/521/519 428/344/342 424/343/341
f 1133/672/669 1122/673/670 1120/674/671
f 1120/674/671 1132/272/271 1133/672/669
f 738/675/672 754/602/599 739/604/601
f 739/604/601 735/676/673 738/675/672
f 496/436/434 498/677/674 499/586/583
f 499/586/583 497/437/435 496/436/434
f 758/678/675 755/679/676 757/680/677
f 757/680/677 766/249/248 758/678/675
f 765/681/678 776/250/249 766/249/248
f 766/249/248 757/680/677 765/681/678
f 972/397/395 971/402/400 973/682/679
f 973/682/679 974/398/396 972/397/395
f 321/683/680 335/684/681 334/685/682
f 334/685/682 333/686/683 321/683/680
f 645/687/684 643/283/282 644/688/685
f 644/688/685 646/689/686 645/687/684
f 321/683/680 308/443/441 309/458/456
f 309/458/456 310/457/455 321/683/680
f 274/652/649 273/651/648 275/333/331
f 275/333/331 276/335/333 274/652/649
f 547/216/216 542/690/687 541/518/516
f 541/518/516 546/217/217 547/216/216
f 474/691/688 404/692/689 405/693/690
f 405/693/690 406/694/691 474/691/688
f 973/682/679 1202/695/692 1203/696/693
f 1203/696/693 975/697/694 973/682/679
f 1123/698/695 1121/699/696 1122/673/670
f 1122/673/670 1124/700/697 1123/698/695
f 1127/701/698 1099/702/699 1098/452/450
f 1098/452/450 1151/703/700 1127/701/698
f 292/704/701 291/705/702 293/390/388
f 293/390/388 294/372/370 292/704/701
f 502/706/703 1162/707/704 1129/362/360
f 1129/362/360 1112/365/363 502/706/703
f 976/708/705 975/697/694 977/261/260
f 977/261/260 978/260/259 976/708/705
f 808/234/233 810/709/706 811/710/707
f 811/710/707 809/235/234 808/234/233
f 468/711/708 469/712/709 471/713/710
f 471/713/710 470/714/711 468/711/708
f 678/715/712 676/716/713 677/717/714
f 677/717/714 679/718/715 678/715/712
f 458/719/716 460/720/717 461/721/718
f 461/721/718 457/722/719 458/719/716
f 876/723/720 878/628/625 877/627/624
f 877/627/624 871/724/721 876/723/720
f 519/725/722 554/726/723 517/727/724
f 517/727/724 518/728/725 519/725/722
f 838/729/726 839/730/727 835/731/728
f 835/731/728 787/732/729 838/729/726
f 846/733/730 839/730/727 840/251/250
f 840/251/250 841/618/615 846/733/730
f 604/734/731 614/735/732 605/736/733
f 605/736/733 592/737/734 604/734/731
f 400/231/230 398/738/735 399/539/537
f 399/539/537 401/228/227 400/231/230
f 660/739/736 659/740/737 691/741/738
f 691/741/738 692/742/739 660/739/736
f 444/743/740 467/523/521 466/744/741
f 1237/745/742 1236/746/743 1235/747/744
f 1235/747/744 1233/748/745 1237/745/742
f 1287/749/746 1285/750/747 1286/751/748
f 1286/751/748 1288/752/749 1287/749/746
f 580/753/750 576/754/751 583/755/752
f 583/755/752 584/756/753 580/753/750
f 1332/757/754 1334/758/755 1335/493/491
f 1335/493/491 1333/492/490 1332/757/754
f 964/759/756 963/760/757 965/514/512
f 965/514/512 966/761/758 964/759/756
f 717/762/759 276/335/333 278/340/338
f 278/340/338 716/763/760 717/762/759
f 1317/381/379 1315/764/761 1326/765/762
f 1326/765/762 1327/766/763 1317/381/379
f 1190/767/764 1189/768/765 1188/769/766
f 1188/769/766 1194/770/767 1190/767/764
f 934/771/768 927/600/597 929/599/596
f 929/599/596 933/772/769 934/771/768
f 341/773/770 335/684/681 336/774/771
f 336/774/771 337/489/487 341/773/770
f 1295/775/772 1293/256/255 1294/259/258
f 1294/259/258 1296/776/773 1295/775/772
f 977/261/260 975/697/694 1203/696/693
f 1203/696/693 1204/777/774 977/261/260
f 1041/778/775 1040/640/637 1042/639/636
f 1042/639/636 1043/779/776 1041/778/775
f 350/780/777 351/781/778 352/782/779
f 352/782/779 379/783/780 350/780/777
f 1017/784/781 1016/785/782 1349/786/783
f 1349/786/783 1348/787/784 1017/784/781
f 484/788/785 329/789/786 328/790/787
f 1029/791/788 1026/792/789 1025/793/790
f 1025/793/790 1028/794/791 1029/791/788
f 719/795/792 720/796/793 270/797/794
f 270/797/794 272/649/646 719/795/792
f 537/798/795 536/799/796 538/800/797
f 538/800/797 539/801/798 537/798/795
f 500/802/799 1162/707/704 502/706/703
f 502/706/703 501/304/302 500/802/799
f 1144/803/800 1135/804/801 1142/805/802
f 1142/805/802 1143/806/803 1144/803/800
f 489/541/539 490/579/576 491/582/579
f 1118/442/440 1130/441/439 1131/273/272
f 1131/273/272 1120/674/671 1118/442/440
f 886/807/804 702/808/805 885/809/806
f 885/809/806 887/354/352 886/807/804
f 758/678/675 767/810/807 759/603/600
f 759/603/600 754/602/599 758/678/675
f 514/811/808 515/462/460 513/461/459
f 513/461/459 512/812/809 514/811/808
f 1249/813/810 1253/814/811 1218/815/812
f 1218/815/812 1247/816/813 1249/813/810
f 338/490/488 343/817/814 341/773/770
f 341/773/770 337/489/487 338/490/488
f 314/428/426 312/423/421 313/422/420
f 313/422/420 315/429/427 314/428/426
f 1016/785/782 1017/784/781 993/818/815
f 993/818/815 991/819/816 1016/785/782
f 372/820/817 375/821/818 374/822/819
f 374/822/819 373/823/820 372/820/817
f 709/824/821 708/825/822 707/826/823
f 707/826/823 735/676/673 709/824/821
f 1334/758/755 1336/827/824 1337/828/825
f 1337/828/825 1335/493/491 1334/758/755
f 653/829/826 651/474/472 652/830/827
f 652/830/827 654/831/828 653/829/826
f 243/832/829 241/547/545 242/550/548
f 242/550/548 244/833/830 243/832/829
f 1290/834/831 1305/835/832 1304/836/833
f 1304/836/833 1292/258/257 1290/834/831
f 1052/644/641 1101/643/640 1046/837/834
f 1046/837/834 1044/838/835 1052/644/641
f 409/427/425 408/839/836 407/840/837
f 407/840/837 521/841/838 409/427/425
f 879/630/627 674/842/839 675/276/275
f 675/276/275 676/716/713 879/630/627
f 665/843/840 666/844/841 634/845/842
f 634/845/842 632/846/843 665/843/840
f 520/847/844 519/725/722 518/728/725
f 518/728/725 1087/848/845 520/847/844
f 444/743/740 443/849/846 427/521/519
f 427/521/519 467/523/521 444/743/740
f 860/850/847 861/851/848 732/852/849
f 732/852/849 730/853/850 860/850/847
f 1069/507/505 1070/854/851 1062/855/852
f 1062/855/852 1060/856/853 1069/507/505
f 525/306/304 526/857/854 524/307/305
f 1168/477/475 490/579/576 489/541/539
f 489/541/539 488/540/538 1168/477/475
f 523/585/582 527/858/855 522/859/856
f 627/860/857 625/861/858 626/862/859
f 626/862/859 628/863/860 627/860/857
f 1143/806/803 1142/805/802 1141/271/270
f 1141/271/270 1173/864/861 1143/806/803
f 1076/865/862 1084/377/375 1074/866/863
f 1074/866/863 1075/867/864 1076/865/862
f 1015/433/431 1033/432/430 1032/868/865
f 1032/868/865 1034/869/866 1015/433/431
f 706/870/867 852/871/868 701/872/869
f 701/872/869 700/873/870 706/870/867
f 297/378/376 295/389/387 301/391/389
f 301/391/389 300/874/871 297/378/376
f 611/590/587 607/593/590 613/875/872
f 613/875/872 612/876/873 611/590/587
f 639/877/874 637/878/875 638/879/876
f 638/879/876 640/880/877 639/877/874
f 820/881/878 821/882/879 817/883/880
f 817/883/880 819/884/881 820/881/878
f 327/505/503 483/885/882 484/788/785
f 484/788/785 328/790/787 327/505/503
f 787/732/729 788/611/608 784/610/607
f 784/610/607 783/886/883 787/732/729
f 869/887/884 875/888/885 876/723/720
f 876/723/720 871/724/721 869/887/884
f 1191/889/886 1187/890/887 1189/768/765
f 1189/768/765 1190/767/764 1191/889/886
f 838/729/726 778/891/888 767/810/807
f 767/810/807 777/248/247 838/729/726
f 715/659/656 714/892/889 713/893/890
f 713/893/890 725/656/653 715/659/656
f 1291/257/256 1289/894/891 1290/834/831
f 1290/834/831 1292/258/257 1291/257/256
f 617/895/892 618/896/893 612/876/873
f 612/876/873 613/875/872 617/895/892
f 723/897/894 724/658/655 728/392/390
f 728/392/390 729/898/895 723/897/894
f 813/899/896 823/900/897 824/901/898
f 824/901/898 811/710/707 813/899/896
f 545/902/899 548/214/214 546/217/217
f 1162/707/704 1138/903/900 1130/441/439
f 1130/441/439 1129/362/360 1162/707/704
f 908/280/279 909/904/901 907/905/902
f 907/905/902 641/281/280 908/280/279
f 1043/779/776 1042/639/636 1044/838/835
f 1044/838/835 1045/906/903 1043/779/776
f 1092/554/552 1061/907/904 1063/908/905
f 1063/908/905 1091/909/906 1092/554/552
f 251/536/534 253/910/907 254/911/907
f 254/911/907 252/537/535 251/536/534
f 365/287/286 362/295/293 363/294/292
f 363/294/292 364/284/283 365/287/286
f 567/912/908 570/546/544 569/545/543
f 569/545/543 568/913/908 567/912/908
f 841/618/615 843/331/329 845/440/438
f 845/440/438 846/733/730 841/618/615
f 206/200/200 204/914/909 205/915/910
f 205/915/910 207/201/201 206/200/200
f 312/423/421 314/428/426 336/774/771
f 336/774/771 310/457/455 312/423/421
f 249/535/533 250/538/536 248/916/911
f 248/916/911 247/917/912 249/535/533
f 375/821/818 376/918/913 377/919/913
f 377/919/913 374/822/819 375/821/818
f 556/290/288 558/289/288 557/920/914
f 557/920/914 555/921/914 556/290/288
f 778/891/888 838/729/726 787/732/729
f 787/732/729 783/886/883 778/891/888
f 1074/866/863 1068/922/915 1073/923/916
f 1073/923/916 1075/867/864 1074/866/863
f 348/924/917 349/925/918 350/780/777
f 350/780/777 379/783/780 348/924/917
f 1237/745/742 1239/926/919 1238/927/920
f 1238/927/920 1236/746/743 1237/745/742
f 1257/928/921 1258/929/921 1260/930/921
f 1260/930/921 1259/931/921 1257/928/921
f 405/693/690 404/692/689 403/229/228
f 403/229/228 491/582/579 405/693/690
f 1323/932/922 1324/634/631 1311/633/630
f 1311/633/630 1309/933/923 1323/932/922
f 668/934/924 700/873/870 701/872/869
f 701/872/869 669/935/925 668/934/924
f 243/832/829 244/833/830 246/936/926
f 246/936/926 245/937/927 243/832/829
f 587/938/928 581/939/929 585/940/930
f 629/941/931 627/860/857 628/863/860
f 628/863/860 630/942/932 629/941/931
f 712/943/933 710/274/273 711/576/573
f 711/576/573 713/893/890 712/943/933
f 636/944/934 667/945/935 668/934/924
f 668/934/924 638/879/876 636/944/934
f 589/946/936 590/947/937 603/948/938
f 603/948/938 591/949/939 589/946/936
f 1227/950/940 1223/951/941 1222/952/942
f 1222/952/942 1226/953/943 1227/950/940
f 1030/954/944 1026/792/789 1029/791/788
f 1029/791/788 1031/955/945 1030/954/944
f 1276/956/946 1274/957/947 1275/958/948
f 1275/958/948 1277/959/949 1276/956/946
f 1323/932/922 1309/933/923 1286/751/748
f 1286/751/748 1285/750/747 1323/932/922
f 960/960/950 957/607/604 959/961/951
f 959/961/951 962/962/952 960/960/950
f 1207/239/238 1209/963/953 1224/964/954
f 1224/964/954 981/236/235 1207/239/238
f 412/965/955 413/966/956 415/653/650
f 415/653/650 414/529/527 412/965/955
f 474/691/688 406/694/691 479/967/957
f 479/967/957 476/968/958 474/691/688
f 673/969/959 674/842/839 672/970/960
f 672/970/960 671/971/961 673/969/959
f 301/391/389 328/790/787 329/789/786
f 329/789/786 300/874/871 301/391/389
f 763/385/383 895/516/514 764/972/962
f 764/972/962 749/386/384 763/385/383
f 534/973/963 533/974/964 532/496/494
f 532/496/494 1284/223/223 534/973/963
f 593/975/965 606/976/966 594/977/967
f 1176/978/968 1167/479/477 1169/478/476
f 1169/478/476 1177/979/969 1176/978/968
f 1088/980/970 1078/981/971 1089/982/972
f 1089/982/972 520/847/844 1088/980/970
f 1055/983/973 1038/984/974 1036/985/975
f 1036/985/975 1056/986/976 1055/983/973
f 1325/631/628 1326/765/762 1315/764/761
f 1315/764/761 1313/632/629 1325/631/628
f 951/987/977 950/988/978 949/989/979
f 949/989/979 947/990/980 951/987/977
f 695/991/981 883/351/349 696/992/982
f 696/992/982 664/993/983 695/991/981
f 876/723/720 875/888/885 652/830/827
f 652/830/827 650/994/984 876/723/720
f 1155/995/985 1097/451/449 1096/996/986
f 1096/996/986 1095/997/987 1155/995/985
f 1125/998/988 1127/701/698 1151/703/700
f 1151/703/700 1152/999/989 1125/998/988
f 818/1000/990 693/1001/991 692/742/739
f 692/742/739 819/884/881 818/1000/990
f 813/899/896 812/1002/992 814/359/357
f 814/359/357 815/1003/993 813/899/896
f 588/1004/994 590/947/937 589/946/936
f 589/946/936 505/1005/995 588/1004/994
f 323/1006/996 324/1007/997 305/404/402
f 305/404/402 306/1008/998 323/1006/996
f 1302/466/464 1303/406/404 1329/405/403
f 1329/405/403 1301/467/465 1302/466/464
f 1107/1009/999 1086/376/374 514/811/808
f 514/811/808 512/812/809 1107/1009/999
f 431/447/445 416/655/652 417/654/651
f 417/654/651 418/1010/1000 431/447/445
f 633/1011/1001 631/1012/1002 632/846/843
f 632/846/843 634/845/842 633/1011/1001
f 1085/374/372 518/728/725 517/727/724
f 517/727/724 516/375/373 1085/374/372
f 1253/814/811 1249/813/810 1251/1013/1003
f 1251/1013/1003 1252/1014/1004 1253/814/811
f 452/1015/1005 451/1016/1006 458/719/716
f 458/719/716 457/722/719 452/1015/1005
f 517/727/724 515/462/460 514/811/808
f 514/811/808 516/375/373 517/727/724
f 492/580/577 494/435/433 495/438/436
f 495/438/436 493/581/578 492/580/577
f 1013/431/429 1011/1017/1007 1009/1018/1008
f 1009/1018/1008 1007/1019/1009 1013/431/429
f 506/1020/1010 505/1005/995 504/1021/1011
f 504/1021/1011 1111/486/484 506/1020/1010
f 411/426/424 410/1022/1012 408/839/836
f 408/839/836 409/427/425 411/426/424
f 1160/1023/1013 1159/1024/1014 1093/1025/1015
f 1093/1025/1015 1091/909/906 1160/1023/1013
f 776/250/249 765/681/678 894/317/315
f 894/317/315 842/617/614 776/250/249
f 589/946/936 503/305/303 504/1021/1011
f 504/1021/1011 505/1005/995 589/946/936
f 290/1026/1016 288/358/356 287/357/355
f 287/357/355 289/1027/1017 290/1026/1016
f 464/1028/1018 448/1029/1019 446/1030/1020
f 446/1030/1020 465/1031/1021 464/1028/1018
f 809/235/234 811/710/707 824/901/898
f 824/901/898 825/1032/1022 809/235/234
f 608/592/589 609/591/588 610/1033/1023
f 610/1033/1023 598/1034/1024 608/592/589
f 440/449/447 430/448/446 429/345/343
f 429/345/343 441/1035/1025 440/449/447
f 739/604/601 753/366/364 740/369/367
f 740/369/367 734/577/574 739/604/601
f 524/307/305 526/857/854 527/858/855
f 527/858/855 523/585/582 524/307/305
f 719/795/792 718/1036/1026 723/897/894
f 723/897/894 722/1037/1027 719/795/792
f 637/878/875 635/1038/1028 636/944/934
f 636/944/934 638/879/876 637/878/875
f 980/237/236 981/236/235 983/1039/1029
f 983/1039/1029 982/1040/1030 980/237/236
f 727/657/654 726/578/575 741/1041/1031
f 741/1041/1031 742/393/391 727/657/654
f 1036/985/975 1037/1042/1032 1035/1043/1033
f 1035/1043/1033 996/266/265 1036/985/975
f 669/935/925 670/1044/1034 642/282/281
f 593/975/965 592/737/734 605/736/733
f 605/736/733 606/976/966 593/975/965
f 452/1015/1005 457/722/719 456/213/213
f 456/213/213 453/212/212 452/1015/1005
f 1306/1045/1035 1288/752/749 1286/751/748
f 1286/751/748 1307/1046/1036 1306/1045/1035
f 588/1004/994 505/1005/995 506/1020/1010
f 506/1020/1010 507/1047/1037 588/1004/994
f 675/276/275 677/717/714 676/716/713
f 853/1048/1038 712/943/933 713/893/890
f 713/893/890 714/892/889 853/1048/1038
f 288/358/356 684/1049/1039 683/1050/1040
f 683/1050/1040 286/356/354 288/358/356
f 1021/1051/1041 1022/1052/1042 1023/1053/1043
f 1023/1053/1043 1027/1054/1044 1021/1051/1041
f 717/762/759 724/658/655 723/897/894
f 723/897/894 718/1036/1026 717/762/759
f 1081/1055/1045 1071/1056/1046 1070/854/851
f 1070/854/851 1082/1057/1047 1081/1055/1045
f 1211/1058/1048 1213/323/321 1222/952/942
f 1222/952/942 1223/951/941 1211/1058/1048
f 794/1059/1049 796/219/219 795/419/417
f 795/419/417 793/1060/1050 794/1059/1049
f 270/797/794 269/1061/1051 271/650/647
f 271/650/647 272/649/646 270/797/794
f 292/704/701 294/372/370 687/371/369
f 835/731/728 836/1062/1052 834/1063/1053
f 834/1063/1053 833/1064/1054 835/731/728
f 545/902/899 546/217/217 543/520/518
f 543/520/518 544/1065/1055 545/902/899
f 527/858/855 595/1066/1056 528/424/422
f 528/424/422 522/859/856 527/858/855
f 537/798/795 543/520/518 540/519/517
f 540/519/517 535/1067/1057 537/798/795
f 809/235/234 825/1032/1022 826/1068/1058
f 826/1068/1058 807/232/231 809/235/234
f 1096/996/986 1055/983/973 1056/986/976
f 1056/986/976 1057/552/550 1096/996/986
f 918/472/470 928/598/595 919/601/598
f 919/601/598 912/454/452 918/472/470
f 663/1069/1059 695/991/981 664/993/983
f 441/1035/1025 429/345/343 428/344/342
f 428/344/342 442/1070/1060 441/1035/1025
f 527/858/855 526/857/854 593/975/965
f 593/975/965 594/977/967 527/858/855
f 919/601/598 920/1071/1061 914/1072/1062
f 914/1072/1062 912/454/452 919/601/598
f 849/1073/1063 677/717/714 675/276/275
f 675/276/275 850/275/274 849/1073/1063
f 621/195/195 619/1074/1064 620/1075/1065
f 620/1075/1065 622/196/196 621/195/195
f 849/1073/1063 850/275/274 712/943/933
f 712/943/933 853/1048/1038 849/1073/1063
f 816/361/359 893/353/351 882/352/350
f 882/352/350 818/1000/990 816/361/359
f 768/532/530 759/603/600 767/810/807
f 767/810/807 778/891/888 768/532/530
f 747/388/386 746/410/408 745/409/407
f 745/409/407 762/1076/1066 747/388/386
f 773/1077/1067 896/517/515 762/1076/1066
f 762/1076/1066 771/543/541 773/1077/1067
f 424/343/341 423/664/661 425/1078/1068
f 425/1078/1068 426/522/520 424/343/341
f 476/968/958 480/1079/1069 478/1080/1070
f 478/1080/1070 477/1081/1071 476/968/958
f 553/1082/1072 551/459/457 515/462/460
f 515/462/460 552/1083/1073 553/1082/1072
f 528/424/422 409/427/425 521/841/838
f 521/841/838 522/859/856 528/424/422
f 651/474/472 649/473/471 650/994/984
f 650/994/984 652/830/827 651/474/472
f 727/657/654 742/393/391 728/392/390
f 728/392/390 724/658/655 727/657/654
f 935/1084/1074 926/1085/1075 927/600/597
f 927/600/597 934/771/768 935/1084/1074
f 1139/1086/1076 1163/1087/1077 1165/1088/1078
f 1165/1088/1078 1171/1089/1079 1139/1086/1076
f 800/208/208 802/439/437 803/1090/1080
f 803/1090/1080 801/209/209 800/208/208
f 231/1091/1081 230/1092/1082 229/1093/1083
f 229/1093/1083 228/1094/1084 231/1091/1081
f 1156/1095/1085 1158/1096/1086 1157/1097/1087
f 1157/1097/1087 1154/1098/1088 1156/1095/1085
f 1151/703/700 1155/995/985 1156/1095/1085
f 1156/1095/1085 1152/999/989 1151/703/700
f 625/861/858 623/194/194 624/197/197
f 624/197/197 626/862/859 625/861/858
f 336/774/771 314/428/426 316/430/428
f 316/430/428 337/489/487 336/774/771
f 303/503/501 302/506/504 291/705/702
f 291/705/702 289/1027/1017 303/503/501
f 442/1070/1060 428/344/342 427/521/519
f 427/521/519 443/849/846 442/1070/1060
f 883/351/349 695/991/981 694/1099/1089
f 694/1099/1089 882/352/350 883/351/349
f 885/809/806 892/360/358 891/355/353
f 891/355/353 887/354/352 885/809/806
f 562/562/560 561/563/561 563/309/307
f 563/309/307 564/308/306 562/562/560
f 552/1083/1073 515/462/460 517/727/724
f 517/727/724 554/726/723 552/1083/1073
f 420/1100/1090 421/1101/1091 423/664/661
f 423/664/661 422/346/344 420/1100/1090
f 726/578/575 727/657/654 725/656/653
f 940/482/480 941/481/479 935/1084/1074
f 935/1084/1074 934/771/768 940/482/480
f 935/1084/1074 936/637/634 925/1102/1092
f 925/1102/1092 926/1085/1075 935/1084/1074
f 723/897/894 729/898/895 722/1037/1027
f 642/282/281 641/281/280 640/880/877
f 640/880/877 669/935/925 642/282/281
f 847/1103/1093 284/1104/1094 683/1050/1040
f 683/1050/1040 681/1105/1095 847/1103/1093
f 1000/1106/1096 999/1107/1097 1001/417/415
f 1001/417/415 1002/416/414 1000/1106/1096
f 655/1108/1098 653/829/826 654/831/828
f 654/831/828 656/1109/1099 655/1108/1098
f 665/843/840 664/993/983 696/992/982
f 696/992/982 697/1110/1100 665/843/840
f 816/361/359 818/1000/990 819/884/881
f 819/884/881 817/883/880 816/361/359
f 920/1071/1061 922/1111/1101 921/1112/1102
f 921/1112/1102 914/1072/1062 920/1071/1061
f 1005/616/613 1031/955/945 1007/1019/1009
f 1007/1019/1009 1006/508/506 1005/616/613
f 566/311/309 565/310/308 567/912/908
f 567/912/908 568/913/908 566/311/309
f 740/369/367 741/1041/1031 726/578/575
f 1026/792/789 1030/954/944 1027/1054/1044
f 1027/1054/1044 1023/1053/1043 1026/792/789
f 923/1113/1103 921/1112/1102 922/1111/1101
f 922/1111/1101 924/1114/1104 923/1113/1103
f 644/688/685 643/283/282 642/282/281
f 642/282/281 670/1044/1034 644/688/685
f 1354/1115/1105 1350/314/312 1348/787/784
f 1348/787/784 1349/786/783 1354/1115/1105
f 1128/300/298 1099/702/699 1127/701/698
f 1127/701/698 1126/301/299 1128/300/298
f 907/905/902 639/877/874 640/880/877
f 640/880/877 641/281/280 907/905/902
f 688/370/368 865/471/469 866/1116/1106
f 866/1116/1106 687/371/369 688/370/368
f 1233/748/745 1235/747/744 1234/1117/1107
f 1234/1117/1107 1231/1118/1108 1233/748/745
f 1218/815/812 1220/1119/1109 1219/1120/1110
f 1219/1120/1110 1217/1121/1111 1218/815/812
f 401/228/227 489/541/539 491/582/579
f 491/582/579 403/229/228 401/228/227
f 422/346/344 429/345/343 430/448/446
f 430/448/446 420/1100/1090 422/346/344
f 871/724/721 682/1122/1112 870/499/497
f 870/499/497 869/887/884 871/724/721
f 721/1123/1113 268/1124/1114 269/1061/1051
f 269/1061/1051 270/797/794 721/1123/1113
f 939/1125/1115 947/990/980 946/1126/1116
f 946/1126/1116 945/483/481 939/1125/1115
f 696/992/982 883/351/349 884/350/348
f 884/350/348 702/808/805 696/992/982
f 698/621/618 666/844/841 665/843/840
f 665/843/840 697/1110/1100 698/621/618
f 880/629/626 672/970/960 674/842/839
f 674/842/839 879/630/627 880/629/626
f 1328/1127/1117 1321/666/663 1320/665/662
f 1320/665/662 1319/382/380 1328/1127/1117
f 737/671/668 736/1128/1118 705/619/616
f 705/619/616 704/622/619 737/671/668
f 775/1129/1119 897/515/513 896/517/515
f 896/517/515 773/1077/1067 775/1129/1119
f 501/304/302 502/706/703 504/1021/1011
f 504/1021/1011 503/305/303 501/304/302
f 582/1130/1120 579/1131/1121 581/939/929
f 581/939/929 587/938/928 582/1130/1120
f 534/973/963 1284/223/223 601/222/222
f 601/222/222 536/799/796 534/973/963
f 904/1132/1122 391/647/644 393/1133/1123
f 393/1133/1123 905/1134/1124 904/1132/1122
f 335/684/681 321/683/680 310/457/455
f 310/457/455 336/774/771 335/684/681
f 576/754/751 356/1135/1125 358/1136/1126
f 358/1136/1126 575/1137/1127 576/754/751
f 535/1067/1057 534/973/963 536/799/796
f 536/799/796 537/798/795 535/1067/1057
f 1213/323/321 1215/322/320 1221/1138/1128
f 1221/1138/1128 1222/952/942 1213/323/321
f 974/398/396 973/682/679 975/697/694
f 975/697/694 976/708/705 974/398/396
f 822/1139/1129 815/1003/993 817/883/880
f 817/883/880 821/882/879 822/1139/1129
f 736/1128/1118 707/826/823 706/870/867
f 706/870/867 705/619/616 736/1128/1118
f 679/718/715 677/717/714 849/1073/1063
f 849/1073/1063 848/1140/1130 679/718/715
f 487/1141/1131 1169/478/476 1168/477/475
f 1168/477/475 488/540/538 487/1141/1131
f 780/1142/1132 779/533/531 783/886/883
f 783/886/883 784/610/607 780/1142/1132
f 597/1143/1133 1281/1144/1134 595/1066/1056
f 595/1066/1056 596/1145/1135 597/1143/1133
f 704/622/619 698/621/618 697/1110/1100
f 697/1110/1100 703/669/666 704/622/619
f 439/446/444 440/449/447 453/212/212
f 453/212/212 454/211/211 439/446/444
f 996/266/265 1035/1043/1033 994/1146/1136
f 994/1146/1136 995/267/266 996/266/265
f 805/1147/1137 827/1148/1138 828/1149/1139
f 828/1149/1139 803/1090/1080 805/1147/1137
f 952/1150/1140 647/1151/1141 649/473/471
f 649/473/471 930/476/474 952/1150/1140
f 1146/1152/1142 1147/1153/1143 1101/643/640
f 1101/643/640 1103/573/570 1146/1152/1142
f 925/1102/1092 922/1111/1101 920/1071/1061
f 920/1071/1061 926/1085/1075 925/1102/1092
f 737/671/668 755/679/676 738/675/672
f 738/675/672 736/1128/1118 737/671/668
f 1066/337/335 1064/336/334 1070/854/851
f 1070/854/851 1071/1056/1046 1066/337/335
f 417/654/651 533/974/964 419/1154/1144
f 419/1154/1144 418/1010/1000 417/654/651
f 795/419/417 796/219/219 797/218/218
f 1327/766/763 1328/1127/1117 1319/382/380
f 1319/382/380 1317/381/379 1327/766/763
f 813/899/896 811/710/707 810/709/706
f 810/709/706 812/1002/992 813/899/896
f 1282/220/220 597/1143/1133 598/1034/1024
f 598/1034/1024 599/221/221 1282/220/220
f 822/1139/1129 823/900/897 813/899/896
f 813/899/896 815/1003/993 822/1139/1129
f 778/891/888 783/886/883 779/533/531
f 779/533/531 768/532/530 778/891/888
f 840/251/250 839/730/727 838/729/726
f 838/729/726 777/248/247 840/251/250
f 853/1048/1038 854/1155/1145 848/1140/1130
f 848/1140/1130 849/1073/1063 853/1048/1038
f 805/1147/1137 804/330/328 806/233/232
f 806/233/232 807/232/231 805/1147/1137
f 447/1156/1146 445/1157/1147 446/1030/1020
f 446/1030/1020 448/1029/1019 447/1156/1146
f 445/1157/1147 443/849/846 444/743/740
f 444/743/740 446/1030/1020 445/1157/1147
f 482/1158/1148 483/885/882 327/505/503
f 327/505/503 326/504/502 482/1158/1148
f 473/1159/1149 402/230/229 403/229/228
f 403/229/228 404/692/689 473/1159/1149
f 658/1160/1150 657/1161/1151 655/1108/1098
f 655/1108/1098 656/1109/1099 658/1160/1150
f 1155/995/985 1095/997/987 1158/1096/1086
f 1158/1096/1086 1156/1095/1085 1155/995/985
f 1147/1153/1143 1148/1162/1152 1050/1163/1153
f 1050/1163/1153 1048/1164/1154 1147/1153/1143
f 803/1090/1080 828/1149/1139 829/626/623
f 829/626/623 801/209/209 803/1090/1080
f 215/1165/1155 214/1166/1156 216/279/278
f 216/279/278 217/278/277 215/1165/1155
f 1283/495/493 530/498/496 529/425/423
f 529/425/423 1281/1144/1134 1283/495/493
f 397/1167/1157 487/1141/1131 488/540/538
f 488/540/538 399/539/537 397/1167/1157
f 1162/707/704 500/802/799 498/677/674
f 498/677/674 1138/903/900 1162/707/704
f 668/934/924 667/945/935 699/620/617
f 699/620/617 700/873/870 668/934/924
f 848/1140/1130 854/1155/1145 856/1168/1158
f 856/1168/1158 847/1103/1093 848/1140/1130
f 398/738/735 396/615/612 397/1167/1157
f 397/1167/1157 399/539/537 398/738/735
f 582/1130/1120 587/938/928 585/940/930
f 585/940/930 586/1169/1159 582/1130/1120
f 289/1027/1017 287/357/355 305/404/402
f 305/404/402 304/1170/1160 289/1027/1017
f 1139/1086/1076 1171/1089/1079 1140/270/269
f 1140/270/269 1131/273/272 1139/1086/1076
f 987/399/397 974/398/396 976/708/705
f 976/708/705 988/1171/1161 987/399/397
f 741/1041/1031 740/369/367 752/368/366
f 752/368/366 743/411/409 741/1041/1031
f 931/475/473 651/474/472 932/1172/1162
f 932/1172/1162 933/772/769 931/475/473
f 304/1170/1160 326/504/502 303/503/501
f 303/503/501 289/1027/1017 304/1170/1160
f 836/1062/1052 837/1173/1163 834/1063/1053
f 755/679/676 758/678/675 754/602/599
f 754/602/599 738/675/672 755/679/676
f 1091/909/906 1063/908/905 1090/1174/1164
f 1090/1174/1164 1160/1023/1013 1091/909/906
f 213/1175/1165 212/1176/1166 214/1166/1156
f 214/1166/1156 215/1165/1155 213/1175/1165
f 601/222/222 602/1177/1167 538/800/797
f 538/800/797 536/799/796 601/222/222
f 420/1100/1090 430/448/446 431/447/445
f 431/447/445 418/1010/1000 420/1100/1090
f 885/809/806 884/350/348 893/353/351
f 893/353/351 892/360/358 885/809/806
f 626/862/859 662/1178/1168 663/1069/1059
f 663/1069/1059 628/863/860 626/862/859
f 992/1179/1169 993/818/815 995/267/266
f 995/267/266 994/1146/1136 992/1179/1169
f 701/872/869 671/971/961 670/1044/1034
f 670/1044/1034 669/935/925 701/872/869
f 1352/315/313 1350/314/312 1354/1115/1105
f 1354/1115/1105 1353/1180/1170 1352/315/313
f 874/559/557 875/888/885 869/887/884
f 869/887/884 867/560/558 874/559/557
f 683/1050/1040 284/1104/1094 286/356/354
f 274/652/649 718/1036/1026 719/795/792
f 719/795/792 272/649/646 274/652/649
f 354/265/264 353/264/263 352/782/779
f 352/782/779 351/781/778 354/265/264
f 1188/769/766 1186/1181/1171 1195/1182/1172
f 1195/1182/1172 1194/770/767 1188/769/766
f 418/1010/1000 419/1154/1144 421/1101/1091
f 421/1101/1091 420/1100/1090 418/1010/1000
f 661/1183/1173 662/1178/1168 626/862/859
f 626/862/859 624/197/197 661/1183/1173
f 456/213/213 462/1184/1174 463/1185/1175
f 463/1185/1175 455/210/210 456/213/213
f 681/1105/1095 679/718/715 848/1140/1130
f 848/1140/1130 847/1103/1093 681/1105/1095
f 756/670/667 757/680/677 755/679/676
f 755/679/676 737/671/668 756/670/667
f 710/274/273 712/943/933 850/275/274
f 413/966/956 530/498/496 531/497/495
f 531/497/495 415/653/650 413/966/956
f 1058/553/551 1059/1186/1176 1061/907/904
f 1061/907/904 1092/554/552 1058/553/551
f 854/1155/1145 855/1187/1177 856/1168/1158
f 972/397/395 986/396/394 985/1188/1178
f 985/1188/1178 970/400/398 972/397/395
f 221/205/205 220/204/204 222/253/252
f 222/253/252 223/252/251 221/205/205
f 815/1003/993 814/359/357 816/361/359
f 816/361/359 817/883/880 815/1003/993
f 286/356/354 284/1104/1094 285/403/401
f 285/403/401 287/357/355 286/356/354
f 387/584/581 390/646/643 389/645/642
f 389/645/642 388/1189/1179 387/584/581
f 1012/1190/1180 1011/1017/1007 1013/431/429
f 1013/431/429 1014/434/432 1012/1190/1180
f 1067/338/336 1090/1174/1164 1063/908/905
f 1063/908/905 1065/339/337 1067/338/336
f 746/410/408 859/395/393 744/394/392
f 317/412/410 318/329/327 338/490/488
f 338/490/488 316/430/428 317/412/410
f 302/506/504 301/391/389 293/390/388
f 293/390/388 291/705/702 302/506/504
f 729/898/895 860/850/847 730/853/850
f 1174/1191/1181 1173/864/861 1141/271/270
f 1141/271/270 1172/1192/1182 1174/1191/1181
f 1076/865/862 1075/867/864 1077/1193/1183
f 1077/1193/1183 1078/981/971 1076/865/862
f 899/1194/1184 901/1195/1185 902/1196/1186
f 902/1196/1186 900/1197/1187 899/1194/1184
f 881/1198/1188 658/1160/1150 656/1109/1099
f 656/1109/1099 873/561/559 881/1198/1188
f 408/839/836 406/694/691 405/693/690
f 405/693/690 407/840/837 408/839/836
f 865/471/469 867/560/558 866/1116/1106
f 969/401/399 970/400/398 968/1199/1189
f 968/1199/1189 967/513/511 969/401/399
f 868/502/500 869/887/884 870/499/497
f 1002/416/414 1004/415/413 1060/856/853
f 1060/856/853 1059/1186/1176 1002/416/414
f 871/724/721 680/1200/1190 682/1122/1112
f 684/1049/1039 685/500/498 870/499/497
f 292/704/701 686/501/499 685/500/498
f 685/500/498 290/1026/1016 292/704/701
f 868/502/500 686/501/499 866/1116/1106
f 845/440/438 837/1173/1163 836/1062/1052
f 836/1062/1052 846/733/730 845/440/438
f 1116/363/361 1117/1201/1191 1115/1202/1192
f 1115/1202/1192 1114/364/362 1116/363/361
f 1018/596/593 1017/784/781 1348/787/784
f 1348/787/784 1344/597/594 1018/596/593
f 1037/1042/1032 1036/985/975 1038/984/974
f 1038/984/974 1039/1203/1193 1037/1042/1032
f 827/1148/1138 805/1147/1137 807/232/231
f 807/232/231 826/1068/1058 827/1148/1138
f 772/1204/1194 781/1205/1195 782/1206/1196
f 782/1206/1196 774/1207/1197 772/1204/1194
f 950/988/978 951/987/977 655/1108/1098
f 655/1108/1098 657/1161/1151 950/988/978
f 714/892/889 855/1187/1177 854/1155/1145
f 854/1155/1145 853/1048/1038 714/892/889
f 837/1173/1163 800/208/208 798/207/207
f 798/207/207 834/1063/1053 837/1173/1163
f 938/1208/1198 951/987/977 947/990/980
f 947/990/980 939/1125/1115 938/1208/1198
f 942/638/635 936/637/634 935/1084/1074
f 935/1084/1074 941/481/479 942/638/635
f 701/872/869 852/871/868 673/969/959
f 673/969/959 671/971/961 701/872/869
f 1152/999/989 1153/1209/1199 1161/1210/1200
f 1161/1210/1200 1125/998/988 1152/999/989
f 620/1075/1065 659/740/737 660/739/736
f 660/739/736 622/196/196 620/1075/1065
f 329/789/786 330/1211/1201 331/1212/1202
f 331/1212/1202 300/874/871 329/789/786
f 280/342/340 279/341/339 281/347/345
f 281/347/345 282/349/347 280/342/340
f 522/859/856 521/841/838 495/438/436
f 495/438/436 497/437/435 522/859/856
f 884/350/348 885/809/806 702/808/805
f 681/1105/1095 683/1050/1040 682/1122/1112
f 682/1122/1112 680/1200/1190 681/1105/1095
f 278/340/338 276/335/333 277/334/332
f 277/334/332 279/341/339 278/340/338
f 647/1151/1141 645/687/684 646/689/686
f 646/689/686 648/1213/1203 647/1151/1141
f 856/1168/1158 282/349/347 284/1104/1094
f 284/1104/1094 847/1103/1093 856/1168/1158
f 656/1109/1099 654/831/828 874/559/557
f 874/559/557 873/561/559 656/1109/1099
f 1221/1138/1128 1225/1214/1204 1226/953/943
f 1226/953/943 1222/952/942 1221/1138/1128
f 1079/1215/1205 1073/923/916 1072/1216/1206
f 1072/1216/1206 1080/1217/1207 1079/1215/1205
f 1106/1218/1208 1105/575/572 1104/574/571
f 1104/574/571 1144/803/800 1106/1218/1208
f 1077/1193/1183 1075/867/864 1073/923/916
f 1073/923/916 1079/1215/1205 1077/1193/1183
f 961/1219/1209 955/608/605 957/607/604
f 957/607/604 960/960/950 961/1219/1209
f 452/1015/1005 441/1035/1025 442/1070/1060
f 442/1070/1060 451/1016/1006 452/1015/1005
f 903/1220/1210 901/1195/1185 899/1194/1184
f 899/1194/1184 904/1132/1122 903/1220/1210
f 1298/1221/1211 1300/465/463 1299/468/466
f 1299/468/466 1297/1222/1212 1298/1221/1211
f 894/317/315 765/681/678 888/318/316
f 760/367/365 769/534/532 761/544/542
f 761/544/542 752/368/366 760/367/365
f 890/316/314 808/234/233 806/233/232
f 806/233/232 844/332/330 890/316/314
f 412/965/955 481/1223/1213 479/967/957
f 479/967/957 410/1022/1012 412/965/955
f 775/1129/1119 773/1077/1067 772/1204/1194
f 772/1204/1194 774/1207/1197 775/1129/1119
f 878/628/625 648/1213/1203 646/689/686
f 646/689/686 880/629/626 878/628/625
f 1345/313/311 1346/1224/1214 1024/1225/1215
f 1024/1225/1215 1022/1052/1042 1345/313/311
f 898/648/645 899/1194/1184 900/1197/1187
f 1346/1224/1214 1351/312/310 1347/1226/1216
f 1347/1226/1216 1024/1225/1215 1346/1224/1214
f 901/1195/1185 903/1220/1210 902/1196/1186
f 861/851/848 860/850/847 858/589/586
f 858/589/586 862/588/585 861/851/848
f 1044/838/835 1042/639/636 1053/453/451
f 1053/453/451 1052/644/641 1044/838/835
f 1313/632/629 1315/764/761 1314/1227/1217
f 1314/1227/1217 1312/1228/1218 1313/632/629
f 687/371/369 866/1116/1106 686/501/499
f 686/501/499 292/704/701 687/371/369
f 650/994/984 648/1213/1203 878/628/625
f 878/628/625 876/723/720 650/994/984
f 1124/700/697 1125/998/988 1161/1210/1200
f 1161/1210/1200 1123/698/695 1124/700/697
f 1045/906/903 1044/838/835 1046/837/834
f 1046/837/834 1047/1229/1219 1045/906/903
f 1339/668/665 1338/1230/1220 1340/1231/1221
f 1340/1231/1221 1320/665/662 1339/668/665
f 1202/695/692 973/682/679 971/402/400
f 971/402/400 1201/1232/1222 1202/695/692
f 1134/1233/1223 1124/700/697 1122/673/670
f 1122/673/670 1133/672/669 1134/1233/1223
f 925/1102/1092 936/637/634 937/636/633
f 937/636/633 924/1114/1104 925/1102/1092
f 636/944/934 634/845/842 666/844/841
f 666/844/841 667/945/935 636/944/934
f 679/718/715 681/1105/1095 680/1200/1190
f 680/1200/1190 678/715/712 679/718/715
f 792/1234/1224 794/1059/1049 793/1060/1050
f 793/1060/1050 791/1235/1225 792/1234/1224
f 924/1114/1104 922/1111/1101 925/1102/1092
f 434/528/526 436/1236/1226 480/1079/1069
f 480/1079/1069 481/1223/1213 434/528/526
f 1078/981/971 1088/980/970 1087/848/845
f 1087/848/845 1076/865/862 1078/981/971
f 1126/301/299 1127/701/698 1125/998/988
f 1125/998/988 1124/700/697 1126/301/299
f 261/557/555 260/569/567 259/568/566
f 259/568/566 262/558/556 261/557/555
f 506/1020/1010 508/485/483 509/1237/1227
f 509/1237/1227 507/1047/1037 506/1020/1010
f 999/1107/1097 998/269/268 997/268/267
f 997/268/267 1019/595/592 999/1107/1097
f 931/475/473 933/772/769 929/599/596
f 1225/1214/1204 1221/1138/1128 1217/1121/1111
f 1217/1121/1111 1219/1120/1110 1225/1214/1204
f 843/331/329 841/618/615 842/617/614
f 842/617/614 844/332/330 843/331/329
f 856/1168/1158 855/1187/1177 280/342/340
f 280/342/340 282/349/347 856/1168/1158
f 759/603/600 768/532/530 760/367/365
f 760/367/365 753/366/364 759/603/600
f 938/1208/1198 939/1125/1115 932/1172/1162
f 386/583/580 392/1238/1228 390/646/643
f 390/646/643 387/584/581 386/583/580
f 933/772/769 940/482/480 934/771/768
f 990/1239/1229 991/819/816 993/818/815
f 993/818/815 992/1179/1169 990/1239/1229
f 702/808/805 703/669/666 697/1110/1100
f 697/1110/1100 696/992/982 702/808/805
f 1055/983/973 1096/996/986 1097/451/449
f 1097/451/449 1054/450/448 1055/983/973
f 596/1145/1135 594/977/967 606/976/966
f 606/976/966 608/592/589 596/1145/1135
f 942/638/635 941/481/479 944/484/482
f 1317/381/379 1316/384/382 1314/1227/1217
f 1314/1227/1217 1315/764/761 1317/381/379
f 945/483/481 940/482/480 939/1125/1115
f 1308/1240/1230 1309/933/923 1311/633/630
f 1311/633/630 1310/1241/1231 1308/1240/1230
f 1049/1242/1232 1048/1164/1154 1050/1163/1153
f 1050/1163/1153 1051/1243/1233 1049/1242/1232
f 1286/751/748 1309/933/923 1308/1240/1230
f 1308/1240/1230 1307/1046/1036 1286/751/748
f 539/801/798 544/1065/1055 543/520/518
f 543/520/518 537/798/795 539/801/798
f 1333/492/490 1331/408/406 1330/407/405
f 1330/407/405 1332/757/754 1333/492/490
f 1192/1244/1234 1185/1245/1235 1187/890/887
f 1187/890/887 1191/889/886 1192/1244/1234
f 647/1151/1141 952/1150/1140 645/687/684
f 1167/479/477 1176/978/968 1174/1191/1181
f 1174/1191/1181 1175/1246/1236 1167/479/477
f 917/324/322 952/1150/1140 918/472/470
f 276/335/333 717/762/759 718/1036/1026
f 718/1036/1026 274/652/649 276/335/333
f 923/1113/1103 916/1247/1237 921/1112/1102
f 953/1248/1238 954/605/602 955/608/605
f 1093/1025/1015 1094/551/549 1092/554/552
f 1092/554/552 1091/909/906 1093/1025/1015
f 661/1183/1173 660/739/736 692/742/739
f 692/742/739 693/1001/991 661/1183/1173
f 447/1156/1146 459/1249/1239 460/720/717
f 460/720/717 458/719/716 447/1156/1146
f 652/830/827 875/888/885 874/559/557
f 874/559/557 654/831/828 652/830/827
f 342/1250/1240 341/773/770 343/817/814
f 343/817/814 344/1251/1241 342/1250/1240
f 1223/951/941 1224/964/954 1209/963/953
f 1209/963/953 1211/1058/1048 1223/951/941
f 511/1252/1242 509/1237/1227 510/1253/1243
f 510/1253/1243 512/812/809 511/1252/1242
f 730/853/850 731/1254/1244 722/1037/1027
f 722/1037/1027 729/898/895 730/853/850
f 966/761/758 965/514/512 967/513/511
f 967/513/511 968/1199/1189 966/761/758
f 421/1101/1091 540/519/517 541/518/516
f 541/518/516 423/664/661 421/1101/1091
f 1206/1255/1245 1207/239/238 979/238/237
f 979/238/237 1205/1256/1246 1206/1255/1245
f 1185/1245/1235 1192/1244/1234 1193/1257/1247
f 1193/1257/1247 1183/1258/1248 1185/1245/1235
f 228/1094/1084 229/1093/1083 227/624/621
f 227/624/621 226/623/620 228/1094/1084
f 855/1187/1177 714/892/889 715/659/656
f 715/659/656 716/763/760 855/1187/1177
f 777/248/247 767/810/807 758/678/675
f 758/678/675 766/249/248 777/248/247
f 966/761/758 968/1199/1189 984/1259/1249
f 355/262/261 354/265/264 349/925/918
f 349/925/918 347/1260/1250 355/262/261
f 342/1250/1240 332/1261/1251 333/686/683
f 333/686/683 334/685/682 342/1250/1240
f 1101/643/640 1102/642/639 1104/574/571
f 1104/574/571 1103/573/570 1101/643/640
f 484/788/785 485/1262/1252 330/1211/1201
f 330/1211/1201 329/789/786 484/788/785
f 1113/1263/1253 1110/487/485 1114/364/362
f 1114/364/362 1115/1202/1192 1113/1263/1253
f 852/871/868 708/825/822 851/277/276
f 851/277/276 673/969/959 852/871/868
f 882/352/350 694/1099/1089 693/1001/991
f 693/1001/991 818/1000/990 882/352/350
f 810/709/706 889/319/317 891/355/353
f 891/355/353 812/1002/992 810/709/706
f 1146/1152/1142 1149/1264/1254 1148/1162/1152
f 1148/1162/1152 1147/1153/1143 1146/1152/1142
f 500/802/799 501/304/302 499/586/583
f 499/586/583 498/677/674 500/802/799
f 529/425/423 528/424/422 595/1066/1056
f 595/1066/1056 1281/1144/1134 529/425/423
f 366/286/285 367/285/284 369/1265/1255
f 369/1265/1255 368/1266/1255 366/286/285
f 1261/1267/1256 1263/663/660 1264/1268/1257
f 1264/1268/1257 1262/1269/1258 1261/1267/1256
f 311/421/419 277/334/332 275/333/331
f 275/333/331 313/422/420 311/421/419
f 1353/1180/1170 1347/1226/1216 1351/312/310
f 1351/312/310 1352/315/313 1353/1180/1170
f 1023/1053/1043 1024/1225/1215 1025/793/790
f 1025/793/790 1026/792/789 1023/1053/1043
f 1171/1089/1079 1165/1088/1078 1175/1246/1236
f 1175/1246/1236 1172/1192/1182 1171/1089/1079
f 1241/243/242 1237/745/742 1233/748/745
f 1233/748/745 1243/240/239 1241/243/242
f 1278/1270/1259 1276/956/946 1277/959/949
f 1277/959/949 1279/1271/1260 1278/1270/1259
f 439/446/444 432/530/528 416/655/652
f 416/655/652 431/447/445 439/446/444
f 631/1012/1002 629/941/931 630/942/932
f 630/942/932 632/846/843 631/1012/1002
f 694/1099/1089 662/1178/1168 661/1183/1173
f 661/1183/1173 693/1001/991 694/1099/1089
f 748/387/385 749/386/384 750/1272/1261
f 750/1272/1261 857/587/584 748/387/385
f 1311/633/630 1313/632/629 1312/1228/1218
f 1312/1228/1218 1310/1241/1231 1311/633/630
f 1019/595/592 1020/594/591 999/1107/1097
f 978/260/259 980/237/236 982/1040/1030
f 982/1040/1030 989/1273/1262 978/260/259
f 1020/594/591 1022/1052/1042 1021/1051/1041
f 732/852/849 733/1274/1263 731/1254/1244
f 731/1254/1244 730/853/850 732/852/849
f 1022/1052/1042 1024/1225/1215 1023/1053/1043
f 845/440/438 802/439/437 800/208/208
f 800/208/208 837/1173/1163 845/440/438
f 496/436/434 1164/1275/1264 1163/1087/1077
f 1163/1087/1077 498/677/674 496/436/434
f 1271/1276/1265 1272/1277/1266 1270/1278/1267
f 1270/1278/1267 1269/1279/1268 1271/1276/1265
f 1254/1280/1269 1255/1281/1270 1253/814/811
f 1253/814/811 1252/1014/1004 1254/1280/1269
f 1030/954/944 1031/955/945 1005/616/613
f 666/844/841 698/621/618 699/620/617
f 699/620/617 667/945/935 666/844/841
f 1305/835/832 1290/834/831 1288/752/749
f 1288/752/749 1306/1045/1035 1305/835/832
f 1031/955/945 1013/431/429 1007/1019/1009
f 894/317/315 890/316/314 844/332/330
f 844/332/330 842/617/614 894/317/315
f 577/1282/1271 581/939/929 579/1131/1121
f 579/1131/1121 578/1283/1272 577/1282/1271
f 1218/815/812 1217/1121/1111 1216/1284/1273
f 1216/1284/1273 1247/816/813 1218/815/812
f 479/967/957 481/1223/1213 480/1079/1069
f 480/1079/1069 476/968/958 479/967/957
f 445/1157/1147 447/1156/1146 458/719/716
f 458/719/716 451/1016/1006 445/1157/1147
f 640/880/877 638/879/876 668/934/924
f 668/934/924 669/935/925 640/880/877
f 1210/1285/1274 1212/320/318 1213/323/321
f 1213/323/321 1211/1058/1048 1210/1285/1274
f 355/262/261 471/713/710 469/712/709
f 469/712/709 472/1286/1275 355/262/261
f 1094/551/549 1095/997/987 1096/996/986
f 1096/996/986 1057/552/550 1094/551/549
f 708/825/822 709/824/821 710/274/273
f 710/274/273 851/277/276 708/825/822
f 482/1158/1148 326/504/502 304/1170/1160
f 304/1170/1160 325/1287/1276 482/1158/1148
f 725/656/653 713/893/890 711/576/573
f 711/576/573 726/578/575 725/656/653
f 1198/511/509 965/514/512 963/760/757
f 963/760/757 1197/1288/1277 1198/511/509
f 675/276/275 674/842/839 673/969/959
f 673/969/959 851/277/276 675/276/275
f 290/1026/1016 289/1027/1017 291/705/702
f 291/705/702 292/704/701 290/1026/1016
f 1170/1289/1278 1177/979/969 1169/478/476
f 1169/478/476 487/1141/1131 1170/1289/1278
f 296/373/371 295/389/387 297/378/376
f 297/378/376 298/380/378 296/373/371
f 1087/848/845 518/728/725 1085/374/372
f 1085/374/372 1076/865/862 1087/848/845
f 267/1290/1279 269/1061/1051 268/1124/1114
f 268/1124/1114 266/1291/1280 267/1290/1279
f 283/348/346 306/1008/998 305/404/402
f 305/404/402 285/403/401 283/348/346
f 1061/907/904 1059/1186/1176 1060/856/853
f 1060/856/853 1062/855/852 1061/907/904
f 1063/908/905 1064/336/334 1065/339/337
f 486/1292/1281 1170/1289/1278 487/1141/1131
f 487/1141/1131 397/1167/1157 486/1292/1281
f 1066/337/335 1068/922/915 1067/338/336
f 550/460/458 511/1252/1242 512/812/809
f 512/812/809 513/461/459 550/460/458
f 1062/855/852 1070/854/851 1064/336/334
f 1119/1293/1282 1117/1201/1191 1116/363/361
f 1116/363/361 1118/442/440 1119/1293/1282
f 1283/495/493 1282/220/220 1284/223/223
f 1284/223/223 532/496/494 1283/495/493
f 1072/1216/1206 1073/923/916 1068/922/915
f 1011/1017/1007 1012/1190/1180 1010/1294/1283
f 1010/1294/1283 1009/1018/1008 1011/1017/1007
f 662/1178/1168 694/1099/1089 695/991/981
f 695/991/981 663/1069/1059 662/1178/1168
f 812/1002/992 891/355/353 892/360/358
f 892/360/358 814/359/357 812/1002/992
f 1053/453/451 1099/702/699 1100/641/638
f 1100/641/638 1052/644/641 1053/453/451
f 1142/805/802 1133/672/669 1132/272/271
f 1132/272/271 1141/271/270 1142/805/802
f 1320/665/662 1340/1231/1221 1318/383/381
f 1318/383/381 1319/382/380 1320/665/662
f 463/1185/1175 437/1295/1284 435/1296/1285
f 435/1296/1285 455/210/210 463/1185/1175
f 914/1072/1062 915/1297/1286 913/455/453
f 913/455/453 912/454/452 914/1072/1062
f 1020/594/591 1344/597/594 1345/313/311
f 1345/313/311 1022/1052/1042 1020/594/591
f 746/410/408 747/388/386 748/387/385
f 748/387/385 858/589/586 746/410/408
f 1076/865/862 1085/374/372 1084/377/375
f 728/392/390 859/395/393 860/850/847
f 860/850/847 729/898/895 728/392/390
f 1086/376/374 516/375/373 514/811/808
f 1121/699/696 1119/1293/1282 1118/442/440
f 1118/442/440 1120/674/671 1121/699/696
f 1087/848/845 1088/980/970 520/847/844
f 655/1108/1098 951/987/977 938/1208/1198
f 938/1208/1198 653/829/826 655/1108/1098
f 1136/302/300 1134/1233/1223 1135/804/801
f 1135/804/801 1137/303/301 1136/302/300
f 785/609/606 789/612/609 790/1298/1287
f 790/1298/1287 786/1299/1288 785/609/606
f 1179/1300/1289 1180/464/462 1182/1301/1290
f 1182/1301/1290 1181/1302/1291 1179/1300/1289
f 1229/1303/1292 1230/1304/1293 1232/1305/1294
f 1232/1305/1294 1231/1118/1108 1229/1303/1292
f 592/737/734 525/306/304 591/949/939
f 591/949/939 604/734/731 592/737/734
f 651/474/472 653/829/826 938/1208/1198
f 938/1208/1198 932/1172/1162 651/474/472
f 457/722/719 461/721/718 462/1184/1174
f 462/1184/1174 456/213/213 457/722/719
f 946/1126/1116 947/990/980 949/989/979
f 949/989/979 948/1306/1295 946/1126/1116
f 689/1307/1296 864/469/467 688/370/368
f 688/370/368 296/373/371 689/1307/1296
f 1098/452/450 1099/702/699 1053/453/451
f 904/1132/1122 899/1194/1184 898/648/645
f 898/648/645 391/647/644 904/1132/1122
f 630/942/932 628/863/860 663/1069/1059
f 663/1069/1059 664/993/983 630/942/932
f 486/1292/1281 397/1167/1157 396/615/612
f 396/615/612 395/614/611 486/1292/1281
f 370/1308/1297 372/820/817 373/823/820
f 373/823/820 371/1309/1298 370/1308/1297
f 245/937/927 246/936/926 247/917/912
f 247/917/912 248/916/911 245/937/927
f 323/1006/996 306/1008/998 307/445/443
f 307/445/443 322/444/442 323/1006/996
f 1109/488/486 510/1253/1243 509/1237/1227
f 509/1237/1227 508/485/483 1109/488/486
f 1168/477/475 1178/1310/1299 492/580/577
f 492/580/577 490/579/576 1168/477/475
f 510/1253/1243 1109/488/486 1108/1311/1300
f 335/684/681 341/773/770 342/1250/1240
f 342/1250/1240 334/685/682 335/684/681
f 1271/1276/1265 1275/958/948 1274/957/947
f 1274/957/947 1273/1312/1301 1271/1276/1265
f 886/807/804 887/354/352 888/318/316
f 888/318/316 765/681/678 886/807/804
f 521/841/838 407/840/837 493/581/578
f 493/581/578 495/438/436 521/841/838
f 1102/642/639 1100/641/638 1128/300/298
f 1128/300/298 1137/303/301 1102/642/639
f 720/796/793 863/1313/1302 721/1123/1113
f 721/1123/1113 270/797/794 720/796/793
f 1120/674/671 1122/673/670 1121/699/696
f 868/502/500 866/1116/1106 867/560/558
f 867/560/558 869/887/884 868/502/500
f 410/1022/1012 411/426/424 413/966/956
f 413/966/956 412/965/955 410/1022/1012
f 275/333/331 273/651/648 392/1238/1228
f 392/1238/1228 386/583/580 275/333/331
f 735/676/673 707/826/823 736/1128/1118
f 736/1128/1118 738/675/672 735/676/673
f 1128/300/298 1100/641/638 1099/702/699
f 734/577/574 711/576/573 710/274/273
f 710/274/273 709/824/821 734/577/574
f 284/1104/1094 282/349/347 283/348/346
f 283/348/346 285/403/401 284/1104/1094
f 296/373/371 294/372/370 293/390/388
f 293/390/388 295/389/387 296/373/371
f 1131/273/272 1132/272/271 1120/674/671
f 405/693/690 491/582/579 493/581/578
f 493/581/578 407/840/837 405/693/690
f 1000/1106/1096 1002/416/414 1059/1186/1176
f 1059/1186/1176 1058/553/551 1000/1106/1096
f 931/475/473 929/599/596 928/598/595
f 928/598/595 930/476/474 931/475/473
f 1126/301/299 1124/700/697 1134/1233/1223
f 1134/1233/1223 1136/302/300 1126/301/299
f 577/1282/1271 470/714/711 576/754/751
f 576/754/751 580/753/750 577/1282/1271
f 589/946/936 591/949/939 525/306/304
f 525/306/304 503/305/303 589/946/936
f 204/914/909 202/1314/1303 203/1315/1304
f 203/1315/1304 205/915/910 204/914/909
f 1133/672/669 1142/805/802 1135/804/801
f 1135/804/801 1134/1233/1223 1133/672/669
f 1130/441/439 1139/1086/1076 1131/273/272
f 835/731/728 839/730/727 846/733/730
f 846/733/730 836/1062/1052 835/731/728
f 309/458/456 281/347/345 279/341/339
f 279/341/339 311/421/419 309/458/456
f 523/585/582 522/859/856 497/437/435
f 497/437/435 499/586/583 523/585/582
f 453/212/212 440/449/447 441/1035/1025
f 441/1035/1025 452/1015/1005 453/212/212
f 1143/806/803 1106/1218/1208 1144/803/800
f 512/812/809 510/1253/1243 1108/1311/1300
f 1108/1311/1300 1107/1009/999 512/812/809
f 1137/303/301 1135/804/801 1144/803/800
f 1145/572/569 1146/1152/1142 1103/573/570
f 919/601/598 927/600/597 926/1085/1075
f 926/1085/1075 920/1071/1061 919/601/598
f 592/737/734 593/975/965 526/857/854
f 526/857/854 525/306/304 592/737/734
f 423/664/661 541/518/516 542/690/687
f 542/690/687 425/1078/1068 423/664/661
f 786/1299/1288 782/1206/1196 781/1205/1195
f 781/1205/1195 785/609/606 786/1299/1288
f 323/1006/996 322/444/442 333/686/683
f 333/686/683 332/1261/1251 323/1006/996
f 1111/486/484 508/485/483 506/1020/1010
f 1168/477/475 1166/480/478 1164/1275/1264
f 1164/1275/1264 1178/1310/1299 1168/477/475
f 684/1049/1039 870/499/497 682/1122/1112
f 682/1122/1112 683/1050/1040 684/1049/1039
f 715/659/656 724/658/655 717/762/759
f 717/762/759 716/763/760 715/659/656
f 615/1316/1305 614/735/732 604/734/731
f 604/734/731 616/1317/1306 615/1316/1305
f 1249/813/810 1247/816/813 1246/1318/1307
f 1246/1318/1307 1248/1319/1308 1249/813/810
f 872/470/468 881/1198/1188 873/561/559
f 873/561/559 865/471/469 872/470/468
f 1288/752/749 1290/834/831 1289/894/891
f 1289/894/891 1287/749/746 1288/752/749
f 1003/414/412 1001/417/415 1021/1051/1041
f 1021/1051/1041 1027/1054/1044 1003/414/412
f 1165/1088/1078 1166/480/478 1167/479/477
f 1167/479/477 1175/1246/1236 1165/1088/1078
f 393/1133/1123 392/1238/1228 273/651/648
f 273/651/648 271/650/647 393/1133/1123
f 1048/1164/1154 1046/837/834 1101/643/640
f 1101/643/640 1147/1153/1143 1048/1164/1154
f 997/268/267 995/267/266 1018/596/593
f 1018/596/593 1019/595/592 997/268/267
f 474/691/688 476/968/958 477/1081/1071
f 477/1081/1071 475/1320/1309 474/691/688
f 1138/903/900 498/677/674 1163/1087/1077
f 785/609/606 781/1205/1195 780/1142/1132
f 780/1142/1132 784/610/607 785/609/606
f 1245/1321/1310 1246/1318/1307 1247/816/813
f 1247/816/813 1216/1284/1273 1245/1321/1310
f 852/871/868 706/870/867 707/826/823
f 707/826/823 708/825/822 852/871/868
f 889/319/317 810/709/706 808/234/233
f 808/234/233 890/316/314 889/319/317
f 1039/1203/1193 1038/984/974 1040/640/637
f 1040/640/637 1041/778/775 1039/1203/1193
f 494/435/433 492/580/577 1178/1310/1299
f 1178/1310/1299 1164/1275/1264 494/435/433
f 644/688/685 672/970/960 880/629/626
f 880/629/626 646/689/686 644/688/685
f 1114/364/362 1110/487/485 1111/486/484
f 1111/486/484 1112/365/363 1114/364/362
f 1000/1106/1096 1058/553/551 1057/552/550
f 1057/552/550 1056/986/976 1000/1106/1096
f 1172/1192/1182 1175/1246/1236 1174/1191/1181
f 613/875/872 607/593/590 605/736/733
f 605/736/733 614/735/732 613/875/872
f 917/324/322 643/283/282 645/687/684
f 645/687/684 952/1150/1140 917/324/322
f 835/731/728 833/1064/1054 788/611/608
f 788/611/608 787/732/729 835/731/728
f 594/977/967 596/1145/1135 595/1066/1056
f 595/1066/1056 527/858/855 594/977/967
f 1243/240/239 1233/748/745 1231/1118/1108
f 1231/1118/1108 1180/464/462 1243/240/239
f 319/413/411 317/412/410 387/584/581
f 387/584/581 388/1189/1179 319/413/411
f 494/435/433 1164/1275/1264 496/436/434
f 1159/1024/1014 1157/1097/1087 1158/1096/1086
f 1158/1096/1086 1093/1025/1015 1159/1024/1014
f 1344/597/594 1348/787/784 1350/314/312
f 1350/314/312 1345/313/311 1344/597/594
f 1337/828/825 1339/668/665 1322/667/664
f 1322/667/664 1343/1322/1311 1337/828/825
f 380/1323/1312 381/299/297 383/298/296
f 383/298/296 382/1324/1313 380/1323/1312
f 581/939/929 577/1282/1271 580/753/750
f 580/753/750 585/940/930 581/939/929
f 1187/890/887 1188/769/766 1189/768/765
f 540/519/517 421/1101/1091 419/1154/1144
f 419/1154/1144 535/1067/1057 540/519/517
f 343/817/814 338/490/488 339/328/326
f 339/328/326 345/1325/1314 343/817/814
f 1270/1278/1267 1268/1326/1315 1266/660/657
f 1266/660/657 1269/1279/1268 1270/1278/1267
f 1232/1305/1294 1184/1327/1316 1183/1258/1248
f 1183/1258/1248 1182/1301/1290 1232/1305/1294
f 1231/1118/1108 1232/1305/1294 1182/1301/1290
f 1182/1301/1290 1180/464/462 1231/1118/1108
f 357/1328/1317 358/1136/1126 356/1135/1125
f 356/1135/1125 347/1260/1250 357/1328/1317
f 1184/1327/1316 1232/1305/1294 1230/1304/1293
f 1230/1304/1293 1256/1329/1318 1184/1327/1316
f 1152/999/989 1156/1095/1085 1154/1098/1088
f 1154/1098/1088 1153/1209/1199 1152/999/989
f 1197/1288/1277 963/760/757 960/960/950
f 960/960/950 962/962/952 1197/1288/1277
f 1040/640/637 1038/984/974 1055/983/973
f 1055/983/973 1054/450/448 1040/640/637
f 956/606/603 958/1330/1319 959/961/951
f 959/961/951 957/607/604 956/606/603
f 685/500/498 684/1049/1039 288/358/356
f 288/358/356 290/1026/1016 685/500/498
f 412/965/955 414/529/527 434/528/526
f 434/528/526 481/1223/1213 412/965/955
f 1211/1058/1048 1209/963/953 1208/1331/1320
f 1208/1331/1320 1210/1285/1274 1211/1058/1048
f 1205/1256/1246 979/238/237 977/261/260
f 977/261/260 1204/777/774 1205/1256/1246
f 1250/1332/1321 1251/1013/1003 1249/813/810
f 1249/813/810 1248/1319/1308 1250/1332/1321
f 1071/1056/1046 1072/1216/1206 1068/922/915
f 1068/922/915 1066/337/335 1071/1056/1046
f 1206/1255/1245 1208/1331/1320 1209/963/953
f 1209/963/953 1207/239/238 1206/1255/1245
f 466/744/741 465/1031/1021 446/1030/1020
f 446/1030/1020 444/743/740 466/744/741
f 1228/1333/1322 1224/964/954 1223/951/941
f 1223/951/941 1227/950/940 1228/1333/1322
f 779/533/531 780/1142/1132 770/542/540
f 770/542/540 769/534/532 779/533/531
f 1005/616/613 1003/414/412 1027/1054/1044
f 1027/1054/1044 1030/954/944 1005/616/613
f 1335/493/491 1337/828/825 1343/1322/1311
f 1343/1322/1311 1342/494/492 1335/493/491
f 971/402/400 969/401/399 1200/1334/1323
f 1200/1334/1323 1201/1232/1222 971/402/400
f 1282/220/220 1283/495/493 1281/1144/1134
f 1281/1144/1134 597/1143/1133 1282/220/220
f 699/620/617 705/619/616 706/870/867
f 706/870/867 700/873/870 699/620/617
f 393/1133/1123 271/650/647 269/1061/1051
f 269/1061/1051 905/1134/1124 393/1133/1123
f 1032/868/865 1033/432/430 1029/791/788
f 1029/791/788 1028/794/791 1032/868/865
f 305/404/402 324/1007/997 325/1287/1276
f 325/1287/1276 304/1170/1160 305/404/402
f 995/267/266 993/818/815 1017/784/781
f 1017/784/781 1018/596/593 995/267/266
f 742/393/391 741/1041/1031 743/411/409
f 743/411/409 744/394/392 742/393/391
f 232/1335/1324 230/1092/1082 231/1091/1081
f 231/1091/1081 233/1336/1325 232/1335/1324
f 1262/1269/1258 1260/930/921 1258/929/921
f 1258/929/921 1261/1267/1256 1262/1269/1258
f 348/924/917 346/1337/1326 347/1260/1250
f 347/1260/1250 349/925/918 348/924/917
f 1163/1087/1077 1164/1275/1264 1166/480/478
f 1166/480/478 1165/1088/1078 1163/1087/1077
f 439/446/444 454/211/211 433/531/529
f 433/531/529 432/530/528 439/446/444
f 585/940/930 580/753/750 584/756/753
f 584/756/753 586/1169/1159 585/940/930
f 1185/1245/1235 1186/1181/1171 1188/769/766
f 1188/769/766 1187/890/887 1185/1245/1235
f 596/1145/1135 608/592/589 598/1034/1024
f 598/1034/1024 597/1143/1133 596/1145/1135
f 1216/1284/1273 1215/322/320 1214/321/319
f 1214/321/319 1245/1321/1310 1216/1284/1273
f 464/1028/1018 450/1338/1327 449/1339/1328
f 449/1339/1328 448/1029/1019 464/1028/1018
f 473/1159/1149 404/692/689 474/691/688
f 474/691/688 475/1320/1309 473/1159/1149
f 770/542/540 772/1204/1194 773/1077/1067
f 773/1077/1067 771/543/541 770/542/540
f 1063/908/905 1061/907/904 1062/855/852
f 1062/855/852 1064/336/334 1063/908/905
f 630/942/932 664/993/983 665/843/840
f 665/843/840 632/846/843 630/942/932
f 327/505/503 328/790/787 301/391/389
f 301/391/389 302/506/504 327/505/503
f 1296/776/773 1298/1221/1211 1297/1222/1212
f 1297/1222/1212 1295/775/772 1296/776/773
f 1183/1258/1248 1184/1327/1316 1186/1181/1171
f 1186/1181/1171 1185/1245/1235 1183/1258/1248
f 1171/1089/1079 1172/1192/1182 1141/271/270
f 1141/271/270 1140/270/269 1171/1089/1079
f 1264/1268/1257 1263/663/660 1265/662/659
f 834/1063/1053 798/207/207 796/219/219
f 796/219/219 794/1059/1049 834/1063/1053
f 1266/660/657 1268/1326/1315 1267/661/658
f 967/513/511 1199/512/510 1200/1334/1323
f 1200/1334/1323 969/401/399 967/513/511
f 770/542/540 780/1142/1132 781/1205/1195
f 781/1205/1195 772/1204/1194 770/542/540
f 1272/1277/1266 1271/1276/1265 1273/1312/1301
f 309/458/456 308/443/441 307/445/443
f 307/445/443 281/347/345 309/458/456
f 386/583/580 315/429/427 313/422/420
f 313/422/420 275/333/331 386/583/580
f 984/1259/1249 968/1199/1189 970/400/398
f 970/400/398 985/1188/1178 984/1259/1249
f 350/780/777 349/925/918 354/265/264
f 354/265/264 351/781/778 350/780/777
f 635/1038/1028 633/1011/1001 634/845/842
f 634/845/842 636/944/934 635/1038/1028
f 432/530/528 414/529/527 415/653/650
f 415/653/650 416/655/652 432/530/528
f 213/1175/1165 211/1340/1329 210/1341/1330
f 210/1341/1330 212/1176/1166 213/1175/1165
f 598/1034/1024 610/1033/1023 600/1342/1331
f 600/1342/1331 599/221/221 598/1034/1024
f 529/425/423 530/498/496 413/966/956
f 413/966/956 411/426/424 529/425/423
f 1238/927/920 1239/926/919 1241/243/242
f 1241/243/242 1240/242/241 1238/927/920
f 916/1247/1237 915/1297/1286 914/1072/1062
f 914/1072/1062 921/1112/1102 916/1247/1237
f 749/386/384 764/972/962 751/1343/1332
f 751/1343/1332 750/1272/1261 749/386/384
f 1047/1229/1219 1046/837/834 1048/1164/1154
f 1048/1164/1154 1049/1242/1232 1047/1229/1219
f 209/199/199 208/198/198 210/1341/1330
f 210/1341/1330 211/1340/1329 209/199/199
f 436/1236/1226 434/528/526 433/531/529
f 433/531/529 435/1296/1285 436/1236/1226
f 258/570/568 257/1344/1333 255/1345/1334
f 255/1345/1334 256/571/568 258/570/568
f 834/1063/1053 794/1059/1049 792/1234/1224
f 792/1234/1224 833/1064/1054 834/1063/1053
f 906/1346/1335 903/1220/1210 904/1132/1122
f 904/1132/1122 905/1134/1124 906/1346/1335
f 283/348/346 281/347/345 307/445/443
f 307/445/443 306/1008/998 283/348/346
f 988/1171/1161 976/708/705 978/260/259
f 978/260/259 989/1273/1262 988/1171/1161
f 1294/259/258 1292/258/257 1304/836/833
f 417/654/651 531/497/495 532/496/494
f 532/496/494 533/974/964 417/654/651
f 1083/510/508 1082/1057/1047 1070/854/851
f 1070/854/851 1069/507/505 1083/510/508
f 1081/1055/1045 1080/1217/1207 1072/1216/1206
f 1072/1216/1206 1071/1056/1046 1081/1055/1045
f 1151/703/700 1098/452/450 1097/451/449
f 1097/451/449 1155/995/985 1151/703/700
f 1113/1263/1253 1108/1311/1300 1109/488/486
f 1109/488/486 1110/487/485 1113/1263/1253
f 1336/827/824 1338/1230/1220 1339/668/665
f 1339/668/665 1337/828/825 1336/827/824
f 909/904/901 908/280/279 910/325/323
f 910/325/323 911/456/454 909/904/901
f 789/612/609 792/1234/1224 791/1235/1225
f 791/1235/1225 790/1298/1287 789/612/609
f 201/246/245 203/1315/1304 202/1314/1303
f 202/1314/1303 200/247/246 201/246/245
f 599/221/221 600/1342/1331 602/1177/1167
f 602/1177/1167 601/222/222 599/221/221
f 471/713/710 355/262/261 347/1260/1250
f 347/1260/1250 356/1135/1125 471/713/710
f 622/196/196 660/739/736 661/1183/1173
f 661/1183/1173 624/197/197 622/196/196
f 805/1147/1137 803/1090/1080 802/439/437
f 802/439/437 804/330/328 805/1147/1137
f 879/630/627 676/716/713 678/715/712
f 678/715/712 877/627/624 879/630/627
f 762/1076/1066 745/409/407 761/544/542
f 761/544/542 771/543/541 762/1076/1066
f 831/420/418 797/218/218 799/206/206
f 799/206/206 830/625/622 831/420/418
f 1007/1019/1009 1009/1018/1008 1008/509/507
f 1008/509/507 1006/508/506 1007/1019/1009
f 1013/431/429 1031/955/945 1029/791/788
f 1029/791/788 1033/432/430 1013/431/429
f 408/839/836 410/1022/1012 479/967/957
f 479/967/957 406/694/691 408/839/836
f 437/1295/1284 438/1347/1336 436/1236/1226
f 436/1236/1226 435/1296/1285 437/1295/1284
f 932/1172/1162 939/1125/1115 940/482/480
f 940/482/480 933/772/769 932/1172/1162
f 1331/408/406 1333/492/490 1341/491/489
f 390/646/643 392/1238/1228 393/1133/1123
f 393/1133/1123 391/647/644 390/646/643
f 419/1154/1144 533/974/964 534/973/963
f 534/973/963 535/1067/1057 419/1154/1144
f 317/412/410 316/430/428 315/429/427
f 315/429/427 387/584/581 317/412/410
f 833/1064/1054 792/1234/1224 789/612/609
f 789/612/609 788/611/608 833/1064/1054
f 735/676/673 739/604/601 734/577/574
f 734/577/574 709/824/821 735/676/673
f 607/593/590 608/592/589 606/976/966
f 606/976/966 605/736/733 607/593/590
f 471/713/710 356/1135/1125 576/754/751
f 576/754/751 470/714/711 471/713/710
f 756/670/667 886/807/804 765/681/678
f 765/681/678 757/680/677 756/670/667
f 644/688/685 670/1044/1034 671/971/961
f 671/971/961 672/970/960 644/688/685
f 1112/365/363 1111/486/484 504/1021/1011
f 504/1021/1011 502/706/703 1112/365/363
f 731/1254/1244 733/1274/1263 863/1313/1302
f 863/1313/1302 720/796/793 731/1254/1244
f 998/269/268 999/1107/1097 1000/1106/1096
f 1000/1106/1096 1056/986/976 998/269/268
f 649/473/471 647/1151/1141 648/1213/1203
f 648/1213/1203 650/994/984 649/473/471
f 1346/1224/1214 1345/313/311 1351/312/310
f 370/1308/1297 371/1309/1298 368/1266/1255
f 368/1266/1255 369/1265/1255 370/1308/1297
f 745/409/407 743/411/409 752/368/366
f 752/368/366 761/544/542 745/409/407
f 1008/509/507 1009/1018/1008 1010/1294/1283
f 1010/1294/1283 1083/510/508 1008/509/507
f 860/850/847 859/395/393 746/410/408
f 746/410/408 858/589/586 860/850/847
f 442/1070/1060 443/849/846 445/1157/1147
f 445/1157/1147 451/1016/1006 442/1070/1060
f 378/1348/1337 377/919/913 376/918/913
f 376/918/913 1361/1349/1338 378/1348/1337
f 1280/1350/921 1278/1270/1259 1279/1271/1260
f 1279/1271/1260 1357/1351/921 1280/1350/921
f 1020/594/591 1021/1051/1041 1001/417/415
f 1001/417/415 999/1107/1097 1020/594/591
f 1196/1352/1339 1195/1182/1172 1186/1181/1171
f 1186/1181/1171 1184/1327/1316 1196/1352/1339
f 762/1076/1066 896/517/515 763/385/383
f 763/385/383 747/388/386 762/1076/1066
f 478/1080/1070 480/1079/1069 436/1236/1226
f 436/1236/1226 438/1347/1336 478/1080/1070
f 722/1037/1027 731/1254/1244 720/796/793
f 720/796/793 719/795/792 722/1037/1027
f 692/742/739 691/741/738 820/881/878
f 820/881/878 819/884/881 692/742/739
f 447/1156/1146 448/1029/1019 449/1339/1328
f 449/1339/1328 459/1249/1239 447/1156/1146
f 1139/1086/1076 1130/441/439 1138/903/900
f 1138/903/900 1163/1087/1077 1139/1086/1076
f 906/1346/1335 905/1134/1124 269/1061/1051
f 269/1061/1051 267/1290/1279 906/1346/1335
f 299/379/377 297/378/376 300/874/871
f 300/874/871 331/1212/1202 299/379/377
f 454/211/211 455/210/210 435/1296/1285
f 435/1296/1285 433/531/529 454/211/211
f 1158/1096/1086 1095/997/987 1094/551/549
f 1094/551/549 1093/1025/1015 1158/1096/1086
f 603/948/938 616/1317/1306 604/734/731
f 604/734/731 591/949/939 603/948/938
f 1060/856/853 1004/415/413 1006/508/506
f 1006/508/506 1069/507/505 1060/856/853
f 333/686/683 322/444/442 308/443/441
f 308/443/441 321/683/680 333/686/683
f 1036/985/975 996/266/265 998/269/268
f 998/269/268 1056/986/976 1036/985/975
f 964/759/756 961/1219/1209 960/960/950
f 960/960/950 963/760/757 964/759/756
f 1360/1353/1340 1181/1302/1291 1182/1301/1290
f 1182/1301/1290 1183/1258/1248 1360/1353/1340
f 1356/1354/1341 344/1251/1241 343/817/814
f 343/817/814 345/1325/1314 1356/1354/1341
f 1255/1281/1270 1220/1119/1109 1218/815/812
f 1218/815/812 1253/814/811 1255/1281/1270
f 756/670/667 703/669/666 702/808/805
f 702/808/805 886/807/804 756/670/667
f 1362/1323/1342 265/1324/1343 264/556/554
f 264/556/554 263/555/553 1362/1323/1342
f 1146/1152/1142 1145/572/569 1150/1355/1344
f 1150/1355/1344 1149/1264/1254 1146/1152/1142
f 298/380/378 690/1356/1345 689/1307/1296
f 689/1307/1296 296/373/371 298/380/378
f 1137/303/301 1144/803/800 1104/574/571
f 1104/574/571 1102/642/639 1137/303/301
f 930/476/474 928/598/595 918/472/470
f 918/472/470 952/1150/1140 930/476/474
f 943/635/632 942/638/635 944/484/482
f 944/484/482 1359/1357/1346 943/635/632
f 1215/322/320 1216/1284/1273 1217/1121/1111
f 1217/1121/1111 1221/1138/1128 1215/322/320
f 615/1316/1305 617/895/892 613/875/872
f 613/875/872 614/735/732 615/1316/1305
f 678/715/712 680/1200/1190 871/724/721
f 871/724/721 877/627/624 678/715/712
f 234/1358/1347 232/1335/1324 233/1336/1325
f 233/1336/1325 1355/1359/1347 234/1358/1347
f 1296/776/773 1294/259/258 1304/836/833
f 1304/836/833 1298/1221/1211 1296/776/773
f 1224/964/954 1228/1333/1322 983/1039/1029
f 983/1039/1029 981/236/235 1224/964/954
f 278/340/338 280/342/340 855/1187/1177
f 855/1187/1177 716/763/760 278/340/338
f 470/714/711 577/1282/1271 578/1283/1272
f 578/1283/1272 1358/1360/1348 470/714/711
f 1239/926/919 1237/745/742 1241/243/242
f 1367/1361/1349 1365/1362/1350 1366/1363/1350
f 1366/1363/1350 1368/1364/1351 1367/1361/1349
f 1373/1365/1352 1367/1361/1349 1371/1366/1353
f 1371/1366/1353 1372/1367/1354 1373/1365/1352
f 1373/1365/1352 1372/1367/1354 1374/1368/1355
f 1374/1368/1355 1375/1369/1356 1373/1365/1352
f 1445/1370/1357 1449/1371/1358 1456/1372/1359
f 1456/1372/1359 1457/1373/1359 1445/1370/1357
f 1379/1374/1355 1378/1375/1355 1376/1376/1360
f 1376/1376/1360 1377/1377/1361 1379/1374/1355
f 1458/1378/1362 1390/1379/1363 1391/1380/1364
f 1391/1380/1364 1392/1381/1365 1458/1378/1362
f 1402/1382/1366 1467/1383/1367 1400/1384/1368
f 1400/1384/1368 1401/1385/1369 1402/1382/1366
f 1473/1386/1370 1395/1387/1371 1393/1388/1372
f 1393/1388/1372 1398/1389/1373 1473/1386/1370
f 1472/1390/1374 1473/1386/1370 1398/1389/1373
f 1398/1389/1373 1470/1391/1375 1472/1390/1374
f 1384/1392/1376 1461/1393/1377 1462/1394/1378
f 1462/1394/1378 1463/1395/1379 1384/1392/1376
f 1475/1396/1380 1481/1397/1381 1482/1398/1382
f 1482/1398/1382 1483/1399/1383 1475/1396/1380
f 1434/1400/1384 1430/1401/1385 1432/1402/1386
f 1432/1402/1386 1433/1403/1387 1434/1400/1384
f 1397/1404/1388 1474/1405/1389 1475/1396/1380
f 1475/1396/1380 1476/1406/1390 1397/1404/1388
f 1385/1407/1391 1403/1408/1392 1402/1382/1366
f 1402/1382/1366 1401/1385/1369 1385/1407/1391
f 1392/1381/1365 1391/1380/1364 1393/1388/1372
f 1393/1388/1372 1394/1409/1393 1392/1381/1365
f 1460/1410/1394 1386/1411/1395 1387/1412/1396
f 1387/1412/1396 1388/1413/1397 1460/1410/1394
f 1461/1393/1377 1384/1392/1376 1386/1411/1395
f 1386/1411/1395 1460/1410/1394 1461/1393/1377
f 1480/1414/1398 1479/1415/1399 1484/1416/1400
f 1484/1416/1400 1481/1397/1381 1480/1414/1398
f 1472/1390/1374 1479/1415/1399 1480/1414/1398
f 1480/1414/1398 1473/1386/1370 1472/1390/1374
f 1485/1417/1401 1484/1416/1400 1487/1418/1402
f 1487/1418/1402 1486/1419/1403 1485/1417/1401
f 1380/1420/1404 1381/1421/1405 1383/1422/1406
f 1383/1422/1406 1382/1423/1407 1380/1420/1404
f 1449/1371/1358 1438/1424/1408 1455/1425/1359
f 1455/1425/1359 1454/1426/1359 1449/1371/1358
f 1422/1427/1409 1421/1428/1410 1420/1429/1409
f 1420/1429/1409 1423/1430/1411 1422/1427/1409
f 1406/1431/1412 1407/1432/1413 1408/1433/1414
f 1472/1390/1374 1470/1391/1375 1471/1434/1415
f 1471/1434/1415 1478/1435/1416 1472/1390/1374
f 1409/1436/1417 1411/1437/1411 1410/1438/1418
f 1427/1439/1413 1428/1440/1385 1429/1441/1419
f 1429/1441/1419 1426/1442/1385 1427/1439/1413
f 1430/1401/1385 1429/1441/1419 1428/1440/1385
f 1428/1440/1385 1431/1443/1420 1430/1401/1385
f 1415/1444/1421 1416/1445/1417 1414/1446/1422
f 1479/1415/1399 1488/1447/1423 1487/1418/1402
f 1487/1418/1402 1484/1416/1400 1479/1415/1399
f 1417/1448/1424 1418/1449/1425 1419/1450/1426
f 1412/1451/1418 1415/1444/1421 1414/1446/1422
f 1414/1446/1422 1413/1452/1418 1412/1451/1418
f 1443/1453/1427 1444/1454/1428 1445/1370/1357
f 1445/1370/1357 1440/1455/1429 1443/1453/1427
f 1422/1427/1409 1423/1430/1411 1424/1456/1409
f 1465/1457/1430 1461/1393/1377 1460/1410/1394
f 1460/1410/1394 1464/1458/1431 1465/1457/1430
f 1425/1459/1386 1427/1439/1413 1426/1442/1385
f 1404/1460/1413 1405/1461/1413 1407/1432/1413
f 1407/1432/1413 1406/1431/1412 1404/1460/1413
f 1410/1438/1418 1411/1437/1411 1412/1451/1418
f 1412/1451/1418 1413/1452/1418 1410/1438/1418
f 1431/1443/1420 1432/1402/1386 1430/1401/1385
f 1390/1379/1363 1458/1378/1362 1459/1462/1432
f 1459/1462/1432 1388/1413/1397 1390/1379/1363
f 1433/1403/1387 1435/1463/1421 1434/1400/1384
f 1420/1429/1409 1421/1428/1410 1417/1448/1424
f 1417/1448/1424 1419/1450/1426 1420/1429/1409
f 1369/1464/1433 1377/1377/1361 1376/1376/1360
f 1376/1376/1360 1371/1366/1353 1369/1464/1433
f 1449/1371/1358 1445/1370/1357 1447/1465/1434
f 1447/1465/1434 1448/1466/1435 1449/1371/1358
f 1440/1455/1429 1442/1467/1436 1443/1453/1427
f 1449/1371/1358 1451/1468/1437 1452/1469/1438
f 1452/1469/1438 1438/1424/1408 1449/1371/1358
f 1365/1362/1350 1363/1470/1355 1364/1471/1355
f 1364/1471/1355 1366/1363/1350 1365/1362/1350
f 1444/1454/1428 1447/1465/1434 1445/1370/1357
f 1441/1472/1439 1442/1467/1436 1440/1455/1429
f 1440/1455/1429 1438/1424/1408 1441/1472/1439
f 1449/1371/1358 1448/1466/1435 1450/1473/1440
f 1450/1473/1440 1451/1468/1437 1449/1371/1358
f 1371/1366/1353 1367/1361/1349 1368/1364/1351
f 1368/1364/1351 1369/1464/1433 1371/1366/1353
f 1438/1424/1408 1440/1455/1429 1439/1474/1359
f 1439/1474/1359 1437/1475/1441 1438/1424/1408
f 1459/1462/1432 1464/1458/1431 1460/1410/1394
f 1460/1410/1394 1388/1413/1397 1459/1462/1432
f 1425/1459/1386 1426/1442/1385 1422/1427/1409
f 1422/1427/1409 1424/1456/1409 1425/1459/1386
f 1388/1413/1397 1387/1412/1396 1389/1476/1442
f 1389/1476/1442 1390/1379/1363 1388/1413/1397
f 1480/1414/1398 1474/1405/1389 1395/1387/1371
f 1395/1387/1371 1473/1386/1370 1480/1414/1398
f 1466/1477/1443 1462/1394/1378 1461/1393/1377
f 1461/1393/1377 1465/1457/1430 1466/1477/1443
f 1414/1446/1422 1416/1445/1417 1418/1449/1425
f 1418/1449/1425 1417/1448/1424 1414/1446/1422
f 1410/1438/1418 1406/1431/1412 1408/1433/1414
f 1408/1433/1414 1409/1436/1417 1410/1438/1418
f 1484/1416/1400 1485/1417/1401 1482/1398/1382
f 1482/1398/1382 1481/1397/1381 1484/1416/1400
f 1397/1404/1388 1396/1478/1444 1395/1387/1371
f 1395/1387/1371 1474/1405/1389 1397/1404/1388
f 1385/1407/1391 1401/1385/1369 1387/1412/1396
f 1387/1412/1396 1386/1411/1395 1385/1407/1391
f 1393/1388/1372 1391/1380/1364 1399/1479/1445
f 1399/1479/1445 1398/1389/1373 1393/1388/1372
f 1394/1409/1393 1393/1388/1372 1395/1387/1371
f 1395/1387/1371 1396/1478/1444 1394/1409/1393
f 1470/1391/1375 1469/1480/1446 1468/1481/1447
f 1468/1481/1447 1471/1434/1415 1470/1391/1375
f 1469/1480/1446 1470/1391/1375 1398/1389/1373
f 1398/1389/1373 1399/1479/1445 1469/1480/1446
f 1389/1476/1442 1399/1479/1445 1391/1380/1364
f 1391/1380/1364 1390/1379/1363 1389/1476/1442
f 1481/1397/1381 1475/1396/1380 1474/1405/1389
f 1474/1405/1389 1480/1414/1398 1481/1397/1381
f 1401/1385/1369 1400/1384/1368 1389/1476/1442
f 1389/1476/1442 1387/1412/1396 1401/1385/1369
f 1384/1392/1376 1383/1422/1406 1385/1407/1391
f 1385/1407/1391 1386/1411/1395 1384/1392/1376
f 1478/1435/1416 1488/1447/1423 1479/1415/1399
f 1479/1415/1399 1472/1390/1374 1478/1435/1416
f 1468/1481/1447 1469/1480/1446 1400/1384/1368
f 1400/1384/1368 1467/1383/1367 1468/1481/1447
f 1368/1364/1351 1489/1482/1448 1370/1483/1449
f 1370/1483/1449 1369/1464/1433 1368/1364/1351
f 1381/1421/1405 1403/1408/1392 1385/1407/1391
f 1385/1407/1391 1383/1422/1406 1381/1421/1405
f 1370/1483/1449 1489/1482/1448 1492/1484/1450
f 1492/1484/1450 1490/1485/1355 1370/1483/1449
f 1383/1422/1406 1384/1392/1376 1463/1395/1379
f 1463/1395/1379 1382/1423/1407 1383/1422/1406
f 1434/1400/1384 1435/1463/1421 1436/1486/1421
f 1436/1486/1421 1493/1487/1451 1434/1400/1384
f 1441/1472/1439 1438/1424/1408 1452/1469/1438
f 1452/1469/1438 1453/1488/1452 1441/1472/1439
f 1469/1480/1446 1399/1479/1445 1389/1476/1442
f 1389/1476/1442 1400/1384/1368 1469/1480/1446
f 1483/1399/1383 1477/1489/1453 1476/1406/1390
f 1476/1406/1390 1475/1396/1380 1483/1399/1383
f 1440/1455/1429 1445/1370/1357 1446/1490/1359
f 1446/1490/1359 1491/1491/1454 1440/1455/1429
f 1505/1492/1455 1504/1493/1456 1506/1494/1457
f 1506/1494/1457 1507/1495/1458 1505/1492/1455
f 1505/1492/1455 1502/1496/1459 1503/1497/1460
f 1503/1497/1460 1504/1493/1456 1505/1492/1455
f 1509/1498/1461 1510/1499/1461 1506/1494/1457
f 1506/1494/1457 1508/1500/1462 1509/1498/1461
f 1498/1501/1463 1499/1502/1463 1501/1503/1464
f 1501/1503/1464 1500/1504/1465 1498/1501/1463
f 1501/1503/1464 1503/1497/1460 1502/1496/1459
f 1502/1496/1459 1500/1504/1465 1501/1503/1464
f 1498/1501/1463 1496/1505/1466 1497/1506/1466
f 1497/1506/1466 1499/1502/1463 1498/1501/1463
f 1504/1493/1456 1508/1500/1462 1506/1494/1457
f 1514/1507/1467 1507/1495/1458 1512/1508/1468
f 1512/1508/1468 1513/1509/1468 1514/1507/1467
f 1511/1510/1468 1512/1508/1468 1507/1495/1458
f 1496/1505/1466 1494/1511/1469 1495/1512/1470
f 1495/1512/1470 1497/1506/1466 1496/1505/1466
f 1507/1495/1458 1514/1507/1467 1505/1492/1455
f 1510/1499/1461 1515/1513/1462 1506/1494/1457
f 1537/1514/1471 1536/1515/1472 1538/1516/1473
f 1538/1516/1473 1539/1517/1474 1537/1514/1471
f 1534/1518/1475 1532/1519/1476 1533/1520/1477
f 1533/1520/1477 1535/1521/1478 1534/1518/1475
f 1525/1522/1479 1524/1523/1480 1526/1524/1481
f 1526/1524/1481 1527/1525/1482 1525/1522/1479
f 1564/1526/1483 1563/1527/1484 1565/1528/1485
f 1565/1528/1485 1566/1529/1486 1564/1526/1483
f 1532/1519/1476 1530/1530/1487 1531/1531/1488
f 1531/1531/1488 1533/1520/1477 1532/1519/1476
f 1548/1532/1489 1546/1533/1490 1547/1534/1491
f 1547/1534/1491 1549/1535/1492 1548/1532/1489
f 1541/1536/1493 1540/1537/1494 1542/1538/1495
f 1542/1538/1495 1543/1539/1496 1541/1536/1493
f 1539/1517/1474 1538/1516/1473 1540/1537/1494
f 1540/1537/1494 1541/1536/1493 1539/1517/1474
f 1518/1540/1497 1516/1541/1498 1517/1542/1498
f 1517/1542/1498 1519/1543/1499 1518/1540/1497
f 1520/1544/1500 1521/1545/1501 1518/1540/1497
f 1518/1540/1497 1519/1543/1499 1520/1544/1500
f 1543/1539/1496 1542/1538/1495 1544/1546/1502
f 1544/1546/1502 1545/1547/1503 1543/1539/1496
f 1528/1548/1504 1527/1525/1482 1526/1524/1481
f 1526/1524/1481 1529/1549/1505 1528/1548/1504
f 1547/1534/1491 1546/1533/1490 1545/1547/1503
f 1545/1547/1503 1544/1546/1502 1547/1534/1491
f 1529/1549/1505 1531/1531/1488 1530/1530/1487
f 1530/1530/1487 1528/1548/1504 1529/1549/1505
f 1524/1523/1480 1525/1522/1479 1523/1550/1506
f 1523/1550/1506 1522/1551/1507 1524/1523/1480
f 1520/1544/1500 1522/1551/1507 1523/1550/1506
f 1523/1550/1506 1521/1545/1501 1520/1544/1500
f 1580/1552/1508 1579/1553/1508 1582/1554/1509
f 1582/1554/1509 1581/1555/1510 1580/1552/1508
f 1571/1556/1511 1572/1557/1509 1574/1558/1509
f 1574/1558/1509 1573/1559/1510 1571/1556/1511
f 1565/1528/1485 1568/1560/1512 1567/1561/1513
f 1567/1561/1513 1566/1529/1486 1565/1528/1485
f 1581/1555/1510 1582/1554/1509 1583/1562/1508
f 1583/1562/1508 1584/1563/1508 1581/1555/1510
f 1564/1526/1483 1561/1564/1514 1562/1565/1515
f 1562/1565/1515 1563/1527/1484 1564/1526/1483
f 1549/1535/1492 1551/1566/1516 1550/1567/1517
f 1550/1567/1517 1548/1532/1489 1549/1535/1492
f 1557/1568/1518 1559/1569/1519 1560/1570/1520
f 1560/1570/1520 1558/1571/1521 1557/1568/1518
f 1573/1559/1510 1574/1558/1509 1576/1572/1509
f 1576/1572/1509 1575/1573/1509 1573/1559/1510
f 1553/1574/1522 1554/1575/1523 1556/1576/1524
f 1556/1576/1524 1555/1577/1525 1553/1574/1522
f 1587/1578/1526 1588/1579/1508 1585/1580/1509
f 1585/1580/1509 1586/1581/1509 1587/1578/1526
f 1583/1562/1508 1586/1581/1509 1585/1580/1509
f 1585/1580/1509 1584/1563/1508 1583/1562/1508
f 1556/1576/1524 1554/1575/1523 1557/1568/1518
f 1557/1568/1518 1558/1571/1521 1556/1576/1524
f 1559/1569/1519 1562/1565/1515 1561/1564/1514
f 1561/1564/1514 1560/1570/1520 1559/1569/1519
f 1578/1582/1509 1577/1583/1509 1579/1553/1508
f 1579/1553/1508 1580/1552/1508 1578/1582/1509
f 1577/1583/1509 1578/1582/1509 1575/1573/1509
f 1575/1573/1509 1576/1572/1509 1577/1583/1509
f 1567/1561/1513 1568/1560/1512 1569/1584/1527
f 1569/1584/1527 1570/1585/1528 1567/1561/1513
f 1537/1514/1471 1534/1518/1475 1535/1521/1478
f 1535/1521/1478 1536/1515/1472 1537/1514/1471
f 1551/1566/1516 1589/1586/1529 1552/1587/1529
f 1552/1587/1529 1550/1567/1517 1551/1566/1516
f 1620/1588/1530 1645/1589/1531 1644/1590/1532
f 1644/1590/1532 1643/1591/1533 1620/1588/1530
f 1609/1592/1534 1608/1593/1535 1607/1594/1536
f 1607/1594/1536 1613/1595/1537 1609/1592/1534
f 1631/1596/1538 1630/1597/1539 1635/1598/1540
f 1635/1598/1540 1633/1599/1541 1631/1596/1538
f 1610/1600/1542 1612/1601/1543 1607/1594/1536
f 1607/1594/1536 1605/1602/1544 1610/1600/1542
f 1593/1603/1545 1596/1604/1546 1595/1605/1547
f 1595/1605/1547 1594/1606/1548 1593/1603/1545
f 1601/1607/1549 1598/1608/1550 1599/1609/1551
f 1599/1609/1551 1600/1610/1552 1601/1607/1549
f 1633/1599/1541 1634/1611/1553 1632/1612/1554
f 1632/1612/1554 1631/1596/1538 1633/1599/1541
f 1639/1613/1555 1636/1614/1556 1638/1615/1557
f 1638/1615/1557 1641/1616/1558 1639/1613/1555
f 1596/1604/1546 1598/1608/1550 1623/1617/1559
f 1623/1617/1559 1595/1605/1547 1596/1604/1546
f 1639/1613/1555 1641/1616/1558 1642/1618/1560
f 1642/1618/1560 1643/1591/1533 1639/1613/1555
f 1617/1619/1561 1619/1620/1562 1621/1621/1563
f 1621/1621/1563 1614/1622/1564 1617/1619/1561
f 1643/1591/1533 1642/1618/1560 1622/1623/1565
f 1622/1623/1565 1620/1588/1530 1643/1591/1533
f 1613/1595/1537 1607/1594/1536 1612/1601/1543
f 1612/1601/1543 1615/1624/1566 1613/1595/1537
f 1597/1625/1567 1599/1609/1551 1598/1608/1550
f 1598/1608/1550 1596/1604/1546 1597/1625/1567
f 1639/1613/1555 1640/1626/1568 1637/1627/1569
f 1637/1627/1569 1636/1614/1556 1639/1613/1555
f 1625/1628/1570 1627/1629/1571 1626/1630/1572
f 1626/1630/1572 1624/1631/1573 1625/1628/1570
f 1592/1632/1574 1590/1633/1575 1591/1634/1576
f 1591/1634/1576 1593/1603/1545 1592/1632/1574
f 1640/1626/1568 1639/1613/1555 1643/1591/1533
f 1643/1591/1533 1644/1590/1532 1640/1626/1568
f 1628/1635/1577 1626/1630/1572 1627/1629/1571
f 1627/1629/1571 1629/1636/1578 1628/1635/1577
f 1607/1594/1536 1608/1593/1535 1606/1637/1579
f 1606/1637/1579 1605/1602/1544 1607/1594/1536
f 1630/1597/1539 1631/1596/1538 1627/1629/1571
f 1627/1629/1571 1625/1628/1570 1630/1597/1539
f 1598/1608/1550 1601/1607/1549 1602/1638/1580
f 1602/1638/1580 1623/1617/1559 1598/1608/1550
f 1593/1603/1545 1591/1634/1576 1597/1625/1567
f 1597/1625/1567 1596/1604/1546 1593/1603/1545
f 1613/1595/1537 1617/1619/1561 1614/1622/1564
f 1614/1622/1564 1609/1592/1534 1613/1595/1537
f 1610/1600/1542 1605/1602/1544 1603/1639/1581
f 1603/1639/1581 1611/1640/1582 1610/1600/1542
f 1619/1620/1562 1620/1588/1530 1622/1623/1565
f 1622/1623/1565 1621/1621/1563 1619/1620/1562
f 1637/1627/1569 1634/1611/1553 1633/1599/1541
f 1633/1599/1541 1636/1614/1556 1637/1627/1569
f 1605/1602/1544 1606/1637/1579 1604/1641/1583
f 1604/1641/1583 1603/1639/1581 1605/1602/1544
f 1645/1589/1531 1620/1588/1530 1619/1620/1562
f 1619/1620/1562 1618/1642/1584 1645/1589/1531
f 1654/1643/1585 1655/1644/1586 1656/1645/1585
f 1656/1645/1585 1657/1646/1585 1654/1643/1585
f 1603/1639/1581 1604/1641/1583 1602/1638/1580
f 1602/1638/1580 1601/1607/1549 1603/1639/1581
f 1636/1614/1556 1633/1599/1541 1635/1598/1540
f 1635/1598/1540 1638/1615/1557 1636/1614/1556
f 1617/1619/1561 1616/1647/1587 1618/1642/1584
f 1618/1642/1584 1619/1620/1562 1617/1619/1561
f 1631/1596/1538 1632/1612/1554 1629/1636/1578
f 1629/1636/1578 1627/1629/1571 1631/1596/1538
f 1661/1648/1585 1660/1649/1585 1662/1650/1588
f 1662/1650/1588 1663/1651/1586 1661/1648/1585
f 1660/1649/1585 1661/1648/1585 1658/1652/1585
f 1658/1652/1585 1659/1653/1585 1660/1649/1585
f 1656/1645/1585 1659/1653/1585 1658/1652/1585
f 1658/1652/1585 1657/1646/1585 1656/1645/1585
f 1671/1654/1589 1670/1655/1590 1673/1656/1590
f 1673/1656/1590 1672/1657/1590 1671/1654/1589
f 1674/1658/1590 1675/1659/1591 1672/1657/1590
f 1672/1657/1590 1673/1656/1590 1674/1658/1590
f 1675/1659/1591 1674/1658/1590 1676/1660/1591
f 1676/1660/1591 1677/1661/1590 1675/1659/1591
f 1668/1662/1590 1666/1663/1589 1667/1664/1590
f 1667/1664/1590 1669/1665/1590 1668/1662/1590
f 1647/1666/1586 1649/1667/1586 1648/1668/1588
f 1648/1668/1588 1646/1669/1585 1647/1666/1586
f 1678/1670/1590 1677/1661/1590 1676/1660/1591
f 1676/1660/1591 1679/1671/1590 1678/1670/1590
f 1647/1666/1586 1650/1672/1588 1651/1673/1585
f 1651/1673/1585 1649/1667/1586 1647/1666/1586
f 1650/1672/1588 1653/1674/1585 1652/1675/1585
f 1652/1675/1585 1651/1673/1585 1650/1672/1588
f 1653/1674/1585 1655/1644/1586 1654/1643/1585
f 1654/1643/1585 1652/1675/1585 1653/1674/1585
f 1670/1655/1590 1671/1654/1589 1668/1662/1590
f 1668/1662/1590 1669/1665/1590 1670/1655/1590
f 1681/1676/1591 1678/1670/1590 1679/1671/1590
f 1679/1671/1590 1680/1677/1592 1681/1676/1591
f 1665/1678/1591 1667/1664/1590 1666/1663/1589
f 1666/1663/1589 1664/1679/1589 1665/1678/1591
f 1617/1619/1561 1613/1595/1537 1615/1624/1566
f 1615/1624/1566 1616/1647/1587 1617/1619/1561
f 1682/1680/1593 1592/1632/1574 1593/1603/1545
f 1593/1603/1545 1594/1606/1548 1682/1680/1593
f 1600/1610/1552 1611/1640/1582 1603/1639/1581
f 1603/1639/1581 1601/1607/1549 1600/1610/1552
f 1699/1681/1594 1700/1682/1594 1701/1683/1594
f 1701/1683/1594 1702/1684/1594 1699/1681/1594
f 1685/1685/1594 1683/1686/1594 1684/1687/1594
f 1684/1687/1594 1686/1688/1594 1685/1685/1594
f 1699/1681/1594 1697/1689/1594 1698/1690/1595
f 1698/1690/1595 1700/1682/1594 1699/1681/1594
f 1696/1691/1594 1698/1690/1595 1697/1689/1594
f 1697/1689/1594 1695/1692/1594 1696/1691/1594
f 1805/1693/1596 1809/1694/1597 1818/1695/1598
f 1818/1695/1598 1810/1696/1599 1805/1693/1596
f 1690/1697/1594 1691/1698/1594 1692/1699/1594
f 1692/1699/1594 1689/1700/1594 1690/1697/1594
f 1687/1701/1595 1688/1702/1600 1690/1697/1594
f 1690/1697/1594 1689/1700/1594 1687/1701/1595
f 1686/1688/1594 1684/1687/1594 1688/1702/1600
f 1688/1702/1600 1687/1701/1595 1686/1688/1594
f 1767/1703/1601 1766/1704/1602 1768/1705/1603
f 1768/1705/1603 1769/1706/1604 1767/1703/1601
f 1769/1706/1604 1768/1705/1603 1770/1707/1605
f 1770/1707/1605 1771/1708/1606 1769/1706/1604
f 1773/1709/1607 1771/1708/1606 1770/1707/1605
f 1770/1707/1605 1772/1710/1608 1773/1709/1607
f 1714/1711/1609 1713/1712/1610 1712/1713/1611
f 1712/1713/1611 1711/1714/1611 1714/1711/1609
f 1724/1715/1612 1723/1716/1613 1722/1717/1614
f 1722/1717/1614 1721/1718/1615 1724/1715/1612
f 1782/1719/1616 1801/1720/1617 1802/1721/1618
f 1802/1721/1618 1784/1722/1619 1782/1719/1616
f 1779/1723/1620 1777/1724/1621 1776/1725/1622
f 1776/1725/1622 1778/1726/1623 1779/1723/1620
f 1726/1727/1624 1725/1728/1624 1727/1729/1625
f 1727/1729/1625 1728/1730/1626 1726/1727/1624
f 1775/1731/1627 1774/1732/1628 1776/1725/1622
f 1776/1725/1622 1777/1724/1621 1775/1731/1627
f 1720/1733/1629 1719/1734/1630 1721/1718/1615
f 1721/1718/1615 1722/1717/1614 1720/1733/1629
f 1720/1733/1629 1717/1735/1631 1718/1736/1632
f 1718/1736/1632 1719/1734/1630 1720/1733/1629
f 1746/1737/1633 1747/1738/1634 1744/1739/1635
f 1744/1739/1635 1745/1740/1636 1746/1737/1633
f 1730/1741/1637 1732/1742/1638 1731/1743/1639
f 1747/1738/1634 1748/1744/1640 1749/1745/1641
f 1749/1745/1641 1750/1746/1642 1747/1738/1634
f 1733/1747/1643 1735/1748/1644 1734/1749/1645
f 1729/1750/1646 1760/1751/1647 1730/1741/1637
f 1730/1741/1637 1731/1743/1639 1729/1750/1646
f 1738/1752/1648 1740/1753/1649 1739/1754/1650
f 1733/1747/1643 1734/1749/1645 1731/1743/1639
f 1731/1743/1639 1732/1742/1638 1733/1747/1643
f 1741/1755/1651 1742/1756/1652 1743/1757/1653
f 1777/1724/1621 1798/1758/1654 1793/1759/1655
f 1793/1759/1655 1775/1731/1627 1777/1724/1621
f 1810/1696/1599 1807/1760/1656 1806/1761/1657
f 1806/1761/1657 1805/1693/1596 1810/1696/1599
f 1746/1737/1633 1748/1744/1640 1747/1738/1634
f 1814/1762/1658 1813/1763/1659 1815/1764/1660
f 1815/1764/1660 1816/1765/1661 1814/1762/1658
f 1749/1745/1641 1751/1766/1662 1750/1746/1642
f 1736/1767/1663 1737/1768/1664 1738/1752/1648
f 1738/1752/1648 1739/1754/1650 1736/1767/1663
f 1735/1748/1644 1737/1768/1664 1736/1767/1663
f 1736/1767/1663 1734/1749/1645 1735/1748/1644
f 1754/1769/1665 1756/1770/1666 1755/1771/1667
f 1740/1753/1649 1742/1756/1652 1741/1755/1651
f 1741/1755/1651 1739/1754/1650 1740/1753/1649
f 1757/1772/1668 1759/1773/1669 1758/1774/1670
f 1744/1739/1635 1741/1755/1651 1743/1757/1653
f 1743/1757/1653 1745/1740/1636 1744/1739/1635
f 1763/1775/1671 1762/1776/1672 1764/1777/1673
f 1764/1777/1673 1765/1778/1674 1763/1775/1671
f 1716/1779/1675 1718/1736/1632 1717/1735/1631
f 1717/1735/1631 1715/1780/1676 1716/1779/1675
f 1802/1721/1618 1803/1781/1677 1786/1782/1678
f 1786/1782/1678 1784/1722/1619 1802/1721/1618
f 1708/1783/1679 1707/1784/1679 1706/1785/1680
f 1706/1785/1680 1704/1786/1681 1708/1783/1679
f 1709/1787/1682 1707/1784/1679 1708/1783/1679
f 1708/1783/1679 1710/1788/1682 1709/1787/1682
f 1711/1714/1611 1712/1713/1611 1709/1787/1682
f 1709/1787/1682 1710/1788/1682 1711/1714/1611
f 1822/1789/1683 1823/1790/1684 1815/1764/1660
f 1815/1764/1660 1821/1791/1685 1822/1789/1683
f 1811/1792/1686 1819/1793/1687 1820/1794/1688
f 1820/1794/1688 1813/1763/1659 1811/1792/1686
f 1803/1781/1677 1808/1795/1689 1804/1796/1690
f 1804/1796/1690 1786/1782/1678 1803/1781/1677
f 1811/1792/1686 1810/1696/1599 1818/1695/1598
f 1818/1695/1598 1819/1793/1687 1811/1792/1686
f 1763/1775/1671 1795/1797/1691 1796/1798/1692
f 1796/1798/1692 1797/1799/1693 1763/1775/1671
f 1773/1709/1607 1792/1800/1694 1791/1801/1695
f 1791/1801/1695 1771/1708/1606 1773/1709/1607
f 1792/1800/1694 1773/1709/1607 1775/1731/1627
f 1775/1731/1627 1793/1759/1655 1792/1800/1694
f 1752/1802/1696 1750/1746/1642 1751/1766/1662
f 1751/1766/1662 1753/1803/1696 1752/1802/1696
f 1777/1724/1621 1779/1723/1620 1799/1804/1697
f 1799/1804/1697 1798/1758/1654 1777/1724/1621
f 1813/1763/1659 1814/1762/1658 1812/1805/1698
f 1812/1805/1698 1811/1792/1686 1813/1763/1659
f 1763/1775/1671 1765/1778/1674 1794/1806/1699
f 1794/1806/1699 1795/1797/1691 1763/1775/1671
f 1754/1769/1665 1755/1771/1667 1752/1802/1696
f 1752/1802/1696 1753/1803/1696 1754/1769/1665
f 1799/1804/1697 1779/1723/1620 1780/1807/1700
f 1780/1807/1700 1781/1808/1701 1799/1804/1697
f 1804/1796/1690 1788/1809/1702 1787/1810/1703
f 1787/1810/1703 1786/1782/1678 1804/1796/1690
f 1788/1809/1702 1804/1796/1690 1805/1693/1596
f 1805/1693/1596 1806/1761/1657 1788/1809/1702
f 1771/1708/1606 1791/1801/1695 1790/1811/1704
f 1790/1811/1704 1769/1706/1604 1771/1708/1606
f 1767/1703/1601 1789/1812/1705 1794/1806/1699
f 1794/1806/1699 1765/1778/1674 1767/1703/1601
f 1812/1805/1698 1807/1760/1656 1810/1696/1599
f 1810/1696/1599 1811/1792/1686 1812/1805/1698
f 1705/1813/1706 1703/1814/1706 1704/1786/1681
f 1704/1786/1681 1706/1785/1680 1705/1813/1706
f 1801/1720/1617 1782/1719/1616 1780/1807/1700
f 1780/1807/1700 1800/1815/1707 1801/1720/1617
f 1692/1699/1594 1691/1698/1594 1693/1816/1594
f 1693/1816/1594 1694/1817/1594 1692/1699/1594
f 1715/1780/1676 1713/1712/1610 1714/1711/1609
f 1714/1711/1609 1716/1779/1675 1715/1780/1676
f 1758/1774/1670 1759/1773/1669 1760/1751/1647
f 1760/1751/1647 1729/1750/1646 1758/1774/1670
f 1695/1692/1594 1694/1817/1594 1693/1816/1594
f 1693/1816/1594 1696/1691/1594 1695/1692/1594
f 1757/1772/1668 1758/1774/1670 1755/1771/1667
f 1755/1771/1667 1756/1770/1666 1757/1772/1668
f 1804/1796/1690 1808/1795/1689 1809/1694/1597
f 1809/1694/1597 1805/1693/1596 1804/1796/1690
f 1789/1812/1705 1767/1703/1601 1769/1706/1604
f 1769/1706/1604 1790/1811/1704 1789/1812/1705
f 1785/1818/1708 1784/1722/1619 1786/1782/1678
f 1786/1782/1678 1787/1810/1703 1785/1818/1708
f 1785/1818/1708 1783/1819/1709 1782/1719/1616
f 1782/1719/1616 1784/1722/1619 1785/1818/1708
f 1781/1808/1701 1780/1807/1700 1782/1719/1616
f 1782/1719/1616 1783/1819/1709 1781/1808/1701
f 1726/1727/1624 1723/1716/1613 1724/1715/1612
f 1724/1715/1612 1725/1728/1624 1726/1727/1624
f 1765/1778/1674 1764/1777/1673 1766/1704/1602
f 1766/1704/1602 1767/1703/1601 1765/1778/1674
f 1780/1807/1700 1779/1723/1620 1778/1726/1623
f 1778/1726/1623 1800/1815/1707 1780/1807/1700
f 1815/1764/1660 1813/1763/1659 1820/1794/1688
f 1820/1794/1688 1821/1791/1685 1815/1764/1660
f 1773/1709/1607 1772/1710/1608 1774/1732/1628
f 1774/1732/1628 1775/1731/1627 1773/1709/1607
f 1797/1799/1693 1761/1820/1710 1762/1776/1672
f 1762/1776/1672 1763/1775/1671 1797/1799/1693
f 1823/1790/1684 1817/1821/1711 1816/1765/1661
f 1816/1765/1661 1815/1764/1660 1823/1790/1684
f 1859/1822/1712 1889/1823/1713 1861/1824/1714
f 1861/1824/1714 1860/1825/1715 1859/1822/1712
f 1893/1826/1716 1891/1827/1469 1892/1828/1470
f 1892/1828/1470 1894/1829/1716 1893/1826/1716
f 1917/1830/1717 1916/1831/1718 1918/1832/1719
f 1918/1832/1719 1919/1833/1720 1917/1830/1717
f 1865/1834/1721 1864/1835/1722 1863/1836/1723
f 1863/1836/1723 1887/1837/1724 1865/1834/1721
f 1833/1838/1725 1834/1839/1726 1832/1840/1727
f 1832/1840/1727 1831/1841/1728 1833/1838/1725
f 1848/1842/1729 1856/1843/1730 1850/1844/1731
f 1850/1844/1731 1849/1845/1732 1848/1842/1729
f 1838/1846/1733 1839/1847/1734 1835/1848/1735
f 1835/1848/1735 1833/1838/1725 1838/1846/1733
f 1876/1849/1461 1875/1850/1462 1874/1851/1461
f 1874/1851/1461 1877/1852/1462 1876/1849/1461
f 1903/1853/1736 1902/1854/1737 1901/1855/1737
f 1901/1855/1737 1904/1856/1736 1903/1853/1736
f 1847/1857/1738 1846/1858/1739 1848/1842/1729
f 1848/1842/1729 1849/1845/1732 1847/1857/1738
f 1886/1859/1740 1884/1860/1741 1885/1861/1742
f 1885/1861/1742 1887/1837/1724 1886/1859/1740
f 1834/1839/1726 1833/1838/1725 1835/1848/1735
f 1835/1848/1735 1836/1862/1743 1834/1839/1726
f 1866/1863/1744 1867/1864/1745 1858/1865/1746
f 1858/1865/1746 1860/1825/1715 1866/1863/1744
f 1828/1866/1747 1826/1867/1748 1827/1868/1749
f 1827/1868/1749 1829/1869/1750 1828/1866/1747
f 1840/1870/1751 1843/1871/1752 1841/1872/1753
f 1841/1872/1753 1837/1873/1754 1840/1870/1751
f 1907/1874/1755 1905/1875/1756 1906/1876/1756
f 1906/1876/1756 1908/1877/1757 1907/1874/1755
f 1909/1878/1758 1907/1874/1755 1908/1877/1757
f 1908/1877/1757 1910/1879/1759 1909/1878/1758
f 1900/1880/1760 1899/1881/1760 1901/1855/1737
f 1901/1855/1737 1902/1854/1737 1900/1880/1760
f 1895/1882/1761 1896/1883/1762 1893/1826/1716
f 1893/1826/1716 1894/1829/1716 1895/1882/1761
f 1827/1868/1749 1825/1884/1763 1830/1885/1764
f 1830/1885/1764 1831/1841/1728 1827/1868/1749
f 1855/1886/1765 1857/1887/1766 1858/1865/1746
f 1858/1865/1746 1856/1843/1730 1855/1886/1765
f 1860/1825/1715 1858/1865/1746 1857/1887/1766
f 1857/1887/1766 1859/1822/1712 1860/1825/1715
f 1835/1848/1735 1840/1870/1751 1837/1873/1754
f 1837/1873/1754 1836/1862/1743 1835/1848/1735
f 1862/1888/1767 1866/1863/1744 1860/1825/1715
f 1860/1825/1715 1861/1824/1714 1862/1888/1767
f 1845/1889/1768 1844/1890/1769 1846/1858/1739
f 1846/1858/1739 1847/1857/1738 1845/1889/1768
f 1922/1891/1770 1921/1892/1771 1923/1893/1772
f 1923/1893/1772 1924/1894/1773 1922/1891/1770
f 1887/1837/1724 1885/1861/1742 1890/1895/1774
f 1890/1895/1774 1865/1834/1721 1887/1837/1724
f 1881/1896/1462 1882/1897/1775 1883/1898/1461
f 1883/1898/1461 1880/1899/1462 1881/1896/1462
f 1880/1899/1462 1879/1900/1462 1878/1901/1462
f 1878/1901/1462 1881/1896/1462 1880/1899/1462
f 1878/1901/1462 1879/1900/1462 1876/1849/1461
f 1876/1849/1461 1877/1852/1462 1878/1901/1462
f 1895/1882/1761 1898/1902/1776 1897/1903/1777
f 1897/1903/1777 1896/1883/1762 1895/1882/1761
f 1872/1904/1462 1873/1905/1461 1870/1906/1462
f 1870/1906/1462 1871/1907/1461 1872/1904/1462
f 1870/1906/1462 1868/1908/1775 1869/1909/1461
f 1869/1909/1461 1871/1907/1461 1870/1906/1462
f 1853/1910/1778 1846/1858/1739 1844/1890/1769
f 1844/1890/1769 1852/1911/1779 1853/1910/1778
f 1840/1870/1751 1835/1848/1735 1839/1847/1734
f 1839/1847/1734 1842/1912/1780 1840/1870/1751
f 1826/1867/1748 1824/1913/1781 1825/1884/1763
f 1825/1884/1763 1827/1868/1749 1826/1867/1748
f 1845/1889/1768 1841/1872/1753 1843/1871/1752
f 1843/1871/1752 1844/1890/1769 1845/1889/1768
f 1854/1914/1782 1855/1886/1765 1856/1843/1730
f 1856/1843/1730 1848/1842/1729 1854/1914/1782
f 1853/1910/1778 1854/1914/1782 1848/1842/1729
f 1848/1842/1729 1846/1858/1739 1853/1910/1778
f 1898/1902/1776 1899/1881/1760 1900/1880/1760
f 1900/1880/1760 1897/1903/1777 1898/1902/1776
f 1858/1865/1746 1867/1864/1745 1850/1844/1731
f 1850/1844/1731 1856/1843/1730 1858/1865/1746
f 1843/1871/1752 1840/1870/1751 1842/1912/1780
f 1842/1912/1780 1851/1915/1783 1843/1871/1752
f 1905/1875/1756 1903/1853/1736 1904/1856/1736
f 1904/1856/1736 1906/1876/1756 1905/1875/1756
f 1851/1915/1783 1852/1911/1779 1844/1890/1769
f 1844/1890/1769 1843/1871/1752 1851/1915/1783
f 1911/1916/1784 1912/1917/1785 1909/1878/1758
f 1909/1878/1758 1910/1879/1759 1911/1916/1784
f 1888/1918/1786 1886/1859/1740 1887/1837/1724
f 1887/1837/1724 1863/1836/1723 1888/1918/1786
f 1861/1824/1714 1863/1836/1723 1864/1835/1722
f 1864/1835/1722 1862/1888/1767 1861/1824/1714
f 1915/1919/1787 1916/1831/1718 1917/1830/1717
f 1933/1920/1788 1932/1921/1789 1931/1922/1790
f 1931/1922/1790 1934/1923/1791 1933/1920/1788
f 1937/1924/1792 1936/1925/1793 1914/1926/1794
f 1914/1926/1794 1938/1927/1795 1937/1924/1792
f 1921/1892/1771 1922/1891/1770 1920/1928/1796
f 1935/1929/1797 1934/1923/1791 1936/1925/1793
f 1936/1925/1793 1937/1924/1792 1935/1929/1797
f 1924/1894/1773 1923/1893/1772 1925/1930/1798
f 1873/1905/1461 1872/1904/1462 1874/1851/1461
f 1874/1851/1461 1875/1850/1462 1873/1905/1461
f 1915/1919/1787 1913/1931/1799 1914/1926/1794
f 1914/1926/1794 1916/1831/1718 1915/1919/1787
f 1929/1932/1800 1930/1933/1801 1928/1934/1802
f 1920/1928/1796 1919/1833/1720 1918/1832/1719
f 1918/1832/1719 1921/1892/1771 1920/1928/1796
f 1931/1922/1790 1932/1921/1789 1930/1933/1801
f 1930/1933/1801 1929/1932/1800 1931/1922/1790
f 1933/1920/1788 1934/1923/1791 1935/1929/1797
f 1928/1934/1802 1927/1935/1803 1926/1936/1804
f 1926/1936/1804 1929/1932/1800 1928/1934/1802
f 1925/1930/1798 1923/1893/1772 1926/1936/1804
f 1926/1936/1804 1927/1935/1803 1925/1930/1798
f 1914/1926/1794 1913/1931/1799 1938/1927/1795
f 1861/1824/1714 1889/1823/1713 1888/1918/1786
f 1888/1918/1786 1863/1836/1723 1861/1824/1714
f 1827/1868/1749 1831/1841/1728 1832/1840/1727
f 1832/1840/1727 1829/1869/1750 1827/1868/1749
f 1831/1841/1728 1830/1885/1764 1838/1846/1733
f 1838/1846/1733 1833/1838/1725 1831/1841/1728
f 2012/1937/1805 2010/1938/1806 2014/1939/1807
f 2014/1939/1807 2015/1940/1808 2012/1937/1805
f 1955/1941/1809 1957/1942/1810 1956/1943/1811
f 1956/1943/1811 1954/1944/1812 1955/1941/1809
f 2014/1939/1807 2013/1945/1813 2016/1946/1814
f 2016/1946/1814 2017/1947/1815 2014/1939/1807
f 2013/1945/1813 2014/1939/1807 2010/1938/1806
f 2010/1938/1806 2009/1948/1816 2013/1945/1813
f 2010/1938/1806 2012/1937/1805 2011/1949/1817
f 2011/1949/1817 1984/1950/1818 2010/1938/1806
f 1978/1951/1819 1979/1952/1820 1981/1953/1821
f 1981/1953/1821 1980/1954/1822 1978/1951/1819
f 1956/1943/1811 1957/1942/1810 1959/1955/1823
f 1959/1955/1823 1958/1956/1824 1956/1943/1811
f 1962/1957/1825 1963/1958/1826 1965/1959/1827
f 1965/1959/1827 1964/1960/1828 1962/1957/1825
f 1981/1953/1821 1979/1952/1820 1988/1961/1829
f 1988/1961/1829 1987/1962/1830 1981/1953/1821
f 1964/1960/1828 1965/1959/1827 1966/1963/1831
f 1966/1963/1831 1974/1964/1832 1964/1960/1828
f 1953/1965/1833 1952/1966/1834 1951/1967/1835
f 1951/1967/1835 1947/1968/1836 1953/1965/1833
f 1944/1969/1837 1943/1970/1838 1942/1971/1839
f 1942/1971/1839 2019/1972/1840 1944/1969/1837
f 2019/1972/1840 1942/1971/1839 1940/1973/1841
f 1940/1973/1841 2020/1974/1842 2019/1972/1840
f 1948/1975/1843 1943/1970/1838 1945/1976/1844
f 1945/1976/1844 1949/1977/1845 1948/1975/1843
f 1968/1978/1846 1956/1943/1811 1958/1956/1824
f 1958/1956/1824 1969/1979/1847 1968/1978/1846
f 1971/1980/1848 1962/1957/1825 1964/1960/1828
f 1964/1960/1828 1972/1981/1849 1971/1980/1848
f 1970/1982/1850 1960/1983/1851 1962/1957/1825
f 1962/1957/1825 1971/1980/1848 1970/1982/1850
f 1978/1951/1819 1977/1984/1852 1976/1985/1853
f 1976/1985/1853 1979/1952/1820 1978/1951/1819
f 1941/1986/1854 1939/1987/1855 1940/1973/1841
f 1940/1973/1841 1942/1971/1839 1941/1986/1854
f 1960/1983/1851 1961/1988/1856 1963/1958/1826
f 1963/1958/1826 1962/1957/1825 1960/1983/1851
f 2032/1989/1857 2031/1990/1858 2030/1991/1857
f 2030/1991/1857 2033/1992/1858 2032/1989/1857
f 1980/1954/1822 1981/1953/1821 1983/1993/1859
f 1983/1993/1859 1982/1994/1860 1980/1954/1822
f 1960/1983/1851 1970/1982/1850 1969/1979/1847
f 1969/1979/1847 1958/1956/1824 1960/1983/1851
f 1974/1964/1832 1976/1985/1853 1977/1984/1852
f 1977/1984/1852 1973/1995/1861 1974/1964/1832
f 1950/1996/1862 1951/1967/1835 1952/1966/1834
f 1952/1966/1834 2021/1997/1863 1950/1996/1862
f 1955/1941/1809 1954/1944/1812 1952/1966/1834
f 1952/1966/1834 1953/1965/1833 1955/1941/1809
f 1974/1964/1832 1966/1963/1831 1975/1998/1864
f 1975/1998/1864 1976/1985/1853 1974/1964/1832
f 2009/1948/1816 2010/1938/1806 1984/1950/1818
f 1984/1950/1818 1986/1999/1865 2009/1948/1816
f 1958/1956/1824 1959/1955/1823 1961/1988/1856
f 1961/1988/1856 1960/1983/1851 1958/1956/1824
f 2007/2000/1866 2008/2001/1866 2005/2002/1867
f 2005/2002/1867 2006/2003/1867 2007/2000/1866
f 2005/2002/1867 2004/2004/1867 2003/2005/1868
f 2003/2005/1868 2006/2003/1867 2005/2002/1867
f 2002/2006/1867 2003/2005/1868 2004/2004/1867
f 2004/2004/1867 2001/2007/1867 2002/2006/1867
f 2001/2007/1867 1999/2008/1868 2000/2009/1867
f 2000/2009/1867 2002/2006/1867 2001/2007/1867
f 1945/1976/1844 1946/2010/1869 1947/1968/1836
f 1947/1968/1836 1951/1967/1835 1945/1976/1844
f 2030/1991/1857 2031/1990/1858 2028/2011/1858
f 2028/2011/1858 2029/2012/1857 2030/1991/1857
f 1993/2013/1867 1994/2014/1867 1991/2015/1867
f 1991/2015/1867 1992/2016/1868 1993/2013/1867
f 2038/2017/1870 2037/2018/1858 2036/2019/1858
f 2036/2019/1858 2039/2020/1870 2038/2017/1870
f 1943/1970/1838 1944/1969/1837 1946/2010/1869
f 1946/2010/1869 1945/1976/1844 1943/1970/1838
f 1979/1952/1820 1976/1985/1853 1975/1998/1864
f 1975/1998/1864 1988/1961/1829 1979/1952/1820
f 1967/2021/1871 1954/1944/1812 1956/1943/1811
f 1956/1943/1811 1968/1978/1846 1967/2021/1871
f 1997/2022/1867 1998/2023/1868 1996/2024/1867
f 1996/2024/1867 1995/2025/1867 1997/2022/1867
f 1951/1967/1835 1950/1996/1862 1949/1977/1845
f 1949/1977/1845 1945/1976/1844 1951/1967/1835
f 1984/1950/1818 1983/1993/1859 1985/2026/1872
f 1985/2026/1872 1986/1999/1865 1984/1950/1818
f 1941/1986/1854 1942/1971/1839 1943/1970/1838
f 1943/1970/1838 1948/1975/1843 1941/1986/1854
f 2038/2017/1870 2039/2020/1870 2040/2027/1873
f 2040/2027/1873 2041/2028/1858 2038/2017/1870
f 2024/2029/1858 2022/2030/1858 2023/2031/1857
f 2023/2031/1857 2025/2032/1857 2024/2029/1858
f 1994/2014/1867 1993/2013/1867 1995/2025/1867
f 1995/2025/1867 1996/2024/1867 1994/2014/1867
f 2034/2033/1858 2032/1989/1857 2033/1992/1858
f 2033/1992/1858 2035/2034/1858 2034/2033/1858
f 1997/2022/1867 2000/2009/1867 1999/2008/1868
f 1999/2008/1868 1998/2023/1868 1997/2022/1867
f 2036/2019/1858 2037/2018/1858 2034/2033/1858
f 2034/2033/1858 2035/2034/1858 2036/2019/1858
f 2028/2011/1858 2027/2035/1858 2026/2036/1858
f 2026/2036/1858 2029/2012/1857 2028/2011/1858
f 2026/2036/1858 2027/2035/1858 2024/2029/1858
f 2024/2029/1858 2025/2032/1857 2026/2036/1858
f 1990/2037/1867 1992/2016/1868 1991/2015/1867
f 1991/2015/1867 1989/2038/1867 1990/2037/1867
f 1964/1960/1828 1974/1964/1832 1973/1995/1861
f 1973/1995/1861 1972/1981/1849 1964/1960/1828
f 1952/1966/1834 1954/1944/1812 1967/2021/1871
f 1967/2021/1871 2021/1997/1863 1952/1966/1834
f 1983/1993/1859 1981/1953/1821 1987/1962/1830
f 1987/1962/1830 1985/2026/1872 1983/1993/1859
f 1984/1950/1818 2011/1949/1817 1982/1994/1860
f 1982/1994/1860 1983/1993/1859 1984/1950/1818
f 2018/2039/1874 2015/1940/1808 2014/1939/1807
f 2014/1939/1807 2017/1947/1815 2018/2039/1874
