# Blender 5.2.0 LTS
# www.blender.org
o imported_3d66_controls_mesh
v 0.076464 0.034696 0.156724
v 0.077158 0.036609 0.159409
v 0.078140 0.033250 0.157321
v 0.078834 0.035163 0.160006
v 0.079297 0.031130 0.158533
v 0.079991 0.033042 0.161217
v 0.079424 0.029001 0.160016
v 0.080118 0.030913 0.162701
v 0.078692 0.027326 0.161399
v 0.079386 0.029238 0.164083
v 0.076904 0.025728 0.162999
v 0.077598 0.027640 0.165684
v 0.074627 0.025064 0.164060
v 0.075321 0.026976 0.166744
v 0.071988 0.025259 0.164603
v 0.072681 0.027171 0.167288
v 0.069361 0.026436 0.164443
v 0.070054 0.028348 0.167128
v 0.067685 0.027882 0.163846
v 0.068379 0.029794 0.166531
v 0.066554 0.029915 0.162690
v 0.067248 0.031827 0.165375
v 0.066400 0.032131 0.161152
v 0.067094 0.034043 0.163837
v 0.067133 0.033807 0.159769
v 0.067826 0.035719 0.162454
v 0.068921 0.035405 0.158169
v 0.069614 0.037317 0.160854
v 0.071298 0.036077 0.157076
v 0.071992 0.037989 0.159760
v 0.073837 0.035873 0.156565
v 0.074531 0.037786 0.159250
v 0.076464 0.034696 0.156724
v 0.077158 0.036609 0.159409
v 0.068551 0.037718 0.165260
v 0.070339 0.039316 0.163660
v 0.072717 0.039989 0.162567
v 0.075256 0.039785 0.162056
v 0.077883 0.038608 0.162216
v 0.072717 0.039989 0.162567
v 0.070339 0.039316 0.163660
v 0.075256 0.039785 0.162056
v 0.068551 0.037718 0.165260
v 0.077883 0.038608 0.162216
v 0.072260 0.037526 0.163191
v 0.073765 0.037670 0.162699
v 0.073591 0.037191 0.162028
v 0.075498 0.037373 0.161406
v 0.077158 0.036609 0.159409
v 0.076046 0.028975 0.169551
v 0.078323 0.029639 0.168490
v 0.073406 0.029170 0.170094
v 0.070780 0.030347 0.169935
v 0.080111 0.031237 0.166890
v 0.074488 0.030155 0.167865
v 0.074314 0.029677 0.167194
v 0.072408 0.029495 0.167816
v 0.070054 0.028348 0.167128
v 0.079386 0.029238 0.164083
v 0.077726 0.030002 0.166080
v 0.075819 0.029821 0.166703
v 0.075993 0.030299 0.167374
v 0.067826 0.035719 0.162454
v 0.070180 0.036866 0.163141
v 0.072086 0.037048 0.162519
v 0.076055 0.030737 0.159458
v 0.076047 0.029398 0.160414
v 0.075503 0.029216 0.157323
v 0.075495 0.027877 0.158278
v 0.075157 0.028243 0.161467
v 0.074605 0.026722 0.159331
v 0.073757 0.027752 0.162178
v 0.073205 0.026231 0.160042
v 0.072047 0.027946 0.162482
v 0.071495 0.026425 0.160346
v 0.070528 0.028872 0.162215
v 0.069976 0.027351 0.160079
v 0.069707 0.030221 0.161466
v 0.069155 0.028700 0.159330
v 0.069715 0.031560 0.160510
v 0.069164 0.030039 0.158374
v 0.070605 0.032716 0.159457
v 0.070053 0.031195 0.157322
v 0.072105 0.033215 0.158713
v 0.071554 0.031695 0.156578
v 0.073715 0.033012 0.158442
v 0.073164 0.031491 0.156307
v 0.075234 0.032086 0.158709
v 0.074682 0.030565 0.156574
v 0.076055 0.030737 0.159458
v 0.075503 0.029216 0.157323
v 0.070780 0.030347 0.169935
v 0.073406 0.029170 0.170094
v 0.076046 0.028975 0.169551
v 0.078323 0.029639 0.168490
v 0.080111 0.031237 0.166890
v 0.070605 0.032716 0.159457
v 0.068921 0.035405 0.158169
v 0.072105 0.033215 0.158713
v 0.071298 0.036077 0.157076
v 0.073837 0.035873 0.156565
v 0.073715 0.033012 0.158442
v 0.076464 0.034696 0.156724
v 0.075234 0.032086 0.158709
v 0.078140 0.033250 0.157321
v 0.076055 0.030737 0.159458
v 0.079297 0.031130 0.158533
v 0.079424 0.029001 0.160016
v 0.076047 0.029398 0.160414
v 0.078692 0.027326 0.161399
v 0.075157 0.028243 0.161467
v 0.076904 0.025728 0.162999
v 0.073757 0.027752 0.162178
v 0.074627 0.025064 0.164060
v 0.071988 0.025259 0.164603
v 0.072047 0.027946 0.162482
v 0.069361 0.026436 0.164443
v 0.070528 0.028872 0.162215
v 0.067685 0.027882 0.163846
v 0.069707 0.030221 0.161466
v 0.066554 0.029915 0.162690
v 0.066400 0.032131 0.161152
v 0.069715 0.031560 0.160510
v 0.067133 0.033807 0.159769
v 0.077726 0.030002 0.166080
v 0.078057 0.031640 0.164829
v 0.075819 0.029821 0.166703
v 0.077729 0.033750 0.163411
v 0.073591 0.037191 0.162028
v 0.076772 0.035889 0.162134
v 0.075498 0.037373 0.161406
v 0.077158 0.036609 0.159409
v 0.079386 0.029238 0.164083
v 0.080118 0.030913 0.162701
v 0.079991 0.033042 0.161217
v 0.078834 0.035163 0.160006
v 0.075993 0.030299 0.167374
v 0.073765 0.037670 0.162699
v 0.072260 0.037526 0.163191
v 0.074488 0.030155 0.167865
v 0.074314 0.029677 0.167194
v 0.072086 0.037048 0.162519
v 0.070203 0.033032 0.165866
v 0.071133 0.030980 0.167088
v 0.068379 0.029794 0.166531
v 0.070054 0.028348 0.167128
v 0.072408 0.029495 0.167816
v 0.067248 0.031827 0.165375
v 0.067094 0.034043 0.163837
v 0.069849 0.035229 0.164393
v 0.070180 0.036866 0.163141
v 0.067826 0.035719 0.162454
v 0.080781 0.004294 0.210574
v 0.078635 0.004294 0.212077
v 0.082147 0.002528 0.212525
v 0.080001 0.002528 0.214028
v 0.083107 0.000138 0.213896
v 0.080960 0.000138 0.215399
v 0.083592 -0.002704 0.214588
v 0.081445 -0.002704 0.216091
v 0.083563 -0.005538 0.214547
v 0.081416 -0.005538 0.216050
v 0.083019 -0.008363 0.213771
v 0.080873 -0.008363 0.215274
v 0.082006 -0.010745 0.212324
v 0.079860 -0.010745 0.213827
v 0.080636 -0.012418 0.210366
v 0.078489 -0.012418 0.211869
v 0.079005 -0.013263 0.208038
v 0.076859 -0.013263 0.209541
v 0.077297 -0.013187 0.205598
v 0.075150 -0.013187 0.207101
v 0.075759 -0.012266 0.203403
v 0.073613 -0.012266 0.204906
v 0.074393 -0.010499 0.201452
v 0.072247 -0.010499 0.202955
v 0.073434 -0.008109 0.200081
v 0.071287 -0.008109 0.201584
v 0.072949 -0.005267 0.199389
v 0.070802 -0.005267 0.200891
v 0.072978 -0.002434 0.199430
v 0.070831 -0.002434 0.200933
v 0.073521 0.000392 0.200206
v 0.071375 0.000392 0.201709
v 0.074534 0.002773 0.201653
v 0.072388 0.002773 0.203156
v 0.075905 0.004447 0.203610
v 0.073759 0.004447 0.205113
v 0.077535 0.005292 0.205939
v 0.075389 0.005292 0.207442
v 0.079161 0.005241 0.208260
v 0.077014 0.005241 0.209763
v 0.080781 0.004294 0.210574
v 0.078635 0.004294 0.212077
v 0.069412 0.000392 0.203083
v 0.070425 0.002773 0.204530
v 0.071796 0.004447 0.206487
v 0.071003 0.001698 0.205355
v 0.072178 0.003132 0.207033
v 0.073527 0.002646 0.206349
v 0.073759 0.004447 0.205113
v 0.072674 -0.000086 0.206175
v 0.073472 0.001016 0.207315
v 0.074637 0.001016 0.206499
v 0.072028 -0.001383 0.205253
v 0.070201 -0.000299 0.204209
v 0.071662 -0.000521 0.203686
v 0.071375 0.000392 0.201709
v 0.073193 -0.001383 0.204437
v 0.073840 -0.000086 0.205360
v 0.074637 0.001016 0.206499
v 0.080960 0.000138 0.215399
v 0.078998 0.000138 0.216773
v 0.079192 -0.000741 0.214439
v 0.078244 -0.000528 0.215696
v 0.077766 -0.001501 0.213447
v 0.077134 -0.000110 0.212545
v 0.078931 -0.001501 0.212631
v 0.078300 -0.000110 0.211729
v 0.076390 0.001016 0.211482
v 0.077422 0.001520 0.214521
v 0.076276 0.002920 0.212885
v 0.078038 0.002528 0.215402
v 0.076672 0.004294 0.213451
v 0.078932 -0.006588 0.212632
v 0.077766 -0.006588 0.213448
v 0.079114 -0.007450 0.214328
v 0.078122 -0.007672 0.215522
v 0.078911 -0.008363 0.216648
v 0.077897 -0.010745 0.215201
v 0.077320 -0.009669 0.214376
v 0.077120 -0.007886 0.212525
v 0.078932 -0.006588 0.212632
v 0.078285 -0.007886 0.211709
v 0.076322 -0.008987 0.211385
v 0.077488 -0.008987 0.210569
v 0.076145 -0.011104 0.212698
v 0.076527 -0.012418 0.213243
v 0.077249 -0.010617 0.211664
v 0.077488 -0.008987 0.210569
v 0.078635 0.004294 0.212077
v 0.077375 0.002510 0.211845
v 0.077555 0.001016 0.210666
v 0.080192 -0.001425 0.201902
v 0.079752 -0.003235 0.201273
v 0.076635 -0.001425 0.204392
v 0.076195 -0.003235 0.203763
v 0.079796 -0.005343 0.201336
v 0.076239 -0.005343 0.203826
v 0.080481 -0.007050 0.202315
v 0.076924 -0.007050 0.204805
v 0.081603 -0.007844 0.203916
v 0.078046 -0.007844 0.206407
v 0.082729 -0.007741 0.205524
v 0.079172 -0.007741 0.208015
v 0.083708 -0.006546 0.206922
v 0.080151 -0.006546 0.209413
v 0.084163 -0.004591 0.207572
v 0.080606 -0.004591 0.210063
v 0.084104 -0.002628 0.207488
v 0.080547 -0.002628 0.209979
v 0.083418 -0.000921 0.206509
v 0.079861 -0.000921 0.209000
v 0.082380 -0.000153 0.205027
v 0.078823 -0.000153 0.207517
v 0.081171 -0.000230 0.203300
v 0.077614 -0.000230 0.205790
v 0.080192 -0.001425 0.201902
v 0.076635 -0.001425 0.204392
v 0.073194 -0.006470 0.204437
v 0.071584 -0.007230 0.203574
v 0.072029 -0.006470 0.205253
v 0.070079 -0.007443 0.204035
v 0.072660 -0.007861 0.206155
v 0.070901 -0.009492 0.205210
v 0.073405 -0.008988 0.207218
v 0.072047 -0.010891 0.206846
v 0.073401 -0.010482 0.206169
v 0.071651 -0.012266 0.206280
v 0.073613 -0.012266 0.204906
v 0.069325 -0.008109 0.202958
v 0.070285 -0.010499 0.204329
v 0.071287 -0.008109 0.201584
v 0.074570 -0.008988 0.206402
v 0.073826 -0.007861 0.205340
v 0.073194 -0.006470 0.204437
v 0.080960 0.000138 0.215399
v 0.079192 -0.000741 0.214439
v 0.081445 -0.002704 0.216091
v 0.079569 -0.002952 0.214978
v 0.079515 -0.005180 0.214901
v 0.079362 -0.004028 0.213247
v 0.078932 -0.006588 0.212632
v 0.078931 -0.001501 0.212631
v 0.078285 -0.007886 0.211709
v 0.078300 -0.000110 0.211729
v 0.077555 0.001016 0.210666
v 0.073613 -0.012266 0.204906
v 0.075150 -0.013187 0.207101
v 0.073401 -0.010482 0.206169
v 0.074620 -0.011156 0.207910
v 0.074570 -0.008988 0.206402
v 0.076039 -0.009739 0.208500
v 0.077488 -0.008987 0.210569
v 0.076859 -0.013263 0.209541
v 0.075981 -0.011275 0.209854
v 0.077249 -0.010617 0.211664
v 0.078489 -0.012418 0.211869
v 0.079114 -0.007450 0.214328
v 0.080873 -0.008363 0.215274
v 0.081416 -0.005538 0.216050
v 0.071662 -0.000521 0.203686
v 0.071261 -0.002792 0.203112
v 0.073193 -0.001383 0.204437
v 0.072763 -0.003944 0.203822
v 0.073194 -0.006470 0.204437
v 0.071207 -0.005019 0.203036
v 0.071584 -0.007230 0.203574
v 0.071287 -0.008109 0.201584
v 0.070802 -0.005267 0.200891
v 0.070831 -0.002434 0.200933
v 0.071375 0.000392 0.201709
v 0.073840 -0.000086 0.205360
v 0.073826 -0.007861 0.205340
v 0.074637 0.001016 0.206499
v 0.076087 0.001767 0.208569
v 0.074795 0.003303 0.208160
v 0.076073 0.003210 0.209985
v 0.077014 0.005241 0.209763
v 0.078635 0.004294 0.212077
v 0.077375 0.002510 0.211845
v 0.073527 0.002646 0.206349
v 0.073759 0.004447 0.205113
v 0.075389 0.005292 0.207442
v 0.078046 -0.007844 0.206407
v 0.075759 -0.012266 0.203403
v 0.076924 -0.007050 0.204805
v 0.074393 -0.010499 0.201452
v 0.076239 -0.005343 0.203826
v 0.073434 -0.008109 0.200081
v 0.072949 -0.005267 0.199389
v 0.076195 -0.003235 0.203763
v 0.072978 -0.002434 0.199430
v 0.073521 0.000392 0.200206
v 0.076635 -0.001425 0.204392
v 0.074534 0.002773 0.201653
v 0.077614 -0.000230 0.205790
v 0.075905 0.004447 0.203610
v 0.077535 0.005292 0.205939
v 0.078823 -0.000153 0.207517
v 0.079161 0.005241 0.208260
v 0.080781 0.004294 0.210574
v 0.079861 -0.000921 0.209000
v 0.082147 0.002528 0.212525
v 0.080547 -0.002628 0.209979
v 0.083107 0.000138 0.213896
v 0.083592 -0.002704 0.214588
v 0.080606 -0.004591 0.210063
v 0.083563 -0.005538 0.214547
v 0.083019 -0.008363 0.213771
v 0.080151 -0.006546 0.209413
v 0.082006 -0.010745 0.212324
v 0.079172 -0.007741 0.208015
v 0.080636 -0.012418 0.210366
v 0.079005 -0.013263 0.208038
v 0.077297 -0.013187 0.205598
v 0.080873 -0.008363 0.215274
v 0.074570 -0.008988 0.206402
v 0.078489 -0.012418 0.211869
v 0.077555 0.001016 0.210666
v 0.073193 -0.001383 0.204437
v 0.078931 -0.001501 0.212631
v 0.146080 -0.023866 0.200185
v 0.146890 -0.029684 0.200185
v 0.142951 -0.024303 0.201073
v 0.143761 -0.030120 0.201073
v 0.140702 -0.024616 0.203344
v 0.141513 -0.030434 0.203344
v 0.139822 -0.024739 0.206503
v 0.140633 -0.030556 0.206503
v 0.140702 -0.024616 0.209563
v 0.141513 -0.030434 0.209563
v 0.142951 -0.024303 0.211834
v 0.143761 -0.030120 0.211834
v 0.146080 -0.023866 0.212722
v 0.146890 -0.029684 0.212722
v 0.149111 -0.023444 0.211834
v 0.149922 -0.029261 0.211834
v 0.151360 -0.023130 0.209563
v 0.152170 -0.028948 0.209563
v 0.152240 -0.023008 0.206503
v 0.153050 -0.028825 0.206503
v 0.151360 -0.023130 0.203344
v 0.152170 -0.028948 0.203344
v 0.149111 -0.023444 0.201073
v 0.149922 -0.029261 0.201073
v 0.146080 -0.023866 0.200185
v 0.146890 -0.029684 0.200185
v 0.149412 -0.031330 0.202455
v 0.151075 -0.031098 0.204133
v 0.151661 -0.031017 0.206503
v 0.151075 -0.031098 0.208774
v 0.149412 -0.031330 0.210452
v 0.147164 -0.031643 0.211044
v 0.144817 -0.031971 0.210452
v 0.143155 -0.032202 0.208774
v 0.142568 -0.032284 0.206503
v 0.143155 -0.032202 0.204133
v 0.144817 -0.031971 0.202455
v 0.147164 -0.031643 0.201863
v 0.151075 -0.031098 0.204133
v 0.151661 -0.031017 0.206503
v 0.149412 -0.031330 0.202455
v 0.151075 -0.031098 0.208774
v 0.147164 -0.031643 0.201863
v 0.149412 -0.031330 0.210452
v 0.147164 -0.031643 0.211044
v 0.144817 -0.031971 0.202455
v 0.143155 -0.032202 0.204133
v 0.144817 -0.031971 0.210452
v 0.143155 -0.032202 0.208774
v 0.142568 -0.032284 0.206503
v 0.147164 -0.031643 0.201863
v 0.079557 0.020738 0.208076
v 0.079557 0.023038 0.208076
v 0.081983 0.020738 0.206378
v 0.081983 0.023038 0.206378
v 0.080092 0.025068 0.208840
v 0.082518 0.025068 0.207142
v 0.081163 0.026556 0.210369
v 0.083588 0.026556 0.208670
v 0.082386 0.026962 0.212115
v 0.084811 0.026962 0.210417
v 0.083685 0.026556 0.213971
v 0.086111 0.026556 0.212273
v 0.084755 0.025068 0.215499
v 0.087181 0.025068 0.213801
v 0.085290 0.023038 0.216263
v 0.087716 0.023038 0.214565
v 0.085290 0.020738 0.216263
v 0.087716 0.020738 0.214565
v 0.084755 0.018708 0.215499
v 0.087181 0.018708 0.213801
v 0.083685 0.017219 0.213971
v 0.086111 0.017219 0.212273
v 0.082386 0.016813 0.212115
v 0.084811 0.016813 0.210417
v 0.081163 0.017219 0.210369
v 0.083588 0.017219 0.208670
v 0.080092 0.018708 0.208840
v 0.082518 0.018708 0.207142
v 0.079557 0.020738 0.208076
v 0.081983 0.020738 0.206378
v 0.077457 0.020332 0.205317
v 0.076160 0.020332 0.206226
v 0.077457 0.023444 0.205317
v 0.076160 0.023444 0.206226
v 0.078069 0.026150 0.206190
v 0.076771 0.026150 0.207099
v 0.079139 0.028451 0.207719
v 0.077841 0.028451 0.208627
v 0.080591 0.029939 0.209793
v 0.079294 0.029939 0.210701
v 0.082273 0.030480 0.212194
v 0.080975 0.030480 0.213103
v 0.084031 0.029939 0.214705
v 0.082733 0.029939 0.215613
v 0.085483 0.028451 0.216779
v 0.084186 0.028451 0.217687
v 0.086553 0.026150 0.218307
v 0.085256 0.026150 0.219216
v 0.087165 0.023444 0.219181
v 0.085867 0.023444 0.220089
v 0.087165 0.020332 0.219181
v 0.085867 0.020332 0.220089
v 0.086553 0.017625 0.218307
v 0.085256 0.017625 0.219216
v 0.085483 0.015325 0.216779
v 0.084186 0.015325 0.217687
v 0.084031 0.013837 0.214705
v 0.082733 0.013837 0.215613
v 0.082273 0.013295 0.212194
v 0.080975 0.013295 0.213103
v 0.080591 0.013836 0.209793
v 0.079294 0.013836 0.210701
v 0.079139 0.015325 0.207719
v 0.077841 0.015325 0.208627
v 0.078069 0.017625 0.206190
v 0.076771 0.017625 0.207099
v 0.076781 0.016678 0.210834
v 0.078615 0.015325 0.213454
v 0.080602 0.015460 0.216292
v 0.082207 0.017625 0.218584
v 0.078863 0.018302 0.216209
v 0.077410 0.018302 0.214135
v 0.076187 0.019926 0.212388
v 0.075634 0.019655 0.209197
v 0.075958 0.022497 0.212061
v 0.075405 0.023038 0.208869
v 0.076322 0.026150 0.210179
v 0.083125 0.020738 0.219894
v 0.080086 0.019926 0.217955
v 0.080315 0.022497 0.218283
v 0.077647 0.021820 0.215433
v 0.079551 0.024797 0.217191
v 0.078098 0.025744 0.215117
v 0.079914 0.028451 0.215310
v 0.077927 0.028315 0.212472
v 0.076722 0.024797 0.213152
v 0.082895 0.024121 0.219567
v 0.081749 0.027097 0.217930
v 0.085483 0.015325 0.216779
v 0.084755 0.018708 0.215499
v 0.086553 0.017625 0.218307
v 0.085290 0.020738 0.216263
v 0.087165 0.020332 0.219181
v 0.087165 0.023444 0.219181
v 0.083685 0.017219 0.213971
v 0.084031 0.013837 0.214705
v 0.082386 0.016813 0.212115
v 0.082273 0.013295 0.212194
v 0.080591 0.013836 0.209793
v 0.081163 0.017219 0.210369
v 0.079139 0.015325 0.207719
v 0.080092 0.018708 0.208840
v 0.078069 0.017625 0.206190
v 0.079557 0.020738 0.208076
v 0.077457 0.020332 0.205317
v 0.079557 0.023038 0.208076
v 0.077457 0.023444 0.205317
v 0.078069 0.026150 0.206190
v 0.080092 0.025068 0.208840
v 0.079139 0.028451 0.207719
v 0.081163 0.026556 0.210369
v 0.080591 0.029939 0.209793
v 0.082386 0.026962 0.212115
v 0.082273 0.030480 0.212194
v 0.084031 0.029939 0.214705
v 0.083685 0.026556 0.213971
v 0.085483 0.028451 0.216779
v 0.084755 0.025068 0.215499
v 0.086553 0.026150 0.218307
v 0.085290 0.023038 0.216263
v 0.093164 0.025686 0.227477
v 0.088860 0.025686 0.230491
v 0.093412 0.027763 0.227832
v 0.089108 0.027763 0.230845
v 0.094107 0.029494 0.228824
v 0.089803 0.029494 0.231838
v 0.095100 0.030706 0.230242
v 0.090796 0.030706 0.233256
v 0.096291 0.031138 0.231944
v 0.091987 0.031138 0.234957
v 0.097532 0.030706 0.233716
v 0.093228 0.030706 0.236730
v 0.098525 0.029494 0.235134
v 0.094221 0.029494 0.238148
v 0.099220 0.027763 0.236126
v 0.094916 0.027763 0.239140
v 0.099468 0.025686 0.236481
v 0.095164 0.025686 0.239495
v 0.099220 0.023522 0.236126
v 0.094916 0.023522 0.239140
v 0.098525 0.021791 0.235134
v 0.094221 0.021791 0.238148
v 0.097532 0.020580 0.233716
v 0.093228 0.020580 0.236730
v 0.096291 0.020147 0.231944
v 0.091987 0.020147 0.234957
v 0.095100 0.020580 0.230242
v 0.090796 0.020580 0.233256
v 0.094107 0.021791 0.228824
v 0.089803 0.021791 0.231838
v 0.093412 0.023522 0.227832
v 0.089108 0.023522 0.230845
v 0.093164 0.025686 0.227477
v 0.088860 0.025686 0.230491
v 0.092920 0.025599 0.239375
v 0.092771 0.024041 0.239163
v 0.092225 0.022743 0.238383
v 0.091481 0.021791 0.237319
v 0.090537 0.021532 0.235972
v 0.089644 0.021791 0.234696
v 0.088899 0.022743 0.233633
v 0.088353 0.024041 0.232853
v 0.088204 0.025599 0.232640
v 0.088204 0.025599 0.232640
v 0.088353 0.024041 0.232853
v 0.088353 0.027244 0.232853
v 0.088899 0.022743 0.233633
v 0.088899 0.028542 0.233633
v 0.089644 0.021791 0.234696
v 0.090537 0.021532 0.235972
v 0.089644 0.029494 0.234696
v 0.090537 0.029754 0.235972
v 0.091481 0.021791 0.237319
v 0.092225 0.022743 0.238383
v 0.091481 0.029494 0.237319
v 0.092225 0.028542 0.238383
v 0.092771 0.024041 0.239163
v 0.092771 0.027244 0.239163
v 0.092771 0.027244 0.239163
v 0.092225 0.028542 0.238383
v 0.091481 0.029494 0.237319
v 0.090537 0.029754 0.235972
v 0.089644 0.029494 0.234696
v 0.088899 0.028542 0.233633
v 0.088353 0.027244 0.232853
v 0.088204 0.025599 0.232640
v 0.092920 0.025599 0.239375
v 0.087043 -0.004456 0.224796
v 0.084717 -0.004456 0.226425
v 0.087357 -0.000813 0.225243
v 0.085030 -0.000813 0.226872
v 0.088297 0.002466 0.226586
v 0.085971 0.002466 0.228215
v 0.089760 0.005016 0.228675
v 0.087434 0.005016 0.230304
v 0.091641 0.006656 0.231361
v 0.089314 0.006656 0.232990
v 0.093626 0.007202 0.234197
v 0.091300 0.007202 0.235826
v 0.095716 0.006656 0.237181
v 0.093389 0.006656 0.238810
v 0.097597 0.005016 0.239867
v 0.095270 0.005016 0.241496
v 0.099060 0.002466 0.241956
v 0.096733 0.002466 0.243585
v 0.100000 -0.000813 0.243299
v 0.097673 -0.000813 0.244928
v 0.100313 -0.004456 0.243747
v 0.097987 -0.004456 0.245376
v 0.100000 -0.007918 0.243299
v 0.097673 -0.007918 0.244928
v 0.099060 -0.011197 0.241956
v 0.096733 -0.011197 0.243585
v 0.097597 -0.013747 0.239867
v 0.095270 -0.013747 0.241496
v 0.095716 -0.015387 0.237181
v 0.093389 -0.015387 0.238810
v 0.093626 -0.015933 0.234197
v 0.091300 -0.015933 0.235826
v 0.091641 -0.015387 0.231361
v 0.089314 -0.015387 0.232990
v 0.089760 -0.013747 0.228675
v 0.087434 -0.013747 0.230304
v 0.088297 -0.011197 0.226586
v 0.085971 -0.011197 0.228215
v 0.087357 -0.007918 0.225243
v 0.085030 -0.007918 0.226872
v 0.087043 -0.004456 0.224796
v 0.084717 -0.004456 0.226425
v 0.091686 -0.005549 0.231107
v 0.094763 -0.005549 0.228953
v 0.092522 -0.007553 0.232301
v 0.095599 -0.007553 0.230146
v 0.093881 -0.008282 0.234241
v 0.096958 -0.008282 0.232086
v 0.095135 -0.007553 0.236032
v 0.098212 -0.007553 0.233877
v 0.095970 -0.005549 0.237225
v 0.099047 -0.005549 0.235071
v 0.095970 -0.003181 0.237225
v 0.099047 -0.003181 0.235071
v 0.095135 -0.001177 0.236032
v 0.098212 -0.001177 0.233877
v 0.093776 -0.000449 0.234092
v 0.096853 -0.000449 0.231937
v 0.092522 -0.001177 0.232301
v 0.095599 -0.001177 0.230146
v 0.091686 -0.003181 0.231107
v 0.094763 -0.003181 0.228953
v 0.091686 -0.005549 0.231107
v 0.094763 -0.005549 0.228953
v 0.091641 -0.015387 0.231361
v 0.089760 -0.013747 0.228675
v 0.092522 -0.007553 0.232301
v 0.088297 -0.011197 0.226586
v 0.091686 -0.005549 0.231107
v 0.087357 -0.007918 0.225243
v 0.087043 -0.004456 0.224796
v 0.091686 -0.003181 0.231107
v 0.087357 -0.000813 0.225243
v 0.088297 0.002466 0.226586
v 0.092522 -0.001177 0.232301
v 0.089760 0.005016 0.228675
v 0.091641 0.006656 0.231361
v 0.093776 -0.000449 0.234092
v 0.093626 0.007202 0.234197
v 0.095716 0.006656 0.237181
v 0.095135 -0.001177 0.236032
v 0.097597 0.005016 0.239867
v 0.099060 0.002466 0.241956
v 0.095970 -0.003181 0.237225
v 0.100000 -0.000813 0.243299
v 0.100313 -0.004456 0.243747
v 0.095970 -0.005549 0.237225
v 0.100000 -0.007918 0.243299
v 0.099060 -0.011197 0.241956
v 0.095135 -0.007553 0.236032
v 0.097597 -0.013747 0.239867
v 0.095716 -0.015387 0.237181
v 0.093881 -0.008282 0.234241
v 0.093626 -0.015933 0.234197
v 0.097673 -0.007918 0.244928
v 0.097987 -0.004456 0.245376
v 0.089203 -0.005367 0.241297
v 0.089203 -0.003363 0.241297
v 0.088576 -0.007189 0.240402
v 0.087427 -0.007735 0.238760
v 0.093389 -0.015387 0.238810
v 0.091300 -0.015933 0.235826
v 0.095270 -0.013747 0.241496
v 0.096733 -0.011197 0.243585
v 0.089314 -0.015387 0.232990
v 0.086173 -0.007189 0.236969
v 0.087434 -0.013747 0.230304
v 0.085971 -0.011197 0.228215
v 0.088576 -0.001542 0.240402
v 0.087427 -0.000995 0.238760
v 0.093389 0.006656 0.238810
v 0.091300 0.007202 0.235826
v 0.096733 0.002466 0.243585
v 0.095270 0.005016 0.241496
v 0.097673 -0.000813 0.244928
v 0.089314 0.006656 0.232990
v 0.086173 -0.001542 0.236969
v 0.085546 -0.005367 0.236074
v 0.085546 -0.003363 0.236074
v 0.084717 -0.004456 0.226425
v 0.085030 -0.000813 0.226872
v 0.085971 0.002466 0.228215
v 0.087434 0.005016 0.230304
v 0.085030 -0.007918 0.226872
v 0.123821 -0.005431 0.186590
v 0.118130 -0.005192 0.189451
v 0.123271 -0.005750 0.182849
v 0.122353 -0.005910 0.174265
v 0.103075 -0.005192 0.166783
v 0.110970 -0.005431 0.162821
v 0.123821 -0.005910 0.168103
v 0.119415 -0.005511 0.161501
v 0.126392 -0.005671 0.163701
v 0.126392 -0.005591 0.162381
v 0.110970 0.003739 0.162821
v 0.119599 0.003819 0.161501
v 0.126392 0.003899 0.162601
v 0.126392 -0.005671 0.163701
v 0.126392 0.004058 0.163481
v 0.123821 0.004218 0.168103
v 0.103075 0.003500 0.166783
v 0.122353 0.004218 0.174265
v 0.118130 0.003500 0.189451
v 0.123271 0.004058 0.182849
v 0.123821 0.003739 0.186590
v 0.123821 0.004218 0.168103
v 0.126392 0.004058 0.163481
v 0.118130 0.003500 0.189451
v 0.118130 -0.005192 0.189451
v 0.123821 0.003739 0.186590
v 0.123821 -0.005431 0.186590
v 0.123271 -0.005750 0.182849
v 0.123271 0.004058 0.182849
v 0.122353 0.004218 0.174265
v 0.122353 -0.005910 0.174265
v 0.123821 -0.005910 0.168103
v 0.118441 0.018259 0.182174
v 0.118588 0.013055 0.180182
v 0.110445 0.018871 0.180182
v 0.114260 0.011831 0.176766
v 0.106997 0.016690 0.177145
v 0.103770 0.015198 0.172686
v 0.095920 0.018757 0.177525
v 0.094967 0.018068 0.175437
v 0.086824 0.019254 0.182174
v 0.085210 0.018374 0.179992
v 0.075894 0.018948 0.187773
v 0.074573 0.017991 0.184736
v 0.076701 0.020249 0.189291
v 0.088071 0.020479 0.183313
v 0.097241 0.019905 0.179233
v 0.099148 0.023234 0.181415
v 0.109051 0.023234 0.182174
v 0.114700 0.021282 0.182554
v 0.110739 0.027060 0.184167
v 0.118074 0.023731 0.184357
v 0.113893 0.031499 0.187203
v 0.122916 0.027596 0.187013
v 0.118661 0.034139 0.190809
v 0.127318 0.030466 0.189860
v 0.122769 0.035517 0.195174
v 0.130912 0.032150 0.193371
v 0.133186 0.035861 0.206085
v 0.144190 0.030657 0.200108
v 0.137294 0.035555 0.211684
v 0.147784 0.030313 0.204852
v 0.140375 0.034522 0.216048
v 0.150866 0.029241 0.208932
v 0.143016 0.031499 0.219844
v 0.153873 0.026257 0.212632
v 0.144483 0.026142 0.222121
v 0.155780 0.021091 0.214625
v 0.145584 0.019369 0.223449
v 0.156954 0.014892 0.215479
v 0.147124 0.007239 0.224683
v 0.158128 0.004445 0.216238
v 0.148151 -0.004700 0.225252
v 0.158568 -0.005465 0.216523
v 0.148078 -0.010363 0.224778
v 0.158275 -0.010096 0.216143
v 0.157174 -0.014305 0.215289
v 0.164070 -0.011894 0.209786
v 0.161943 -0.016141 0.208647
v 0.134067 0.034407 0.225252
v 0.131646 0.037545 0.221457
v 0.128345 0.038693 0.217092
v 0.123576 0.039076 0.211019
v 0.112132 0.038808 0.197451
v 0.107144 0.037469 0.191758
v 0.103109 0.033833 0.187203
v 0.100248 0.028514 0.183882
v 0.092106 0.028744 0.186919
v 0.095040 0.034369 0.190429
v 0.099001 0.038196 0.195363
v 0.103916 0.039650 0.201626
v 0.115140 0.039918 0.216143
v 0.119908 0.039497 0.222311
v 0.123063 0.038349 0.226580
v 0.125704 0.035402 0.230186
v 0.127464 0.030198 0.232653
v 0.128785 0.023042 0.234361
v 0.130399 0.009726 0.236543
v 0.131426 -0.003743 0.237872
v 0.131426 -0.009713 0.237777
v 0.130839 -0.014534 0.236828
v 0.147198 -0.015414 0.223449
v 0.129592 -0.018590 0.234835
v 0.145290 -0.019509 0.221077
v 0.127831 -0.021537 0.232274
v 0.140522 -0.023182 0.217756
v 0.125484 -0.023795 0.228858
v 0.122549 -0.025210 0.224778
v 0.112353 -0.023795 0.238156
v 0.109565 -0.025172 0.234171
v 0.117414 -0.009330 0.245368
v 0.117121 -0.002710 0.245083
v 0.116020 0.010338 0.243565
v 0.114333 0.023425 0.241288
v 0.112866 0.030581 0.239485
v 0.111179 0.035517 0.237208
v 0.108978 0.038157 0.234076
v 0.106117 0.039152 0.230186
v 0.101716 0.039535 0.224113
v 0.090932 0.039382 0.209311
v 0.086311 0.038119 0.202859
v 0.082863 0.035134 0.198210
v 0.080662 0.031308 0.195079
v 0.079195 0.027711 0.193086
v 0.089685 0.023387 0.184831
v 0.077874 0.023349 0.191188
v 0.095113 -0.003476 0.152475
v 0.092913 -0.003476 0.141753
v 0.095040 0.002035 0.152475
v 0.092839 0.002035 0.141753
v 0.091372 0.007239 0.142418
v 0.090345 0.007239 0.130177
v 0.087117 0.012060 0.130557
v 0.089392 0.007201 0.113478
v 0.085797 0.012252 0.113572
v 0.088731 0.006588 0.099245
v 0.085063 0.011754 0.098865
v 0.088511 0.007239 0.095165
v 0.087044 0.010070 0.091559
v 0.079782 0.016078 0.113762
v 0.082349 0.015772 0.131126
v 0.089098 0.011945 0.144315
v 0.093940 0.007201 0.153614
v 0.086164 0.015810 0.147162
v 0.092546 0.011869 0.156081
v 0.082056 0.017150 0.139476
v 0.084697 0.017188 0.149154
v 0.089758 0.016193 0.160066
v 0.086677 0.017494 0.159592
v 0.086311 0.017609 0.162059
v 0.079562 0.017150 0.131885
v 0.076701 0.017303 0.124105
v 0.072593 0.017609 0.120404
v 0.067604 0.017647 0.113478
v 0.078901 0.016116 0.099055
v 0.067237 0.017647 0.099340
v 0.078168 0.016193 0.083399
v 0.066797 0.017724 0.083494
v 0.067017 0.018910 0.078560
v 0.057334 0.018871 0.078180
v 0.057554 0.021741 0.075524
v 0.053520 0.020670 0.075524
v 0.053960 0.017953 0.078180
v 0.057334 0.017609 0.083494
v 0.057407 0.017456 0.099435
v 0.057481 0.017379 0.113193
v 0.062396 0.017724 0.118601
v 0.067678 0.017724 0.118601
v 0.054180 0.016690 0.083494
v 0.048825 0.014318 0.078370
v 0.049485 0.013246 0.083399
v 0.044790 0.009076 0.078180
v 0.045890 0.008310 0.083399
v 0.043176 0.003030 0.078275
v 0.044496 0.002762 0.083399
v 0.044350 -0.003552 0.083399
v 0.044423 -0.003552 0.098770
v 0.045817 -0.009139 0.098770
v 0.044497 -0.003552 0.113667
v 0.045890 -0.009139 0.113667
v 0.045230 -0.003552 0.124010
v 0.046624 -0.009139 0.124010
v 0.047137 -0.003552 0.133688
v 0.048458 -0.009139 0.133688
v 0.052639 -0.003552 0.152760
v 0.053813 -0.009139 0.152760
v 0.057261 -0.003514 0.166708
v 0.058361 -0.009139 0.167277
v 0.062836 -0.003169 0.178664
v 0.064010 -0.008067 0.180277
v 0.074573 -0.003973 0.196407
v 0.067091 -0.012124 0.184452
v 0.075013 -0.007685 0.196882
v 0.073399 -0.015797 0.192422
v 0.076114 -0.010937 0.198400
v 0.078461 -0.017366 0.199823
v 0.077874 -0.013348 0.200677
v 0.079928 -0.014573 0.203523
v 0.078315 -0.012965 0.205042
v 0.080148 -0.012965 0.207603
v 0.076627 -0.011856 0.202575
v 0.075233 -0.009828 0.200582
v 0.047284 0.016461 0.075713
v 0.042369 0.010683 0.075524
v 0.040462 0.003489 0.075713
v 0.042956 -0.003782 0.078180
v 0.045744 -0.009177 0.083399
v 0.049632 -0.014611 0.083399
v 0.049705 -0.014573 0.098770
v 0.054987 -0.017749 0.098770
v 0.049778 -0.014573 0.113667
v 0.055060 -0.017749 0.113667
v 0.050438 -0.014573 0.124010
v 0.055647 -0.017749 0.124010
v 0.052052 -0.014534 0.133878
v 0.057041 -0.017749 0.133783
v 0.056967 -0.014458 0.153234
v 0.061516 -0.017749 0.153329
v 0.061442 -0.014458 0.168226
v 0.065844 -0.017749 0.168701
v 0.068338 -0.015529 0.182649
v 0.071932 -0.017940 0.181795
v 0.076040 -0.018361 0.190904
v 0.081102 -0.019777 0.198684
v 0.084843 -0.019394 0.208837
v 0.087191 -0.021690 0.207698
v 0.091666 -0.021575 0.218325
v 0.093646 -0.023642 0.217092
v 0.097021 -0.022914 0.225632
v 0.098781 -0.024751 0.224303
v 0.101936 -0.023450 0.232368
v 0.103916 -0.025172 0.231420
v 0.104503 -0.022838 0.236069
v 0.106924 -0.024675 0.235689
v 0.106997 -0.021652 0.239390
v 0.109638 -0.023335 0.239390
v 0.108905 -0.019815 0.241952
v 0.111766 -0.021231 0.242331
v 0.110152 -0.017404 0.243565
v 0.113233 -0.018437 0.244324
v 0.110885 -0.013960 0.244609
v 0.114113 -0.014534 0.245463
v 0.114333 -0.009330 0.245842
v 0.117047 -0.014726 0.244893
v 0.117414 -0.009330 0.245368
v 0.116020 -0.018782 0.243470
v 0.114553 -0.021652 0.241288
v 0.112353 -0.023795 0.238156
v 0.109565 -0.025172 0.234171
v 0.106337 -0.025631 0.229712
v 0.101202 -0.025249 0.222690
v 0.096287 -0.024177 0.215574
v 0.090125 -0.022302 0.206275
v 0.084183 -0.020427 0.197356
v 0.079121 -0.019088 0.189386
v 0.075013 -0.018552 0.180656
v 0.069145 -0.018476 0.168131
v 0.064890 -0.018476 0.152950
v 0.060635 -0.018476 0.133688
v 0.059241 -0.018476 0.123915
v 0.058728 -0.018476 0.113572
v 0.058655 -0.018476 0.098770
v 0.058581 -0.018552 0.083399
v 0.054913 -0.017787 0.083399
v 0.057994 -0.019738 0.078180
v 0.054106 -0.018935 0.078180
v 0.057187 -0.022455 0.075524
v 0.052713 -0.021499 0.075524
v 0.070759 -0.022647 0.075524
v 0.070832 -0.019853 0.078180
v 0.070685 -0.018629 0.083399
v 0.070759 -0.018590 0.098770
v 0.070905 -0.018590 0.113572
v 0.072446 -0.018590 0.132644
v 0.079048 -0.017710 0.083399
v 0.079342 -0.017634 0.098770
v 0.079708 -0.017596 0.113572
v 0.081029 -0.017596 0.131601
v 0.083743 -0.017634 0.146782
v 0.088658 -0.013769 0.144410
v 0.092326 -0.013042 0.155891
v 0.093940 -0.008948 0.153804
v 0.087631 -0.017442 0.158833
v 0.075967 -0.018590 0.149819
v 0.080075 -0.018590 0.163672
v 0.103916 -0.014228 0.051802
v 0.099368 -0.017328 0.051613
v 0.103916 0.024573 0.051707
v 0.103109 0.025644 0.051707
v 0.095554 0.026486 0.051707
v 0.093280 -0.019126 0.051613
v 0.084477 -0.020465 0.051707
v 0.061882 0.026410 0.051707
v 0.072372 -0.021537 0.051707
v 0.056967 0.025491 0.051707
v 0.060048 -0.021958 0.051707
v 0.051099 0.023387 0.051707
v 0.049485 -0.021307 0.051707
v 0.039728 0.017647 0.051707
v 0.041856 -0.019164 0.051707
v 0.035473 0.014356 0.051707
v 0.032686 0.010300 0.051707
v 0.036574 -0.015682 0.051707
v 0.031145 0.005440 0.051707
v 0.033053 -0.011090 0.051707
v 0.031072 -0.005733 0.051707
v 0.030485 -0.000070 0.051707
v 0.117121 -0.002710 0.245083
v 0.114113 -0.002825 0.245463
v 0.111032 -0.003208 0.244704
v 0.109932 0.009496 0.243090
v 0.107584 0.000619 0.242521
v 0.106191 0.004943 0.240718
v 0.108024 -0.004356 0.243185
v 0.111179 -0.009254 0.244893
v 0.107584 -0.008871 0.242616
v 0.106264 -0.013539 0.240718
v 0.104283 -0.016907 0.237967
v 0.101789 -0.019088 0.234551
v 0.099001 -0.019891 0.230661
v 0.096140 -0.019126 0.226675
v 0.093573 -0.016945 0.223165
v 0.091592 -0.013463 0.220318
v 0.085724 -0.010899 0.211778
v 0.090345 -0.009139 0.218610
v 0.086897 -0.007647 0.213297
v 0.089905 -0.004394 0.217946
v 0.087264 -0.003973 0.213771
v 0.086897 -0.000338 0.213202
v 0.084183 -0.000874 0.213297
v 0.085797 0.002876 0.211684
v 0.083229 0.001882 0.211968
v 0.084110 0.005325 0.209501
v 0.081836 0.003910 0.210070
v 0.082056 0.006627 0.206655
v 0.080148 0.005019 0.207603
v 0.079855 0.006627 0.203618
v 0.078315 0.004981 0.205042
v 0.077801 0.005364 0.200772
v 0.076627 0.003910 0.202575
v 0.076114 0.002953 0.198400
v 0.075233 0.001843 0.200582
v 0.074940 -0.000261 0.196882
v 0.074353 -0.000874 0.199254
v 0.073986 -0.003973 0.198874
v 0.074353 -0.007073 0.199348
v 0.083229 -0.009828 0.211968
v 0.081836 -0.011856 0.210070
v 0.084036 -0.013310 0.209501
v 0.082056 -0.014573 0.206655
v 0.064083 0.008157 0.180371
v 0.062836 0.002762 0.178664
v 0.057407 0.002838 0.166708
v 0.052859 0.002800 0.152855
v 0.047284 0.002762 0.133688
v 0.045377 0.002762 0.124010
v 0.044643 0.002762 0.113667
v 0.044570 0.002762 0.098770
v 0.045890 0.008157 0.098865
v 0.046037 0.008157 0.113667
v 0.046697 0.008157 0.123915
v 0.048458 0.008157 0.133593
v 0.053960 0.008234 0.153045
v 0.058361 0.008425 0.167182
v 0.060929 0.013514 0.168890
v 0.056014 0.012711 0.153804
v 0.051172 0.012634 0.133783
v 0.049998 0.012902 0.124389
v 0.049485 0.013017 0.113572
v 0.049485 0.013093 0.099055
v 0.054400 0.016346 0.124864
v 0.054253 0.016422 0.113288
v 0.054253 0.016537 0.099435
v 0.057848 0.017456 0.120404
v 0.053740 0.015198 0.134068
v 0.054913 0.014701 0.143271
v 0.057921 0.015275 0.154468
v 0.062322 0.016499 0.166518
v 0.063496 0.016422 0.170219
v 0.067311 0.012596 0.184831
v 0.070172 0.015121 0.188342
v 0.084477 -0.004011 0.213771
v 0.084183 -0.007073 0.213297
v 0.116020 0.010338 0.243565
v 0.112939 0.010147 0.243850
v 0.108024 0.022468 0.240623
v 0.103330 0.022392 0.236354
v 0.103770 0.025568 0.236923
v 0.114333 0.023425 0.241288
v 0.111179 0.023195 0.241572
v 0.106631 0.028591 0.238916
v 0.103330 0.028820 0.236354
v 0.112866 0.030581 0.239485
v 0.109785 0.030122 0.239770
v 0.105164 0.033068 0.236923
v 0.102303 0.031499 0.234930
v 0.111179 0.035517 0.237208
v 0.108171 0.034828 0.237682
v 0.106264 0.037507 0.234835
v 0.103403 0.035785 0.234266
v 0.103550 0.038502 0.231135
v 0.100909 0.036780 0.230850
v 0.099295 0.038884 0.225252
v 0.097534 0.037009 0.226201
v 0.087484 0.036856 0.212443
v 0.087117 0.032379 0.213581
v 0.084917 0.033106 0.210450
v 0.083229 0.031384 0.211589
v 0.082716 0.032417 0.207319
v 0.081322 0.030810 0.208932
v 0.080662 0.030504 0.204567
v 0.079708 0.029165 0.206655
v 0.079121 0.027519 0.202575
v 0.078461 0.026639 0.204852
v 0.078241 0.023846 0.201531
v 0.077801 0.023578 0.203903
v 0.077801 0.020211 0.203903
v 0.083229 0.035976 0.206655
v 0.080148 0.033718 0.202480
v 0.078094 0.030466 0.199633
v 0.076554 0.026907 0.197546
v 0.074793 0.022009 0.195079
v 0.078241 0.019943 0.201531
v 0.073179 0.018259 0.192612
v 0.079048 0.016269 0.202669
v 0.080515 0.013285 0.204662
v 0.082496 0.011295 0.207414
v 0.084623 0.010530 0.210545
v 0.086971 0.011257 0.213771
v 0.091592 0.004752 0.220413
v 0.090345 0.000427 0.218610
v 0.088951 0.013323 0.216428
v 0.085063 0.012940 0.214340
v 0.083156 0.012328 0.211684
v 0.081322 0.012902 0.208932
v 0.079635 0.014586 0.206655
v 0.078461 0.017111 0.204852
v 0.085063 0.030772 0.214245
v 0.089025 0.030466 0.216333
v 0.095407 0.031423 0.225347
v 0.096947 0.033221 0.227529
v 0.086677 0.029127 0.216618
v 0.087924 0.026639 0.218325
v 0.090492 0.027481 0.218325
v 0.088511 0.023540 0.219274
v 0.091299 0.023808 0.219369
v 0.088585 0.020211 0.219274
v 0.091299 0.019943 0.219369
v 0.090492 0.016308 0.218420
v 0.095480 0.019713 0.225347
v 0.093646 0.008234 0.223165
v 0.096140 0.010415 0.226675
v 0.087924 0.017111 0.218325
v 0.086677 0.014586 0.216618
v 0.090272 0.002417 0.096683
v 0.090272 0.001729 0.099435
v 0.090492 -0.002557 0.095165
v 0.090198 -0.003590 0.098960
v 0.091079 0.002035 0.113478
v 0.092032 0.002035 0.129893
v 0.092106 -0.003476 0.129988
v 0.091152 -0.003476 0.113478
v 0.108978 0.038157 0.234076
v 0.106117 0.039152 0.230186
v 0.101716 0.039535 0.224113
v 0.090932 0.039382 0.209311
v 0.088805 0.038693 0.210735
v 0.086311 0.038119 0.202859
v 0.084183 0.037545 0.204472
v 0.082863 0.035134 0.198210
v 0.080882 0.034752 0.199823
v 0.080662 0.031308 0.195079
v 0.078681 0.031116 0.196787
v 0.079195 0.027711 0.193086
v 0.077214 0.027519 0.194794
v 0.077874 0.023349 0.191188
v 0.075820 0.023081 0.192801
v 0.074573 0.019828 0.190714
v 0.073546 0.018451 0.189006
v 0.071859 0.016576 0.190714
v 0.071786 0.017456 0.186065
v 0.076701 0.020249 0.189291
v 0.075894 0.018948 0.187773
v 0.074573 0.017991 0.184736
v 0.067898 0.017609 0.170219
v 0.065697 0.017417 0.170598
v 0.066797 0.017762 0.167847
v 0.064670 0.017532 0.168226
v 0.109051 0.010874 0.169839
v 0.104503 0.010530 0.161395
v 0.098708 0.013323 0.161679
v 0.098635 0.011716 0.159971
v 0.091959 0.015542 0.161395
v 0.092546 0.011869 0.156081
v 0.089758 0.016193 0.160066
v 0.087998 0.017341 0.163862
v 0.086311 0.017609 0.162059
v 0.076701 0.017724 0.168606
v 0.067898 0.017609 0.170219
v 0.075087 0.017953 0.165759
v 0.066797 0.017762 0.167847
v 0.091886 0.023081 0.227624
v 0.092693 0.020938 0.228763
v 0.091592 0.025644 0.227150
v 0.093940 0.019522 0.230566
v 0.091886 0.028208 0.227624
v 0.095407 0.019025 0.232653
v 0.092693 0.030351 0.228763
v 0.093940 0.031767 0.230566
v 0.096874 0.019522 0.234741
v 0.095407 0.032264 0.232558
v 0.098121 0.020938 0.236449
v 0.096874 0.031767 0.234646
v 0.098928 0.023081 0.237587
v 0.098121 0.030351 0.236449
v 0.099221 0.025606 0.238062
v 0.098928 0.028170 0.237682
v 0.100762 0.033259 0.232748
v 0.098855 0.033910 0.230091
v 0.085210 0.011525 0.091180
v 0.084990 0.011945 0.085297
v 0.086677 0.011027 0.087005
v 0.087117 0.010147 0.082260
v 0.087117 0.011027 0.077801
v 0.084110 0.013820 0.078275
v 0.078461 0.017303 0.078275
v 0.068044 0.022048 0.075618
v 0.088878 0.013093 0.075524
v 0.085430 0.016461 0.075618
v 0.079342 0.020058 0.075618
v 0.089832 0.007583 0.076852
v 0.088951 0.007621 0.078939
v 0.091299 0.002341 0.077232
v 0.091666 0.008119 0.075429
v 0.093353 0.002188 0.075429
v 0.086311 0.017609 0.162059
v 0.086677 0.017494 0.159592
v 0.084917 0.018680 0.160541
v 0.085137 0.018642 0.158548
v 0.082423 0.029088 0.153993
v 0.082716 0.029012 0.152475
v 0.080809 0.031843 0.152380
v 0.081029 0.031767 0.151052
v 0.078388 0.034139 0.151337
v 0.078461 0.034101 0.149629
v 0.075233 0.036014 0.150672
v 0.075233 0.036053 0.149154
v 0.071639 0.037009 0.150862
v 0.071346 0.037162 0.149154
v 0.067531 0.037048 0.150008
v 0.067824 0.018565 0.123440
v 0.062616 0.018642 0.123346
v 0.067678 0.017724 0.118601
v 0.062396 0.017724 0.118601
v 0.084697 0.017188 0.149154
v 0.083376 0.018489 0.149154
v 0.080662 0.018412 0.140235
v 0.078094 0.018336 0.133498
v 0.075454 0.018336 0.128849
v 0.072299 0.018412 0.125528
v 0.082056 0.017150 0.139476
v 0.079562 0.017150 0.131885
v 0.076701 0.017303 0.124105
v 0.072593 0.017609 0.120404
v 0.097021 0.017953 0.227624
v 0.098928 0.011180 0.230566
v 0.098928 0.017341 0.230186
v 0.100762 0.017991 0.232748
v 0.101716 0.010453 0.234456
v 0.102303 0.019713 0.234930
v 0.104210 0.008310 0.237967
v 0.079635 -0.018705 0.078370
v 0.084623 -0.013501 0.083304
v 0.085504 -0.014190 0.078275
v 0.088144 -0.008718 0.083209
v 0.089025 -0.009254 0.077991
v 0.090052 -0.005772 0.082260
v 0.090932 -0.002825 0.078939
v 0.089685 -0.006690 0.086910
v 0.088218 -0.008641 0.087859
v 0.084990 -0.013807 0.098770
v 0.089905 -0.005695 0.091559
v 0.088365 -0.008986 0.098770
v 0.085724 -0.013807 0.113478
v 0.086897 -0.013846 0.130842
v 0.089392 -0.008948 0.113478
v 0.090419 -0.008948 0.130272
v 0.091519 -0.008948 0.142607
v 0.092106 -0.003476 0.129988
v 0.092913 -0.003476 0.141753
v 0.095113 -0.003476 0.152475
v 0.091152 -0.003476 0.113478
v 0.090198 -0.003590 0.098960
v 0.090492 -0.002557 0.095165
v 0.072152 -0.022073 0.065276
v 0.072372 -0.021537 0.051707
v 0.084256 -0.021078 0.065276
v 0.084477 -0.020465 0.051707
v 0.093280 -0.019126 0.051613
v 0.093866 -0.019853 0.065276
v 0.099368 -0.017328 0.051613
v 0.099808 -0.017978 0.065276
v 0.103916 -0.014228 0.051802
v 0.104210 -0.014764 0.065750
v 0.103916 0.024573 0.051707
v 0.104136 0.024535 0.073436
v 0.103109 0.025874 0.073436
v 0.102816 0.025453 0.074765
v 0.095554 0.026716 0.073436
v 0.095480 0.026295 0.074765
v 0.082202 0.026410 0.074859
v 0.103623 0.024382 0.074765
v 0.104357 -0.014573 0.073816
v 0.103843 -0.016486 0.066415
v 0.103843 -0.014534 0.074765
v 0.103476 -0.016027 0.074765
v 0.103990 -0.017710 0.072013
v 0.103990 -0.017710 0.068787
v 0.154827 -0.018323 0.213866
v 0.158715 -0.019432 0.207034
v 0.164657 -0.016715 0.203144
v 0.159155 -0.020236 0.202195
v 0.165170 -0.017022 0.199728
v 0.161136 -0.019700 0.196597
v 0.163776 -0.017175 0.195268
v 0.160182 -0.017481 0.191758
v 0.150132 -0.021728 0.214056
v 0.153580 -0.021346 0.210924
v 0.145804 -0.022532 0.215669
v 0.141329 -0.023909 0.214815
v 0.137734 -0.025057 0.211494
v 0.119248 -0.025708 0.220413
v 0.136414 -0.025287 0.206370
v 0.114040 -0.025287 0.213866
v 0.137588 -0.024675 0.201531
v 0.131132 -0.023450 0.198305
v 0.139935 -0.022685 0.195553
v 0.138101 -0.020848 0.192232
v 0.145951 -0.020810 0.191568
v 0.145290 -0.017557 0.188911
v 0.152406 -0.020619 0.191568
v 0.154020 -0.017557 0.189291
v 0.158348 -0.020312 0.193845
v 0.154900 -0.021728 0.195743
v 0.157248 -0.021346 0.198495
v 0.154387 -0.022494 0.201721
v 0.155414 -0.021728 0.206560
v 0.150645 -0.022914 0.197925
v 0.147564 -0.022302 0.194889
v 0.145877 -0.023144 0.196882
v 0.141182 -0.023795 0.198115
v 0.106337 -0.025631 0.229712
v 0.101202 -0.025249 0.222690
v 0.108978 -0.024139 0.207603
v 0.096287 -0.024177 0.215574
v 0.102303 -0.022226 0.199159
v 0.090125 -0.022302 0.206275
v 0.096140 -0.020504 0.191094
v 0.084183 -0.020427 0.197356
v 0.089098 -0.019011 0.182269
v 0.079121 -0.019088 0.189386
v 0.075013 -0.018552 0.180656
v 0.080075 -0.018590 0.163672
v 0.097314 -0.017978 0.176861
v 0.103476 -0.019662 0.186824
v 0.110372 -0.020848 0.193181
v 0.117121 -0.021766 0.196312
v 0.128418 -0.020810 0.192896
v 0.137294 -0.017634 0.189291
v 0.110519 -0.016754 0.181700
v 0.116901 -0.017787 0.187203
v 0.122769 -0.017863 0.188816
v 0.128931 -0.017557 0.189006
v 0.128711 -0.013616 0.185970
v 0.114627 -0.013272 0.177715
v 0.120862 -0.013999 0.183028
v 0.103550 -0.015682 0.172496
v 0.092326 -0.016524 0.162154
v 0.087631 -0.017442 0.158833
v 0.092326 -0.013042 0.155891
v 0.098415 -0.012391 0.159687
v 0.098268 -0.014802 0.162059
v 0.104577 -0.012238 0.161584
v 0.109125 -0.012391 0.170029
v 0.089905 -0.004394 0.217946
v 0.088071 -0.004356 0.219654
v 0.090345 0.000427 0.218610
v 0.088511 0.000351 0.220223
v 0.091592 0.004752 0.220413
v 0.089758 0.004560 0.222026
v 0.091666 0.007928 0.224778
v 0.093646 0.008234 0.223165
v 0.094160 0.010109 0.228194
v 0.096140 0.010415 0.226675
v 0.096801 0.010836 0.232084
v 0.098928 0.011180 0.230566
v 0.101716 0.010453 0.234456
v 0.099515 0.010070 0.235879
v 0.104210 0.008310 0.237967
v 0.101936 0.007928 0.239390
v 0.106191 0.004943 0.240718
v 0.103916 0.004560 0.242142
v 0.107584 0.000619 0.242521
v 0.105164 0.000313 0.243944
v 0.108024 -0.004356 0.243185
v 0.105530 -0.004394 0.244514
v 0.107584 -0.008871 0.242616
v 0.105164 -0.009062 0.243944
v 0.106264 -0.013539 0.240718
v 0.103916 -0.013310 0.242142
v 0.101936 -0.016677 0.239390
v 0.104283 -0.016907 0.237967
v 0.101789 -0.019088 0.234551
v 0.099515 -0.018820 0.235879
v 0.099001 -0.019891 0.230661
v 0.096801 -0.019585 0.232084
v 0.096140 -0.019126 0.226675
v 0.094160 -0.018820 0.228194
v 0.091666 -0.016677 0.224778
v 0.093573 -0.016945 0.223165
v 0.089758 -0.013310 0.222026
v 0.091592 -0.013463 0.220318
v 0.088511 -0.009062 0.220223
v 0.090345 -0.009139 0.218610
v 0.088071 -0.004356 0.219654
v 0.089905 -0.004394 0.217946
v 0.104210 -0.014764 0.065750
v 0.103843 -0.016486 0.066415
v 0.099808 -0.017978 0.065276
v 0.098561 -0.020695 0.066035
v 0.093866 -0.019853 0.065276
v 0.090932 -0.026397 0.066035
v 0.084256 -0.021078 0.065276
v 0.081396 -0.031830 0.066035
v 0.072152 -0.034968 0.066035
v 0.081616 -0.033552 0.068787
v 0.072299 -0.036690 0.068787
v 0.081616 -0.033552 0.072013
v 0.072299 -0.036690 0.072013
v 0.072152 -0.034930 0.074764
v 0.061882 -0.036614 0.074765
v 0.103990 -0.017710 0.068787
v 0.098781 -0.022532 0.068787
v 0.091152 -0.028272 0.068787
v 0.091152 -0.028272 0.072013
v 0.081396 -0.031792 0.074764
v 0.090785 -0.026435 0.074764
v 0.098781 -0.022532 0.072013
v 0.098268 -0.020695 0.074764
v 0.103990 -0.017710 0.072013
v 0.103476 -0.016027 0.074765
v 0.072152 -0.022073 0.065276
v 0.061809 -0.036652 0.066035
v 0.059902 -0.022455 0.065276
v 0.051539 -0.036307 0.066035
v 0.049338 -0.021766 0.065276
v 0.042002 -0.033897 0.066035
v 0.041636 -0.019585 0.065276
v 0.033713 -0.029458 0.066035
v 0.036280 -0.016027 0.065276
v 0.027184 -0.023067 0.066035
v 0.032686 -0.011320 0.065276
v 0.022856 -0.014993 0.066035
v 0.030632 -0.005848 0.065276
v 0.020655 -0.006039 0.066035
v 0.030045 -0.000070 0.065276
v 0.020362 0.002838 0.066035
v 0.030705 0.005555 0.065276
v 0.021609 0.010415 0.066035
v 0.032319 0.010530 0.065276
v 0.024176 0.015887 0.066035
v 0.028578 0.019981 0.066035
v 0.027771 0.021053 0.068882
v 0.035033 0.023578 0.066035
v 0.034446 0.024879 0.068882
v 0.049705 0.029930 0.066035
v 0.049485 0.031346 0.068787
v 0.056747 0.032073 0.066035
v 0.056747 0.033489 0.068787
v 0.063643 0.032838 0.066035
v 0.063863 0.034254 0.068787
v 0.068851 0.032532 0.066035
v 0.069365 0.033910 0.068787
v 0.072959 0.031270 0.066035
v 0.073840 0.032456 0.068787
v 0.076040 0.029050 0.066035
v 0.077434 0.029854 0.068787
v 0.078681 0.027252 0.065845
v 0.080369 0.027749 0.068787
v 0.081542 0.026869 0.065656
v 0.083009 0.026869 0.068882
v 0.023149 0.016576 0.068882
v 0.020288 0.010721 0.068882
v 0.018968 0.002915 0.068787
v 0.019261 -0.006192 0.068787
v 0.021462 -0.015491 0.068787
v 0.026010 -0.023948 0.068787
v 0.032906 -0.030721 0.068787
v 0.041636 -0.035466 0.068787
v 0.051465 -0.038029 0.068787
v 0.061809 -0.038412 0.068787
v 0.061809 -0.038412 0.072013
v 0.041636 -0.035466 0.072013
v 0.032906 -0.030721 0.072013
v 0.026010 -0.023948 0.072013
v 0.021462 -0.015491 0.072013
v 0.019261 -0.006192 0.072013
v 0.018968 0.002915 0.072013
v 0.020288 0.010721 0.072013
v 0.023149 0.016576 0.072108
v 0.027771 0.021053 0.072108
v 0.034446 0.024879 0.072108
v 0.028651 0.020019 0.074765
v 0.035107 0.023616 0.074765
v 0.049485 0.031346 0.072013
v 0.056747 0.033489 0.072013
v 0.063863 0.034254 0.072013
v 0.069365 0.033910 0.072013
v 0.073840 0.032456 0.072013
v 0.077361 0.029854 0.072013
v 0.080295 0.027749 0.072013
v 0.049705 0.029892 0.074765
v 0.056747 0.031997 0.074765
v 0.063643 0.032762 0.074765
v 0.068925 0.032494 0.074765
v 0.072959 0.031193 0.074765
v 0.076187 0.028897 0.074765
v 0.079268 0.027099 0.074765
v 0.082202 0.026410 0.074859
v 0.083009 0.026869 0.072013
v 0.064670 0.017532 0.168226
v 0.063790 0.018680 0.165759
v 0.062322 0.016499 0.166518
v 0.062543 0.018489 0.164146
v 0.057921 0.015275 0.154468
v 0.058655 0.017341 0.153614
v 0.054913 0.014701 0.143271
v 0.056160 0.016690 0.143271
v 0.055353 0.017111 0.135301
v 0.061075 0.031729 0.155986
v 0.062249 0.033948 0.153804
v 0.063056 0.033986 0.155227
v 0.064963 0.035861 0.153329
v 0.053740 0.015198 0.134068
v 0.056160 0.017915 0.129703
v 0.054400 0.016346 0.124864
v 0.058581 0.018412 0.125528
v 0.057848 0.017456 0.120404
v 0.064303 0.035785 0.151716
v 0.068044 0.036933 0.151811
v 0.061882 0.026831 0.065276
v 0.056821 0.025951 0.065276
v 0.050952 0.023808 0.065276
v 0.039435 0.017991 0.065276
v 0.035180 0.014662 0.065276
v 0.051465 -0.038029 0.072013
v 0.051612 -0.036269 0.074765
v 0.061662 0.029203 0.159212
v 0.060489 0.029088 0.157979
v 0.062102 0.031805 0.157220
v 0.024250 0.015925 0.074765
v 0.021682 0.010415 0.074765
v 0.020435 0.002838 0.074765
v 0.020802 -0.006001 0.074765
v 0.022929 -0.014955 0.074765
v 0.027257 -0.023029 0.074765
v 0.033786 -0.029420 0.074765
v 0.042076 -0.033858 0.074765
v 0.118441 0.018259 0.182174
v 0.122256 0.020019 0.183977
v 0.128271 0.023119 0.186634
v 0.133333 0.026907 0.189291
v 0.136707 0.029318 0.192042
v 0.142283 0.026218 0.191094
v 0.153580 0.023463 0.194320
v 0.148665 0.022009 0.190334
v 0.152333 0.018259 0.189575
v 0.156954 0.019178 0.192137
v 0.157174 0.023387 0.198115
v 0.160842 0.019254 0.195458
v 0.159815 0.022660 0.201531
v 0.163483 0.018986 0.199823
v 0.163997 0.019025 0.203334
v 0.160255 0.022124 0.207414
v 0.162823 0.017226 0.209027
v 0.164217 0.011486 0.209596
v 0.165244 0.002609 0.210070
v 0.165244 -0.005772 0.210260
v 0.048531 -0.015414 0.078370
v 0.044350 -0.009751 0.078180
v 0.040095 -0.004241 0.075713
v 0.041562 -0.010823 0.075618
v 0.046330 -0.017519 0.075618
v 0.117047 -0.014726 0.244893
v 0.116020 -0.018782 0.243470
v 0.114553 -0.021652 0.241288
v 0.081249 -0.021231 0.075524
v 0.087264 -0.016218 0.075713
v 0.091152 -0.010784 0.075524
v 0.093133 -0.004432 0.075524
v 0.091225 -0.003667 0.077326
v 0.093353 0.002188 0.075429
v 0.091299 0.002341 0.077232
v 0.072372 -0.021537 0.051707
v 0.072152 -0.022073 0.065276
v 0.060048 -0.021958 0.051707
v 0.059902 -0.022455 0.065276
v 0.049485 -0.021307 0.051707
v 0.049338 -0.021766 0.065276
v 0.041856 -0.019164 0.051707
v 0.041636 -0.019585 0.065276
v 0.036574 -0.015682 0.051707
v 0.036280 -0.016027 0.065276
v 0.032686 -0.011320 0.065276
v 0.033053 -0.011090 0.051707
v 0.030632 -0.005848 0.065276
v 0.031072 -0.005733 0.051707
v 0.030045 -0.000070 0.065276
v 0.030485 -0.000070 0.051707
v 0.031145 0.005440 0.051707
v 0.030705 0.005555 0.065276
v 0.032686 0.010300 0.051707
v 0.032319 0.010530 0.065276
v 0.035473 0.014356 0.051707
v 0.035180 0.014662 0.065276
v 0.039435 0.017991 0.065276
v 0.039728 0.017647 0.051707
v 0.050952 0.023808 0.065276
v 0.051099 0.023387 0.051707
v 0.056967 0.025491 0.051707
v 0.056821 0.025951 0.065276
v 0.061882 0.026410 0.051707
v 0.061882 0.026831 0.065276
v 0.081542 0.026869 0.065656
v 0.095554 0.026486 0.051707
v 0.083009 0.026869 0.068882
v 0.083009 0.026869 0.072013
v 0.103109 0.025644 0.051707
v 0.094453 0.022430 0.223924
v 0.091886 0.023081 0.227624
v 0.094086 0.025606 0.223449
v 0.091592 0.025644 0.227150
v 0.094453 0.028744 0.223924
v 0.091886 0.028208 0.227624
v 0.095407 0.031423 0.225347
v 0.092693 0.030351 0.228763
v 0.096947 0.033221 0.227529
v 0.093940 0.031767 0.230566
v 0.098855 0.033910 0.230091
v 0.095407 0.032264 0.232558
v 0.100762 0.033259 0.232748
v 0.096874 0.031767 0.234646
v 0.098121 0.030351 0.236449
v 0.102303 0.031499 0.234930
v 0.098928 0.028170 0.237682
v 0.103330 0.028820 0.236354
v 0.099221 0.025606 0.238062
v 0.103770 0.025568 0.236923
v 0.098928 0.023081 0.237587
v 0.103330 0.022392 0.236354
v 0.098121 0.020938 0.236449
v 0.102303 0.019713 0.234930
v 0.100762 0.017991 0.232748
v 0.096874 0.019522 0.234741
v 0.098928 0.017341 0.230186
v 0.095407 0.019025 0.232653
v 0.097021 0.017953 0.227624
v 0.093940 0.019522 0.230566
v 0.095480 0.019713 0.225347
v 0.092693 0.020938 0.228763
v 0.094453 0.022430 0.223924
v 0.094453 0.028744 0.223924
v 0.094086 0.025606 0.223449
v 0.094453 0.022430 0.223924
v 0.160255 0.022124 0.207414
v 0.162823 0.017226 0.209027
v 0.163997 0.019025 0.203334
v 0.166564 0.014624 0.204282
v 0.166491 0.014356 0.198969
v 0.168031 0.009458 0.204662
v 0.168251 0.008769 0.198589
v 0.168912 0.001499 0.204757
v 0.169132 0.000963 0.198400
v 0.168765 -0.006039 0.204947
v 0.169058 -0.006728 0.198589
v 0.167664 -0.011626 0.204757
v 0.168178 -0.011894 0.198874
v 0.164657 -0.016715 0.203144
v 0.165170 -0.017022 0.199728
v 0.165977 -0.007340 0.193086
v 0.166124 0.000504 0.192801
v 0.165390 0.008310 0.193181
v 0.163703 0.014127 0.194035
v 0.163483 0.018986 0.199823
v 0.160695 0.007966 0.189480
v 0.161136 0.000160 0.189006
v 0.160916 -0.007800 0.189291
v 0.165244 -0.012315 0.193561
v 0.160329 -0.012659 0.189860
v 0.160182 -0.017481 0.191758
v 0.154020 -0.017557 0.189291
v 0.154533 -0.012889 0.188057
v 0.154900 -0.008067 0.187488
v 0.155047 -0.000108 0.187393
v 0.154753 0.007660 0.187773
v 0.159302 0.013782 0.190429
v 0.160842 0.019254 0.195458
v 0.145290 -0.008488 0.187678
v 0.145437 0.007698 0.187962
v 0.153873 0.013132 0.188437
v 0.156954 0.019178 0.192137
v 0.137808 0.008081 0.187678
v 0.145804 0.013438 0.188152
v 0.152333 0.018259 0.189575
v 0.138395 0.015428 0.188057
v 0.146611 0.019025 0.188816
v 0.148665 0.022009 0.190334
v 0.140155 0.023081 0.189196
v 0.128271 0.023119 0.186634
v 0.129665 0.015428 0.185685
v 0.122256 0.020019 0.183977
v 0.123430 0.014165 0.182839
v 0.118441 0.018259 0.182174
v 0.118588 0.013055 0.180182
v 0.129738 0.008157 0.185116
v 0.137221 -0.008948 0.187203
v 0.145217 -0.013080 0.187962
v 0.145290 -0.017557 0.188911
v 0.137221 -0.013348 0.187678
v 0.129152 -0.009407 0.184831
v 0.123503 0.008081 0.182079
v 0.137294 -0.017634 0.189291
v 0.128711 -0.013616 0.185970
v 0.122109 -0.009713 0.181415
v 0.115654 0.008004 0.176576
v 0.114260 0.011831 0.176766
v 0.120862 -0.013999 0.183028
v 0.114627 -0.013272 0.177715
v 0.115727 -0.009675 0.176671
v 0.109125 -0.012391 0.170029
v 0.110005 -0.009062 0.169460
v 0.105824 -0.009483 0.161395
v 0.106044 -0.003858 0.161300
v 0.098855 -0.009024 0.158263
v 0.099442 -0.003590 0.157314
v 0.093940 -0.008948 0.153804
v 0.095113 -0.003476 0.152475
v 0.110005 0.007430 0.169460
v 0.106044 0.002494 0.161300
v 0.099368 0.002188 0.157314
v 0.095040 0.002035 0.152475
v 0.093940 0.007201 0.153614
v 0.098781 0.007354 0.158074
v 0.105750 0.007851 0.161395
v 0.109051 0.010874 0.169839
v 0.104503 0.010530 0.161395
v 0.098635 0.011716 0.159971
v 0.092546 0.011869 0.156081
v 0.142283 0.026218 0.191094
v 0.136707 0.029318 0.192042
v 0.133333 0.026907 0.189291
v 0.163776 -0.017175 0.195268
v 0.164217 0.011486 0.209596
v 0.165244 0.002609 0.210070
v 0.165244 -0.005772 0.210260
v 0.164070 -0.011894 0.209786
v 0.161943 -0.016141 0.208647
v 0.104577 -0.012238 0.161584
v 0.098415 -0.012391 0.159687
v 0.092326 -0.013042 0.155891
v 0.078608 0.023693 0.159497
v 0.076260 0.022315 0.161015
v 0.083229 0.018718 0.161489
v 0.074353 0.018795 0.163862
v 0.075087 0.017953 0.165759
v 0.065770 0.018718 0.165949
v 0.066797 0.017762 0.167847
v 0.064670 0.017532 0.168226
v 0.063790 0.018680 0.165759
v 0.065477 0.026333 0.161205
v 0.061662 0.029203 0.159212
v 0.064597 0.029012 0.159592
v 0.062102 0.031805 0.157220
v 0.064963 0.031537 0.157599
v 0.063056 0.033986 0.155227
v 0.066210 0.033374 0.155891
v 0.064963 0.035861 0.153329
v 0.068338 0.034637 0.154373
v 0.068044 0.036933 0.151811
v 0.070979 0.035058 0.153329
v 0.071639 0.037009 0.150862
v 0.073766 0.034637 0.152950
v 0.075233 0.036014 0.150672
v 0.076407 0.033412 0.153234
v 0.078388 0.034139 0.151337
v 0.078461 0.031537 0.154088
v 0.080809 0.031843 0.152380
v 0.079708 0.028897 0.155796
v 0.082423 0.029088 0.153993
v 0.079855 0.026372 0.157504
v 0.084917 0.018680 0.160541
v 0.086311 0.017609 0.162059
v 0.067531 0.023655 0.162343
v 0.070392 0.022277 0.162533
v 0.073399 0.021894 0.162059
v 0.094160 0.010109 0.228194
v 0.095334 0.008502 0.233128
v 0.096801 0.010836 0.232084
v 0.097608 0.007889 0.236354
v 0.099515 0.010070 0.235879
v 0.099662 0.006053 0.239295
v 0.101936 0.007928 0.239390
v 0.101276 0.003183 0.241667
v 0.103916 0.004560 0.242142
v 0.102303 -0.000376 0.243185
v 0.105164 0.000313 0.243944
v 0.102669 -0.004356 0.243660
v 0.105530 -0.004394 0.244514
v 0.102303 -0.008335 0.243185
v 0.105164 -0.009062 0.243944
v 0.103916 -0.013310 0.242142
v 0.092986 0.007889 0.229901
v 0.091666 0.007928 0.224778
v 0.090932 0.006053 0.226960
v 0.089318 0.003183 0.224588
v 0.101276 -0.011932 0.241667
v 0.099662 -0.014764 0.239295
v 0.101936 -0.016677 0.239390
v 0.099515 -0.018820 0.235879
v 0.089758 0.004560 0.222026
v 0.088511 0.000351 0.220223
v 0.088291 -0.000376 0.223070
v 0.088071 -0.004356 0.219654
v 0.087924 -0.004356 0.222595
v 0.088291 -0.008335 0.223070
v 0.097608 -0.016601 0.236354
v 0.089318 -0.011932 0.224588
v 0.095334 -0.017251 0.233128
v 0.092986 -0.016601 0.229901
v 0.094160 -0.018820 0.228194
v 0.091666 -0.016677 0.224778
v 0.096801 -0.019585 0.232084
v 0.088511 -0.009062 0.220223
v 0.089758 -0.013310 0.222026
v 0.090932 -0.014764 0.226960
v 0.027257 -0.023029 0.074765
v 0.033786 -0.029420 0.074765
v 0.046330 -0.017519 0.075618
v 0.042076 -0.033858 0.074765
v 0.052713 -0.021499 0.075524
v 0.051612 -0.036269 0.074765
v 0.057187 -0.022455 0.075524
v 0.061882 -0.036614 0.074765
v 0.070759 -0.022647 0.075524
v 0.072152 -0.034930 0.074764
v 0.081396 -0.031792 0.074764
v 0.081249 -0.021231 0.075524
v 0.090785 -0.026435 0.074764
v 0.087264 -0.016218 0.075713
v 0.098268 -0.020695 0.074764
v 0.091152 -0.010784 0.075524
v 0.103476 -0.016027 0.074765
v 0.103843 -0.014534 0.074765
v 0.093133 -0.004432 0.075524
v 0.093353 0.002188 0.075429
v 0.103623 0.024382 0.074765
v 0.091666 0.008119 0.075429
v 0.088878 0.013093 0.075524
v 0.102816 0.025453 0.074765
v 0.095480 0.026295 0.074765
v 0.085430 0.016461 0.075618
v 0.082202 0.026410 0.074859
v 0.079342 0.020058 0.075618
v 0.079268 0.027099 0.074765
v 0.068044 0.022048 0.075618
v 0.076187 0.028897 0.074765
v 0.072959 0.031193 0.074765
v 0.068925 0.032494 0.074765
v 0.057554 0.021741 0.075524
v 0.063643 0.032762 0.074765
v 0.056747 0.031997 0.074765
v 0.049705 0.029892 0.074765
v 0.053520 0.020670 0.075524
v 0.047284 0.016461 0.075713
v 0.035107 0.023616 0.074765
v 0.042369 0.010683 0.075524
v 0.028651 0.020019 0.074765
v 0.024250 0.015925 0.074765
v 0.040462 0.003489 0.075713
v 0.021682 0.010415 0.074765
v 0.040095 -0.004241 0.075713
v 0.020435 0.002838 0.074765
v 0.020802 -0.006001 0.074765
v 0.041562 -0.010823 0.075618
v 0.022929 -0.014955 0.074765
v 0.087044 0.010070 0.091559
v 0.088511 0.007239 0.095165
v 0.091299 0.009496 0.090800
v 0.091886 0.006741 0.093647
v 0.091299 0.009458 0.083114
v 0.092546 0.002915 0.094690
v 0.091812 0.006741 0.080268
v 0.093206 -0.000912 0.093647
v 0.092546 0.002915 0.079129
v 0.093646 -0.003667 0.090800
v 0.093206 -0.000912 0.080268
v 0.093646 -0.003667 0.083114
v 0.090932 -0.002825 0.078939
v 0.090052 -0.005772 0.082260
v 0.091299 0.002341 0.077232
v 0.088951 0.007621 0.078939
v 0.087117 0.010147 0.082260
v 0.091152 0.010491 0.087005
v 0.086677 0.011027 0.087005
v 0.090272 0.002417 0.096683
v 0.090492 -0.002557 0.095165
v 0.089905 -0.005695 0.091559
v 0.093866 -0.004662 0.087005
v 0.089685 -0.006690 0.086910
v 0.076260 0.022315 0.161015
v 0.078608 0.023693 0.159497
v 0.076114 0.024803 0.162533
v 0.078021 0.026027 0.161110
v 0.066284 0.032073 0.159876
v 0.067384 0.033872 0.158263
v 0.064963 0.031537 0.157599
v 0.066210 0.033374 0.155891
v 0.073399 0.021894 0.162059
v 0.073693 0.024382 0.163482
v 0.070392 0.022277 0.162533
v 0.071125 0.024803 0.163862
v 0.067531 0.023655 0.162343
v 0.068778 0.025989 0.163577
v 0.065477 0.026333 0.161205
v 0.067017 0.027787 0.162723
v 0.066137 0.029930 0.161489
v 0.064597 0.029012 0.159592
v 0.079855 0.026372 0.157504
v 0.079121 0.027864 0.159592
v 0.069218 0.035096 0.156935
v 0.068338 0.034637 0.154373
v 0.079268 0.030007 0.157979
v 0.079708 0.028897 0.155796
v 0.078388 0.032111 0.156745
v 0.078461 0.031537 0.154088
v 0.076627 0.033910 0.155891
v 0.076407 0.033412 0.153234
v 0.074280 0.035096 0.155607
v 0.073766 0.034637 0.152950
v 0.071712 0.035517 0.155986
v 0.070979 0.035058 0.153329
v 0.136414 -0.025287 0.206370
v 0.139715 -0.027009 0.210355
v 0.137734 -0.025057 0.211494
v 0.142503 -0.026550 0.213107
v 0.141329 -0.023909 0.214815
v 0.146317 -0.026014 0.214151
v 0.145804 -0.022532 0.215669
v 0.150132 -0.021728 0.214056
v 0.138615 -0.027238 0.206465
v 0.150205 -0.025708 0.199633
v 0.153066 -0.025249 0.202575
v 0.154020 -0.025057 0.206465
v 0.150132 -0.025478 0.213107
v 0.152920 -0.025134 0.210260
v 0.153580 -0.021346 0.210924
v 0.155414 -0.021728 0.206560
v 0.154387 -0.022494 0.201721
v 0.150645 -0.022914 0.197925
v 0.146391 -0.026244 0.198589
v 0.145877 -0.023144 0.196882
v 0.142503 -0.026779 0.199633
v 0.141182 -0.023795 0.198115
v 0.137588 -0.024675 0.201531
v 0.139642 -0.027124 0.202575
v 0.069145 -0.018476 0.168131
v 0.091886 0.023081 0.227624
v -0.063689 0.378644 -0.062031
v -0.063689 0.374891 -0.060414
v -0.063978 0.368499 -0.062031
v -0.063978 0.368499 -0.060603
v -0.065423 0.367138 -0.062031
v -0.065496 0.367138 -0.060624
v -0.137706 0.367014 -0.062031
v -0.137706 0.367014 -0.060624
v -0.209843 0.367138 -0.060624
v -0.209915 0.367138 -0.062031
v -0.211361 0.368499 -0.060603
v -0.211361 0.368499 -0.062031
v -0.211650 0.374891 -0.060414
v -0.211650 0.378644 -0.062031
v -0.211650 0.374891 -0.060414
v -0.211578 0.375798 -0.059259
v -0.211650 0.378644 -0.062031
v -0.211650 0.381325 -0.060813
v -0.211578 0.382438 -0.058881
v -0.211144 0.375840 -0.056802
v -0.211144 0.382479 -0.056802
v -0.205723 0.375840 -0.050377
v -0.205723 0.382479 -0.050398
v -0.198061 0.375840 -0.043029
v -0.197989 0.382479 -0.043049
v -0.187580 0.375840 -0.034651
v -0.187580 0.382479 -0.034651
v -0.175871 0.375881 -0.027806
v -0.175798 0.382479 -0.027827
v -0.163438 0.375881 -0.022956
v -0.163438 0.382479 -0.022956
v -0.150644 0.375840 -0.020016
v -0.150644 0.382479 -0.020037
v -0.137706 0.375881 -0.019050
v -0.137706 0.382479 -0.019050
v -0.124695 0.382479 -0.020037
v -0.124695 0.375840 -0.020016
v -0.111901 0.382479 -0.022956
v -0.111901 0.375881 -0.022956
v -0.099541 0.382479 -0.027827
v -0.099468 0.375881 -0.027806
v -0.087759 0.382479 -0.034651
v -0.087759 0.375840 -0.034651
v -0.077350 0.382479 -0.043049
v -0.077278 0.375840 -0.043029
v -0.069616 0.382479 -0.050398
v -0.069616 0.375840 -0.050377
v -0.065929 0.382479 -0.054472
v -0.065857 0.375840 -0.054472
v -0.063761 0.382438 -0.058881
v -0.063761 0.375799 -0.059259
v -0.063689 0.381325 -0.060813
v -0.063689 0.378644 -0.062031
v -0.063689 0.374891 -0.060414
v -0.211361 0.368499 -0.060603
v -0.209843 0.367138 -0.060624
v -0.211650 0.374891 -0.060414
v -0.063689 0.374891 -0.060414
v -0.063761 0.375799 -0.059259
v -0.211578 0.375798 -0.059259
v -0.087759 0.375840 -0.034651
v -0.187580 0.375840 -0.034651
v -0.163438 0.375881 -0.022956
v -0.175871 0.375881 -0.027806
v -0.198061 0.375840 -0.043029
v -0.205723 0.375840 -0.050377
v -0.211144 0.375840 -0.056802
v -0.211650 0.439804 -0.062031
v -0.211650 0.443557 -0.060414
v -0.211361 0.449949 -0.062031
v -0.211361 0.449949 -0.060603
v -0.209916 0.451310 -0.062031
v -0.209843 0.451310 -0.060624
v -0.137706 0.451434 -0.062031
v -0.137706 0.451434 -0.060624
v -0.065496 0.451310 -0.060624
v -0.065423 0.451310 -0.062031
v -0.063978 0.449949 -0.060603
v -0.063978 0.449949 -0.062031
v -0.063689 0.443557 -0.060414
v -0.063689 0.439804 -0.062031
v -0.063689 0.378644 -0.062031
v -0.068459 0.378644 -0.062031
v -0.063689 0.381325 -0.060813
v -0.068531 0.381325 -0.060813
v -0.063761 0.382438 -0.058881
v -0.068531 0.382438 -0.058881
v -0.065929 0.382479 -0.054472
v -0.069616 0.382479 -0.050398
v -0.077350 0.382479 -0.043049
v -0.088481 0.382479 -0.043406
v -0.087759 0.382479 -0.034651
v -0.099541 0.382479 -0.027827
v -0.111612 0.382479 -0.030556
v -0.111901 0.382479 -0.022956
v -0.124695 0.382479 -0.020037
v -0.137706 0.382479 -0.025685
v -0.137706 0.382479 -0.019050
v -0.150644 0.382479 -0.020037
v -0.163727 0.382479 -0.030556
v -0.163438 0.382479 -0.022956
v -0.175798 0.382479 -0.027827
v -0.186857 0.382479 -0.043406
v -0.187580 0.382479 -0.034651
v -0.197989 0.382479 -0.043049
v -0.206807 0.382438 -0.058881
v -0.205723 0.382479 -0.050398
v -0.211144 0.382479 -0.056802
v -0.211578 0.382438 -0.058881
v -0.206807 0.381325 -0.060813
v -0.211650 0.381325 -0.060813
v -0.206880 0.378644 -0.062031
v -0.211650 0.378644 -0.062031
v -0.137706 0.442567 -0.019050
v -0.124695 0.442608 -0.020016
v -0.150644 0.442608 -0.020016
v -0.111901 0.442567 -0.022956
v -0.163438 0.442567 -0.022956
v -0.087759 0.442608 -0.034651
v -0.187580 0.442608 -0.034651
v -0.211578 0.442650 -0.059259
v -0.198061 0.442608 -0.043028
v -0.205723 0.442608 -0.050377
v -0.063761 0.442650 -0.059259
v -0.077278 0.442608 -0.043028
v -0.069616 0.442608 -0.050377
v -0.211650 0.443557 -0.060414
v -0.063689 0.443557 -0.060414
v -0.209843 0.451310 -0.060624
v -0.065496 0.451310 -0.060624
v -0.063689 0.439804 -0.062031
v -0.063689 0.437123 -0.060813
v -0.068459 0.439804 -0.062031
v -0.068531 0.437123 -0.060813
v -0.063761 0.436010 -0.058881
v -0.068531 0.436010 -0.058881
v -0.065929 0.435969 -0.054472
v -0.069616 0.435969 -0.050398
v -0.077350 0.435969 -0.043049
v -0.088481 0.435969 -0.043406
v -0.087759 0.435969 -0.034651
v -0.099541 0.435969 -0.027827
v -0.111612 0.435969 -0.030556
v -0.111901 0.435969 -0.022956
v -0.124695 0.435969 -0.020037
v -0.137706 0.435969 -0.025685
v -0.137706 0.435969 -0.019050
v -0.150644 0.435969 -0.020037
v -0.163727 0.435969 -0.030556
v -0.163438 0.435969 -0.022956
v -0.175798 0.435969 -0.027827
v -0.186857 0.435969 -0.043406
v -0.187580 0.435969 -0.034651
v -0.197989 0.435969 -0.043049
v -0.206807 0.436010 -0.058881
v -0.205723 0.435969 -0.050398
v -0.211144 0.435969 -0.056802
v -0.211578 0.436010 -0.058881
v -0.206807 0.437123 -0.060813
v -0.211650 0.437123 -0.060813
v -0.206880 0.439804 -0.062031
v -0.211650 0.443557 -0.060414
v -0.211650 0.439804 -0.062031
v -0.211578 0.442650 -0.059259
v -0.211650 0.437123 -0.060813
v -0.211578 0.436010 -0.058881
v -0.211144 0.442608 -0.056802
v -0.211144 0.435969 -0.056802
v -0.205723 0.442608 -0.050377
v -0.205723 0.435969 -0.050398
v -0.198061 0.442608 -0.043028
v -0.197989 0.435969 -0.043049
v -0.187580 0.442608 -0.034651
v -0.187580 0.435969 -0.034651
v -0.175871 0.442567 -0.027806
v -0.175798 0.435969 -0.027827
v -0.163438 0.442567 -0.022956
v -0.163438 0.435969 -0.022956
v -0.150644 0.442608 -0.020016
v -0.150644 0.435969 -0.020037
v -0.137706 0.442567 -0.019050
v -0.137706 0.435969 -0.019050
v -0.124695 0.435969 -0.020037
v -0.124695 0.442608 -0.020016
v -0.111901 0.435969 -0.022956
v -0.111901 0.442567 -0.022956
v -0.099541 0.435969 -0.027827
v -0.099468 0.442567 -0.027806
v -0.087759 0.435969 -0.034651
v -0.087759 0.442608 -0.034651
v -0.077350 0.435969 -0.043049
v -0.077278 0.442608 -0.043028
v -0.069616 0.435969 -0.050398
v -0.069616 0.442608 -0.050377
v -0.065929 0.435969 -0.054472
v -0.065857 0.442608 -0.054472
v -0.063761 0.436010 -0.058881
v -0.063761 0.442650 -0.059259
v -0.063689 0.437123 -0.060813
v -0.063689 0.439804 -0.062031
v -0.137706 0.375881 -0.019050
v -0.150644 0.375840 -0.020016
v -0.124695 0.375840 -0.020016
v -0.111901 0.375881 -0.022956
v -0.099468 0.375881 -0.027806
v -0.077278 0.375840 -0.043029
v -0.069616 0.375840 -0.050377
v -0.065496 0.367138 -0.060624
v -0.063978 0.368499 -0.060603
v -0.065857 0.375840 -0.054472
v -0.063689 0.443557 -0.060414
v -0.065857 0.442608 -0.054472
v -0.099468 0.442567 -0.027806
v -0.175871 0.442567 -0.027806
v -0.211144 0.442608 -0.056802
v -0.063978 0.449949 -0.060603
v -0.211361 0.449949 -0.060603
v -0.211650 0.439804 -0.062031
v -0.191578 0.427606 -0.055586
v -0.191578 0.415528 -0.055586
v -0.183938 0.427606 -0.048794
v -0.183938 0.415528 -0.048794
v -0.174599 0.427606 -0.041421
v -0.174599 0.415528 -0.041421
v -0.162714 0.427606 -0.035988
v -0.162714 0.415528 -0.035988
v -0.150828 0.427606 -0.032495
v -0.150828 0.415528 -0.032495
v -0.138094 0.415528 -0.030943
v -0.138094 0.427606 -0.030943
v -0.124511 0.427606 -0.032495
v -0.124511 0.415528 -0.032495
v -0.112625 0.415528 -0.035988
v -0.112625 0.427606 -0.035988
v -0.100740 0.415528 -0.041421
v -0.100740 0.427606 -0.041421
v -0.091402 0.415528 -0.048794
v -0.091402 0.427606 -0.048794
v -0.083761 0.415528 -0.055586
v -0.083761 0.427606 -0.055586
v -0.206353 0.416799 -0.052915
v -0.195458 0.416799 -0.055347
v -0.206353 0.426248 -0.052915
v -0.195458 0.426248 -0.055347
v -0.137705 0.416799 -0.055347
v -0.137705 0.426248 -0.055347
v -0.079882 0.426248 -0.055347
v -0.079882 0.416799 -0.055347
v -0.068987 0.426248 -0.052915
v -0.068987 0.416799 -0.052915
v -0.206923 0.378520 -0.061854
v -0.209913 0.378520 -0.061124
v -0.206923 0.421539 -0.061854
v -0.209913 0.421539 -0.061124
v -0.206923 0.439928 -0.061854
v -0.209913 0.439928 -0.061124
v -0.210554 0.378520 -0.059320
v -0.210554 0.421539 -0.059320
v -0.210554 0.439928 -0.059320
v -0.209486 0.378520 -0.056665
v -0.209486 0.421539 -0.056665
v -0.209486 0.439928 -0.056665
v -0.206353 0.416799 -0.052915
v -0.206353 0.426248 -0.052915
v -0.206353 0.439928 -0.052915
v -0.196668 0.439928 -0.043592
v -0.196668 0.426248 -0.043592
v -0.186627 0.439928 -0.035727
v -0.186627 0.426248 -0.035727
v -0.175162 0.439928 -0.029039
v -0.175162 0.426248 -0.029039
v -0.162985 0.439928 -0.024215
v -0.162985 0.426248 -0.024215
v -0.150452 0.439928 -0.021337
v -0.150452 0.426248 -0.021337
v -0.137705 0.439928 -0.020364
v -0.137705 0.426248 -0.020364
v -0.124887 0.426248 -0.021337
v -0.124887 0.439928 -0.021337
v -0.112354 0.426248 -0.024215
v -0.112354 0.439928 -0.024215
v -0.100177 0.426248 -0.029039
v -0.100177 0.439928 -0.029039
v -0.088712 0.426248 -0.035727
v -0.088712 0.439928 -0.035727
v -0.078671 0.426248 -0.043592
v -0.078671 0.439928 -0.043592
v -0.068987 0.426248 -0.052915
v -0.068987 0.439928 -0.052915
v -0.065853 0.439928 -0.056665
v -0.065853 0.421539 -0.056665
v -0.068987 0.416799 -0.052915
v -0.065853 0.378520 -0.056665
v -0.068987 0.378520 -0.052915
v -0.064785 0.421539 -0.059320
v -0.064785 0.439928 -0.059320
v -0.065426 0.439928 -0.061124
v -0.065426 0.421539 -0.061124
v -0.068417 0.439928 -0.061854
v -0.068417 0.421539 -0.061854
v -0.064785 0.378520 -0.059320
v -0.065426 0.378520 -0.061124
v -0.068417 0.378520 -0.061854
v -0.206353 0.378520 -0.052915
v -0.196668 0.416799 -0.043592
v -0.196668 0.378520 -0.043592
v -0.186627 0.416799 -0.035727
v -0.186627 0.378520 -0.035727
v -0.175162 0.416799 -0.029039
v -0.175162 0.378520 -0.029039
v -0.162985 0.378520 -0.024215
v -0.162985 0.416799 -0.024215
v -0.150452 0.416799 -0.021337
v -0.150452 0.378520 -0.021337
v -0.137705 0.416799 -0.020364
v -0.137705 0.378520 -0.020364
v -0.124887 0.378520 -0.021337
v -0.124887 0.416799 -0.021337
v -0.112354 0.378520 -0.024215
v -0.112354 0.416799 -0.024215
v -0.100177 0.416799 -0.029039
v -0.100177 0.378520 -0.029039
v -0.088712 0.378520 -0.035727
v -0.088712 0.416799 -0.035727
v -0.078671 0.378520 -0.043592
v -0.078671 0.416799 -0.043592
v -0.068987 0.416799 -0.052915
v -0.079882 0.416799 -0.055347
v -0.078671 0.416799 -0.043592
v -0.088712 0.416799 -0.035727
v -0.100177 0.416799 -0.029039
v -0.137705 0.416799 -0.055347
v -0.112354 0.416799 -0.024215
v -0.124887 0.416799 -0.021337
v -0.137705 0.416799 -0.020364
v -0.150452 0.416799 -0.021337
v -0.162985 0.416799 -0.024215
v -0.175162 0.416799 -0.029039
v -0.195458 0.416799 -0.055347
v -0.186627 0.416799 -0.035727
v -0.196668 0.416799 -0.043592
v -0.206353 0.416799 -0.052915
v -0.068987 0.426248 -0.052915
v -0.078671 0.426248 -0.043592
v -0.079882 0.426248 -0.055347
v -0.088712 0.426248 -0.035727
v -0.100177 0.426248 -0.029039
v -0.137705 0.426248 -0.055347
v -0.112354 0.426248 -0.024215
v -0.124887 0.426248 -0.021337
v -0.137705 0.426248 -0.020364
v -0.150452 0.426248 -0.021337
v -0.162985 0.426248 -0.024215
v -0.175162 0.426248 -0.029039
v -0.195458 0.426248 -0.055347
v -0.186627 0.426248 -0.035727
v -0.196668 0.426248 -0.043592
v -0.206353 0.426248 -0.052915
v -0.213583 0.473533 -0.066406
v -0.213583 0.473419 -0.063506
v -0.088117 0.473533 -0.066406
v -0.088117 0.473419 -0.063506
v -0.082751 0.473419 -0.063506
v -0.083028 0.471138 -0.061986
v -0.079883 0.470397 -0.061986
v -0.082103 0.464580 -0.061986
v -0.077292 0.468629 -0.061986
v -0.073498 0.464580 -0.061986
v -0.071925 0.466291 -0.063506
v -0.041299 0.429963 -0.061986
v -0.039356 0.431275 -0.063506
v -0.037968 0.426370 -0.061986
v -0.035933 0.427568 -0.063506
v -0.034360 0.424888 -0.063506
v -0.034360 0.425002 -0.066406
v -0.033712 0.421865 -0.066406
v -0.041762 0.421808 -0.061986
v -0.036395 0.423633 -0.061986
v -0.033712 0.421751 -0.063506
v -0.033712 0.416504 -0.066406
v -0.033712 0.416390 -0.063506
v -0.035747 0.420439 -0.061986
v -0.035747 0.415421 -0.061986
v -0.043242 0.366547 -0.061986
v -0.212566 0.365805 -0.061986
v -0.213121 0.464694 -0.061986
v -0.220708 0.464694 -0.061986
v -0.220708 0.468857 -0.061986
v -0.223021 0.465093 -0.063506
v -0.223021 0.469313 -0.063506
v -0.223114 0.465150 -0.066406
v -0.223114 0.469370 -0.066406
v -0.221818 0.472222 -0.063506
v -0.220060 0.470454 -0.061986
v -0.218950 0.473419 -0.063506
v -0.218487 0.471138 -0.061986
v -0.213121 0.471138 -0.061986
v -0.088302 0.471138 -0.061986
v -0.221911 0.472336 -0.066406
v -0.218950 0.473533 -0.066406
v -0.223114 0.365235 -0.066406
v -0.223021 0.365235 -0.063506
v -0.220708 0.365634 -0.061986
v -0.220708 0.361471 -0.061986
v -0.220060 0.359874 -0.061986
v -0.223021 0.361015 -0.063506
v -0.221818 0.358107 -0.063506
v -0.223114 0.360958 -0.066406
v -0.221911 0.357993 -0.066406
v -0.218950 0.356795 -0.066406
v -0.218950 0.356909 -0.063506
v -0.218487 0.359190 -0.061986
v -0.212566 0.359190 -0.061986
v -0.044075 0.359190 -0.061986
v -0.213028 0.356909 -0.063506
v -0.041762 0.356909 -0.063506
v -0.041762 0.356795 -0.066406
v -0.037413 0.356909 -0.063506
v -0.037320 0.356795 -0.066406
v -0.034822 0.357878 -0.066406
v -0.039726 0.359190 -0.061986
v -0.037135 0.360274 -0.061986
v -0.034822 0.357935 -0.063506
v -0.033712 0.360388 -0.066406
v -0.033712 0.360502 -0.063506
v -0.033712 0.365634 -0.066406
v -0.033712 0.365691 -0.063506
v -0.036025 0.367687 -0.061986
v -0.036025 0.362840 -0.061986
v -0.213028 0.356795 -0.066406
v -0.082751 0.473533 -0.066406
v -0.078957 0.472564 -0.063506
v -0.078957 0.472621 -0.066406
v -0.075719 0.470454 -0.066406
v -0.075811 0.470397 -0.063506
v -0.071925 0.466348 -0.066406
v -0.039356 0.431389 -0.066406
v -0.035933 0.427739 -0.066406
v 0.134579 0.058040 -0.003827
v 0.006442 0.058040 -0.003827
v 0.134579 0.058040 0.000021
v 0.006442 0.058040 0.000021
v 0.132599 0.055371 0.001771
v 0.008421 0.055371 0.001771
v 0.133282 0.051113 0.001771
v 0.007739 0.051113 0.001771
v 0.133282 -0.051251 0.001771
v 0.007739 -0.051251 0.001771
v 0.132599 -0.055509 0.001771
v 0.008421 -0.055509 0.001771
v 0.006442 -0.058178 0.000021
v 0.005622 -0.055055 0.001771
v 0.003438 -0.057667 0.000021
v 0.003779 -0.053692 0.001771
v 0.001526 -0.056190 0.000021
v 0.000639 -0.053863 0.000021
v 0.001526 -0.056190 -0.003827
v 0.000639 -0.053863 -0.003827
v 0.000639 0.053725 0.000021
v 0.003028 0.051340 0.001771
v 0.003779 0.053555 0.001771
v 0.005622 0.054917 0.001771
v 0.003028 -0.051478 0.001771
v 0.003438 -0.057667 -0.003827
v 0.006442 -0.058178 -0.003827
v 0.134579 -0.058178 -0.003827
v 0.134579 -0.058178 0.000021
v 0.137583 -0.057667 0.000021
v 0.135398 -0.055055 0.001771
v 0.137242 -0.053692 0.001771
v 0.137993 -0.051478 0.001771
v 0.137993 0.051340 0.001771
v 0.140382 0.053725 0.000021
v 0.137242 0.053555 0.001771
v 0.139494 0.056053 0.000021
v 0.137583 0.057529 0.000021
v 0.139494 0.056053 -0.003827
v 0.137583 0.057529 -0.003827
v 0.135398 0.054917 0.001771
v 0.137583 -0.057667 -0.003827
v 0.139494 -0.056190 -0.003827
v 0.139494 -0.056190 0.000021
v 0.140382 -0.053863 0.000021
v 0.140382 -0.053863 -0.003827
v 0.140382 0.053725 -0.003827
v 0.000639 0.053725 -0.003827
v 0.001526 0.056053 -0.003827
v 0.001526 0.056053 0.000021
v 0.003438 0.057529 0.000021
v 0.003438 0.057529 -0.003827
v 0.090744 0.002535 0.080579
v 0.096643 0.003603 0.080579
v 0.091298 -0.000524 0.081482
v 0.097196 0.000544 0.081482
v 0.091709 -0.002794 0.083789
v 0.097607 -0.001726 0.083789
v 0.091870 -0.003682 0.086998
v 0.097768 -0.002614 0.086998
v 0.091709 -0.002794 0.090107
v 0.097607 -0.001726 0.090107
v 0.091298 -0.000524 0.092414
v 0.097196 0.000544 0.092414
v 0.090744 0.002535 0.093317
v 0.096643 0.003603 0.093317
v 0.090173 0.005693 0.092414
v 0.096071 0.006761 0.092414
v 0.089762 0.007963 0.090107
v 0.095660 0.009031 0.090107
v 0.089601 0.008851 0.086998
v 0.095499 0.009919 0.086998
v 0.089762 0.007963 0.083789
v 0.095660 0.009031 0.083789
v 0.090173 0.005693 0.081482
v 0.096071 0.006761 0.081482
v 0.090744 0.002535 0.080579
v 0.096643 0.003603 0.080579
v 0.098547 0.003948 0.082184
v 0.098958 0.001678 0.082786
v 0.099280 -0.000098 0.084591
v 0.099387 -0.000690 0.086998
v 0.099280 -0.000098 0.089305
v 0.098958 0.001678 0.091110
v 0.098547 0.003948 0.091712
v 0.098118 0.006317 0.091110
v 0.097797 0.008093 0.089305
v 0.097690 0.008685 0.086998
v 0.097797 0.008093 0.084591
v 0.098118 0.006317 0.082786
v 0.098547 0.003948 0.082184
v 0.097797 0.008093 0.084591
v 0.097690 0.008685 0.086998
v 0.098118 0.006317 0.082786
v 0.097797 0.008093 0.089305
v 0.098118 0.006317 0.091110
v 0.098547 0.003948 0.082184
v 0.098547 0.003948 0.091712
v 0.098958 0.001678 0.082786
v 0.099280 -0.000098 0.084591
v 0.098958 0.001678 0.091110
v 0.099280 -0.000098 0.089305
v 0.099387 -0.000690 0.086998
v 0.111769 0.007853 0.072012
v 0.111769 -0.004491 0.072012
v 0.111769 0.007853 0.054038
v 0.111769 -0.004491 0.054038
v 0.107008 -0.004491 0.072012
v 0.107008 -0.004491 0.054038
v 0.107008 0.000685 0.069444
v 0.107008 0.000685 0.056178
v 0.107008 0.015418 0.056178
v 0.107008 0.020794 0.054038
v 0.107008 0.015418 0.069444
v 0.107008 0.020794 0.072012
v 0.111769 0.007853 0.072012
v 0.111769 -0.004491 0.072012
v 0.111769 0.007853 0.054038
v 0.111769 0.020794 0.054038
v 0.116688 0.020794 0.054038
v 0.107008 0.020794 0.072012
v 0.111769 0.020794 0.072012
v 0.107008 0.020794 0.054038
v 0.111769 0.020794 0.054038
v 0.116688 0.020794 0.054038
v 0.116847 0.020794 0.072012
v 0.116847 0.007853 0.072012
v 0.119068 0.007853 0.088702
v 0.114149 0.007853 0.089130
v 0.119227 0.007853 0.108387
v 0.114149 0.020794 0.089130
v 0.119227 0.020794 0.108387
v 0.111769 0.020794 0.072012
v 0.111769 0.007853 0.072012
v 0.116688 0.007853 0.054038
v 0.114149 0.020794 0.089130
v 0.119068 0.020794 0.088702
v 0.123988 0.007853 0.106676
v 0.119227 0.020794 0.108387
v 0.123988 0.020794 0.106676
v 0.119227 0.020794 0.108387
v 0.119227 0.007853 0.108387
v 0.103835 0.000685 0.056178
v 0.107008 0.000685 0.056178
v 0.103835 0.000685 0.069444
v 0.107008 0.000685 0.069444
v 0.103835 0.015418 0.069444
v 0.107008 0.015418 0.069444
v 0.107008 0.015418 0.056178
v 0.103835 0.015418 0.056178
v 0.103835 0.000685 0.056178
v 0.111769 0.007853 0.054038
v 0.111769 0.020794 0.072012
v 0.111769 -0.004491 0.054038
v 0.107008 0.000685 0.056178
v 0.116688 0.007853 0.054038
v 0.080431 -0.000802 0.038602
v 0.079224 0.004327 0.038602
v 0.080431 -0.000802 0.055591
v 0.079224 0.004327 0.055591
v 0.075603 0.007947 0.038602
v 0.075603 0.007947 0.055591
v 0.070776 0.009154 0.038602
v 0.070776 0.009154 0.055591
v 0.065648 0.007947 0.038602
v 0.065648 0.007947 0.055591
v 0.062027 0.004327 0.038602
v 0.062027 0.004327 0.055591
v 0.060820 -0.000802 0.038602
v 0.060820 -0.000802 0.055591
v 0.062027 -0.005629 0.038602
v 0.062027 -0.005629 0.055591
v 0.065648 -0.009249 0.038602
v 0.065648 -0.009249 0.055591
v 0.070776 -0.010456 0.038602
v 0.070776 -0.010456 0.055591
v 0.075603 -0.009249 0.038602
v 0.075603 -0.009249 0.055591
v 0.079224 -0.005629 0.038602
v 0.079224 -0.005629 0.055591
v 0.080431 -0.000802 0.038602
v 0.080431 -0.000802 0.055591
v 0.089783 -0.000802 0.000269
v 0.087068 0.008853 0.000269
v 0.086163 -0.000802 0.005061
v 0.084051 0.007042 0.005061
v 0.081939 -0.000802 0.008546
v 0.080431 0.004931 0.008546
v 0.081939 -0.000802 0.025970
v 0.080431 0.004931 0.025970
v 0.078319 0.012775 0.005061
v 0.080129 0.015791 0.000269
v 0.070776 0.014886 0.005061
v 0.076207 0.009154 0.008546
v 0.076207 0.009154 0.025970
v 0.070776 0.010663 0.008546
v 0.070776 0.010663 0.025970
v 0.065044 0.009154 0.025970
v 0.065044 0.009154 0.008546
v 0.060820 0.004931 0.025970
v 0.060820 0.004931 0.008546
v 0.059312 -0.000802 0.025970
v 0.059312 -0.000802 0.008546
v 0.060820 -0.006232 0.025970
v 0.060820 -0.006232 0.008546
v 0.065044 -0.010456 0.008546
v 0.057200 -0.008344 0.005061
v 0.062932 -0.014076 0.005061
v 0.061122 -0.017093 0.000269
v 0.070776 -0.019808 0.000269
v 0.054183 -0.010154 0.000269
v 0.055088 -0.000802 0.005061
v 0.051468 -0.000500 0.000269
v 0.057200 0.007042 0.005061
v 0.054183 0.008853 0.000269
v 0.062932 0.012775 0.005061
v 0.061122 0.015791 0.000269
v 0.070776 0.018507 0.000269
v 0.065044 -0.010456 0.025970
v 0.070776 -0.011964 0.025970
v 0.070776 -0.011964 0.008546
v 0.070776 -0.016188 0.005061
v 0.078319 -0.014076 0.005061
v 0.080129 -0.017093 0.000269
v 0.087068 -0.010154 0.000269
v 0.089783 -0.000802 0.000269
v 0.086163 -0.000802 0.005061
v 0.084051 -0.008344 0.005061
v 0.080431 -0.006232 0.008546
v 0.076207 -0.010456 0.008546
v 0.080431 -0.006232 0.025970
v 0.076207 -0.010456 0.025970
v 0.081939 -0.000802 0.025970
v 0.081939 -0.000802 0.008546
v 0.107579 -0.010529 0.002056
v 0.108001 -0.010670 0.022285
v 0.108893 -0.000675 0.002056
v 0.109315 -0.000628 0.022285
v 0.107579 0.009226 0.002056
v 0.108001 0.009367 0.022285
v 0.103778 0.018470 0.002056
v 0.104154 0.018705 0.022285
v 0.097678 0.026401 0.002056
v 0.097960 0.026729 0.022285
v 0.089748 0.032501 0.002056
v 0.089982 0.032876 0.022285
v 0.080644 0.036724 0.022285
v 0.081489 0.039821 0.023570
v 0.070650 0.038038 0.022285
v 0.070603 0.041229 0.023570
v 0.059763 0.039821 0.023570
v 0.058871 0.043247 0.022043
v 0.049674 0.035645 0.023570
v 0.047891 0.038695 0.022043
v 0.038506 0.031469 0.022043
v 0.036676 0.033299 0.002004
v 0.031280 0.022084 0.022043
v 0.029027 0.023351 0.002004
v 0.024241 0.011760 0.002004
v 0.091578 0.035645 0.023570
v 0.100259 0.028982 0.023570
v 0.106922 0.020301 0.023570
v 0.111098 0.010212 0.023570
v 0.112506 -0.000675 0.023570
v 0.111098 -0.011514 0.023570
v 0.114524 -0.012406 0.022043
v 0.114524 0.011103 0.022043
v 0.116072 -0.000675 0.022043
v 0.117011 -0.013063 0.002004
v 0.118653 -0.000675 0.002004
v 0.117011 0.011760 0.002004
v 0.109972 0.022084 0.022043
v 0.102746 0.031469 0.022043
v 0.112225 0.023351 0.002004
v 0.104576 0.033299 0.002004
v 0.093361 0.038695 0.022043
v 0.082381 0.043247 0.022043
v 0.094628 0.040947 0.002004
v 0.083038 0.045734 0.002004
v 0.070650 0.044795 0.022043
v 0.070650 0.047376 0.002004
v 0.058215 0.045734 0.002004
v 0.046624 0.040947 0.002004
v 0.107579 -0.010529 0.002056
v 0.103778 -0.019773 0.002056
v 0.108001 -0.010670 0.022285
v 0.104154 -0.020008 0.022285
v 0.111098 -0.011514 0.023570
v 0.106922 -0.021603 0.023570
v 0.114524 -0.012406 0.022043
v 0.109972 -0.023386 0.022043
v 0.117011 -0.013063 0.002004
v 0.112225 -0.024653 0.002004
v 0.097960 -0.028032 0.022285
v 0.100259 -0.030284 0.023570
v 0.102746 -0.032771 0.022043
v 0.104576 -0.034601 0.002004
v 0.089982 -0.034179 0.022285
v 0.091578 -0.036947 0.023570
v 0.093361 -0.039998 0.022043
v 0.094628 -0.042250 0.002004
v 0.089748 -0.033803 0.002056
v 0.080644 -0.038027 0.022285
v 0.081489 -0.041124 0.023570
v 0.082381 -0.044549 0.022043
v 0.070603 -0.042531 0.023570
v 0.070603 -0.046098 0.022043
v 0.058871 -0.044549 0.022043
v 0.058215 -0.047036 0.002004
v 0.047891 -0.039998 0.022043
v 0.046624 -0.042250 0.002004
v 0.036676 -0.034601 0.002004
v 0.070603 -0.048679 0.002004
v 0.083038 -0.047036 0.002004
v 0.080504 -0.037604 0.002056
v 0.070650 -0.039341 0.022285
v 0.070603 -0.038918 0.002056
v 0.060608 -0.038027 0.022285
v 0.059763 -0.041124 0.023570
v 0.049674 -0.036947 0.023570
v 0.038506 -0.032771 0.022043
v 0.031280 -0.023386 0.022043
v 0.029027 -0.024653 0.002004
v 0.024241 -0.013063 0.002004
v 0.051270 -0.034179 0.022285
v 0.040993 -0.030284 0.023570
v 0.034330 -0.021603 0.023570
v 0.026728 -0.012406 0.022043
v 0.025180 -0.000675 0.022043
v 0.022599 -0.000675 0.002004
v 0.043293 -0.028032 0.022285
v 0.037099 -0.020008 0.022285
v 0.030154 -0.011514 0.023570
v 0.028746 -0.000675 0.023570
v 0.026728 0.011103 0.022043
v 0.037474 -0.019773 0.002056
v 0.033251 -0.010670 0.022285
v 0.031937 -0.000628 0.022285
v 0.030154 0.010212 0.023570
v 0.034330 0.020301 0.023570
v 0.033673 -0.010529 0.002056
v 0.032359 -0.000675 0.002056
v 0.033673 0.009226 0.002056
v 0.033251 0.009367 0.022285
v 0.037474 0.018470 0.002056
v 0.037099 0.018705 0.022285
v 0.043246 0.026682 0.022285
v 0.040993 0.028982 0.023570
v 0.097678 -0.027703 0.002056
v 0.060748 -0.037604 0.002056
v 0.051504 -0.033803 0.002056
v 0.043574 -0.027703 0.002056
v 0.043574 0.026401 0.002056
v 0.051270 0.032876 0.022285
v 0.051504 0.032501 0.002056
v 0.060608 0.036724 0.022285
v 0.060748 0.036302 0.002056
v 0.070603 0.037616 0.002056
v 0.080504 0.036302 0.002056
v 0.103593 -0.000933 0.045002
v 0.106411 -0.000933 0.042261
v 0.102466 0.008084 0.045002
v 0.105284 0.008647 0.042261
v 0.101339 0.017100 0.042261
v 0.101339 0.017100 0.027463
v 0.095704 0.024427 0.027463
v 0.091759 0.020482 0.021800
v 0.088377 0.030062 0.027463
v 0.085560 0.024990 0.021800
v 0.078233 0.027808 0.021800
v 0.095704 0.024427 0.042261
v 0.088377 0.030062 0.042261
v 0.079924 0.034007 0.027463
v 0.079924 0.034007 0.042261
v 0.070907 0.035134 0.027463
v 0.070907 0.035134 0.042261
v 0.061327 0.034007 0.027463
v 0.061327 0.034007 0.042261
v 0.052873 0.030062 0.027463
v 0.052873 0.030062 0.042261
v 0.045547 0.024427 0.027463
v 0.045547 0.024427 0.042261
v 0.039911 0.017100 0.027463
v 0.039911 0.017100 0.042261
v 0.035966 0.008647 0.027463
v 0.035966 0.008647 0.042261
v 0.034839 -0.000933 0.027463
v 0.034839 -0.000933 0.042261
v 0.035966 -0.009950 0.027463
v 0.035966 -0.009950 0.042261
v 0.039911 -0.018404 0.027463
v 0.039911 -0.018404 0.042261
v 0.045547 -0.025730 0.027463
v 0.045547 -0.025730 0.042261
v 0.052873 -0.031365 0.027463
v 0.052873 -0.031365 0.042261
v 0.061327 -0.035310 0.027463
v 0.061327 -0.035310 0.042261
v 0.070344 -0.036437 0.027463
v 0.070344 -0.036437 0.042261
v 0.079924 -0.035310 0.027463
v 0.079924 -0.035310 0.042261
v 0.088377 -0.031365 0.027463
v 0.088377 -0.031365 0.042261
v 0.095704 -0.025730 0.027463
v 0.095704 -0.025730 0.042261
v 0.101339 -0.018404 0.027463
v 0.101339 -0.018404 0.042261
v 0.105284 -0.009950 0.027463
v 0.105284 -0.009950 0.042261
v 0.106411 -0.000933 0.027463
v 0.106411 -0.000933 0.042261
v 0.049492 -0.021785 0.021800
v 0.044983 -0.015586 0.021800
v 0.042166 -0.008260 0.021800
v 0.041039 -0.000933 0.021800
v 0.042166 0.006956 0.021800
v 0.044983 0.014283 0.021800
v 0.049492 0.020482 0.021800
v 0.055691 -0.026293 0.021800
v 0.063017 -0.029111 0.021800
v 0.070344 -0.030238 0.021800
v 0.078233 -0.029111 0.021800
v 0.085560 -0.026293 0.021800
v 0.091759 -0.021785 0.021800
v 0.096267 -0.015586 0.021800
v 0.099085 -0.008260 0.021800
v 0.100212 -0.000933 0.021800
v 0.099085 0.006956 0.021800
v 0.106411 -0.000933 0.027463
v 0.105284 0.008647 0.027463
v 0.096267 0.014283 0.021800
v 0.099085 0.015973 0.045002
v 0.094013 0.022736 0.045002
v 0.087250 0.027808 0.045002
v 0.079360 0.031189 0.045002
v 0.070907 0.032317 0.045002
v 0.061890 0.031189 0.045002
v 0.054000 0.027808 0.045002
v 0.047238 0.022736 0.045002
v 0.042166 0.015973 0.045002
v 0.038784 0.008084 0.045002
v 0.037657 -0.000933 0.045002
v 0.038784 -0.009387 0.045002
v 0.042166 -0.017277 0.045002
v 0.047238 -0.024039 0.045002
v 0.054000 -0.029111 0.045002
v 0.061890 -0.032493 0.045002
v 0.070344 -0.033620 0.045002
v 0.079360 -0.032493 0.045002
v 0.087250 -0.029111 0.045002
v 0.094013 -0.024039 0.045002
v 0.099085 -0.017277 0.045002
v 0.102466 -0.009387 0.045002
v 0.103593 -0.000933 0.045002
v 0.061890 -0.032493 0.045002
v 0.070344 -0.033620 0.045002
v 0.054000 -0.029111 0.045002
v 0.079360 -0.032493 0.045002
v 0.087250 -0.029111 0.045002
v 0.047238 -0.024039 0.045002
v 0.094013 -0.024039 0.045002
v 0.042166 -0.017277 0.045002
v 0.038784 -0.009387 0.045002
v 0.099085 -0.017277 0.045002
v 0.102466 -0.009387 0.045002
v 0.037657 -0.000933 0.045002
v 0.038784 0.008084 0.045002
v 0.103593 -0.000933 0.045002
v 0.042166 0.015973 0.045002
v 0.102466 0.008084 0.045002
v 0.047238 0.022736 0.045002
v 0.099085 0.015973 0.045002
v 0.094013 0.022736 0.045002
v 0.054000 0.027808 0.045002
v 0.061890 0.031189 0.045002
v 0.087250 0.027808 0.045002
v 0.079360 0.031189 0.045002
v 0.070907 0.032317 0.045002
v 0.085560 0.024990 0.021800
v 0.091759 0.020482 0.021800
v 0.078233 0.027808 0.021800
v 0.096267 0.014283 0.021800
v 0.099085 0.006956 0.021800
v 0.070344 0.028935 0.021800
v 0.063017 0.027808 0.021800
v 0.100212 -0.000933 0.021800
v 0.099085 -0.008260 0.021800
v 0.055691 0.024990 0.021800
v 0.049492 0.020482 0.021800
v 0.096267 -0.015586 0.021800
v 0.091759 -0.021785 0.021800
v 0.044983 0.014283 0.021800
v 0.085560 -0.026293 0.021800
v 0.042166 0.006956 0.021800
v 0.041039 -0.000933 0.021800
v 0.078233 -0.029111 0.021800
v 0.070344 -0.030238 0.021800
v 0.042166 -0.008260 0.021800
v 0.063017 -0.029111 0.021800
v 0.044983 -0.015586 0.021800
v 0.049492 -0.021785 0.021800
v 0.055691 0.024990 0.021800
v 0.063017 0.027808 0.021800
v 0.070344 0.028935 0.021800
v 0.100212 -0.000933 0.021800
v 0.055691 -0.026293 0.021800
v -0.180103 0.424128 0.050426
v -0.180116 0.407390 0.050399
v -0.174234 0.424142 0.058792
v -0.174244 0.407380 0.058801
v -0.164389 0.424141 0.066173
v -0.164400 0.407380 0.066183
v -0.151430 0.424137 0.071311
v -0.151393 0.407385 0.071316
v -0.136428 0.424137 0.073058
v -0.136399 0.407377 0.073022
v -0.121250 0.407379 0.071080
v -0.107340 0.407288 0.011265
v -0.103388 0.407286 0.013873
v -0.106735 0.408304 0.010488
v -0.103389 0.408322 0.013840
v -0.106720 0.419088 0.010483
v -0.103370 0.424136 0.013840
v -0.106724 0.424070 0.010480
v -0.099122 0.408292 0.018027
v -0.099124 0.407280 0.018025
v -0.107886 0.407384 0.065729
v -0.121284 0.424147 0.071078
v -0.094189 0.407254 0.023950
v -0.097612 0.407382 0.057969
v -0.107879 0.424129 0.065717
v -0.094195 0.408218 0.023943
v -0.090460 0.407222 0.031433
v -0.091445 0.407398 0.049095
v -0.097596 0.424136 0.057998
v -0.091431 0.424136 0.049121
v -0.094209 0.424143 0.023930
v -0.090474 0.424143 0.031420
v -0.090441 0.408027 0.031432
v -0.089180 0.424138 0.039994
v -0.089169 0.407852 0.040015
v -0.089174 0.407169 0.039999
v -0.119678 0.418632 -0.011907
v -0.113060 0.418636 0.001077
v -0.119593 0.408310 -0.011699
v -0.112945 0.408308 0.001197
v -0.120089 0.407291 -0.010817
v -0.113587 0.407282 0.001773
v -0.137207 0.407284 -0.011200
v -0.161070 0.407287 0.002474
v -0.154259 0.407287 -0.010939
v -0.161804 0.408315 0.001934
v -0.154779 0.408309 -0.011837
v -0.161688 0.418637 0.001820
v -0.154721 0.418637 -0.012023
v -0.166813 0.407289 0.012188
v -0.167542 0.408309 0.011686
v -0.170332 0.407283 0.014773
v -0.174287 0.407280 0.019092
v -0.170332 0.408319 0.014740
v -0.167528 0.419093 0.011681
v -0.178587 0.407260 0.025170
v -0.174285 0.408292 0.019095
v -0.170313 0.424133 0.014740
v -0.167520 0.424139 0.011689
v -0.181617 0.407224 0.033017
v -0.178594 0.408224 0.025164
v -0.181642 0.408034 0.033023
v -0.181626 0.424137 0.033042
v -0.182350 0.424139 0.041664
v -0.182394 0.407183 0.041638
v -0.182391 0.407850 0.041652
v -0.180103 0.424128 0.050426
v -0.137225 0.408312 -0.012129
v -0.174307 0.424128 0.019105
v -0.178564 0.424143 0.025143
v -0.099142 0.424145 0.018040
v -0.154779 0.408309 -0.011837
v -0.154721 0.418637 -0.012023
v -0.137225 0.408312 -0.012129
v -0.137257 0.418636 -0.012303
v -0.119678 0.418632 -0.011907
v -0.137336 0.419097 0.000232
v -0.113060 0.418636 0.001077
v -0.137080 0.419084 0.011074
v -0.106720 0.419088 0.010483
v -0.106724 0.424070 0.010480
v -0.161688 0.418637 0.001820
v -0.167528 0.419093 0.011681
v -0.167520 0.424139 0.011689
v -0.097596 0.424136 0.057998
v -0.119593 0.408310 -0.011699
v -0.106724 0.424070 0.010480
v -0.167520 0.424139 0.011689
v -0.113217 0.424189 0.001864
v -0.161546 0.424196 0.002198
v -0.156455 0.424194 -0.003550
v -0.119429 0.424189 -0.003964
v -0.126254 0.424193 -0.006931
v -0.149817 0.424195 -0.006749
v -0.133654 0.424201 -0.008428
v -0.151430 0.424137 0.071311
v -0.136428 0.424137 0.073058
v -0.151414 0.428926 0.071307
v -0.136412 0.428927 0.073054
v -0.149656 0.439832 0.065818
v -0.136450 0.439841 0.067296
v -0.165336 0.439844 0.017916
v -0.162747 0.439833 0.014769
v -0.170297 0.428923 0.014735
v -0.167549 0.428935 0.011692
v -0.170313 0.424133 0.014740
v -0.167520 0.424139 0.011689
v -0.161019 0.439835 0.061386
v -0.169281 0.439842 0.022030
v -0.174289 0.428934 0.019104
v -0.174307 0.424128 0.019105
v -0.178592 0.428939 0.025146
v -0.173329 0.439834 0.027422
v -0.169481 0.439840 0.055069
v -0.164417 0.428937 0.066177
v -0.175896 0.439844 0.033907
v -0.181654 0.428933 0.033045
v -0.178563 0.424143 0.025143
v -0.181626 0.424137 0.033042
v -0.182378 0.428934 0.041667
v -0.176438 0.439846 0.040914
v -0.174511 0.439830 0.048091
v -0.174218 0.428932 0.058787
v -0.164389 0.424141 0.066173
v -0.180087 0.428917 0.050421
v -0.174234 0.424142 0.058792
v -0.182350 0.424139 0.041664
v -0.180103 0.424128 0.050426
v -0.089180 0.424139 0.039994
v -0.090474 0.424143 0.031420
v -0.089159 0.428920 0.040028
v -0.090459 0.428933 0.031415
v -0.095289 0.439848 0.039553
v -0.096194 0.439837 0.032713
v -0.097198 0.439846 0.046919
v -0.099452 0.439841 0.026378
v -0.102428 0.439841 0.054275
v -0.104395 0.439842 0.020693
v -0.111421 0.439844 0.060913
v -0.109011 0.439833 0.016386
v -0.123107 0.439834 0.065573
v -0.091460 0.428931 0.049124
v -0.097624 0.428931 0.058002
v -0.107907 0.428925 0.065720
v -0.121268 0.428936 0.071074
v -0.121284 0.424147 0.071078
v -0.107879 0.424129 0.065717
v -0.097596 0.424136 0.057998
v -0.091431 0.424136 0.049121
v -0.103370 0.424136 0.013840
v -0.106724 0.424070 0.010480
v -0.106741 0.428930 0.010495
v -0.113217 0.424189 0.001864
v -0.113286 0.428926 0.001943
v -0.119452 0.428937 -0.003889
v -0.121203 0.439839 0.001804
v -0.127217 0.439830 -0.000997
v -0.116381 0.439841 0.006244
v -0.133991 0.439842 -0.002340
v -0.111527 0.439835 0.013285
v -0.103398 0.428932 0.013843
v -0.099126 0.428935 0.018036
v -0.094193 0.428933 0.023926
v -0.094209 0.424143 0.023930
v -0.099142 0.424145 0.018040
v -0.119429 0.424189 -0.003964
v -0.126279 0.428924 -0.006860
v -0.126254 0.424193 -0.006931
v -0.133674 0.428925 -0.008319
v -0.141563 0.439850 -0.002427
v -0.158764 0.439848 0.007391
v -0.161524 0.428937 0.002265
v -0.161546 0.424196 0.002198
v -0.133654 0.424201 -0.008428
v -0.141935 0.428927 -0.008389
v -0.149790 0.428929 -0.006644
v -0.148567 0.439834 -0.000808
v -0.156428 0.428928 -0.003445
v -0.154348 0.439848 0.002270
v -0.141915 0.424203 -0.008499
v -0.149817 0.424195 -0.006749
v -0.156455 0.424194 -0.003550
v -0.141915 0.424203 -0.008499
v -0.127422 0.419397 -0.042321
v -0.125335 0.419315 0.012113
v -0.147276 0.419346 -0.042227
v -0.149502 0.419337 0.011925
v -0.149386 0.423844 0.011906
v -0.147160 0.423852 -0.042246
v -0.127328 0.423770 -0.042364
v -0.125219 0.423822 0.012094
v -0.127422 0.419397 -0.042321
v -0.125335 0.419315 0.012113
v -0.125453 0.287308 0.013272
v -0.121527 0.286694 0.014492
v -0.125870 0.284011 0.013104
v -0.122121 0.283398 0.014240
v -0.118849 0.282631 0.016555
v -0.118135 0.285851 0.016891
v -0.116469 0.281788 0.019753
v -0.115696 0.285084 0.020174
v -0.115220 0.281021 0.023541
v -0.114446 0.284241 0.024088
v -0.115220 0.280254 0.027539
v -0.114446 0.283551 0.028213
v -0.116469 0.279718 0.031411
v -0.115755 0.283014 0.032127
v -0.118195 0.282631 0.035493
v -0.118849 0.279411 0.034694
v -0.121467 0.282554 0.038019
v -0.122121 0.279334 0.037135
v -0.125453 0.282708 0.039365
v -0.125929 0.279564 0.038440
v -0.129618 0.283168 0.039492
v -0.129975 0.280024 0.038524
v -0.133604 0.283781 0.038313
v -0.133842 0.280638 0.037345
v -0.136996 0.284624 0.035914
v -0.137115 0.281404 0.035031
v -0.139495 0.285468 0.032632
v -0.139495 0.282171 0.031832
v -0.140804 0.286311 0.028718
v -0.140744 0.283014 0.028044
v -0.140804 0.287001 0.024593
v -0.140804 0.283704 0.024046
v -0.139495 0.287614 0.020595
v -0.139495 0.284241 0.020216
v -0.137055 0.287921 0.017186
v -0.137174 0.284548 0.016891
v -0.133842 0.284624 0.014492
v -0.133604 0.287998 0.014661
v -0.130035 0.284394 0.013146
v -0.129678 0.287768 0.013356
v -0.125870 0.284011 0.013104
v -0.086542 0.270824 0.083808
v -0.083032 0.269904 0.079558
v -0.089338 0.273201 0.087933
v -0.091242 0.276958 0.091552
v -0.078986 0.270824 0.075644
v -0.092016 0.281788 0.094330
v -0.091599 0.287231 0.096056
v -0.074940 0.273278 0.072403
v -0.089993 0.292751 0.096476
v -0.071370 0.277034 0.070173
v -0.087077 0.297658 0.095551
v -0.068574 0.281711 0.069120
v -0.066789 0.287001 0.069583
v -0.083270 0.301568 0.093320
v -0.066194 0.292368 0.071351
v -0.078986 0.304174 0.089869
v -0.066848 0.297504 0.074213
v -0.074821 0.305094 0.085787
v -0.068693 0.301644 0.077748
v -0.071370 0.304174 0.081704
v -0.065480 0.301798 0.055989
v -0.064230 0.301184 0.051023
v -0.066551 0.304404 0.060366
v -0.067324 0.308544 0.063439
v -0.062922 0.302488 0.046225
v -0.067622 0.313604 0.064701
v -0.067443 0.318741 0.064028
v -0.061851 0.305631 0.042269
v -0.061137 0.310077 0.039828
v -0.066729 0.323111 0.061503
v -0.065658 0.326254 0.057505
v -0.124680 0.282478 0.042017
v -0.123490 0.279258 0.043784
v -0.128607 0.282708 0.044121
v -0.128012 0.280254 0.046688
v -0.133188 0.281941 0.049129
v -0.130392 0.276574 0.051907
v -0.134199 0.280638 0.052580
v -0.131284 0.275501 0.056579
v -0.135211 0.280638 0.057210
v -0.131463 0.275041 0.062092
v -0.135687 0.281634 0.064070
v -0.132296 0.276651 0.067521
v -0.135449 0.283091 0.070299
v -0.131463 0.276804 0.073497
v -0.133485 0.284548 0.076149
v -0.129261 0.276651 0.079474
v -0.130273 0.285391 0.080442
v -0.126941 0.277648 0.083177
v -0.125751 0.286158 0.084650
v -0.123728 0.278491 0.086376
v -0.121051 0.285851 0.087891
v -0.119682 0.279181 0.089280
v -0.117897 0.285851 0.089574
v -0.115934 0.279181 0.091216
v -0.113732 0.285698 0.091258
v -0.110043 0.279641 0.092731
v -0.108021 0.285544 0.092605
v -0.105403 0.278721 0.092731
v -0.102190 0.283628 0.092899
v -0.101357 0.277418 0.091763
v -0.096478 0.280254 0.092604
v -0.098977 0.275348 0.090416
v -0.094515 0.275578 0.090037
v -0.096954 0.273048 0.088396
v -0.101833 0.271361 0.090837
v -0.105046 0.273278 0.092478
v -0.109270 0.274044 0.093152
v -0.113078 0.274044 0.092773
v -0.117719 0.270058 0.091637
v -0.121348 0.270288 0.089153
v -0.124085 0.269214 0.086460
v -0.126108 0.268064 0.083303
v -0.127298 0.266761 0.078295
v -0.129261 0.272128 0.075517
v -0.127417 0.267451 0.073034
v -0.130035 0.273201 0.071056
v -0.127655 0.269061 0.069247
v -0.129440 0.272128 0.065627
v -0.125632 0.266915 0.067184
v -0.125810 0.267528 0.063144
v -0.121705 0.264078 0.064617
v -0.121288 0.262545 0.061839
v -0.117124 0.261165 0.064238
v -0.119444 0.260015 0.060535
v -0.116469 0.259785 0.062639
v -0.126227 0.263848 0.075644
v -0.125037 0.260935 0.082798
v -0.123371 0.261471 0.086923
v -0.121467 0.262085 0.089785
v -0.118552 0.262238 0.092099
v -0.114625 0.268601 0.093067
v -0.110400 0.268064 0.093572
v -0.107009 0.267298 0.092983
v -0.104510 0.266455 0.091931
v -0.102011 0.264998 0.089869
v -0.099334 0.269751 0.088606
v -0.122121 0.258941 0.079768
v -0.124739 0.259631 0.079137
v -0.123430 0.258405 0.075728
v -0.124739 0.262775 0.072108
v -0.125394 0.265228 0.069962
v -0.122002 0.263235 0.067479
v -0.117421 0.261318 0.066048
v -0.113316 0.260245 0.065585
v -0.112840 0.259401 0.063691
v -0.121586 0.260781 0.069667
v -0.120099 0.256718 0.072950
v -0.117838 0.259325 0.068194
v -0.117778 0.256028 0.071351
v -0.113911 0.258405 0.067689
v -0.121467 0.259478 0.050224
v -0.122062 0.255951 0.050518
v -0.122121 0.259938 0.054685
v -0.122538 0.256181 0.054937
v -0.121645 0.256411 0.058262
v -0.119801 0.256411 0.060871
v -0.119444 0.260015 0.060535
v -0.116469 0.259785 0.062639
v -0.116886 0.256105 0.063018
v -0.113256 0.255875 0.064070
v -0.117005 0.255185 0.046688
v -0.121467 0.259478 0.050224
v -0.116588 0.258481 0.046688
v -0.112840 0.259401 0.063691
v -0.140804 0.283704 0.024046
v -0.139495 0.284241 0.020216
v -0.140744 0.283014 0.028044
v -0.137174 0.284548 0.016891
v -0.133842 0.284624 0.014492
v -0.139495 0.282171 0.031832
v -0.137115 0.281404 0.035031
v -0.130035 0.284394 0.013146
v -0.133842 0.280638 0.037345
v -0.125870 0.284011 0.013104
v -0.122121 0.283398 0.014240
v -0.129975 0.280024 0.038524
v -0.118849 0.282631 0.016555
v -0.125929 0.279564 0.038440
v -0.122121 0.279334 0.037135
v -0.116469 0.281788 0.019753
v -0.115220 0.281021 0.023541
v -0.118849 0.279411 0.034694
v -0.116469 0.279718 0.031411
v -0.121110 0.260015 0.057968
v -0.060899 0.315214 0.039197
v -0.061196 0.320121 0.040502
v -0.065658 0.326254 0.057505
v -0.064349 0.327557 0.052707
v -0.063041 0.326791 0.047783
v -0.061910 0.324261 0.043490
v -0.127476 0.269291 0.060577
v -0.124085 0.264385 0.059146
v -0.121110 0.260015 0.057968
v -0.122121 0.259938 0.054685
v -0.125096 0.264845 0.054895
v -0.124620 0.265458 0.050139
v -0.127714 0.269904 0.055442
v -0.126941 0.271898 0.050097
v -0.065658 0.326254 0.057505
v -0.064349 0.327557 0.052707
v -0.068276 0.329014 0.055148
v -0.066848 0.329397 0.048119
v -0.073512 0.331544 0.054474
v -0.072322 0.332157 0.046773
v -0.079640 0.334611 0.053254
v -0.078212 0.335071 0.045636
v -0.086899 0.337984 0.052118
v -0.085293 0.338444 0.043953
v -0.093384 0.342507 0.043111
v -0.093622 0.340821 0.035325
v -0.100405 0.345497 0.034946
v -0.096359 0.337677 0.029601
v -0.102666 0.343580 0.029433
v -0.106712 0.340821 0.025098
v -0.107247 0.348334 0.028928
v -0.111174 0.345957 0.024130
v -0.110995 0.354697 0.028128
v -0.114565 0.353317 0.023457
v -0.112959 0.362134 0.027413
v -0.116172 0.361290 0.022910
v -0.116172 0.369187 0.022405
v -0.120872 0.368344 0.018912
v -0.119861 0.376087 0.018364
v -0.127655 0.376317 0.015839
v -0.117540 0.385823 0.017439
v -0.126346 0.387970 0.014745
v -0.114506 0.394487 0.016344
v -0.124382 0.399853 0.013440
v -0.112185 0.399930 0.015629
v -0.124263 0.407060 0.014282
v -0.112126 0.406983 0.016302
v -0.102547 0.399930 0.019122
v -0.106117 0.394640 0.019964
v -0.109627 0.388890 0.020763
v -0.112364 0.383293 0.021353
v -0.114744 0.376547 0.021942
v -0.113078 0.369724 0.026866
v -0.110995 0.369954 0.032547
v -0.110698 0.362747 0.033221
v -0.110757 0.370030 0.038860
v -0.110341 0.362900 0.039744
v -0.113078 0.369800 0.045089
v -0.112483 0.362517 0.046436
v -0.111531 0.376930 0.026403
v -0.108497 0.383447 0.025982
v -0.104927 0.388967 0.025561
v -0.100167 0.394640 0.024888
v -0.095526 0.399853 0.024130
v -0.095110 0.403380 0.023920
v -0.091004 0.399853 0.031201
v -0.090409 0.403380 0.031074
v -0.089576 0.399853 0.039702
v -0.088862 0.403380 0.039702
v -0.091123 0.403380 0.049129
v -0.091540 0.406907 0.048751
v -0.096419 0.394717 0.031495
v -0.102071 0.388967 0.031706
v -0.106176 0.383523 0.031874
v -0.109449 0.377084 0.032127
v -0.109270 0.377084 0.038440
v -0.105938 0.383523 0.038440
v -0.101595 0.388967 0.038734
v -0.095407 0.394717 0.039239
v -0.091837 0.399853 0.048835
v -0.097728 0.394717 0.047446
v -0.104094 0.388967 0.046015
v -0.108378 0.383523 0.045047
v -0.111650 0.377007 0.044584
v -0.089338 0.406907 0.039786
v -0.090766 0.406907 0.031453
v -0.095348 0.406907 0.024551
v -0.102428 0.406907 0.019669
v -0.102368 0.258175 0.057042
v -0.107366 0.258558 0.060956
v -0.102547 0.254495 0.057210
v -0.107783 0.255338 0.061166
v -0.112840 0.259401 0.063691
v -0.095229 0.342277 0.050771
v -0.100107 0.346724 0.042438
v -0.102011 0.346417 0.050182
v -0.104808 0.351017 0.041891
v -0.106712 0.350634 0.049634
v -0.110103 0.355540 0.048330
v -0.105165 0.350174 0.034610
v -0.108140 0.356000 0.040923
v -0.108616 0.355694 0.034063
v -0.115220 0.261931 0.093404
v -0.111531 0.261548 0.093825
v -0.108021 0.260781 0.093110
v -0.105284 0.259631 0.091384
v -0.063041 0.326791 0.047783
v -0.066313 0.327557 0.042648
v -0.072025 0.330317 0.040586
v -0.077796 0.333691 0.040165
v -0.077974 0.331084 0.035746
v -0.085174 0.336144 0.036251
v -0.082377 0.329857 0.031958
v -0.089695 0.333767 0.030654
v -0.085352 0.326101 0.029138
v -0.093265 0.328324 0.027076
v -0.088803 0.321501 0.027160
v -0.095883 0.322344 0.025056
v -0.090647 0.313221 0.026445
v -0.100464 0.315751 0.023457
v -0.096478 0.310767 0.025056
v -0.103677 0.307548 0.023457
v -0.100940 0.301721 0.025814
v -0.110222 0.301338 0.021521
v -0.107247 0.296814 0.024341
v -0.111531 0.291754 0.021395
v -0.109389 0.289914 0.025098
v -0.110936 0.286848 0.024046
v -0.108140 0.287691 0.028213
v -0.110876 0.285391 0.029096
v -0.107961 0.284088 0.031453
v -0.113613 0.283091 0.032842
v -0.110876 0.281634 0.034399
v -0.114982 0.280484 0.037766
v -0.112840 0.276804 0.037135
v -0.119206 0.279641 0.040796
v -0.114149 0.272894 0.038902
v -0.117719 0.272664 0.041133
v -0.115934 0.266455 0.041217
v -0.119444 0.265995 0.043448
v -0.117183 0.259095 0.044163
v -0.100048 0.334151 0.026108
v -0.104808 0.330164 0.023162
v -0.106771 0.320197 0.021437
v -0.108735 0.311227 0.021058
v -0.115636 0.305018 0.017817
v -0.114446 0.314371 0.018701
v -0.113197 0.324951 0.019501
v -0.111709 0.338061 0.021815
v -0.116826 0.343504 0.020258
v -0.119504 0.351554 0.019795
v -0.120813 0.359987 0.019332
v -0.127536 0.358377 0.016933
v -0.127952 0.367117 0.016471
v -0.137412 0.365737 0.015250
v -0.138245 0.375627 0.014661
v -0.145087 0.364510 0.015292
v -0.146932 0.375014 0.014871
v -0.153179 0.363284 0.016765
v -0.155975 0.373940 0.016471
v -0.138721 0.387970 0.013651
v -0.138721 0.399853 0.012641
v -0.138543 0.406983 0.013356
v -0.148776 0.387970 0.013987
v -0.158772 0.384367 0.015881
v -0.161033 0.393720 0.015418
v -0.150026 0.399853 0.013146
v -0.149788 0.407137 0.014114
v -0.161866 0.399853 0.015166
v -0.161568 0.407137 0.016092
v -0.116707 0.282784 0.036714
v -0.120575 0.282478 0.039576
v -0.123490 0.279258 0.043784
v -0.124680 0.282478 0.042017
v -0.121051 0.272204 0.043490
v -0.103499 0.277264 0.022994
v -0.099274 0.280484 0.021142
v -0.106414 0.272971 0.025351
v -0.107723 0.267835 0.028044
v -0.094039 0.282324 0.020006
v -0.107188 0.262545 0.030780
v -0.088386 0.282708 0.019669
v -0.104927 0.257868 0.033305
v -0.082853 0.281481 0.020216
v -0.101059 0.254111 0.035325
v -0.077915 0.278798 0.021563
v -0.096181 0.251581 0.036546
v -0.074167 0.274888 0.023583
v -0.090647 0.250431 0.036924
v -0.084995 0.250891 0.036504
v -0.071906 0.270211 0.025982
v -0.079819 0.252808 0.035325
v -0.071370 0.265151 0.028549
v -0.075535 0.256028 0.033473
v -0.072620 0.260321 0.031117
v -0.111055 0.258098 0.043406
v -0.111412 0.254495 0.043574
v -0.101952 0.254265 0.054096
v -0.101833 0.257868 0.053969
v -0.102130 0.257561 0.050939
v -0.108497 0.254418 0.044121
v -0.102368 0.254111 0.050897
v -0.103320 0.257485 0.048119
v -0.111055 0.258098 0.043406
v -0.107961 0.257791 0.043995
v -0.105879 0.254265 0.045594
v -0.105581 0.257638 0.045552
v -0.103618 0.254111 0.048077
v -0.112661 0.288151 0.019206
v -0.114922 0.293594 0.017144
v -0.115636 0.289301 0.015250
v -0.118849 0.295281 0.014114
v -0.121705 0.306781 0.014871
v -0.121110 0.315367 0.016134
v -0.121170 0.323111 0.016807
v -0.120753 0.333461 0.017733
v -0.128785 0.329321 0.015545
v -0.131582 0.337831 0.015587
v -0.138900 0.335991 0.015334
v -0.140625 0.345267 0.015418
v -0.147765 0.343504 0.016807
v -0.143005 0.354927 0.015460
v -0.150561 0.353394 0.016849
v -0.119861 0.290451 0.012220
v -0.123847 0.296738 0.012220
v -0.128607 0.307241 0.013398
v -0.128190 0.317361 0.014703
v -0.136163 0.311687 0.014450
v -0.136817 0.326101 0.015166
v -0.143243 0.324414 0.016765
v -0.145147 0.334457 0.016723
v -0.141042 0.310767 0.016218
v -0.139316 0.298118 0.015545
v -0.134437 0.298194 0.012935
v -0.129499 0.297658 0.011841
v -0.129797 0.291448 0.010747
v -0.124620 0.291064 0.010705
v -0.134556 0.291601 0.012262
v -0.138840 0.291448 0.015292
v -0.091540 0.406907 0.048751
v -0.097728 0.406907 0.057547
v -0.091123 0.403380 0.049129
v -0.097430 0.403380 0.058136
v -0.091837 0.399853 0.048835
v -0.098025 0.399853 0.057757
v -0.097728 0.394717 0.047446
v -0.103558 0.394640 0.055527
v -0.104094 0.388967 0.046015
v -0.109449 0.388890 0.053128
v -0.108378 0.383523 0.045047
v -0.113494 0.383370 0.051402
v -0.111650 0.377007 0.044584
v -0.116529 0.376777 0.050434
v -0.113078 0.369800 0.045089
v -0.117778 0.369340 0.050897
v -0.112483 0.362517 0.046436
v -0.117005 0.361750 0.052707
v -0.110103 0.355540 0.048330
v -0.114208 0.354237 0.055484
v -0.106712 0.350634 0.049634
v -0.110519 0.349024 0.057294
v -0.105105 0.344501 0.057757
v -0.109151 0.341971 0.063439
v -0.102487 0.338137 0.063270
v -0.110103 0.334457 0.070173
v -0.101297 0.330777 0.069205
v -0.106712 0.328247 0.073455
v -0.098323 0.325181 0.072824
v -0.102785 0.322421 0.076570
v -0.093325 0.320581 0.075097
v -0.096300 0.317361 0.078842
v -0.087613 0.315137 0.078421
v -0.093087 0.312147 0.082630
v -0.085352 0.310691 0.082588
v -0.090231 0.307854 0.086544
v -0.082734 0.307164 0.086670
v -0.087553 0.304404 0.090164
v -0.078986 0.304174 0.089869
v -0.083270 0.301568 0.093320
v -0.105581 0.407060 0.063523
v -0.105284 0.403303 0.064323
v -0.105819 0.399777 0.063902
v -0.110579 0.394487 0.061208
v -0.115696 0.388660 0.058262
v -0.120991 0.383063 0.057252
v -0.123549 0.376240 0.055695
v -0.124382 0.368650 0.056074
v -0.123311 0.360600 0.058094
v -0.120337 0.352627 0.061334
v -0.116469 0.346110 0.064154
v -0.114387 0.339287 0.068363
v -0.120634 0.336144 0.072024
v -0.117243 0.330394 0.074718
v -0.128964 0.331851 0.074044
v -0.124680 0.325717 0.076906
v -0.132831 0.321577 0.076485
v -0.126108 0.316977 0.079768
v -0.130987 0.313527 0.079011
v -0.122419 0.310614 0.082588
v -0.127655 0.306551 0.081620
v -0.118909 0.304098 0.085366
v -0.124025 0.299498 0.084356
v -0.116588 0.300264 0.087302
v -0.121586 0.293288 0.086755
v -0.116945 0.292521 0.089069
v -0.113494 0.291908 0.090542
v -0.108794 0.291524 0.091889
v -0.102428 0.289224 0.093278
v -0.096835 0.288151 0.094625
v -0.092016 0.281788 0.094330
v -0.091242 0.276958 0.091552
v -0.114982 0.407213 0.068026
v -0.114744 0.403303 0.069205
v -0.115160 0.399623 0.068742
v -0.119028 0.394180 0.065711
v -0.123133 0.388353 0.062387
v -0.130511 0.382680 0.061461
v -0.132117 0.375627 0.059483
v -0.132415 0.367577 0.059735
v -0.130987 0.359067 0.061882
v -0.127774 0.350557 0.065248
v -0.123906 0.342737 0.068868
v -0.141577 0.382143 0.062976
v -0.141815 0.374707 0.060872
v -0.141220 0.366197 0.061124
v -0.139435 0.357074 0.063355
v -0.136282 0.348027 0.066806
v -0.144730 0.345497 0.065585
v -0.140923 0.335914 0.069752
v -0.148419 0.333384 0.065585
v -0.144790 0.325104 0.069331
v -0.150502 0.323111 0.062513
v -0.144195 0.315981 0.070004
v -0.147586 0.313911 0.065080
v -0.143481 0.304021 0.068531
v -0.145147 0.301568 0.063397
v -0.140268 0.291678 0.067142
v -0.140506 0.289684 0.062050
v -0.139614 0.287001 0.056452
v -0.138067 0.284931 0.051865
v -0.136579 0.284318 0.048751
v -0.133545 0.284318 0.046099
v -0.141518 0.289531 0.048119
v -0.143660 0.293748 0.052623
v -0.145920 0.299728 0.057252
v -0.149312 0.311917 0.060030
v -0.153596 0.321807 0.054895
v -0.150442 0.310921 0.055106
v -0.149252 0.303714 0.045131
v -0.144909 0.294514 0.043574
v -0.142589 0.290068 0.040754
v -0.139435 0.286848 0.045005
v -0.140566 0.287078 0.038776
v -0.137769 0.285698 0.043616
v -0.154072 0.331544 0.058557
v -0.152108 0.343427 0.061419
v -0.147824 0.355004 0.062050
v -0.149966 0.364664 0.059693
v -0.155202 0.353394 0.057883
v -0.157760 0.341971 0.054601
v -0.157522 0.330394 0.049087
v -0.155381 0.320964 0.046099
v -0.152525 0.312224 0.045636
v -0.155916 0.320581 0.037766
v -0.152168 0.309924 0.037556
v -0.154905 0.321041 0.029728
v -0.150502 0.307011 0.029938
v -0.148776 0.308237 0.024172
v -0.145444 0.296968 0.024256
v -0.142708 0.297888 0.019038
v -0.141934 0.290988 0.019417
v -0.138840 0.291448 0.015292
v -0.159188 0.330394 0.038145
v -0.161390 0.340974 0.045763
v -0.161092 0.352167 0.051360
v -0.157820 0.363360 0.055358
v -0.151454 0.373787 0.059272
v -0.160081 0.372790 0.054601
v -0.164067 0.362364 0.049045
v -0.164960 0.351477 0.043448
v -0.162639 0.340514 0.036756
v -0.158236 0.331161 0.029728
v -0.152584 0.321884 0.024383
v -0.145504 0.309464 0.019711
v -0.139316 0.298118 0.015545
v -0.162163 0.380840 0.056032
v -0.166864 0.371947 0.048119
v -0.168232 0.361750 0.041764
v -0.166388 0.351094 0.035536
v -0.161628 0.340744 0.029475
v -0.158653 0.341204 0.024046
v -0.155619 0.332081 0.024172
v -0.154429 0.341971 0.020132
v -0.151632 0.332924 0.020174
v -0.147765 0.343504 0.016807
v -0.145147 0.334457 0.016723
v -0.169481 0.380227 0.049087
v -0.171385 0.371410 0.041133
v -0.169898 0.361520 0.034610
v -0.165257 0.351094 0.028886
v -0.162044 0.351400 0.023794
v -0.157582 0.352090 0.020006
v -0.150561 0.353394 0.016849
v -0.168767 0.361444 0.028465
v -0.165436 0.361750 0.023583
v -0.160735 0.362287 0.019922
v -0.153179 0.363284 0.016765
v -0.172099 0.371104 0.028381
v -0.169065 0.372254 0.023499
v -0.164127 0.372790 0.019795
v -0.155975 0.373940 0.016471
v -0.158772 0.384367 0.015881
v -0.167875 0.383600 0.019585
v -0.161033 0.393720 0.015418
v -0.171028 0.393490 0.019543
v -0.161866 0.399853 0.015166
v -0.172337 0.399853 0.019627
v -0.172337 0.403303 0.019585
v -0.178109 0.399853 0.025098
v -0.178228 0.403303 0.025098
v -0.181678 0.399777 0.032547
v -0.181797 0.403303 0.032632
v -0.182571 0.399777 0.041133
v -0.182690 0.403303 0.041301
v -0.180250 0.399777 0.049971
v -0.180488 0.403303 0.050140
v -0.175134 0.399777 0.057463
v -0.175372 0.403303 0.057757
v -0.168113 0.399700 0.063565
v -0.168232 0.403303 0.063902
v -0.160021 0.399623 0.068110
v -0.160081 0.403303 0.068489
v -0.151573 0.399700 0.071183
v -0.151632 0.403303 0.071519
v -0.143124 0.399700 0.072529
v -0.143005 0.403303 0.072950
v -0.133902 0.399777 0.072740
v -0.133723 0.403303 0.073119
v -0.124680 0.399623 0.071477
v -0.124442 0.403303 0.071940
v -0.124501 0.407290 0.070593
v -0.133604 0.407060 0.072109
v -0.142827 0.407213 0.071772
v -0.151216 0.407137 0.070509
v -0.159486 0.407290 0.067395
v -0.167637 0.407137 0.063144
v -0.174777 0.406983 0.057378
v -0.179953 0.406907 0.050055
v -0.182214 0.406907 0.041428
v -0.181321 0.406907 0.032968
v -0.177752 0.406907 0.025603
v -0.171980 0.406907 0.020216
v -0.161568 0.407137 0.016092
v -0.173051 0.382987 0.023794
v -0.176681 0.393413 0.024509
v -0.175134 0.379460 0.028802
v -0.177692 0.386283 0.029601
v -0.180131 0.393337 0.031117
v -0.173170 0.371180 0.034357
v -0.176145 0.379537 0.034988
v -0.174241 0.379767 0.041849
v -0.176681 0.386513 0.043574
v -0.172337 0.386743 0.050350
v -0.178822 0.393413 0.046857
v -0.174063 0.393567 0.054011
v -0.181024 0.393337 0.038776
v -0.178644 0.386283 0.036251
v -0.129737 0.295128 0.081410
v -0.133366 0.302948 0.078800
v -0.136579 0.310077 0.076401
v -0.139673 0.317974 0.073708
v -0.136936 0.328094 0.073371
v -0.132890 0.338751 0.070846
v -0.140744 0.307164 0.072992
v -0.137353 0.299881 0.075475
v -0.138721 0.294361 0.072277
v -0.133842 0.292521 0.077874
v -0.143600 0.290374 0.024172
v -0.146218 0.295741 0.030022
v -0.148479 0.300648 0.036756
v -0.145266 0.293748 0.035115
v -0.142648 0.288304 0.034231
v -0.143779 0.289454 0.029265
v -0.135865 0.285008 0.045720
v -0.091599 0.287231 0.096056
v -0.095288 0.294514 0.094667
v -0.101833 0.293901 0.093067
v -0.099929 0.298961 0.091931
v -0.108378 0.297658 0.090458
v -0.105105 0.303791 0.088606
v -0.113256 0.298578 0.088859
v -0.110698 0.308467 0.085450
v -0.089993 0.292751 0.096476
v -0.091778 0.300264 0.093067
v -0.095705 0.303714 0.089911
v -0.099631 0.308544 0.086249
v -0.104034 0.313604 0.082925
v -0.115577 0.314754 0.082167
v -0.108973 0.319661 0.079684
v -0.120039 0.321194 0.079095
v -0.113256 0.325257 0.077033
v -0.087077 0.297658 0.095551
v -0.127714 0.394027 0.068363
v -0.130868 0.388123 0.064786
v -0.138424 0.388123 0.065880
v -0.146099 0.387817 0.065543
v -0.152584 0.381530 0.061166
v -0.153060 0.387663 0.064070
v -0.160021 0.387280 0.060829
v -0.160259 0.393720 0.064701
v -0.167637 0.393643 0.060030
v -0.152525 0.393950 0.067900
v -0.144730 0.393950 0.069331
v -0.136163 0.394180 0.069625
v -0.166566 0.387050 0.056200
v -0.141042 0.310767 0.016218
v -0.149014 0.322804 0.020300
v -0.143243 0.324414 0.016765
v -0.121467 0.259478 0.050224
v -0.121051 0.259708 0.047867
v -0.116588 0.258481 0.046688
v -0.119682 0.259478 0.045973
v -0.117183 0.259095 0.044163
v -0.119444 0.265995 0.043448
v -0.122538 0.265688 0.046520
v -0.124323 0.271974 0.046520
v -0.121051 0.272204 0.043490
v -0.102011 0.346417 0.050182
v -0.098441 0.340437 0.058052
v -0.095229 0.342277 0.050771
v -0.089517 0.335684 0.058809
v -0.086899 0.337984 0.052118
v -0.081544 0.332311 0.059188
v -0.079640 0.334611 0.053254
v -0.074345 0.329704 0.058473
v -0.073512 0.331544 0.054474
v -0.068276 0.329014 0.055148
v -0.094574 0.333997 0.063312
v -0.087553 0.330394 0.063944
v -0.080533 0.327174 0.064575
v -0.074048 0.326407 0.062471
v -0.069109 0.327634 0.058430
v -0.069466 0.325104 0.061587
v -0.065658 0.326254 0.057505
v -0.066729 0.323111 0.061503
v -0.069704 0.322037 0.064112
v -0.074107 0.322727 0.065753
v -0.078986 0.322804 0.068068
v -0.085412 0.326101 0.067311
v -0.082972 0.322037 0.070383
v -0.090052 0.323111 0.071688
v -0.087435 0.318741 0.074928
v -0.080414 0.314524 0.076359
v -0.079581 0.317207 0.073245
v -0.076784 0.318357 0.070509
v -0.073393 0.318511 0.068068
v -0.070180 0.318434 0.066048
v -0.067443 0.318741 0.064028
v -0.079819 0.311687 0.079263
v -0.075059 0.310767 0.075181
v -0.074226 0.312531 0.071814
v -0.072322 0.313987 0.068826
v -0.069585 0.313911 0.066553
v -0.067622 0.313604 0.064701
v -0.069466 0.309541 0.066216
v -0.071846 0.306857 0.069920
v -0.070835 0.304021 0.074044
v -0.073215 0.307317 0.078716
v -0.068693 0.301644 0.077748
v -0.071370 0.304174 0.081704
v -0.074821 0.305094 0.085787
v -0.077796 0.308314 0.082967
v -0.094515 0.327481 0.069289
v -0.099096 0.285928 0.028718
v -0.099393 0.285774 0.027750
v -0.103618 0.282478 0.029686
v -0.100048 0.282938 0.022910
v -0.104629 0.279488 0.024930
v -0.099274 0.280484 0.021142
v -0.103499 0.277264 0.022994
v -0.107783 0.274734 0.027497
v -0.106652 0.277801 0.031537
v -0.106414 0.272971 0.025351
v -0.109211 0.269138 0.030359
v -0.108318 0.271361 0.034147
v -0.108616 0.263465 0.033347
v -0.107842 0.265228 0.037261
v -0.106117 0.258405 0.036083
v -0.105224 0.260398 0.040628
v -0.102011 0.254341 0.038313
v -0.100762 0.257485 0.044332
v -0.096657 0.251581 0.039618
v -0.095645 0.255491 0.046099
v -0.090647 0.250355 0.040039
v -0.090112 0.254725 0.046773
v -0.084579 0.250815 0.039576
v -0.084460 0.255491 0.046604
v -0.078926 0.252885 0.038271
v -0.079224 0.257638 0.045720
v -0.074286 0.256411 0.036251
v -0.074881 0.261088 0.044079
v -0.071846 0.265458 0.041891
v -0.075713 0.263235 0.045678
v -0.072917 0.267528 0.043658
v -0.103796 0.260705 0.042185
v -0.099512 0.258481 0.045678
v -0.094455 0.257178 0.047530
v -0.089576 0.257025 0.048077
v -0.084341 0.257791 0.048035
v -0.079759 0.260015 0.047236
v -0.091242 0.276958 0.091552
v -0.094515 0.275578 0.090037
v -0.089338 0.273201 0.087933
v -0.092551 0.271668 0.085576
v -0.086542 0.270824 0.083808
v -0.090409 0.269598 0.080947
v -0.086126 0.269138 0.076948
v -0.088446 0.268525 0.076275
v -0.086721 0.268295 0.072656
v -0.090885 0.266148 0.072024
v -0.088267 0.265765 0.067058
v -0.093087 0.264768 0.069247
v -0.091956 0.263618 0.064028
v -0.096538 0.263311 0.066932
v -0.097371 0.262238 0.062807
v -0.100226 0.262008 0.065753
v -0.102071 0.260398 0.062429
v -0.106652 0.259938 0.064196
v -0.104451 0.258481 0.060198
v -0.107366 0.258788 0.062471
v -0.107366 0.258558 0.060956
v -0.110400 0.259171 0.063565
v -0.112840 0.259401 0.063691
v -0.110281 0.260015 0.065501
v -0.113316 0.260245 0.065585
v -0.113911 0.258405 0.067689
v -0.096954 0.273048 0.088396
v -0.094396 0.270594 0.084776
v -0.092254 0.268448 0.080231
v -0.091183 0.266991 0.075854
v -0.094693 0.264231 0.075686
v -0.096121 0.263235 0.072782
v -0.098263 0.260091 0.077117
v -0.100107 0.259555 0.073582
v -0.102011 0.255185 0.077958
v -0.104153 0.254648 0.074928
v -0.102844 0.258941 0.071014
v -0.098739 0.262085 0.070215
v -0.107069 0.254418 0.072445
v -0.106117 0.258711 0.068868
v -0.101535 0.261395 0.068194
v -0.105998 0.260475 0.066469
v -0.110460 0.254571 0.071014
v -0.109924 0.258251 0.067942
v -0.114208 0.255185 0.070551
v -0.083032 0.269904 0.079558
v -0.081604 0.270211 0.072908
v -0.078986 0.270824 0.075644
v -0.077082 0.272818 0.069331
v -0.074940 0.273278 0.072403
v -0.073155 0.276881 0.066595
v -0.071370 0.277034 0.070173
v -0.070180 0.282324 0.065627
v -0.068574 0.281711 0.069120
v -0.068812 0.287921 0.066174
v -0.066789 0.287001 0.069583
v -0.068574 0.293671 0.067942
v -0.066194 0.292368 0.071351
v -0.069288 0.298808 0.070509
v -0.066848 0.297504 0.074213
v -0.070835 0.304021 0.074044
v -0.068693 0.301644 0.077748
v -0.070061 0.288534 0.062723
v -0.070954 0.282171 0.062134
v -0.074048 0.275731 0.063775
v -0.078212 0.271821 0.066553
v -0.083865 0.268831 0.069583
v -0.082377 0.267375 0.064280
v -0.087018 0.263925 0.062134
v -0.091242 0.262238 0.060072
v -0.095288 0.261625 0.059188
v -0.090885 0.260705 0.056537
v -0.095169 0.260475 0.055737
v -0.090766 0.258941 0.052496
v -0.095764 0.259325 0.052580
v -0.093563 0.258098 0.050139
v -0.097371 0.258481 0.049045
v -0.094455 0.257178 0.047530
v -0.099512 0.258481 0.045678
v -0.099691 0.260091 0.058094
v -0.099215 0.259478 0.054054
v -0.099869 0.258788 0.050434
v -0.101535 0.258635 0.046983
v -0.103737 0.259018 0.044837
v -0.103796 0.260705 0.042185
v -0.105938 0.259861 0.042901
v -0.110222 0.261548 0.041049
v -0.107961 0.257791 0.043995
v -0.111055 0.258098 0.043406
v -0.105581 0.257638 0.045552
v -0.103320 0.257485 0.048119
v -0.102130 0.257561 0.050939
v -0.101833 0.257868 0.053969
v -0.102368 0.258175 0.057042
v -0.107842 0.265228 0.037261
v -0.112245 0.266838 0.039492
v -0.108318 0.271361 0.034147
v -0.114089 0.261931 0.041554
v -0.114268 0.258558 0.043279
v -0.116588 0.258481 0.046688
v -0.089576 0.257025 0.048077
v -0.085412 0.259861 0.052875
v -0.086245 0.261855 0.057294
v -0.080354 0.262161 0.052370
v -0.081306 0.264538 0.058010
v -0.076963 0.267681 0.056705
v -0.077796 0.270135 0.062344
v -0.073929 0.274121 0.060114
v -0.071549 0.279181 0.058304
v -0.070954 0.284471 0.057673
v -0.070954 0.289224 0.058262
v -0.070180 0.296354 0.062639
v -0.070597 0.295204 0.057168
v -0.068217 0.300648 0.059398
v -0.067800 0.298808 0.055190
v -0.065480 0.301798 0.055989
v -0.064230 0.301184 0.051023
v -0.106652 0.277801 0.031537
v -0.103618 0.282478 0.029686
v -0.105462 0.286541 0.029770
v -0.101773 0.289454 0.028760
v -0.105998 0.292598 0.026529
v -0.100524 0.296124 0.027455
v -0.099096 0.285928 0.028718
v -0.096062 0.292291 0.028886
v -0.094217 0.287538 0.028339
v -0.090171 0.293824 0.030106
v -0.089100 0.287921 0.028718
v -0.084757 0.293901 0.032042
v -0.083091 0.286924 0.030443
v -0.079700 0.291908 0.034904
v -0.077736 0.284164 0.033305
v -0.076427 0.288611 0.038650
v -0.074345 0.280484 0.036377
v -0.073750 0.284241 0.043111
v -0.071846 0.278644 0.044963
v -0.072501 0.286618 0.050055
v -0.071430 0.281788 0.051949
v -0.071727 0.288611 0.054264
v -0.092551 0.299344 0.028760
v -0.086304 0.301721 0.029980
v -0.079700 0.299498 0.033263
v -0.075178 0.296354 0.037808
v -0.073810 0.293901 0.041722
v -0.073572 0.290681 0.045763
v -0.070418 0.295818 0.047404
v -0.072263 0.291678 0.050266
v -0.070716 0.294821 0.052412
v -0.088029 0.307088 0.028086
v -0.080414 0.306014 0.030696
v -0.073631 0.302334 0.034946
v -0.069169 0.300571 0.039534
v -0.069645 0.297658 0.043616
v -0.062922 0.302488 0.046225
v -0.067027 0.298578 0.049634
v -0.066551 0.304404 0.060366
v -0.068633 0.304328 0.063312
v -0.070359 0.301491 0.066174
v -0.071846 0.306857 0.069920
v -0.069466 0.309541 0.066216
v -0.067324 0.308544 0.063439
v -0.071668 0.276651 0.053506
v -0.071727 0.273891 0.047278
v -0.071846 0.271515 0.041722
v -0.072917 0.267528 0.043658
v -0.073512 0.271898 0.054937
v -0.073096 0.269598 0.049087
v -0.075713 0.263235 0.045678
v -0.076249 0.265305 0.050897
v -0.079759 0.260015 0.047236
v -0.084341 0.257791 0.048035
v -0.072263 0.275961 0.039155
v -0.094396 0.304634 0.026866
v -0.081961 0.312531 0.028970
v -0.081782 0.319431 0.028970
v -0.073988 0.313374 0.031453
v -0.074345 0.319277 0.031579
v -0.066372 0.318741 0.035578
v -0.072144 0.325717 0.035073
v -0.066372 0.323801 0.038019
v -0.061910 0.324261 0.043490
v -0.073453 0.307088 0.032968
v -0.068038 0.306474 0.036041
v -0.061851 0.305631 0.042269
v -0.061137 0.310077 0.039828
v -0.067086 0.312454 0.034862
v -0.060899 0.315214 0.039197
v -0.061196 0.320121 0.040502
v -0.077736 0.325181 0.031790
v -0.105284 0.259631 0.091384
v -0.105641 0.255721 0.092268
v -0.103261 0.256948 0.084819
v -0.104034 0.253498 0.086165
v -0.102666 0.251351 0.079137
v -0.120634 0.252961 0.074507
v -0.104629 0.250815 0.076191
v -0.118135 0.252041 0.072950
v -0.107426 0.250585 0.073834
v -0.114684 0.251351 0.072108
v -0.110817 0.250815 0.072361
v -0.110460 0.254571 0.071014
v -0.107069 0.254418 0.072445
v -0.104153 0.254648 0.074928
v -0.102011 0.255185 0.077958
v -0.114208 0.255185 0.070551
v -0.117778 0.256028 0.071351
v -0.120099 0.256718 0.072950
v -0.107723 0.267835 0.028044
v -0.107188 0.262545 0.030780
v -0.104927 0.257868 0.033305
v -0.101059 0.254111 0.035325
v -0.096181 0.251581 0.036546
v -0.090647 0.250431 0.036924
v -0.084995 0.250891 0.036504
v -0.079819 0.252808 0.035325
v -0.075535 0.256028 0.033473
v -0.072620 0.260321 0.031117
v -0.071132 0.261011 0.033726
v -0.071370 0.265151 0.028549
v -0.069764 0.266301 0.030948
v -0.071906 0.270211 0.025982
v -0.070359 0.271744 0.028170
v -0.074167 0.274888 0.023583
v -0.072798 0.276881 0.025561
v -0.077915 0.278798 0.021563
v -0.076903 0.281098 0.023373
v -0.082199 0.284011 0.021900
v -0.082556 0.286771 0.028802
v -0.088327 0.287921 0.027329
v -0.083091 0.286924 0.030443
v -0.089100 0.287921 0.028718
v -0.077439 0.284088 0.031117
v -0.073453 0.280101 0.033936
v -0.071073 0.275194 0.036798
v -0.070537 0.270288 0.039492
v -0.077736 0.284164 0.033305
v -0.074345 0.280484 0.036377
v -0.072263 0.275961 0.039155
v -0.071846 0.271515 0.041722
v -0.123371 0.261471 0.086923
v -0.122121 0.258941 0.079768
v -0.123906 0.257408 0.087428
v -0.122597 0.255108 0.081115
v -0.121764 0.258021 0.090963
v -0.123371 0.261471 0.086923
v -0.121467 0.262085 0.089785
v -0.118552 0.262238 0.092099
v -0.118909 0.258328 0.093236
v -0.115220 0.261931 0.093404
v -0.115696 0.258251 0.094583
v -0.111531 0.261548 0.093825
v -0.112126 0.257715 0.094919
v -0.108021 0.260781 0.093110
v -0.108735 0.256871 0.094204
v -0.105284 0.259631 0.091384
v -0.082853 0.281481 0.020216
v -0.088386 0.282708 0.019669
v -0.088267 0.285314 0.021310
v -0.094039 0.282324 0.020006
v -0.094396 0.284931 0.021689
v -0.099274 0.280484 0.021142
v -0.100048 0.282938 0.022910
v -0.099393 0.285774 0.027750
v -0.094098 0.287538 0.026992
v -0.099096 0.285928 0.028718
v -0.094217 0.287538 0.028339
v -0.120099 0.256718 0.072950
v -0.090766 0.406907 0.031453
v -0.095348 0.406907 0.024551
v -0.089338 0.406907 0.039786
v -0.091540 0.406907 0.048751
v -0.102428 0.406907 0.019669
v -0.097728 0.406907 0.057547
v -0.112126 0.406983 0.016302
v -0.105581 0.407060 0.063523
v -0.114982 0.407213 0.068026
v -0.124263 0.407060 0.014282
v -0.124501 0.407290 0.070593
v -0.133604 0.407060 0.072109
v -0.138543 0.406983 0.013356
v -0.142827 0.407213 0.071772
v -0.149788 0.407137 0.014114
v -0.151216 0.407137 0.070509
v -0.159486 0.407290 0.067395
v -0.167637 0.407137 0.063144
v -0.161568 0.407137 0.016092
v -0.174777 0.406983 0.057378
v -0.171980 0.406907 0.020216
v -0.179953 0.406907 0.050055
v -0.177752 0.406907 0.025603
v -0.182214 0.406907 0.041428
v -0.123609 0.340667 0.017439
v -0.134021 0.346954 0.015629
v -0.125989 0.349407 0.017228
v -0.136044 0.356384 0.015545
v -0.143779 0.289454 0.029265
v -0.143600 0.287001 0.028970
v -0.142648 0.288304 0.034231
v -0.142529 0.286004 0.033810
v -0.140566 0.287078 0.038776
v -0.140685 0.285008 0.038397
v -0.137769 0.285698 0.043616
v -0.137948 0.283858 0.043322
v -0.135865 0.285008 0.045720
v -0.136103 0.283321 0.045384
v -0.133545 0.284318 0.046099
v -0.133783 0.283014 0.045763
v -0.128607 0.282708 0.044121
v -0.129618 0.283168 0.039492
v -0.124680 0.282478 0.042017
v -0.125453 0.282708 0.039365
v -0.120575 0.282478 0.039576
v -0.121467 0.282554 0.038019
v -0.118195 0.282631 0.035493
v -0.133604 0.283781 0.038313
v -0.136996 0.284624 0.035914
v -0.139495 0.285468 0.032632
v -0.140804 0.286311 0.028718
v -0.140804 0.287001 0.024593
v -0.143541 0.287844 0.023962
v -0.139495 0.287614 0.020595
v -0.141994 0.288458 0.019164
v -0.137055 0.287921 0.017186
v -0.139019 0.288841 0.015082
v -0.133604 0.287998 0.014661
v -0.134854 0.288918 0.012009
v -0.129678 0.287768 0.013356
v -0.129975 0.288688 0.010368
v -0.125453 0.287308 0.013272
v -0.124918 0.288151 0.010326
v -0.120158 0.287308 0.011799
v -0.119861 0.290451 0.012220
v -0.115636 0.289301 0.015250
v -0.143600 0.290374 0.024172
v -0.141934 0.290988 0.019417
v -0.138840 0.291448 0.015292
v -0.134556 0.291601 0.012262
v -0.129797 0.291448 0.010747
v -0.124620 0.291064 0.010705
v -0.116707 0.282784 0.036714
v -0.115755 0.283014 0.032127
v -0.113613 0.283091 0.032842
v -0.114446 0.283551 0.028213
v -0.111769 0.283628 0.028465
v -0.114446 0.284241 0.024088
v -0.111471 0.284471 0.023751
v -0.115696 0.285084 0.020174
v -0.112959 0.285544 0.018701
v -0.118135 0.285851 0.016891
v -0.116053 0.286388 0.014703
v -0.121527 0.286694 0.014492
v -0.110876 0.285391 0.029096
v -0.110936 0.286848 0.024046
v -0.112661 0.288151 0.019206
v -0.094812 0.265765 0.080315
v -0.097668 0.261241 0.080989
v -0.100881 0.256105 0.081578
v -0.103261 0.256948 0.084819
v -0.096835 0.267758 0.085155
v -0.099334 0.269751 0.088606
v -0.099512 0.263388 0.086544
v -0.101119 0.257255 0.085197
v -0.102487 0.258481 0.088564
v -0.105284 0.259631 0.091384
v -0.102011 0.264998 0.089869
v -0.125453 0.287308 0.013272
v -0.114208 0.255185 0.070551
v -0.181321 0.406907 0.032968
v -0.102368 0.258175 0.057042
v -0.067324 0.308544 0.063439
v -0.102011 0.255185 0.077958
v -0.115220 0.280254 0.027539
v -0.060899 0.315214 0.039197
v -0.048079 0.321575 0.047905
v -0.050666 0.325018 0.057578
v -0.048227 0.320124 0.048382
v -0.050814 0.323567 0.058055
v -0.050610 0.317393 0.048716
v -0.053197 0.320837 0.058390
v -0.054217 0.310824 0.061681
v -0.052828 0.311746 0.064917
v -0.051630 0.307380 0.052008
v -0.048816 0.306406 0.049916
v -0.047795 0.316418 0.046624
v -0.048441 0.305907 0.048514
v -0.047421 0.315919 0.045222
v -0.049809 0.304597 0.053486
v -0.052396 0.308041 0.063159
v -0.049957 0.303146 0.053963
v -0.052544 0.306590 0.063636
v -0.067631 0.307491 0.048865
v -0.066654 0.309980 0.045385
v -0.065287 0.307511 0.049653
v -0.064309 0.310000 0.046173
v -0.062463 0.310808 0.047723
v -0.063880 0.314208 0.044789
v -0.062123 0.314146 0.046625
v -0.062329 0.317552 0.047541
v -0.061495 0.316147 0.049945
v -0.063088 0.319715 0.050432
v -0.061923 0.317376 0.051576
v -0.062432 0.317394 0.053449
v -0.060751 0.317373 0.053907
v -0.062895 0.316198 0.055096
v -0.061213 0.316177 0.055553
v -0.063087 0.314311 0.055716
v -0.061406 0.314290 0.056173
v -0.061268 0.312295 0.055576
v -0.064822 0.317739 0.056719
v -0.064016 0.319798 0.053850
v -0.065057 0.321047 0.049431
v -0.064178 0.318394 0.046075
v -0.066522 0.318374 0.045287
v -0.066225 0.314188 0.044001
v -0.059617 0.307480 0.049836
v -0.051630 0.307380 0.052008
v -0.060046 0.303272 0.051220
v -0.049809 0.304597 0.053486
v -0.049957 0.303146 0.053963
v -0.052544 0.306590 0.063636
v -0.062633 0.306716 0.060893
v -0.052396 0.308041 0.063159
v -0.054217 0.310824 0.061681
v -0.062204 0.310924 0.059510
v -0.063292 0.312372 0.063575
v -0.052828 0.311746 0.064917
v -0.053203 0.312245 0.066318
v -0.062271 0.322384 0.060284
v -0.052182 0.322258 0.063027
v -0.051807 0.321759 0.061625
v -0.053197 0.320837 0.058390
v -0.061184 0.320937 0.056218
v -0.060755 0.325145 0.054835
v -0.050814 0.323567 0.058055
v -0.050666 0.325018 0.057578
v -0.048079 0.321575 0.047905
v -0.058168 0.321701 0.045161
v -0.048227 0.320124 0.048382
v -0.050610 0.317393 0.048716
v -0.058597 0.317493 0.046545
v -0.057510 0.316045 0.042479
v -0.047795 0.316418 0.046624
v -0.047421 0.315919 0.045222
v -0.048441 0.305907 0.048514
v -0.058530 0.306033 0.045771
v -0.048816 0.306406 0.049916
v -0.051630 0.307380 0.052008
v -0.062633 0.306716 0.060893
v -0.062204 0.310924 0.059510
v -0.060046 0.303272 0.051220
v -0.059617 0.307480 0.049836
v -0.060878 0.311115 0.054085
v -0.060331 0.311047 0.052071
v -0.059868 0.312244 0.050425
v -0.059676 0.314130 0.049805
v -0.058597 0.317493 0.046545
v -0.057510 0.316045 0.042479
v -0.059813 0.316126 0.050402
v -0.060242 0.317355 0.052033
v -0.061184 0.320937 0.056218
v -0.060751 0.317373 0.053907
v -0.061213 0.316177 0.055553
v -0.061406 0.314290 0.056173
v -0.061268 0.312295 0.055576
v -0.062271 0.322384 0.060284
v -0.063292 0.312372 0.063575
v -0.060755 0.325145 0.054835
v -0.058168 0.321701 0.045161
v -0.060242 0.317355 0.052033
v -0.059813 0.316126 0.050402
v -0.061358 0.314151 0.049348
v -0.061550 0.312265 0.049968
v -0.062013 0.311068 0.051614
v -0.063231 0.308700 0.050451
v -0.059676 0.314130 0.049805
v -0.059868 0.312244 0.050425
v -0.060331 0.311047 0.052071
v -0.067439 0.321077 0.048783
v -0.068584 0.321119 0.052998
v -0.066202 0.321089 0.053646
v -0.067142 0.318550 0.056986
v -0.069562 0.318630 0.056478
v -0.067571 0.314342 0.058369
v -0.065162 0.314402 0.057816
v -0.062950 0.312316 0.055119
v -0.062559 0.311136 0.053628
v -0.060878 0.311115 0.054085
v -0.060331 0.311047 0.052071
v -0.069991 0.314422 0.057862
v -0.067311 0.310206 0.057224
v -0.064918 0.310946 0.056760
v -0.064197 0.308832 0.054010
v -0.063231 0.308700 0.050451
v -0.062013 0.311068 0.051614
v -0.066432 0.307553 0.053868
v -0.065287 0.307511 0.049653
v -0.067631 0.307491 0.048865
v -0.068814 0.307582 0.053220
v -0.069693 0.310236 0.056576
v -0.051807 0.321759 0.061625
v -0.053203 0.312245 0.066318
v -0.058530 0.306033 0.045771
v -0.052182 0.322258 0.063027
v -0.059617 0.307480 0.049836
v -0.074024 0.290538 0.078798
v -0.071990 0.289700 0.080703
v -0.075813 0.283414 0.077576
v -0.073779 0.282577 0.079481
v -0.081134 0.280075 0.081789
v -0.079101 0.279237 0.083694
v -0.084569 0.283968 0.087167
v -0.082536 0.283130 0.089072
v -0.082781 0.291091 0.088389
v -0.080747 0.290254 0.090294
v -0.075495 0.293598 0.086157
v -0.077528 0.294435 0.084252
v -0.071990 0.289700 0.080703
v -0.074024 0.290538 0.078798
v -0.080747 0.290254 0.090294
v -0.082536 0.283130 0.089072
v -0.079101 0.279237 0.083694
v -0.075813 0.283414 0.077576
v -0.081134 0.280075 0.081789
v -0.084569 0.283968 0.087167
v -0.082781 0.291091 0.088389
v -0.073779 0.282577 0.079481
v -0.114754 0.251038 0.092642
v -0.113838 0.256480 0.091043
v -0.117375 0.251265 0.091912
v -0.116459 0.256707 0.090314
v -0.118675 0.256618 0.088742
v -0.119700 0.250523 0.090532
v -0.120175 0.256221 0.086529
v -0.121411 0.249294 0.088672
v -0.120943 0.255637 0.084100
v -0.122427 0.247435 0.086441
v -0.120708 0.254831 0.081492
v -0.122363 0.245613 0.084132
v -0.121093 0.245834 0.081479
v -0.119725 0.253961 0.079092
v -0.118981 0.246145 0.079342
v -0.117873 0.253150 0.077393
v -0.116539 0.246408 0.078058
v -0.115422 0.252434 0.076357
v -0.113687 0.246481 0.077738
v -0.112771 0.251924 0.076140
v -0.110151 0.251697 0.076869
v -0.111066 0.246255 0.078468
v -0.107935 0.251786 0.078441
v -0.108948 0.245763 0.080210
v -0.106434 0.252183 0.080654
v -0.107543 0.245178 0.082603
v -0.105666 0.252767 0.083083
v -0.106930 0.244642 0.085537
v -0.105901 0.253573 0.085691
v -0.107348 0.244359 0.088465
v -0.108264 0.246243 0.090499
v -0.106884 0.254443 0.088091
v -0.109973 0.248327 0.091933
v -0.108737 0.255254 0.089790
v -0.112110 0.249877 0.092684
v -0.111187 0.255971 0.090826
v -0.114754 0.251038 0.092642
v -0.111066 0.246255 0.078468
v -0.108948 0.245763 0.080210
v -0.113687 0.246481 0.077738
v -0.116539 0.246408 0.078058
v -0.107543 0.245178 0.082603
v -0.118981 0.246145 0.079342
v -0.106930 0.244642 0.085537
v -0.121093 0.245834 0.081479
v -0.122363 0.245613 0.084132
v -0.107348 0.244359 0.088465
v -0.108264 0.246243 0.090499
v -0.122427 0.247435 0.086441
v -0.109973 0.248327 0.091933
v -0.121411 0.249294 0.088672
v -0.119700 0.250523 0.090532
v -0.112110 0.249877 0.092684
v -0.114754 0.251038 0.092642
v -0.117375 0.251265 0.091912
v -0.116459 0.256707 0.090314
v -0.113838 0.256480 0.091043
v -0.118675 0.256618 0.088742
v -0.111187 0.255971 0.090826
v -0.120175 0.256221 0.086529
v -0.108737 0.255254 0.089790
v -0.106884 0.254443 0.088091
v -0.120943 0.255637 0.084100
v -0.105901 0.253573 0.085691
v -0.120708 0.254831 0.081492
v -0.119725 0.253961 0.079092
v -0.105666 0.252767 0.083083
v -0.106434 0.252183 0.080654
v -0.117873 0.253150 0.077393
v -0.115422 0.252434 0.076357
v -0.107935 0.251786 0.078441
v -0.110151 0.251697 0.076869
v -0.112771 0.251924 0.076140
v -0.113838 0.256480 0.091043
v -0.104833 0.254290 0.053175
v -0.105057 0.254468 0.055714
v -0.105382 0.248481 0.053534
v -0.105606 0.248660 0.056074
v -0.107110 0.246805 0.055835
v -0.107981 0.247011 0.057821
v -0.106601 0.248902 0.058466
v -0.106052 0.254710 0.058106
v -0.108355 0.249183 0.060336
v -0.107807 0.254992 0.059977
v -0.110244 0.255296 0.061179
v -0.110792 0.249488 0.061539
v -0.111268 0.247472 0.060260
v -0.113386 0.249749 0.061797
v -0.113380 0.247687 0.060502
v -0.115878 0.249945 0.061160
v -0.115471 0.247853 0.059996
v -0.118013 0.250055 0.059677
v -0.117282 0.247949 0.058789
v -0.118522 0.247959 0.057046
v -0.115330 0.255753 0.060801
v -0.112837 0.255557 0.061438
v -0.117465 0.255863 0.059317
v -0.119578 0.250078 0.057657
v -0.119093 0.247893 0.055108
v -0.119030 0.255886 0.057297
v -0.119801 0.255797 0.054676
v -0.120350 0.249988 0.055035
v -0.119577 0.255618 0.052136
v -0.120126 0.249810 0.052496
v -0.119131 0.249568 0.050103
v -0.118992 0.247751 0.052976
v -0.118120 0.247546 0.050991
v -0.109468 0.247247 0.059366
v -0.107009 0.246664 0.053703
v -0.107579 0.246598 0.051765
v -0.105382 0.248481 0.053534
v -0.106154 0.248392 0.050913
v -0.104833 0.254290 0.053175
v -0.105605 0.254200 0.050553
v -0.108820 0.246607 0.050022
v -0.107719 0.248415 0.048893
v -0.107170 0.254223 0.048533
v -0.109854 0.248525 0.047409
v -0.109305 0.254333 0.047050
v -0.110631 0.246704 0.048816
v -0.112346 0.248721 0.046772
v -0.111798 0.254529 0.046413
v -0.112721 0.246870 0.048309
v -0.115051 0.248994 0.047063
v -0.114503 0.254803 0.046703
v -0.114722 0.247072 0.048519
v -0.116633 0.247310 0.049445
v -0.117376 0.249286 0.048233
v -0.116828 0.255095 0.047873
v -0.118583 0.255376 0.049744
v -0.107009 0.246664 0.053703
v -0.107110 0.246805 0.055835
v -0.107579 0.246598 0.051765
v -0.108820 0.246607 0.050022
v -0.107981 0.247011 0.057821
v -0.110631 0.246704 0.048816
v -0.112721 0.246870 0.048309
v -0.109468 0.247247 0.059366
v -0.114722 0.247072 0.048519
v -0.111268 0.247472 0.060260
v -0.113380 0.247687 0.060502
v -0.116633 0.247310 0.049445
v -0.118120 0.247546 0.050991
v -0.115471 0.247853 0.059996
v -0.117282 0.247949 0.058789
v -0.118992 0.247751 0.052976
v -0.118522 0.247959 0.057046
v -0.119093 0.247893 0.055108
v -0.119801 0.255797 0.054676
v -0.119030 0.255886 0.057297
v -0.119577 0.255618 0.052136
v -0.117465 0.255863 0.059317
v -0.118583 0.255376 0.049744
v -0.115330 0.255753 0.060801
v -0.112837 0.255557 0.061438
v -0.116828 0.255095 0.047873
v -0.114503 0.254803 0.046703
v -0.110244 0.255296 0.061179
v -0.107807 0.254992 0.059977
v -0.111798 0.254529 0.046413
v -0.106052 0.254710 0.058106
v -0.109305 0.254333 0.047050
v -0.107170 0.254223 0.048533
v -0.105057 0.254468 0.055714
v -0.104833 0.254290 0.053175
v -0.105605 0.254200 0.050553
v -0.107009 0.246664 0.053703
v -0.130155 0.276416 0.015747
v -0.127481 0.276143 0.015631
v -0.132892 0.276570 0.016584
v -0.135289 0.276512 0.018425
v -0.136903 0.276298 0.020660
v -0.124640 0.275671 0.016549
v -0.137883 0.275911 0.023493
v -0.122415 0.275154 0.018107
v -0.120602 0.274546 0.020448
v -0.137816 0.275441 0.026141
v -0.119836 0.274021 0.022973
v -0.137023 0.274882 0.028839
v -0.135210 0.274274 0.031179
v -0.119741 0.273517 0.025793
v -0.132984 0.273757 0.032738
v -0.120721 0.273130 0.028626
v -0.130144 0.273285 0.033656
v -0.122336 0.272916 0.030861
v -0.124732 0.272858 0.032702
v -0.127470 0.273012 0.033539
v -0.122878 0.288017 0.026156
v -0.123215 0.287641 0.028521
v -0.123774 0.279856 0.024730
v -0.124111 0.279480 0.027094
v -0.125432 0.279305 0.028923
v -0.124536 0.287467 0.030349
v -0.127416 0.279338 0.029982
v -0.126520 0.287499 0.031408
v -0.128900 0.287811 0.031118
v -0.129796 0.279650 0.029692
v -0.131617 0.280072 0.028417
v -0.130721 0.288234 0.029843
v -0.132676 0.280559 0.026298
v -0.131780 0.288720 0.027725
v -0.132311 0.280902 0.024106
v -0.131415 0.289064 0.025532
v -0.130094 0.289238 0.023704
v -0.130990 0.281077 0.022277
v -0.128111 0.289205 0.022645
v -0.129006 0.281044 0.021218
v -0.126626 0.280732 0.021508
v -0.125730 0.288893 0.022935
v -0.123909 0.288471 0.024210
v -0.124805 0.280309 0.022783
v -0.122878 0.288017 0.026156
v -0.123774 0.279856 0.024730
v -0.129006 0.281044 0.021218
v -0.133307 0.282360 0.015749
v -0.130990 0.281077 0.022277
v -0.136199 0.282309 0.017854
v -0.138254 0.282038 0.020699
v -0.132311 0.280902 0.024106
v -0.139325 0.281565 0.024080
v -0.132676 0.280559 0.026298
v -0.139321 0.280975 0.027448
v -0.138242 0.280270 0.030805
v -0.131617 0.280072 0.028417
v -0.136172 0.279549 0.033632
v -0.129796 0.279650 0.029692
v -0.133339 0.278892 0.035616
v -0.129947 0.278345 0.036614
v -0.127416 0.279338 0.029982
v -0.126547 0.277983 0.036547
v -0.123139 0.277807 0.035414
v -0.125432 0.279305 0.028923
v -0.120247 0.277858 0.033309
v -0.118192 0.278129 0.030464
v -0.124111 0.279480 0.027094
v -0.117121 0.278602 0.027083
v -0.123774 0.279856 0.024730
v -0.117152 0.279225 0.023542
v -0.118203 0.279896 0.020358
v -0.124805 0.280309 0.022783
v -0.120274 0.280618 0.017531
v -0.123107 0.281275 0.015547
v -0.126626 0.280732 0.021508
v -0.126499 0.281822 0.014549
v -0.129899 0.282184 0.014616
v -0.117152 0.279225 0.023542
v -0.117121 0.278602 0.027083
v -0.117545 0.274736 0.026408
v -0.118192 0.278129 0.030464
v -0.118616 0.274263 0.029788
v -0.120247 0.277858 0.033309
v -0.120671 0.273992 0.032633
v -0.123139 0.277807 0.035414
v -0.123564 0.273941 0.034739
v -0.126547 0.277983 0.036547
v -0.126972 0.274117 0.035871
v -0.129947 0.278345 0.036614
v -0.130371 0.274479 0.035938
v -0.133339 0.278892 0.035616
v -0.133763 0.275026 0.034940
v -0.136172 0.279549 0.033632
v -0.136596 0.275683 0.032956
v -0.138242 0.280270 0.030805
v -0.138667 0.276404 0.030129
v -0.139746 0.277109 0.026773
v -0.137816 0.275441 0.026141
v -0.139750 0.277699 0.023404
v -0.137883 0.275911 0.023493
v -0.138678 0.278172 0.020023
v -0.136903 0.276298 0.020660
v -0.136623 0.278443 0.017179
v -0.135289 0.276512 0.018425
v -0.132892 0.276570 0.016584
v -0.122336 0.272916 0.030861
v -0.124732 0.272858 0.032702
v -0.127470 0.273012 0.033539
v -0.130144 0.273285 0.033656
v -0.132984 0.273757 0.032738
v -0.120721 0.273130 0.028626
v -0.119741 0.273517 0.025793
v -0.119836 0.274021 0.022973
v -0.117577 0.275359 0.022866
v -0.135210 0.274274 0.031179
v -0.137023 0.274882 0.028839
v -0.139321 0.280975 0.027448
v -0.139325 0.281565 0.024080
v -0.138254 0.282038 0.020699
v -0.136199 0.282309 0.017854
v -0.133731 0.278494 0.015073
v -0.130498 0.278331 0.013971
v -0.130155 0.276416 0.015747
v -0.127481 0.276143 0.015631
v -0.133307 0.282360 0.015749
v -0.129899 0.282184 0.014616
v -0.126923 0.277956 0.013873
v -0.123531 0.277409 0.014872
v -0.124640 0.275671 0.016549
v -0.120699 0.276752 0.016855
v -0.122415 0.275154 0.018107
v -0.118628 0.276030 0.019682
v -0.120602 0.274546 0.020448
v -0.119836 0.274021 0.022973
v -0.126499 0.281822 0.014549
v -0.123107 0.281275 0.015547
v -0.120274 0.280618 0.017531
v -0.118203 0.279896 0.020358
v -0.117152 0.279225 0.023542
v -0.117577 0.275359 0.022866
v -0.066543 0.289676 0.079120
v -0.067439 0.293500 0.081758
v -0.056177 0.285407 0.088831
v -0.057074 0.289231 0.091469
v -0.055919 0.284027 0.091773
v -0.056563 0.287270 0.093887
v -0.069399 0.296261 0.085064
v -0.059033 0.291992 0.094774
v -0.058271 0.289450 0.096668
v -0.062064 0.293126 0.098509
v -0.060826 0.290365 0.099798
v -0.065431 0.292397 0.101782
v -0.063624 0.289788 0.102531
v -0.066356 0.287889 0.104612
v -0.072300 0.297387 0.088655
v -0.075797 0.296666 0.092071
v -0.068694 0.289966 0.104196
v -0.068584 0.284827 0.105644
v -0.079060 0.294235 0.094485
v -0.071453 0.286373 0.105562
v -0.073224 0.281963 0.105514
v -0.070038 0.281152 0.105580
v -0.073735 0.277286 0.104003
v -0.070493 0.277225 0.104340
v -0.072839 0.273462 0.101365
v -0.069849 0.273982 0.102226
v -0.068141 0.271801 0.099445
v -0.081819 0.290642 0.095851
v -0.083590 0.286233 0.095803
v -0.084101 0.281556 0.094292
v -0.083204 0.277731 0.091654
v -0.081245 0.274970 0.088349
v -0.070879 0.270701 0.098059
v -0.078344 0.273845 0.084757
v -0.067978 0.269576 0.094468
v -0.074847 0.274566 0.081341
v -0.064481 0.270296 0.091052
v -0.061218 0.272727 0.088638
v -0.060056 0.273362 0.091501
v -0.058459 0.276320 0.087272
v -0.057828 0.276424 0.090469
v -0.056328 0.280285 0.090565
v -0.062788 0.271463 0.093582
v -0.065716 0.270895 0.096458
v -0.062788 0.271463 0.093582
v -0.060056 0.273362 0.091501
v -0.065716 0.270895 0.096458
v -0.057828 0.276424 0.090469
v -0.056328 0.280285 0.090565
v -0.068141 0.271801 0.099445
v -0.055919 0.284027 0.091773
v -0.069849 0.273982 0.102226
v -0.070493 0.277225 0.104340
v -0.056563 0.287270 0.093887
v -0.058271 0.289450 0.096668
v -0.070038 0.281152 0.105580
v -0.068584 0.284827 0.105644
v -0.060826 0.290365 0.099798
v -0.063624 0.289788 0.102531
v -0.066356 0.287889 0.104612
v -0.066543 0.289676 0.079120
v -0.056177 0.285407 0.088831
v -0.067008 0.285184 0.077641
v -0.056642 0.280915 0.087352
v -0.068825 0.280590 0.077561
v -0.071584 0.276997 0.078927
v -0.055919 0.284027 0.091773
v -0.077762 0.288543 0.079712
v -0.072915 0.286547 0.084252
v -0.078274 0.286503 0.079362
v -0.073428 0.284507 0.083902
v -0.074761 0.282896 0.084617
v -0.079607 0.284892 0.080077
v -0.081099 0.284232 0.081380
v -0.076383 0.282245 0.086063
v -0.077503 0.283069 0.087620
v -0.082349 0.285065 0.083080
v -0.077998 0.284796 0.088908
v -0.082844 0.286792 0.084367
v -0.082332 0.288831 0.084717
v -0.077485 0.286835 0.089257
v -0.080999 0.290443 0.084003
v -0.076152 0.288447 0.088543
v -0.079507 0.291102 0.082700
v -0.074660 0.289106 0.087240
v -0.078257 0.290269 0.081000
v -0.073410 0.288273 0.085540
v -0.072915 0.286547 0.084252
v -0.077762 0.288543 0.079712
v -0.066543 0.289676 0.079120
v -0.072915 0.286547 0.084252
v -0.067439 0.293500 0.081758
v -0.073410 0.288273 0.085540
v -0.069399 0.296261 0.085064
v -0.074660 0.289106 0.087240
v -0.072300 0.297387 0.088655
v -0.075797 0.296666 0.092071
v -0.076152 0.288447 0.088543
v -0.079060 0.294235 0.094485
v -0.077485 0.286835 0.089257
v -0.081819 0.290642 0.095851
v -0.083590 0.286233 0.095803
v -0.077998 0.284796 0.088908
v -0.084101 0.281556 0.094292
v -0.083204 0.277731 0.091654
v -0.077503 0.283069 0.087620
v -0.081245 0.274970 0.088349
v -0.076383 0.282245 0.086063
v -0.078344 0.273845 0.084757
v -0.074847 0.274566 0.081341
v -0.074761 0.282896 0.084617
v -0.071584 0.276997 0.078927
v -0.073428 0.284507 0.083902
v -0.068825 0.280590 0.077561
v -0.067008 0.285184 0.077641
v -0.087278 0.281769 0.019678
v -0.087533 0.276800 0.010458
v -0.092913 0.281721 0.019860
v -0.093168 0.276752 0.010640
v -0.098244 0.275288 0.011569
v -0.096975 0.271202 0.010055
v -0.102758 0.272409 0.013246
v -0.100486 0.268962 0.011359
v -0.103210 0.265588 0.013252
v -0.097989 0.280257 0.020789
v -0.102503 0.277378 0.022465
v -0.105681 0.273441 0.024675
v -0.105937 0.268473 0.015455
v -0.107551 0.263761 0.018039
v -0.104466 0.261924 0.015262
v -0.107422 0.258797 0.020710
v -0.104480 0.257687 0.017546
v -0.105693 0.254308 0.023082
v -0.102894 0.253925 0.019529
v -0.102364 0.250294 0.025153
v -0.100305 0.250803 0.021140
v -0.097853 0.247443 0.026564
v -0.096438 0.248359 0.022350
v -0.092480 0.245960 0.027215
v -0.092259 0.247206 0.022856
v -0.087119 0.245969 0.027062
v -0.087722 0.247099 0.022788
v -0.083196 0.248485 0.021916
v -0.107167 0.263766 0.029930
v -0.105438 0.259277 0.032301
v -0.102109 0.255263 0.034373
v -0.097597 0.252412 0.035784
v -0.092225 0.250928 0.036435
v -0.086864 0.250938 0.036282
v -0.081515 0.252440 0.035324
v -0.081770 0.247472 0.026104
v -0.079685 0.250724 0.020612
v -0.077255 0.250351 0.024427
v -0.077000 0.255320 0.033647
v -0.073822 0.259256 0.031438
v -0.074077 0.254287 0.022218
v -0.072207 0.263968 0.028854
v -0.072462 0.258999 0.019634
v -0.072288 0.268689 0.026312
v -0.072543 0.263721 0.017092
v -0.074320 0.268452 0.014591
v -0.075643 0.261757 0.014554
v -0.077277 0.265762 0.012441
v -0.075705 0.257763 0.016708
v -0.076961 0.254098 0.018718
v -0.079866 0.268884 0.010830
v -0.077277 0.265762 0.012441
v -0.083733 0.271327 0.009621
v -0.075643 0.261757 0.014554
v -0.075705 0.257763 0.016708
v -0.087912 0.272481 0.009114
v -0.076961 0.254098 0.018718
v -0.092723 0.272549 0.009211
v -0.079685 0.250724 0.020612
v -0.096975 0.271202 0.010055
v -0.100486 0.268962 0.011359
v -0.083196 0.248485 0.021916
v -0.103210 0.265588 0.013252
v -0.087722 0.247099 0.022788
v -0.092259 0.247206 0.022856
v -0.104466 0.261924 0.015262
v -0.104480 0.257687 0.017546
v -0.096438 0.248359 0.022350
v -0.100305 0.250803 0.021140
v -0.102894 0.253925 0.019529
v -0.079866 0.268884 0.010830
v -0.077649 0.272466 0.012520
v -0.074065 0.273421 0.023811
v -0.077394 0.277435 0.021740
v -0.083733 0.271327 0.009621
v -0.082161 0.275317 0.011109
v -0.081906 0.280285 0.020329
v -0.087912 0.272481 0.009114
v -0.087533 0.276800 0.010458
v -0.087278 0.281769 0.019678
v -0.092723 0.272549 0.009211
v -0.087912 0.272481 0.009114
v -0.107296 0.268730 0.027259
v -0.072288 0.268689 0.026312
v -0.074065 0.273421 0.023811
v -0.072207 0.263968 0.028854
v -0.077394 0.277435 0.021740
v -0.081906 0.280285 0.020329
v -0.073822 0.259256 0.031438
v -0.077000 0.255320 0.033647
v -0.087278 0.281769 0.019678
v -0.092913 0.281721 0.019860
v -0.081515 0.252440 0.035324
v -0.086864 0.250938 0.036282
v -0.097989 0.280257 0.020789
v -0.092225 0.250928 0.036435
v -0.102503 0.277378 0.022465
v -0.105681 0.273441 0.024675
v -0.097597 0.252412 0.035784
v -0.102109 0.255263 0.034373
v -0.107296 0.268730 0.027259
v -0.107167 0.263766 0.029930
v -0.105438 0.259277 0.032301
vn -0.0871 0.9477 -0.3069
vn -0.3965 0.7801 -0.4840
vn -0.3966 0.7801 -0.4840
vn 0.6637 0.6872 0.2952
vn 0.6637 0.6872 0.2953
vn 0.8174 0.2547 0.5166
vn 0.8175 0.2547 0.5166
vn 0.3305 0.9438 -0.0091
vn 0.3305 0.9438 -0.0084
vn 0.1236 0.9786 -0.1647
vn 0.1235 0.9786 -0.1648
vn 0.7564 -0.2511 0.6040
vn 0.7565 -0.2513 0.6038
vn 0.4817 -0.7021 0.5245
vn 0.4817 -0.7020 0.5245
vn 0.0839 -0.9487 0.3050
vn 0.0841 -0.9485 0.3053
vn -0.3305 -0.9438 0.0085
vn -0.3305 -0.9438 0.0084
vn -0.8189 -0.2399 -0.5214
vn -0.8188 -0.2400 -0.5216
vn -0.7541 0.2588 -0.6037
vn -0.7540 0.2586 -0.6039
vn -0.4654 0.8150 0.3453
vn -0.4653 0.8151 0.3451
vn -0.4653 0.8151 0.3452
vn -0.3376 -0.5239 0.7820
vn -0.5015 -0.8543 -0.1365
vn -0.2297 -0.9694 0.0868
vn -0.5395 -0.8244 -0.1712
vn 0.7115 0.6097 0.3493
vn 0.5395 0.8244 0.1713
vn 0.6086 0.7569 0.2380
vn -0.8186 -0.2436 -0.5202
vn -0.7132 -0.6067 -0.3512
vn -0.8186 -0.2436 -0.5201
vn 0.7856 -0.1535 0.5993
vn 0.8180 0.2510 0.5176
vn 0.8179 0.2511 0.5177
vn 0.7855 -0.1533 0.5995
vn -0.7148 0.3568 -0.6014
vn -0.7846 0.1573 -0.5997
vn -0.7846 0.1574 -0.5997
vn -0.7132 -0.6066 -0.3512
vn -0.6086 -0.7569 -0.2380
vn 0.0937 -0.9458 0.3110
vn 0.0936 -0.9458 0.3111
vn -0.5677 0.2059 0.7970
vn -0.5677 0.2058 0.7971
vn -0.5677 0.2059 0.7971
vn -0.9706 -0.1532 -0.1854
vn -0.9706 -0.1532 -0.1855
vn -0.6058 -0.1335 0.7843
vn -0.5139 -0.0863 0.8535
vn 0.5486 0.3062 0.7780
vn 0.8183 0.2473 0.5189
vn 0.5487 0.3062 0.7780
vn 0.8184 0.2472 0.5188
vn -0.8183 -0.2473 -0.5188
vn -0.8183 -0.2474 -0.5189
vn -0.8183 -0.2473 -0.5189
vn -0.8184 -0.2472 -0.5188
vn -0.8183 -0.2472 -0.5189
vn 0.8183 0.2472 0.5189
vn 0.8183 0.2474 0.5189
vn 0.2329 0.9688 -0.0844
vn 0.5015 0.8543 0.1365
vn 0.5891 -0.2356 -0.7729
vn 0.5851 -0.2411 -0.7743
vn 0.5713 -0.2476 -0.7825
vn 0.5710 -0.2478 -0.7827
vn 0.8179 0.2510 0.5177
vn -0.6675 -0.6818 -0.2993
vn -0.6676 -0.6817 -0.2994
vn 0.7857 -0.1535 0.5993
vn -0.5290 0.6506 -0.5449
vn -0.5289 0.6506 -0.5449
vn -0.4817 0.7021 -0.5245
vn -0.4817 0.7020 -0.5245
vn 0.6318 -0.5117 0.5823
vn 0.6621 -0.4612 0.5907
vn 0.7148 -0.3568 0.6014
vn -0.2861 0.8585 -0.4256
vn -0.2861 0.8584 -0.4257
vn -0.7848 0.1576 -0.5994
vn 0.6034 -0.1945 -0.7733
vn 0.6035 -0.1945 -0.7733
vn 0.6019 -0.2133 -0.7696
vn 0.6013 -0.2156 -0.7694
vn 0.5975 -0.1761 -0.7823
vn 0.5986 -0.1779 -0.7811
vn 0.5444 -0.2452 -0.8022
vn 0.5357 -0.2333 -0.8115
vn 0.5367 -0.2352 -0.8103
vn 0.5520 -0.2471 -0.7964
vn 0.5384 -0.1818 -0.8229
vn 0.5492 -0.1703 -0.8181
vn 0.5454 -0.1756 -0.8196
vn 0.5324 -0.1978 -0.8231
vn 0.5330 -0.1956 -0.8232
vn 0.5308 -0.2164 -0.8194
vn 0.5308 -0.2165 -0.8194
vn 0.5567 -0.2498 -0.7923
vn 0.5777 -0.1617 -0.8001
vn 0.5898 -0.1662 -0.7902
vn 0.5824 -0.1644 -0.7961
vn 0.5959 -0.2296 -0.7695
vn 0.5634 -0.1635 -0.8098
vn 0.5633 -0.1636 -0.8099
vn -0.6720 0.3828 0.6339
vn -0.6625 0.4611 0.5904
vn -0.6561 0.6435 0.3943
vn -0.7411 0.6094 0.2819
vn -0.5573 -0.3917 0.7321
vn -0.4294 -0.3338 0.8392
vn -0.4243 0.0149 0.9054
vn -0.4060 -0.0727 0.9110
vn -0.4654 0.4452 0.7650
vn -0.4626 0.5210 0.7173
vn -0.5679 0.4799 0.6688
vn -0.6310 -0.0476 0.7743
vn -0.6405 -0.4450 0.6260
vn -0.2724 -0.3055 0.9124
vn -0.3711 0.7293 0.5748
vn -0.5262 0.6821 0.5078
vn 0.3994 -0.7777 0.4854
vn -0.2348 0.7625 0.6029
vn -0.1342 -0.2918 0.9470
vn 0.3181 -0.5438 -0.7766
vn 0.7821 -0.3574 -0.5105
vn 0.4625 0.5085 0.7263
vn 0.1698 0.5653 0.8072
vn 0.1700 0.5653 0.8072
vn 0.5086 0.4938 0.7053
vn 0.9455 0.1867 0.2667
vn 0.6232 0.4485 0.6407
vn 0.6229 0.4486 0.6409
vn 0.1659 0.5657 0.8078
vn -0.3255 0.5424 0.7745
vn -0.7771 0.3608 0.5156
vn -0.7772 0.3609 0.5155
vn -0.9481 -0.1824 -0.2606
vn -0.9834 0.1040 0.1485
vn 0.6974 -0.4111 -0.5871
vn 0.8849 -0.2672 -0.3816
vn 0.8597 -0.2929 -0.4185
vn 0.6973 -0.4111 -0.5871
vn -0.8192 -0.3290 -0.4698
vn -0.8191 -0.3290 -0.4699
vn -0.6556 -0.4331 -0.6186
vn -0.7229 -0.3963 -0.5660
vn -0.5853 -0.8005 -0.1287
vn -0.8692 -0.4853 0.0950
vn -0.1698 -0.5653 -0.8072
vn 0.1353 -0.5683 -0.8116
vn -0.1700 -0.5653 -0.8072
vn -0.2037 -0.9234 -0.3253
vn 0.4830 -0.5022 -0.7173
vn 0.5160 -0.8552 -0.0484
vn 0.7167 0.3999 0.5712
vn 0.5303 -0.2552 0.8085
vn 0.7961 -0.5836 0.1600
vn 0.8756 0.2770 0.3956
vn -0.6908 0.4146 0.5923
vn -0.5646 -0.1409 0.8132
vn -0.2006 0.1283 0.9712
vn -0.7551 0.3761 0.5370
vn -0.8756 -0.2770 -0.3956
vn -0.9908 -0.0775 -0.1107
vn -0.9005 -0.2495 -0.3563
vn 0.7229 0.3963 0.5660
vn 0.7840 0.3560 0.5085
vn 0.2550 0.1153 0.9600
vn 0.5853 -0.1528 0.7963
vn 0.8691 -0.2551 0.4237
vn 0.6556 0.4330 0.6186
vn -0.5303 -0.8470 -0.0367
vn -0.7166 -0.4000 -0.5714
vn -0.5087 -0.4938 -0.7053
vn 0.1883 -0.9253 -0.3293
vn 0.9861 -0.0952 -0.1358
vn 0.9861 -0.0952 -0.1359
vn 0.1570 -0.7813 0.6041
vn 0.2619 -0.7927 0.5504
vn -0.0282 -0.8168 0.5763
vn -0.0362 -0.8247 0.5644
vn -0.1167 -0.8735 0.4727
vn 0.1925 -0.9720 -0.1346
vn 0.4303 -0.5137 -0.7422
vn -0.2550 -0.8627 -0.4366
vn 0.4213 -0.5171 -0.7451
vn -0.6519 -0.4831 0.5845
vn -0.8775 0.2760 0.3923
vn -0.8669 0.2893 0.4060
vn -0.4430 0.5192 0.7309
vn -0.7961 -0.3500 0.4938
vn -0.1925 -0.2060 0.9594
vn -0.4303 0.5217 0.7367
vn -0.9482 0.1823 0.2602
vn -0.9855 0.0974 0.1392
vn -0.9855 0.0974 0.1391
vn -0.9482 0.1823 0.2603
vn -0.6678 -0.6994 0.2547
vn -0.9027 -0.2428 -0.3552
vn -0.8965 -0.2490 -0.3664
vn -0.9069 -0.2385 -0.3474
vn -0.8525 -0.2274 0.4707
vn -0.7167 -0.3999 -0.5714
vn -0.1692 -0.7767 0.6066
vn -0.2627 -0.7882 0.5565
vn 0.1702 -0.8355 0.5225
vn 0.1167 -0.7428 0.6593
vn 0.6519 -0.7145 0.2540
vn 0.5646 -0.8124 -0.1457
vn 0.6908 -0.4146 -0.5923
vn 0.6207 -0.4496 -0.6423
vn 0.8525 -0.5200 0.0529
vn -0.4029 -0.7787 0.4809
vn -0.0106 -0.8221 0.5693
vn -0.3986 -0.7097 0.5809
vn -0.4350 0.5165 0.7376
vn -0.4830 0.5022 0.7173
vn -0.1353 0.5682 0.8117
vn -0.1353 0.5683 0.8116
vn 0.8912 -0.2626 -0.3698
vn 0.8774 -0.2742 -0.3936
vn -0.2017 -0.9727 -0.1147
vn 0.1139 -0.8751 0.4704
vn -0.5160 -0.2470 0.8202
vn -0.8004 -0.5741 0.1723
vn -0.1814 -0.5641 -0.8055
vn -0.1813 -0.5641 -0.8056
vn -0.4625 -0.5085 -0.7263
vn -0.1139 -0.7412 0.6615
vn 0.2016 -0.2249 0.9533
vn 0.8004 -0.3581 0.4807
vn 0.4350 -0.5165 -0.7376
vn 0.6678 -0.4786 0.5701
vn 0.2037 -0.0102 0.9790
vn 0.8965 0.2592 0.3593
vn 0.9027 0.2508 0.3497
vn 0.4535 0.5087 0.7318
vn 0.4797 0.5041 0.7182
vn -0.4213 0.5234 0.7407
vn 0.9005 0.2495 0.3562
vn 0.7167 0.4000 0.5713
vn -0.6974 0.4111 0.5870
vn -0.6974 0.4111 0.5871
vn -0.3906 -0.5280 -0.7541
vn 0.9914 0.0753 0.1075
vn 0.9913 0.0753 0.1075
vn 0.9842 -0.1018 -0.1451
vn 0.9841 -0.1017 -0.1456
vn -0.7841 -0.3560 -0.5084
vn -0.0000 -0.8191 0.5737
vn -0.0001 -0.8191 0.5736
vn 0.2006 -0.8688 -0.4527
vn -0.1882 -0.0070 0.9821
vn -0.4796 -0.5024 -0.7194
vn -0.4985 -0.4939 -0.7124
vn 0.0039 -0.6403 0.7681
vn 0.0511 -0.7085 0.7039
vn -0.0160 -0.8387 0.5444
vn 0.0051 -0.8251 0.5649
vn -0.6207 0.4497 0.6423
vn -0.8032 0.3417 0.4880
vn 0.1180 -0.9732 0.1973
vn 0.0108 -0.8394 0.5435
vn -0.0037 -0.8349 0.5503
vn 0.0529 -0.9796 0.1939
vn 0.0114 -0.8161 0.5778
vn 0.3981 -0.7903 0.4658
vn 0.4030 -0.7191 0.5661
vn 0.0287 -0.8210 0.5702
vn 0.0036 -0.8027 0.5964
vn -0.0039 -0.9408 0.3390
vn -0.0053 -0.8130 0.5822
vn -0.0351 -0.8093 0.5863
vn 0.0467 -0.8982 0.4371
vn -0.0511 -0.9038 0.4249
vn -0.0467 -0.7179 0.6946
vn -0.0001 -0.8192 0.5736
vn -0.0000 -0.8191 0.5736
vn -0.0688 -0.9778 0.1980
vn -0.0165 0.8068 -0.5905
vn -0.0199 0.8079 -0.5890
vn -0.0248 0.8118 -0.5834
vn -0.0253 0.8141 -0.5802
vn -0.1573 -0.8349 0.5275
vn -0.3882 -0.6760 0.6264
vn -0.4536 -0.5137 -0.7283
vn -0.3966 -0.8134 0.4256
vn -0.0528 -0.5173 0.8542
vn -0.1180 -0.5183 0.8470
vn -0.0109 -0.7978 0.6028
vn 0.0160 -0.7984 0.6019
vn 0.0361 -0.8124 0.5820
vn 0.3965 -0.6781 0.6189
vn 0.1254 -0.5254 0.8416
vn 0.0688 -0.5205 0.8511
vn 0.0336 -0.8282 0.5594
vn 0.3871 -0.8216 0.4184
vn -0.0266 0.8216 -0.5695
vn -0.0272 0.8167 -0.5764
vn -0.0266 0.8215 -0.5696
vn 0.0244 0.8115 -0.5839
vn 0.0191 0.8074 -0.5898
vn 0.0210 0.8094 -0.5868
vn 0.0253 0.8236 -0.5667
vn 0.0164 0.8309 -0.5562
vn 0.0199 0.8298 -0.5578
vn 0.0248 0.8258 -0.5634
vn 0.0083 0.8043 -0.5941
vn 0.0123 0.8046 -0.5937
vn 0.0037 0.8031 -0.5958
vn 0.0267 0.8162 -0.5772
vn 0.0267 0.8161 -0.5773
vn -0.0129 0.8048 -0.5934
vn -0.0083 0.8334 -0.5526
vn -0.0208 0.8283 -0.5599
vn -0.0191 0.8303 -0.5571
vn -0.0121 0.8331 -0.5531
vn 0.0129 0.8329 -0.5533
vn 0.0045 0.8342 -0.5515
vn 0.0046 0.8342 -0.5515
vn 0.0274 0.8210 -0.5703
vn -0.0245 0.8262 -0.5629
vn -0.0038 0.8345 -0.5509
vn -0.0046 0.8035 -0.5953
vn -0.0048 0.8035 -0.5952
vn 0.7551 -0.3761 -0.5370
vn 0.4429 -0.5092 -0.7380
vn 0.4985 0.5005 0.7078
vn 0.9069 0.2449 0.3429
vn -0.8912 0.2576 0.3733
vn 0.8669 -0.2825 -0.4108
vn -0.1254 -0.9705 0.2057
vn -0.1380 0.9904 0.0042
vn -0.1188 0.8525 0.5091
vn 0.2035 0.8532 0.4803
vn 0.1876 0.9822 0.0013
vn 0.3178 0.0483 0.9469
vn 0.2500 0.5197 0.8169
vn -0.0703 0.5042 0.8607
vn -0.0006 0.0042 1.0000
vn 0.0698 -0.5005 0.8629
vn 0.1189 -0.8524 0.5092
vn 0.4291 -0.7650 0.4803
vn 0.3822 -0.4282 0.8189
vn -0.0385 0.2761 -0.9604
vn -0.0703 0.5041 -0.8608
vn 0.2499 0.5197 -0.8170
vn 0.2713 0.3011 -0.9142
vn 0.4490 -0.8935 0.0039
vn 0.1380 -0.9904 0.0042
vn 0.1191 -0.8547 -0.5053
vn 0.4294 -0.7669 -0.4769
vn -0.1191 0.8546 -0.5055
vn 0.2033 0.8552 -0.4768
vn 0.9904 0.1381 -0.0001
vn 0.9904 0.1380 -0.0000
vn 0.9904 0.1380 -0.0001
vn 0.0698 -0.5005 -0.8629
vn 0.3823 -0.4281 -0.8189
vn 0.5252 0.8510 0.0040
vn 0.5328 0.7500 0.3918
vn 0.7184 -0.5772 -0.3882
vn 0.6794 -0.2972 -0.6709
vn 0.7379 -0.6749 0.0040
vn 0.7177 -0.5757 0.3917
vn 0.5332 0.7516 -0.3882
vn 0.5712 0.4753 -0.6692
vn 0.5712 0.4752 0.6693
vn 0.6310 0.0919 0.7703
vn 0.6794 -0.2974 0.6708
vn 0.9904 0.1381 -0.0000
vn 0.9904 0.1381 0.0001
vn 0.0374 -0.2681 -0.9627
vn 0.3428 -0.2073 -0.9162
vn 0.5892 0.2933 -0.7529
vn 0.6460 -0.1141 -0.7547
vn 0.9383 0.1984 0.2832
vn 0.7581 0.3741 0.5342
vn 0.7132 0.0725 0.6972
vn 0.8784 -0.1010 0.4672
vn 0.4982 0.4954 0.7116
vn 0.4730 0.1875 0.8609
vn -1.0000 -0.0031 -0.0044
vn -1.0000 -0.0031 -0.0045
vn -0.9086 -0.2395 -0.3420
vn -0.9086 -0.2395 -0.3421
vn 0.1752 0.2428 0.9541
vn 0.1865 0.5635 0.8048
vn -0.9109 0.2367 0.3379
vn -0.9109 0.2366 0.3381
vn -0.6162 0.4517 0.6451
vn -0.6163 0.4517 0.6452
vn -0.1866 0.5634 0.8048
vn -0.5041 0.4956 0.7073
vn -0.4766 0.1862 0.8592
vn -0.1739 0.2544 0.9513
vn -0.2137 0.5604 0.8002
vn -0.2137 0.5603 0.8002
vn 0.2139 0.5604 0.8001
vn 0.2137 0.5604 0.8002
vn -0.7581 0.3741 0.5342
vn -0.7114 0.0600 0.7002
vn 0.6163 0.4517 0.6451
vn 0.6163 0.4516 0.6451
vn 0.9109 0.2367 0.3379
vn 1.0000 -0.0031 -0.0044
vn 0.7581 -0.3742 -0.5341
vn 0.9369 -0.2003 -0.2864
vn 0.8795 -0.4707 -0.0709
vn 0.7115 -0.6374 -0.2959
vn -0.9369 -0.2004 -0.2863
vn -0.7581 -0.3740 -0.5343
vn -0.7131 -0.6304 -0.3067
vn -0.8772 -0.4754 -0.0665
vn 0.6163 -0.4518 -0.6451
vn 0.4176 -0.5212 -0.7443
vn -0.1865 -0.5635 -0.8048
vn 0.1865 -0.5635 -0.8048
vn 0.1739 -0.8069 -0.5645
vn -0.1752 -0.8135 -0.5545
vn 0.5040 -0.4954 -0.7075
vn 0.4766 -0.7436 -0.4689
vn -0.0391 0.8184 -0.5734
vn -0.0390 0.8184 -0.5733
vn -0.0364 0.8265 -0.5617
vn -0.0357 0.8275 -0.5604
vn -0.4730 -0.7448 -0.4707
vn -0.4983 -0.4954 -0.7116
vn 0.9087 -0.2395 -0.3420
vn 0.9086 -0.2394 -0.3422
vn -1.0000 -0.0022 -0.0032
vn -0.9399 -0.2809 0.1940
vn 1.0000 -0.0022 -0.0032
vn 0.9400 -0.2822 0.1917
vn -0.6162 -0.4517 -0.6452
vn -0.6163 -0.4516 -0.6451
vn -0.2137 -0.5603 -0.8002
vn -0.9383 0.1984 0.2831
vn -0.8808 -0.0956 0.4638
vn -0.4650 -0.4288 0.7745
vn -0.2052 -0.3180 0.9256
vn -0.6042 -0.5824 0.5439
vn 0.5961 -0.7150 0.3653
vn 0.4719 -0.8719 0.1310
vn 0.5727 -0.5312 0.6244
vn -0.3066 -0.7842 0.5396
vn -0.2353 -0.6740 0.7002
vn -0.0574 -0.6125 0.7884
vn 0.1097 -0.2959 0.9489
vn 0.1527 -0.6239 0.7665
vn 0.1649 -0.9303 0.3277
vn 0.2096 -0.9774 -0.0286
vn 0.2797 -0.7207 0.6343
vn 0.2867 -0.8364 0.4672
vn -0.0455 -0.9518 0.3032
vn -0.1091 -0.9933 -0.0373
vn -0.3934 -0.9164 0.0736
vn -0.5771 -0.7668 0.2809
vn 0.3993 -0.3724 0.8378
vn 0.0018 -0.8206 0.5716
vn -0.2261 -0.8949 0.3847
vn -0.0358 0.8095 -0.5860
vn -0.0245 0.8009 -0.5983
vn -0.0305 0.8033 -0.5948
vn -0.0364 0.8104 -0.5848
vn -0.0083 0.7965 -0.6046
vn -0.0074 0.7964 -0.6047
vn -0.0202 0.7983 -0.6019
vn 0.0306 0.8336 -0.5515
vn 0.0245 0.8362 -0.5479
vn 0.0204 0.8387 -0.5442
vn 0.0084 0.7965 -0.6045
vn 0.0245 0.8008 -0.5984
vn 0.0204 0.7983 -0.6019
vn 0.0074 0.7965 -0.6046
vn 0.0083 0.8405 -0.5417
vn -0.0083 0.8405 -0.5417
vn -0.0073 0.8406 -0.5416
vn 0.0074 0.8406 -0.5417
vn -0.0306 0.8337 -0.5514
vn -0.0245 0.8362 -0.5479
vn 0.0306 0.8033 -0.5948
vn -0.0202 0.8387 -0.5443
vn 0.0359 0.8095 -0.5860
vn 0.0364 0.8104 -0.5848
vn 0.0391 0.8184 -0.5733
vn 0.0358 0.8274 -0.5605
vn 0.0364 0.8265 -0.5617
vn -0.0000 -0.5736 -0.8191
vn 0.0001 -0.5736 -0.8191
vn -0.7071 -0.4055 -0.5792
vn -0.3968 -0.5265 -0.7519
vn -0.3754 -0.7540 -0.5390
vn -0.6732 -0.6368 -0.3759
vn 1.0000 -0.0023 -0.0033
vn 0.9194 0.2256 0.3221
vn 0.8754 -0.0382 0.4819
vn 0.9514 -0.2544 0.1735
vn 0.1962 -0.5624 -0.8033
vn 0.3932 -0.5274 -0.7532
vn 0.3736 -0.7534 -0.5411
vn 0.1819 -0.7813 -0.5971
vn 0.3932 0.5274 0.7532
vn -0.0041 0.5736 0.8191
vn -0.0039 0.2935 0.9560
vn 0.3736 0.2506 0.8931
vn -0.3968 0.5265 0.7519
vn -0.3754 0.2487 0.8929
vn 0.7071 -0.4056 -0.5792
vn 0.6732 -0.6368 -0.3759
vn 0.7071 0.4056 0.5792
vn 0.6732 0.1354 0.7269
vn -0.7071 0.4057 0.5792
vn -0.9195 0.2255 0.3221
vn -0.8754 -0.0382 0.4819
vn -0.6732 0.1354 0.7270
vn -1.0000 -0.0023 -0.0032
vn -0.9514 -0.2545 0.1736
vn 0.9179 -0.2276 -0.3250
vn 0.8739 -0.4679 -0.1317
vn -0.2040 -0.5615 -0.8019
vn -0.1855 -0.7873 -0.5880
vn -0.8739 -0.4679 -0.1317
vn -0.9179 -0.2276 -0.3250
vn 0.7316 -0.6757 0.0909
vn 0.5659 -0.8157 -0.1197
vn -0.7327 -0.3189 0.6013
vn -0.5659 -0.1666 0.8075
vn -0.7958 -0.4981 0.3445
vn -0.7316 -0.6757 0.0909
vn -0.5659 -0.8157 -0.1197
vn 0.3115 -0.0749 0.9473
vn 0.5659 -0.1666 0.8074
vn 0.0039 -0.0394 0.9992
vn 0.3115 -0.9158 -0.2536
vn 0.7958 -0.4980 0.3444
vn -0.3109 -0.9167 -0.2509
vn -0.1462 -0.9431 -0.2986
vn -0.3110 -0.0778 0.9472
vn 0.1468 -0.9413 -0.3040
vn 0.7327 -0.3190 0.6012
vn 0.8137 -0.3334 -0.4761
vn 0.5881 -0.4639 -0.6625
vn -0.5847 -0.4653 -0.6646
vn -0.5850 -0.4652 -0.6643
vn -0.8112 -0.3354 -0.4790
vn 0.8069 0.3388 0.4838
vn 0.9999 0.0067 0.0095
vn 0.1561 -0.5666 -0.8091
vn 0.3052 -0.5462 -0.7801
vn 0.3052 -0.5463 -0.7800
vn 0.1560 -0.5666 -0.8091
vn 0.5847 -0.4653 -0.6645
vn 0.3248 -0.4892 0.8094
vn 0.1610 -0.4320 0.8874
vn 0.0638 -0.6171 0.7843
vn 0.2430 -0.6776 0.6941
vn -0.5847 0.4653 0.6645
vn -0.8112 0.3355 0.4789
vn -0.8112 0.3355 0.4790
vn -0.5847 0.4656 0.6643
vn 0.3092 0.5455 0.7790
vn -0.3092 0.5455 0.7790
vn -0.3093 0.5454 0.7791
vn 0.9523 -0.1750 -0.2499
vn 1.0000 -0.0022 -0.0034
vn 0.9523 -0.1750 -0.2500
vn 0.9535 0.1729 0.2468
vn 0.9535 0.1729 0.2469
vn -0.9999 -0.0067 -0.0095
vn -0.8069 -0.3388 -0.4838
vn -0.3088 -0.5454 -0.7792
vn -0.3093 -0.5455 -0.7789
vn -0.8137 0.3333 0.4763
vn -0.8137 0.3334 0.4761
vn 0.3052 0.5462 0.7800
vn 0.0039 0.5736 0.8191
vn 0.3050 0.5462 0.7802
vn -0.9535 0.1729 0.2469
vn -1.0000 -0.0022 -0.0031
vn -1.0000 -0.0022 -0.0030
vn -0.9534 0.1728 0.2471
vn 0.8113 -0.3356 -0.4788
vn 0.8112 -0.3355 -0.4790
vn -0.9523 -0.1750 -0.2500
vn -0.9524 -0.1750 -0.2497
vn -0.3015 -0.5470 -0.7810
vn -0.3015 -0.5469 -0.7810
vn -0.3015 0.5469 0.7810
vn -0.3015 0.5468 0.7811
vn 0.8112 0.3354 0.4790
vn 0.8114 0.3354 0.4788
vn 0.5847 0.4653 0.6645
vn 0.5847 0.4653 0.6646
vn -0.1483 -0.5672 -0.8101
vn 0.0225 0.8145 -0.5797
vn 0.0186 0.8107 -0.5852
vn 0.0192 0.8120 -0.5833
vn -0.0187 0.8111 -0.5846
vn -0.0082 0.8068 -0.5908
vn -0.0135 0.8077 -0.5894
vn -0.0186 0.8111 -0.5846
vn 0.4180 -0.8746 0.2456
vn 0.4651 -0.8179 0.3388
vn 0.2442 -0.8839 0.3988
vn 0.3248 -0.9279 0.1829
vn -0.0860 -0.6162 0.7829
vn 0.0112 -0.4153 0.9096
vn -0.1458 -0.4341 0.8890
vn -0.0065 0.8059 -0.5920
vn -0.0186 0.8271 -0.5617
vn -0.0135 0.8301 -0.5575
vn -0.0083 0.8311 -0.5561
vn -0.0193 0.8258 -0.5636
vn 0.0021 0.8323 -0.5543
vn 0.0069 0.8311 -0.5561
vn -0.0065 0.8319 -0.5548
vn -0.0228 0.8149 -0.5791
vn -0.0235 0.8193 -0.5729
vn -0.0228 0.8180 -0.5748
vn -0.2997 -0.7810 0.5480
vn -0.2430 -0.6776 0.6941
vn -0.4658 -0.5975 0.6527
vn -0.5032 -0.7084 0.4950
vn -0.0225 0.8233 -0.5672
vn 0.0187 0.8267 -0.5623
vn 0.0120 0.8304 -0.5571
vn 0.0187 0.8268 -0.5622
vn 0.0069 0.8068 -0.5908
vn 0.0021 0.8056 -0.5925
vn 0.0120 0.8075 -0.5898
vn 0.0075 0.8059 -0.5920
vn 0.0229 0.8228 -0.5679
vn 0.0228 0.8199 -0.5721
vn 0.0237 0.8185 -0.5741
vn 0.0638 -0.9481 0.3116
vn -0.0860 -0.9464 0.3112
vn -0.1458 -0.9839 0.1037
vn 0.0112 -0.9968 0.0791
vn -0.4179 -0.5301 0.7378
vn -0.3248 -0.4893 0.8094
vn -0.2441 -0.8839 0.3990
vn -0.4651 -0.8179 0.3387
vn -0.4179 -0.8746 0.2458
vn -0.3248 -0.9280 0.1828
vn 0.0074 0.8320 -0.5548
vn 0.2996 -0.7810 0.5480
vn 0.4658 -0.5975 0.6527
vn 0.5032 -0.7084 0.4949
vn 0.1609 -0.9816 0.1026
vn 0.4180 -0.5301 0.7378
vn 0.9964 0.0008 0.0848
vn 0.9982 -0.0392 0.0460
vn 0.9982 -0.0396 0.0457
vn -0.9982 -0.0396 0.0457
vn -0.9988 -0.0454 0.0158
vn -0.6678 -0.3585 -0.6523
vn -0.9982 -0.0392 0.0461
vn 0.6570 -0.0132 -0.7537
vn 0.5643 0.6129 -0.5531
vn 0.9983 -0.0046 -0.0577
vn 0.9993 -0.0216 -0.0312
vn 0.6674 -0.2410 -0.7046
vn -0.6570 -0.0129 -0.7538
vn -0.6675 -0.2411 -0.7045
vn -0.9993 -0.0264 -0.0278
vn -0.9937 -0.0011 -0.1121
vn -0.0000 0.9921 -0.1253
vn -0.0000 0.9979 0.0646
vn -0.0000 0.9979 0.0647
vn -0.0000 0.9921 -0.1254
vn -0.0000 0.4491 0.8935
vn -0.0000 0.8996 0.4366
vn -0.0000 0.8996 0.4367
vn -0.5311 0.6258 -0.5712
vn 0.9988 -0.0454 0.0157
vn 0.6677 -0.3586 -0.6523
vn -0.9964 0.0008 0.0848
vn -0.0030 0.9633 0.2683
vn -0.0031 0.9628 0.2703
vn -0.0028 0.9307 0.3658
vn -0.0027 0.9309 0.3651
vn -0.5037 -0.8266 0.2510
vn -0.5962 -0.6406 0.4839
vn -0.7381 -0.5883 0.3304
vn -0.6796 -0.7306 0.0656
vn -0.5058 0.2267 -0.8324
vn -0.6013 0.3769 -0.7045
vn -0.7186 0.2602 -0.6449
vn -0.3142 0.7463 0.5869
vn -0.2395 0.5987 0.7643
vn -0.3783 0.5364 0.7544
vn -0.5230 0.7037 0.4810
vn -0.8624 0.3214 -0.3911
vn -0.9631 0.0966 -0.2510
vn -0.9044 -0.0036 -0.4267
vn -0.3467 -0.8671 0.3577
vn -0.4025 -0.8572 0.3212
vn -0.4548 -0.7718 0.4444
vn -0.3810 -0.7885 0.4828
vn -0.2779 -0.9181 0.2825
vn -0.2926 -0.9273 0.2333
vn -0.3536 -0.9128 0.2044
vn -0.6046 -0.7829 0.1468
vn -0.6725 -0.7365 0.0729
vn -0.3993 -0.9104 0.1081
vn 0.0112 0.0581 0.9982
vn 0.0040 0.0627 0.9980
vn 0.0332 0.0567 0.9978
vn 0.0298 0.0490 0.9984
vn -0.9955 -0.0893 -0.0316
vn -0.9998 0.0074 -0.0204
vn -0.9981 0.0590 -0.0151
vn -0.9954 -0.0901 -0.0316
vn -0.5355 -0.0876 -0.8400
vn -0.4202 0.1281 -0.8983
vn -0.8681 0.4791 -0.1299
vn -0.7269 0.6626 -0.1803
vn -0.8564 0.5085 -0.0896
vn -0.9145 0.3948 -0.0885
vn -0.9296 0.2536 0.2675
vn -0.9492 0.2877 0.1272
vn -0.8923 0.4144 0.1789
vn -0.8447 0.3966 0.3595
vn 0.8150 0.5255 0.2441
vn 0.9300 0.3675 0.0086
vn 0.8652 0.4833 0.1339
vn 0.7734 0.5465 0.3212
vn -0.6100 0.1809 -0.7715
vn -0.7802 0.2253 -0.5836
vn -0.4878 0.2219 -0.8443
vn -0.6354 0.2251 -0.7386
vn -0.8860 0.2338 -0.4004
vn -0.8325 0.2509 -0.4939
vn -0.3063 0.7067 0.6378
vn -0.4756 0.7353 0.4828
vn -0.9034 -0.1279 0.4092
vn -0.7991 -0.2897 0.5268
vn 0.0483 0.0542 0.9974
vn 0.0589 0.0559 0.9967
vn 0.0647 0.0497 0.9967
vn 0.5642 -0.7044 0.4306
vn 0.4891 -0.7588 0.4301
vn 0.8975 -0.4211 0.1312
vn 0.9075 -0.3820 0.1750
vn -0.0321 0.1666 -0.9855
vn -0.0911 0.1503 -0.9844
vn -0.1006 0.0393 -0.9942
vn -0.0412 0.0128 -0.9991
vn 0.0500 -0.0126 0.9987
vn 0.0517 -0.0085 0.9986
vn 0.0551 0.0001 0.9985
vn 0.0543 -0.0016 0.9985
vn -0.6495 0.5758 0.4966
vn -0.3673 0.5942 0.7155
vn -0.6351 0.6589 0.4031
vn 0.4752 0.5437 -0.6918
vn 0.3650 0.6205 -0.6941
vn 0.3031 0.5174 -0.8003
vn 0.4054 0.4437 -0.7993
vn -0.3528 0.6675 0.6558
vn -0.2347 0.5954 0.7684
vn -0.2130 0.6518 0.7279
vn 0.3535 0.5757 -0.7373
vn 0.2131 0.6931 -0.6886
vn 0.2384 -0.4874 0.8400
vn 0.3710 -0.5308 0.7620
vn 0.6603 -0.1090 0.7430
vn 0.4281 -0.0509 0.9023
vn -0.3001 0.4504 0.8408
vn 0.0008 0.4807 0.8769
vn -0.0023 0.4807 0.8769
vn -0.3152 0.4473 0.8370
vn -0.1017 -0.9514 0.2908
vn -0.2932 -0.9178 0.2677
vn -0.1176 -0.9657 0.2315
vn 0.9825 -0.0440 -0.1812
vn 0.9579 0.0488 -0.2830
vn 0.9477 -0.0076 -0.3191
vn 0.9836 -0.0587 -0.1705
vn 0.2856 -0.8968 0.3380
vn 0.6108 -0.7437 0.2717
vn 0.2849 -0.8398 0.4621
vn 0.1725 -0.8696 0.4627
vn 0.4609 0.8058 -0.3717
vn 0.7829 0.5755 -0.2364
vn 0.8096 0.3701 -0.4557
vn 0.4955 0.4555 -0.7396
vn 0.4330 0.5772 0.6923
vn 0.3582 0.5261 0.7713
vn 0.6099 0.4611 0.6445
vn 0.7087 0.4469 0.5460
vn 0.1462 0.8599 0.4891
vn 0.3977 0.7825 0.4791
vn 0.2950 0.6207 0.7264
vn 0.1079 0.6686 0.7358
vn 0.0860 0.0260 -0.9960
vn 0.1778 0.0928 -0.9797
vn 0.4727 0.2992 -0.8288
vn 0.4948 0.2174 -0.8414
vn -0.2463 0.1071 -0.9633
vn -0.3152 0.1716 -0.9334
vn -0.8697 0.0462 -0.4914
vn -0.6820 -0.0511 -0.7296
vn -0.1204 -0.6101 0.7832
vn -0.1561 -0.4890 0.8582
vn -0.3020 -0.5183 0.8001
vn -0.2293 -0.6377 0.7354
vn -0.4277 -0.8474 0.3146
vn -0.4882 -0.8410 0.2331
vn -0.4574 -0.8575 0.2354
vn -0.2444 -0.9092 0.3370
vn -0.5511 -0.3341 -0.7646
vn -0.6162 -0.3727 -0.6938
vn -0.7738 -0.3027 -0.5564
vn -0.7507 -0.2606 -0.6071
vn -0.6547 -0.0389 0.7549
vn -0.7082 0.0033 0.7060
vn -0.7018 -0.0050 0.7124
vn -0.6507 -0.0406 0.7583
vn -0.0010 -0.0043 -1.0000
vn -0.0000 -0.0000 -1.0000
vn -0.0012 -0.0007 -1.0000
vn 0.7974 0.3629 0.4822
vn 0.9177 0.2451 0.3128
vn 0.9003 0.2663 0.3444
vn 0.2064 -0.5339 -0.8200
vn 0.0785 -0.5687 -0.8188
vn 0.0140 -0.0746 -0.9971
vn 0.0297 -0.0652 -0.9974
vn 0.2365 0.7858 0.5715
vn -0.1572 0.6128 0.7744
vn -0.0447 0.4495 0.8921
vn 0.4121 0.5296 0.7414
vn 0.9118 -0.3193 0.2583
vn 0.5821 -0.6496 0.4891
vn 0.1927 -0.2995 0.9344
vn 0.0009 -0.2818 0.9595
vn 0.0009 -0.5593 0.8290
vn 0.1128 -0.5690 0.8145
vn -0.6819 0.3769 0.6269
vn -0.3900 0.4695 0.7921
vn -0.6605 0.4950 0.5646
vn 0.3346 0.9281 -0.1634
vn 0.4975 0.8614 -0.1024
vn 0.4211 0.7429 -0.5204
vn 0.2935 0.7475 -0.5960
vn 0.6687 -0.5944 -0.4467
vn 0.5634 -0.3334 -0.7559
vn 0.8644 -0.1469 -0.4809
vn 0.9114 -0.3114 -0.2690
vn -0.1927 -0.2978 0.9350
vn -0.1122 -0.5667 0.8162
vn 0.0100 0.2470 0.9690
vn -0.3597 0.2123 0.9086
vn -0.3580 0.2127 0.9092
vn 0.0076 0.2471 0.9690
vn -0.3217 0.9468 -0.0034
vn -0.3160 0.9296 0.1897
vn 0.2514 0.9673 -0.0324
vn 0.4563 0.8895 -0.0245
vn 0.6835 -0.0806 0.7255
vn 0.8567 -0.0920 0.5076
vn 0.7895 -0.3100 0.5296
vn 0.6290 -0.2521 0.7354
vn -0.5640 0.8187 -0.1080
vn -0.7941 0.5763 -0.1931
vn -0.8105 0.4988 0.3070
vn -0.6491 0.6576 0.3824
vn 0.9947 -0.1033 0.0024
vn 0.9324 -0.3615 0.0032
vn 0.9243 -0.3592 0.1292
vn 0.9875 -0.1018 0.1201
vn -0.6516 -0.6803 -0.3357
vn -0.6564 -0.6775 -0.3319
vn -0.8633 -0.4981 -0.0807
vn -0.8616 -0.5006 -0.0842
vn -0.5768 0.0060 0.8169
vn -0.5076 -0.1983 0.8385
vn -0.2952 -0.1491 0.9437
vn -0.3373 0.0473 0.9402
vn -0.0674 0.4877 -0.8704
vn -0.0400 0.3576 -0.9330
vn 0.1358 0.3440 -0.9291
vn 0.2020 0.5009 -0.8416
vn 0.8938 0.4451 -0.0553
vn 0.8972 0.4381 -0.0555
vn -0.7126 0.6995 -0.0534
vn -0.9314 0.3614 -0.0441
vn -0.6714 0.7364 -0.0836
vn 0.2771 0.1743 -0.9449
vn 0.1978 0.1645 -0.9663
vn 0.2478 0.4599 -0.8527
vn 0.3471 0.4927 -0.7980
vn -0.1484 0.9676 -0.2045
vn -0.1504 0.9792 -0.1362
vn -0.3984 0.9064 -0.1403
vn -0.4286 0.8771 -0.2170
vn 0.9893 -0.1380 0.0481
vn 0.9044 -0.4022 0.1423
vn 0.9095 -0.4017 0.1067
vn 0.9937 -0.1086 0.0277
vn -0.9847 -0.0714 -0.1587
vn -0.8939 -0.1922 -0.4049
vn -0.3278 -0.6270 0.7067
vn -0.3812 -0.7121 0.5896
vn -0.4689 -0.6709 0.5745
vn -0.4099 -0.5727 0.7099
vn 0.8825 0.3866 -0.2680
vn 0.9344 0.2306 -0.2715
vn 0.5134 0.1267 -0.8487
vn -0.5165 -0.4046 -0.7547
vn 0.2858 0.3009 -0.9098
vn 0.3840 0.4723 -0.7934
vn -0.9920 -0.1093 0.0627
vn -0.9925 -0.0804 0.0921
vn -0.8813 -0.4317 0.1922
vn -0.9339 -0.3201 0.1595
vn 0.2151 -0.9527 0.2148
vn 0.1742 -0.9513 0.2544
vn 0.2828 -0.8917 0.3535
vn 0.3292 -0.8975 0.2936
vn 0.7346 -0.6785 0.0042
vn 0.7292 -0.6703 0.1376
vn 0.0327 0.6617 0.7490
vn 0.0567 0.6843 0.7270
vn -0.0731 0.6689 0.7397
vn -0.0937 0.6467 0.7570
vn -0.5702 -0.7902 0.2245
vn -0.2934 -0.9281 0.2293
vn -0.2696 -0.8480 0.4563
vn -0.5283 -0.7227 0.4457
vn 0.3356 -0.6857 0.6459
vn -0.2497 -0.5632 0.7877
vn 0.0091 -0.8376 0.5462
vn -0.0054 -0.8223 0.5691
vn 0.8852 0.1577 -0.4376
vn 0.9033 0.2372 -0.3574
vn 0.8510 0.3231 -0.4141
vn 0.7966 0.2220 -0.5623
vn -0.1948 0.7450 -0.6380
vn -0.0318 0.7590 -0.6503
vn -0.0203 0.4468 -0.8944
vn -0.1577 0.4516 -0.8782
vn -0.6531 -0.6988 0.2918
vn -0.6194 -0.7492 0.2347
vn 0.9991 0.0310 0.0286
vn 0.9998 0.0089 0.0180
vn 0.9959 -0.0516 -0.0737
vn 0.9940 -0.0417 -0.1014
vn 0.4411 0.8954 -0.0606
vn 0.2897 0.9548 -0.0659
vn 0.2706 0.9534 -0.1332
vn 0.4117 0.9001 -0.1427
vn -0.9326 -0.1415 -0.3320
vn -0.9825 -0.0570 -0.1775
vn -0.9596 -0.2337 -0.1570
vn -0.8715 -0.4201 -0.2530
vn -0.5949 0.7869 -0.1640
vn 0.0529 -0.5577 0.8283
vn 0.1164 -0.6532 0.7482
vn 0.1126 -0.4504 0.8857
vn 0.0283 -0.4123 0.9106
vn 0.0016 0.0360 -0.9994
vn -0.0010 0.0112 -0.9999
vn -0.7679 0.6143 -0.1816
vn -0.4368 -0.8049 0.4016
vn -0.2053 -0.8417 0.4994
vn -0.6879 -0.7173 -0.1107
vn -0.8607 -0.5008 -0.0914
vn -0.6393 -0.7669 0.0562
vn -0.5126 -0.8580 0.0324
vn -0.9900 0.1209 -0.0726
vn -0.9623 0.2654 -0.0595
vn -0.3670 -0.9178 0.1513
vn -0.2925 -0.8722 0.3921
vn -0.0641 -0.9684 0.2409
vn -0.0572 -0.8787 0.4739
vn -0.7994 -0.4467 -0.4018
vn -0.9429 -0.2839 -0.1741
vn -0.9430 -0.2837 -0.1739
vn -0.8021 -0.4445 -0.3988
vn 0.1572 -0.6655 -0.7296
vn 0.3047 -0.6483 -0.6977
vn 0.3050 -0.6483 -0.6977
vn -0.3719 -0.8648 0.3372
vn -0.8080 -0.5766 -0.1209
vn -0.8887 -0.4506 0.0847
vn -0.2032 0.1851 -0.9615
vn -0.2754 0.1971 -0.9409
vn -0.4203 0.4438 -0.7914
vn -0.3318 0.4522 -0.8279
vn 0.7977 0.3404 0.4978
vn 0.5862 0.4377 0.6817
vn 0.9987 0.0510 0.0001
vn 0.9376 0.3477 -0.0094
vn 0.9432 0.3319 -0.0169
vn 0.9987 0.0502 -0.0020
vn -0.3077 -0.6436 -0.7007
vn -0.3086 -0.6434 -0.7006
vn -0.5828 -0.5666 -0.5825
vn -0.5831 -0.5665 -0.5823
vn -0.8491 -0.5152 -0.1166
vn -0.0805 0.4556 0.8865
vn -0.0553 0.5314 0.8453
vn -0.1562 0.5141 0.8434
vn -0.1683 0.4394 0.8824
vn 0.0355 0.0171 -0.9992
vn 0.0610 0.1625 -0.9848
vn -0.7030 -0.7002 0.1242
vn -0.6256 -0.5996 0.4991
vn -0.3745 -0.7645 0.5247
vn -0.4225 -0.8973 0.1278
vn -0.0659 -0.9716 -0.2275
vn -0.2964 -0.9307 -0.2143
vn -0.1810 -0.5672 -0.8035
vn -0.0391 -0.5770 -0.8158
vn 0.1100 -0.9932 0.0375
vn -0.1341 -0.9903 0.0373
vn -0.1336 -0.9910 0.0052
vn 0.1102 -0.9939 0.0050
vn -0.0131 0.9795 -0.2010
vn -0.0129 0.9908 -0.1349
vn 0.1075 -0.9857 0.1300
vn -0.1291 -0.9833 0.1285
vn -0.4172 -0.9082 0.0323
vn -0.4212 -0.9070 0.0056
vn -0.6555 0.3831 0.6508
vn -0.5678 0.4280 0.7031
vn -0.5846 0.4143 0.6976
vn -0.6502 0.3866 0.6541
vn 0.3453 -0.9082 -0.2363
vn 0.3459 -0.4569 -0.8195
vn 0.5831 -0.7767 -0.2382
vn 0.7029 0.6143 0.3585
vn 0.2561 0.8081 0.5305
vn 0.2508 0.5253 0.8131
vn 0.7073 0.4334 0.5585
vn -0.0018 -0.0770 -0.9970
vn -0.0183 -0.0739 -0.9971
vn 0.0333 -0.8781 0.4774
vn 0.0153 -0.9764 0.2155
vn -0.9785 0.1639 -0.1256
vn -0.9340 0.2746 -0.2283
vn 0.1661 0.8817 0.4417
vn 0.4169 0.8713 0.2588
vn 0.1558 0.9123 -0.3788
vn -0.1714 0.8805 -0.4420
vn -0.8604 0.4134 -0.2980
vn -0.7116 0.6460 -0.2764
vn -0.8115 0.4689 -0.3487
vn -0.8974 0.2544 -0.3604
vn -0.9883 0.1526 0.0076
vn -0.8944 0.2112 0.3943
vn -0.6932 0.6680 0.2705
vn -0.7673 0.6412 0.0074
vn 0.3467 -0.8331 0.4310
vn 0.4083 -0.8255 0.3896
vn -0.3059 -0.4916 0.8153
vn -0.6923 0.5431 0.4752
vn -0.5246 0.4189 0.7412
vn -0.6286 0.2315 0.7425
vn -0.8033 0.2896 0.5204
vn -0.2975 -0.6414 0.7071
vn -0.2212 -0.5939 0.7735
vn -0.3691 -0.3510 0.8606
vn -0.5022 -0.4350 0.7474
vn -0.9078 0.0319 0.4181
vn -0.8963 0.1214 0.4264
vn -0.7438 0.1663 0.6474
vn -0.7619 0.0382 0.6465
vn 0.9203 0.2904 -0.2622
vn 0.8766 0.3688 -0.3092
vn -0.3425 -0.9201 0.1900
vn -0.2548 -0.9456 0.2021
vn -0.3800 -0.8835 0.2739
vn -0.4483 -0.8540 0.2643
vn -0.9159 0.4008 0.0216
vn -0.7969 0.6036 0.0257
vn -0.4471 0.8926 -0.0577
vn -0.4424 0.8968 -0.0047
vn -0.7200 0.6938 -0.0141
vn -0.9897 0.0592 0.1303
vn -0.8560 0.4884 0.1695
vn -0.8693 0.4943 -0.0041
vn 0.4167 -0.9084 0.0335
vn 0.4191 -0.9079 0.0009
vn 0.7314 -0.6816 0.0239
vn 0.0991 -0.9677 0.2320
vn 0.4545 0.8890 -0.0555
vn 0.7288 0.6835 -0.0401
vn 0.7155 0.6980 -0.0292
vn 0.4637 0.8856 -0.0270
vn 0.2737 -0.8856 0.3751
vn 0.5067 -0.8490 0.1496
vn 0.5974 -0.7479 0.2893
vn 0.3268 -0.8275 0.4565
vn -0.5399 0.8008 -0.2591
vn -0.5349 0.8317 0.1488
vn -0.3902 0.8943 0.2191
vn -0.4173 0.8726 -0.2539
vn -0.0838 0.0128 0.9964
vn -0.0753 0.0137 0.9971
vn -0.0757 -0.0068 0.9971
vn -0.0741 -0.0141 0.9972
vn -0.2938 0.3590 -0.8859
vn -0.2415 0.3475 -0.9060
vn -0.1795 0.3931 -0.9018
vn -0.2313 0.4810 -0.8456
vn -0.1263 0.6044 0.7866
vn -0.0133 0.6204 0.7841
vn 0.4987 -0.7516 0.4317
vn 0.8951 -0.4324 0.1084
vn 0.7412 0.6145 0.2702
vn 0.7059 0.6483 0.2851
vn 0.6344 0.5778 0.5136
vn 0.6518 0.5503 0.5218
vn -0.3467 -0.8928 0.2874
vn -0.2262 -0.9509 0.2114
vn -0.4653 -0.7249 0.5079
vn -0.4991 -0.7081 0.4995
vn -0.4727 -0.7968 0.3764
vn -0.4348 -0.8155 0.3821
vn -0.2165 0.6744 0.7059
vn -0.1993 0.6140 0.7637
vn -0.8516 0.5237 0.0212
vn -0.8843 0.4490 0.1283
vn 0.3512 0.8787 0.3233
vn 0.5263 0.8053 0.2731
vn 0.3459 -0.7558 0.5559
vn 0.0849 -0.8356 0.5427
vn 0.0679 -0.6538 0.7536
vn 0.2667 -0.5965 0.7570
vn 0.3151 0.4817 0.8177
vn -0.9816 -0.1464 0.1224
vn -0.8494 -0.1294 0.5116
vn -0.7811 -0.3681 0.5043
vn -0.8911 -0.4370 0.1220
vn 0.8963 0.0465 0.4410
vn 0.8087 -0.1831 0.5590
vn 0.8823 -0.2548 0.3957
vn 0.9667 -0.0376 0.2532
vn 0.3680 -0.7602 0.5355
vn 0.4249 -0.7421 0.5184
vn 0.1746 0.8284 -0.5323
vn 0.2028 0.6798 -0.7048
vn 0.3822 0.6420 -0.6646
vn 0.3470 0.7837 -0.5152
vn -0.1937 0.9377 0.2885
vn -0.0542 0.9507 0.3054
vn -0.0455 0.9717 -0.2318
vn -0.2052 0.9486 -0.2409
vn 0.9314 -0.3638 0.0116
vn 0.9281 -0.3701 0.0398
vn 0.7213 -0.6879 0.0808
vn -0.9342 0.3564 -0.0144
vn 0.1840 -0.8191 -0.5433
vn -0.0018 -0.8324 -0.5542
vn 0.0003 -0.8324 -0.5542
vn 0.1840 -0.8192 -0.5432
vn 0.0772 -0.9803 0.1815
vn 0.0477 -0.9787 0.1998
vn -0.0300 -0.8105 0.5849
vn -0.0299 -0.8104 0.5851
vn -0.0254 -0.8147 0.5793
vn -0.0238 -0.8147 0.5794
vn 0.6918 0.7086 -0.1387
vn 0.7214 0.6892 -0.0676
vn -0.7793 -0.5837 0.2281
vn -0.7180 -0.5294 0.4520
vn -0.7943 -0.3927 0.4635
vn -0.8698 -0.4328 0.2370
vn 0.1994 -0.7085 0.6770
vn 0.0644 -0.9306 0.3604
vn 0.0843 -0.9528 0.2915
vn 0.3446 -0.9004 0.2655
vn 0.6860 -0.0233 -0.7272
vn 0.6415 -0.0121 -0.7670
vn 0.7854 -0.0023 -0.6190
vn 0.8076 -0.0337 -0.5888
vn 0.9676 0.0790 -0.2398
vn 0.9921 0.0523 0.1139
vn 0.9261 0.3607 0.1105
vn -0.0128 0.9979 -0.0632
vn -0.0077 0.9982 -0.0596
vn -0.1606 0.9852 -0.0592
vn -0.1597 0.9851 -0.0639
vn -0.8842 -0.3533 -0.3057
vn -0.9769 -0.2040 -0.0639
vn 0.4998 -0.4393 0.7464
vn 0.3681 -0.3532 0.8601
vn 0.2143 -0.5995 0.7712
vn 0.2880 -0.6479 0.7051
vn 0.5229 -0.6959 0.4922
vn 0.3094 -0.8136 0.4923
vn 0.3436 -0.9054 0.2495
vn 0.5814 -0.7747 0.2488
vn -0.5745 -0.7919 -0.2070
vn 0.4833 -0.8748 -0.0325
vn 0.4836 -0.8747 -0.0326
vn 0.2274 -0.9733 -0.0327
vn 0.2272 -0.9733 -0.0327
vn 0.9946 -0.1041 0.0003
vn 0.9943 -0.1063 0.0105
vn -0.1628 0.6689 0.7253
vn -0.5798 0.1032 -0.8082
vn -0.5869 -0.0126 -0.8096
vn -0.9725 -0.0205 -0.2319
vn -0.9550 0.1827 -0.2338
vn 0.9793 0.1267 0.1576
vn 0.9836 0.1033 0.1482
vn -0.7930 0.5643 -0.2293
vn -0.7946 0.5599 0.2348
vn -0.9060 0.3970 -0.1467
vn 0.6177 -0.5732 0.5385
vn -0.7231 -0.6831 0.1022
vn -0.8195 -0.5715 0.0428
vn -0.9378 0.2767 -0.2097
vn -0.9091 0.3021 0.2869
vn -0.1592 0.8451 0.5103
vn -0.4655 0.7611 0.4517
vn -0.6130 0.3839 0.6906
vn -0.1059 0.5745 0.8116
vn -0.0033 -0.8157 0.5785
vn -0.0032 -0.8156 0.5786
vn 0.0015 -0.8228 0.5684
vn 0.0015 -0.8229 0.5682
vn 0.8284 0.1022 -0.5508
vn 0.5021 0.0385 -0.8640
vn -0.0024 -0.0067 -1.0000
vn 0.6954 -0.7025 0.1514
vn 0.9205 -0.3833 0.0762
vn 0.6585 -0.7248 0.2026
vn 0.1725 0.0198 -0.9848
vn 0.2569 0.0143 -0.9663
vn -0.5202 -0.2624 -0.8127
vn -0.0952 -0.0514 -0.9941
vn -0.0702 -0.0582 -0.9958
vn -0.4782 -0.3594 -0.8013
vn -0.6504 -0.3872 0.6535
vn -0.4668 -0.4046 0.7864
vn -0.4079 0.2205 -0.8860
vn -0.3912 0.2322 -0.8905
vn -0.3330 -0.8387 0.4310
vn -0.2557 -0.9300 0.2640
vn -0.6875 0.2090 -0.6955
vn -0.1226 -0.0014 -0.9925
vn -0.5338 0.2535 -0.8067
vn -0.4760 0.3163 -0.8206
vn -0.1560 -0.6639 -0.7314
vn 0.0061 0.2542 0.9671
vn 0.4913 0.2240 0.8417
vn 0.9413 0.0853 0.3267
vn 0.9445 0.0796 0.3186
vn 0.9929 -0.0972 0.0685
vn 0.9929 -0.0924 0.0753
vn -0.9538 0.1225 -0.2742
vn -0.0991 -0.4508 0.8871
vn -0.0892 -0.6622 0.7440
vn -0.0811 -0.5089 0.8570
vn -0.7152 -0.2924 -0.6348
vn -0.7580 -0.0544 -0.6500
vn -0.7410 0.2630 0.6179
vn -0.7435 0.2503 0.6201
vn -0.7133 0.3232 0.6219
vn -0.7043 0.3355 0.6256
vn -0.2711 0.9600 0.0702
vn 0.4662 -0.5766 0.6710
vn 0.8111 0.5217 -0.2644
vn 0.0823 -0.8392 0.5376
vn -0.0056 -0.8332 0.5530
vn 0.1339 -0.5438 0.8285
vn 0.2917 -0.5666 0.7706
vn -0.2845 0.5262 -0.8014
vn -0.3756 0.4479 -0.8113
vn -0.3330 0.5662 -0.7540
vn -0.2060 0.6975 -0.6864
vn -0.0942 0.6966 -0.7112
vn 0.4588 0.6701 -0.5835
vn 0.1991 -0.8470 0.4929
vn -0.3020 -0.9221 0.2420
vn -0.1758 -0.4361 0.8825
vn -0.0013 -0.4263 0.9046
vn -0.2699 -0.3421 0.9000
vn 0.0239 -0.6919 0.7216
vn 0.2670 -0.4238 0.8655
vn -0.1282 -0.1826 0.9748
vn -0.5091 -0.1112 -0.8535
vn 0.1118 0.5426 0.8325
vn 0.0692 0.4756 0.8769
vn 0.1195 0.7218 -0.6817
vn 0.0924 0.6112 -0.7861
vn -0.9202 0.2201 0.3239
vn -0.9127 0.3391 0.2281
vn -0.9772 0.2124 -0.0039
vn -0.9914 0.0909 0.0946
vn -0.6973 -0.4858 -0.5270
vn -0.6522 -0.6837 -0.3272
vn 0.9425 0.3319 -0.0394
vn 0.9340 0.3488 -0.0768
vn 0.9986 0.0522 -0.0119
vn 0.9988 0.0495 -0.0068
vn 0.9270 0.0565 -0.3707
vn 0.8015 0.1273 -0.5843
vn 0.9510 0.2128 -0.2241
vn 0.9582 0.1551 -0.2405
vn -0.9380 0.3320 -0.0998
vn -0.8837 -0.4161 0.2141
vn -0.8787 -0.3767 0.2934
vn -0.9679 -0.1885 0.1661
vn -0.9675 -0.2397 0.0801
vn -0.4627 0.7891 -0.4039
vn -0.6829 0.6867 -0.2492
vn -0.9994 0.0351 -0.0034
vn -0.9995 -0.0084 0.0296
vn -0.9915 0.0451 0.1218
vn 0.3122 0.4645 0.8287
vn 0.5826 0.3858 0.7154
vn 0.5867 0.3838 0.7131
vn 0.2934 0.4666 0.8344
vn 0.4956 -0.6749 0.5467
vn 0.5165 -0.7494 0.4143
vn -0.1878 -0.8678 0.4600
vn -0.0633 -0.8778 0.4748
vn -0.1409 -0.9595 0.2441
vn 0.7786 -0.5745 0.2524
vn 0.6969 -0.5161 0.4980
vn -0.7004 -0.7134 0.0214
vn -0.7069 -0.7073 0.0067
vn -0.1606 -0.9716 0.1736
vn 0.3024 -0.5065 0.8075
vn 0.1686 -0.4506 0.8767
vn -0.0079 -0.9994 -0.0329
vn 0.4146 -0.8989 0.1419
vn -0.8626 0.4433 0.2438
vn -0.8649 0.4429 -0.2361
vn -0.8982 -0.4395 0.0081
vn 0.1835 -0.0391 0.9822
vn -0.5988 -0.7467 0.2896
vn -0.3452 -0.8264 0.4448
vn -0.3658 -0.7585 0.5393
vn -0.6214 -0.6398 0.4521
vn -0.0793 -0.9298 0.3594
vn -0.0101 0.9487 0.3160
vn 0.9245 -0.2713 0.2678
vn 0.8673 -0.0978 0.4881
vn 0.5827 -0.2440 0.7752
vn 0.7224 -0.5367 0.4360
vn 0.5015 0.3941 -0.7702
vn 0.7493 0.6146 -0.2468
vn -0.2414 -0.9551 0.1719
vn -0.4998 -0.7586 -0.4180
vn -0.8558 -0.5162 0.0341
vn -0.9330 -0.3408 -0.1155
vn -0.8048 -0.4621 -0.3725
vn -0.7376 -0.6479 -0.1903
vn 0.3068 0.9499 -0.0596
vn 0.5270 -0.0779 -0.8463
vn 0.5252 0.0333 -0.8503
vn 0.9599 0.0597 -0.2740
vn 0.9532 -0.1376 -0.2691
vn -0.9491 -0.2034 -0.2404
vn -0.8846 -0.4313 0.1774
vn -0.9825 -0.1596 0.0966
vn -0.0645 0.8242 0.5626
vn 0.0913 0.8228 0.5609
vn 0.0945 0.9422 0.3215
vn 0.8983 -0.3518 0.2632
vn 0.9515 -0.1380 0.2748
vn 0.8345 -0.1228 0.5372
vn 0.7960 -0.3162 0.5162
vn 0.1057 -0.9850 0.1365
vn -0.7429 0.4109 -0.5284
vn -0.7069 0.3506 -0.6144
vn -0.7881 0.3520 -0.5050
vn -0.8712 0.3506 -0.3436
vn -0.9884 -0.1514 0.0071
vn -0.9985 0.0556 0.0016
vn -0.9912 0.0591 0.1181
vn -0.5782 -0.7949 0.1840
vn -0.5423 0.7917 -0.2812
vn -0.6798 0.6570 -0.3260
vn -0.5471 0.8170 -0.1823
vn -0.3466 0.9323 -0.1033
vn -0.4931 -0.6904 0.5293
vn -0.3487 -0.7240 0.5952
vn -0.0437 0.7225 -0.6900
vn -0.1547 0.8275 -0.5398
vn 0.0316 0.7250 -0.6880
vn -0.0412 -0.6882 0.7243
vn -0.0185 -0.8117 0.5837
vn -0.0178 -0.8111 0.5847
vn -0.7643 0.6433 0.0452
vn -0.8292 0.5587 0.0173
vn -0.9245 0.1672 0.3426
vn -0.0035 -0.9876 0.1569
vn 0.9863 -0.0343 -0.1613
vn 0.9853 -0.0842 -0.1489
vn 0.9883 -0.0765 -0.1317
vn 0.8035 0.2439 0.5431
vn 0.8048 0.2428 0.5416
vn -0.8177 0.2960 -0.4937
vn -0.5709 0.2379 -0.7858
vn -0.9477 0.2061 -0.2439
vn -0.9586 0.2742 -0.0762
vn -0.0360 -0.6342 0.7723
vn 0.2285 0.1246 -0.9655
vn -0.9389 0.0849 0.3335
vn -0.9871 -0.0405 -0.1549
vn -0.3874 0.2221 -0.8948
vn -0.0645 -0.5271 0.8474
vn -0.0824 -0.4518 0.8883
vn 0.0855 -0.4311 0.8983
vn 0.0590 -0.5279 0.8472
vn 0.9728 -0.2265 -0.0495
vn 0.8962 -0.4295 0.1111
vn 0.9728 -0.2282 -0.0397
vn -0.3280 -0.6887 0.6466
vn -0.4752 -0.5765 0.6647
vn -0.4859 -0.7749 -0.4043
vn -0.2649 -0.9504 0.1629
vn -0.0184 -0.4887 0.8723
vn -0.0510 -0.3726 0.9266
vn -0.5046 -0.7121 0.4882
vn -0.4551 -0.6346 0.6246
vn -0.8889 0.4179 -0.1878
vn -0.0742 -0.0250 0.9969
vn -0.0730 -0.0140 0.9972
vn -0.6751 0.0514 0.7359
vn -0.6819 -0.0971 0.7250
vn -0.8611 0.0511 0.5059
vn -0.7880 0.6014 -0.1318
vn -0.7946 0.5071 -0.3338
vn 0.4659 -0.7679 0.4396
vn 0.4770 -0.6713 0.5673
vn 0.2991 -0.9278 0.2230
vn 0.4022 -0.8571 0.3219
vn 0.9377 0.2045 0.2810
vn -0.9999 0.0055 0.0124
vn -0.9993 -0.0147 0.0343
vn -0.9863 -0.0924 -0.1369
vn 0.5108 -0.2021 -0.8356
vn 0.4553 -0.3347 -0.8250
vn 0.0514 -0.0301 -0.9982
vn 0.0535 -0.0125 -0.9985
vn -0.2352 -0.4862 0.8416
vn -0.3525 -0.5565 0.7524
vn -0.1083 -0.4806 0.8703
vn -0.6593 0.6980 0.2795
vn 0.3365 -0.7025 0.6271
vn 0.0013 -0.9685 0.2488
vn 0.1110 -0.9596 0.2586
vn -0.4398 -0.8657 0.2390
vn -0.5163 -0.8418 0.1574
vn 0.9951 -0.0506 -0.0849
vn 0.9948 0.0035 -0.1017
vn 0.3369 -0.9049 0.2601
vn 0.5028 -0.7576 0.4161
vn 0.5190 -0.7540 0.4026
vn 0.4502 -0.8327 0.3223
vn 0.7799 0.1582 0.6056
vn 0.3899 0.1375 0.9105
vn 0.2674 -0.6103 0.7457
vn 0.0432 -0.0491 -0.9979
vn 0.6994 0.0374 0.7138
vn 0.8680 0.0493 0.4941
vn -0.0409 -0.0671 -0.9969
vn -0.3587 -0.4967 -0.7903
vn -0.8171 0.4531 0.3565
vn -0.3027 0.8662 0.3976
vn -0.3473 -0.6971 0.6272
vn -0.5885 -0.5330 0.6080
vn 0.1549 -0.9726 0.1733
vn 0.4085 -0.5808 0.7042
vn -0.4321 -0.6371 0.6383
vn -0.8646 -0.1791 0.4694
vn -0.9526 -0.1885 0.2388
vn -0.9142 -0.3285 0.2373
vn -0.8313 -0.3034 0.4656
vn -0.4271 0.9015 -0.0696
vn 0.2273 -0.4868 0.8434
vn 0.3381 -0.5543 0.7606
vn 0.1697 -0.5635 0.8085
vn 0.4686 0.5037 0.7257
vn 0.5913 0.6322 0.5007
vn 0.9360 -0.3520 0.0031
vn 0.7408 -0.6714 -0.0193
vn -0.5883 -0.7379 -0.3308
vn 0.8813 0.3860 0.2725
vn 0.7707 0.3519 0.5313
vn 0.8179 0.2080 0.5364
vn 0.9332 0.2304 0.2757
vn 0.0100 -0.8397 0.5430
vn 0.0101 -0.8397 0.5430
vn 0.9379 0.3445 -0.0418
vn 0.8494 0.5031 -0.1596
vn -0.7503 0.1755 0.6374
vn -0.7500 0.1908 0.6334
vn -0.7496 0.1145 0.6519
vn -0.7412 0.0808 0.6664
vn -0.9972 0.0516 -0.0539
vn -0.9983 0.0494 -0.0296
vn -0.9869 -0.1614 -0.0001
vn -0.9992 -0.0322 -0.0236
vn -0.9422 0.0552 0.3305
vn -0.9419 0.0557 0.3313
vn -0.8010 0.2157 0.5584
vn -0.8053 0.2121 0.5537
vn 0.9884 -0.0792 -0.1298
vn 0.9852 -0.1679 -0.0355
vn 0.9992 -0.0150 -0.0368
vn 0.9992 -0.0156 -0.0367
vn 0.9851 -0.1685 -0.0355
vn -0.8344 0.3326 -0.4395
vn -0.8015 0.4419 -0.4030
vn -0.8216 0.4287 -0.3758
vn -0.9949 0.0075 0.1005
vn -0.9785 -0.0005 0.2061
vn -0.9644 0.0520 0.2594
vn 0.9743 0.1347 -0.1807
vn 0.6573 0.0830 0.7491
vn 0.3619 0.1992 0.9107
vn 0.3605 0.1996 0.9112
vn 0.6566 0.0833 0.7496
vn 0.1175 -0.8656 0.4868
vn 0.1286 -0.9603 0.2476
vn 0.8490 -0.0394 -0.5269
vn 0.7258 0.0373 -0.6869
vn 0.9988 0.0327 -0.0375
vn -0.9476 0.1210 -0.2957
vn -0.9295 0.0674 -0.3627
vn 0.0045 0.6725 0.7401
vn 0.0054 0.7459 0.6661
vn -0.3178 -0.6100 0.7259
vn -0.1082 -0.6675 0.7367
vn -0.1265 -0.8434 0.5223
vn -0.9585 0.2411 -0.1520
vn -0.9792 0.1282 -0.1574
vn 0.9124 -0.3812 0.1491
vn 0.8998 -0.4146 0.1361
vn 0.6579 -0.6887 0.3047
vn -0.4391 0.1393 -0.8876
vn -0.2734 -0.8090 0.5203
vn -0.5673 -0.7621 0.3122
vn -0.7352 0.3131 -0.6012
vn -0.7317 0.0384 0.6805
vn -0.8734 0.3469 -0.3417
vn -0.7635 0.3671 -0.5313
vn -0.8775 0.4005 -0.2638
vn -0.9786 0.1790 -0.1010
vn 0.4194 -0.6135 0.6692
vn 0.9770 -0.2133 0.0061
vn -0.5351 -0.3451 -0.7711
vn -0.8211 0.5698 0.0338
vn -0.9353 0.3353 0.1130
vn -0.0204 -0.7971 0.6035
vn 0.0022 -0.8254 0.5645
vn 0.0023 -0.8255 0.5644
vn -0.0308 0.0441 0.9986
vn 0.1128 0.9679 0.2247
vn 0.1431 0.9058 0.3988
vn 0.2866 0.8805 0.3777
vn 0.1546 0.9846 0.0813
vn -0.0029 -0.8149 0.5795
vn -0.0018 -0.8165 0.5774
vn 0.0003 -0.8204 0.5717
vn -0.6377 -0.5435 -0.5459
vn -0.5103 -0.5810 -0.6341
vn 0.1149 0.9929 -0.0310
vn 0.1146 0.9926 -0.0392
vn -0.5452 0.8373 -0.0402
vn -0.4710 0.8556 -0.2147
vn -0.2907 -0.8860 0.3612
vn -0.2069 -0.9321 0.2972
vn -0.0048 -0.8210 0.5709
vn -0.0192 -0.8187 0.5738
vn 0.3024 -0.8005 0.5174
vn 0.7435 0.6657 0.0636
vn -0.8820 0.4390 -0.1713
vn -0.8453 0.5336 0.0286
vn -0.6821 0.7246 0.0990
vn 0.0049 -0.8208 0.5712
vn 0.1843 -0.9553 0.2312
vn -0.1894 0.9811 0.0397
vn -0.1492 0.9887 -0.0119
vn -0.0039 0.9999 -0.0093
vn -0.0053 0.9989 0.0462
vn 0.4070 -0.9061 0.1152
vn 0.3825 -0.9004 0.2074
vn 0.4329 0.9013 0.0148
vn 0.5536 0.8326 -0.0160
vn 0.5443 0.8387 -0.0157
vn -0.4441 0.8634 0.2395
vn -0.5198 -0.7635 0.3833
vn -0.7477 -0.2711 0.6062
vn -0.8546 -0.3402 0.3924
vn -0.5537 -0.6356 0.5380
vn 0.8296 0.5244 0.1919
vn 0.6340 0.6025 0.4848
vn 0.1766 0.6202 0.7643
vn 0.0605 0.0088 0.9981
vn 0.0608 0.0091 0.9981
vn -0.8951 -0.4456 0.0113
vn -0.1359 0.6722 -0.7278
vn -0.2688 0.6579 -0.7035
vn 0.9331 -0.0126 -0.3593
vn 0.9156 -0.0215 -0.4016
vn 0.9293 0.0457 -0.3665
vn -0.6783 0.7306 0.0779
vn -0.8163 0.5757 0.0478
vn -0.7910 0.6116 -0.0155
vn -0.0966 0.0206 0.9951
vn -0.1116 0.0156 0.9936
vn -0.0927 0.0314 0.9952
vn 0.9969 0.0610 0.0498
vn 0.4031 -0.6446 0.6496
vn 0.9799 -0.1912 0.0560
vn -0.8385 -0.0690 0.5405
vn -0.9998 0.0165 -0.0090
vn 0.2039 -0.9314 0.3015
vn 0.3534 -0.7635 0.5405
vn 0.9444 -0.2776 -0.1762
vn 0.9447 -0.2770 -0.1755
vn -0.1349 -0.9824 0.1294
vn 0.5635 0.8218 0.0845
vn 0.4443 0.8911 0.0928
vn -0.6562 0.4418 -0.6117
vn 0.3448 -0.7677 0.5402
vn 0.6985 0.7087 0.0988
vn -0.5273 -0.6923 0.4926
vn 0.1289 -0.9640 -0.2326
vn -0.4025 0.6929 -0.5982
vn -0.4453 0.1895 -0.8751
vn -0.3722 0.1697 -0.9125
vn -0.1370 -0.5378 0.8318
vn -0.0063 -0.5254 0.8509
vn -0.0032 -0.8425 0.5386
vn -0.5701 -0.0624 0.8192
vn -0.5508 -0.0684 0.8318
vn -0.9007 0.2439 -0.3596
vn 0.8353 0.3042 0.4580
vn -0.3484 -0.7927 -0.5002
vn -0.3529 -0.7916 -0.4988
vn 0.4352 -0.0978 0.8950
vn -0.3619 -0.5908 0.7211
vn -0.6567 0.4355 -0.6156
vn -0.7267 0.5502 -0.4113
vn -0.6905 0.3201 0.6487
vn 0.9490 -0.0539 -0.3106
vn 0.9652 -0.0532 -0.2561
vn 0.9928 -0.0370 -0.1139
vn 0.3638 0.9251 0.1086
vn -0.1221 -0.0301 -0.9921
vn -0.1111 -0.0448 -0.9928
vn -0.5494 -0.2039 -0.8103
vn -0.5811 -0.1217 -0.8047
vn -0.5810 0.3575 -0.7312
vn -0.6348 0.7405 -0.2208
vn 0.8374 0.5450 0.0422
vn 0.7476 0.5932 -0.2988
vn -0.2381 0.4977 0.8340
vn 0.7047 0.4734 0.5285
vn -0.3532 -0.7464 0.5641
vn 0.0608 0.0090 -0.9981
vn 0.4362 0.5977 0.6727
vn -0.2850 -0.7979 0.5312
vn -0.3864 0.2100 -0.8981
vn 0.7945 0.3196 0.5164
vn 0.6281 0.2752 0.7278
vn 0.8343 0.3568 -0.4202
vn -0.3099 0.6880 0.6563
vn 0.1639 0.9764 0.1404
vn 0.6195 -0.6419 0.4519
vn -0.0816 -0.0685 0.9943
vn -0.0912 0.1197 0.9886
vn -0.1539 0.0895 0.9840
vn -0.1379 -0.0919 0.9862
vn -0.6640 0.0892 0.7424
vn -0.8638 -0.0886 0.4961
vn -0.8652 -0.0906 0.4931
vn -0.6640 0.0891 0.7424
vn 0.7809 -0.5756 -0.2428
vn -0.0929 0.6132 -0.7844
vn 0.9995 -0.0246 -0.0189
vn -0.9892 0.1356 0.0551
vn -0.1227 0.7220 -0.6809
vn -0.3357 0.6251 -0.7047
vn -0.0735 0.0364 0.9966
vn 0.6805 0.1286 -0.7214
vn 0.8183 0.0823 -0.5689
vn 0.8621 -0.0903 0.4986
vn 0.9312 -0.2940 0.2156
vn 0.9312 -0.2928 0.2171
vn 0.8620 -0.0901 0.4988
vn -0.6413 0.7627 0.0840
vn -0.4030 0.9065 0.1258
vn -0.9768 -0.2140 0.0027
vn 0.7477 0.2806 -0.6019
vn 0.8688 0.3551 -0.3451
vn 0.8637 0.2976 -0.4069
vn 0.7118 0.4278 -0.5572
vn -0.9908 -0.1095 0.0791
vn -0.9908 -0.1100 0.0783
vn 0.8027 -0.4458 -0.3961
vn 0.8023 -0.4461 -0.3966
vn 0.9928 0.1109 -0.0456
vn 0.9956 0.0850 -0.0406
vn 0.9956 0.0850 -0.0407
vn 0.9927 0.1117 -0.0457
vn 0.5816 -0.5729 -0.5776
vn 0.5766 -0.5749 -0.5806
vn -0.0170 0.1217 -0.9924
vn -0.0925 0.1367 -0.9863
vn -0.5283 -0.5665 -0.6325
vn -0.2499 0.4239 0.8705
vn -0.9652 -0.2595 -0.0336
vn -0.9176 -0.3961 -0.0334
vn -0.9177 -0.3959 -0.0334
vn -0.9651 -0.2597 -0.0336
vn 0.9753 0.2139 -0.0549
vn 0.9747 0.2167 -0.0550
vn 0.9867 -0.1181 0.1118
vn -0.2184 0.0688 0.9734
vn -0.1930 -0.1193 0.9739
vn 0.0161 0.1529 0.9881
vn 0.0125 -0.0549 0.9984
vn 0.7099 0.5447 0.4465
vn 0.6476 0.5487 0.5288
vn -0.0312 -0.0400 0.9987
vn -0.0585 -0.0353 0.9977
vn -0.0466 -0.0397 0.9981
vn -0.0341 -0.0367 0.9987
vn -0.5073 -0.8494 0.1456
vn -0.3635 -0.9309 0.0369
vn 0.8081 0.5220 0.2728
vn 0.3754 0.7757 0.5073
vn -0.4989 0.2079 -0.8414
vn -0.4225 0.2015 -0.8837
vn -0.9318 -0.1304 -0.3387
vn -0.9940 -0.0175 -0.1080
vn 0.9586 0.0593 0.2786
vn 0.4722 0.6114 0.6350
vn -0.1218 0.3134 -0.9418
vn -0.2051 0.2669 -0.9416
vn 0.5263 -0.6173 0.5847
vn -0.0224 -0.8149 0.5791
vn 0.6809 0.7090 -0.1833
vn 0.9377 0.3359 -0.0889
vn 0.0689 0.0235 0.9973
vn 0.0713 0.0292 0.9970
vn -0.5220 -0.4727 0.7100
vn -0.9546 -0.1895 -0.2298
vn -0.8720 -0.4347 -0.2251
vn -0.9153 -0.3306 -0.2299
vn 0.4923 0.1853 0.8505
vn 0.2135 0.1831 0.9596
vn -0.9333 -0.2941 0.2060
vn -0.9333 -0.2930 0.2075
vn 0.2283 0.6589 0.7167
vn 0.9249 0.2193 0.3107
vn 0.9004 -0.3521 -0.2555
vn -0.7826 -0.5848 -0.2135
vn 0.7304 -0.6822 -0.0335
vn 0.7306 -0.6820 -0.0335
vn 0.9086 -0.4163 -0.0348
vn 0.9084 -0.4166 -0.0348
vn -0.9704 -0.0214 0.2406
vn -0.9534 0.1821 0.2406
vn 0.8377 0.0565 0.5432
vn -0.5808 0.3572 0.7315
vn -0.5922 0.3515 0.7251
vn -0.7842 -0.6066 0.1308
vn -0.9972 0.0233 0.0708
vn -0.9860 0.1664 -0.0125
vn 0.0120 -0.8165 0.5772
vn -0.1694 -0.8238 0.5409
vn -0.1858 -0.5560 0.8102
vn -0.4974 0.8652 0.0637
vn 0.4093 0.8888 -0.2061
vn -0.7485 0.6626 -0.0275
vn -0.7508 0.6364 -0.1771
vn -0.0044 -0.8130 0.5822
vn -0.0043 -0.8130 0.5823
vn -0.8819 0.2012 0.4264
vn -0.7455 0.2546 0.6159
vn -0.7853 0.5881 -0.1934
vn 0.0379 -0.0291 0.9989
vn 0.0482 -0.0175 0.9987
vn 0.0391 -0.0279 0.9988
vn -0.1087 -0.9602 0.2573
vn 0.6565 -0.6822 -0.3219
vn 0.8625 -0.5014 -0.0683
vn 0.8625 -0.5015 -0.0683
vn 0.6562 -0.6824 -0.3221
vn 0.1018 0.9715 -0.2143
vn -0.2026 0.8203 0.5349
vn 0.4032 0.8842 -0.2359
vn 0.7643 0.5483 -0.3394
vn -0.4343 0.8072 0.3997
vn 0.5200 0.4765 -0.7089
vn 0.7188 0.6503 -0.2460
vn 0.7441 0.1303 0.6553
vn -0.0982 0.0106 0.9951
vn -0.0652 0.0232 0.9976
vn -0.0543 0.0247 0.9982
vn -0.5109 0.6399 -0.5740
vn -0.8808 -0.0268 0.4727
vn -0.3567 0.2271 -0.9062
vn 0.2858 0.6763 0.6789
vn 0.3610 0.3207 -0.8757
vn 0.4055 0.3842 -0.8294
vn -0.2125 -0.9766 -0.0326
vn -0.2124 -0.9766 -0.0326
vn -0.8446 -0.5343 -0.0325
vn -0.8443 -0.5348 -0.0325
vn -0.4409 -0.8970 -0.0320
vn -0.4414 -0.8967 -0.0320
vn -0.6861 -0.7268 -0.0321
vn -0.6863 -0.7266 -0.0321
vn -0.4693 0.3351 -0.8170
vn -0.4693 0.3352 -0.8169
vn 0.9951 0.0733 -0.0657
vn 0.9373 0.2479 -0.2448
vn -0.0005 -0.8198 0.5726
vn -0.0004 -0.8199 0.5725
vn 0.9340 0.3093 -0.1791
vn 0.8641 0.3202 -0.3883
vn 0.0090 -0.0470 0.9989
vn 0.0189 -0.0431 0.9989
vn 0.0233 -0.0405 0.9989
vn 0.0066 -0.0464 0.9989
vn -0.8656 0.1579 0.4752
vn 0.0542 0.0009 -0.9985
vn 0.1042 0.7576 -0.6444
vn 0.0690 0.1401 -0.9877
vn 0.0958 0.4533 -0.8862
vn -0.7845 0.3921 0.4805
vn -0.5370 0.2074 0.8177
vn -0.5326 0.2010 0.8221
vn 0.9940 -0.1072 0.0200
vn 0.9835 -0.1792 0.0263
vn 0.9765 -0.2139 -0.0254
vn 0.3017 0.9534 -0.0062
vn -0.9955 -0.0615 -0.0724
vn -0.0801 -0.9810 0.1765
vn -0.1042 -0.9784 0.1787
vn -0.7340 0.5064 0.4526
vn -0.0151 -0.0429 0.9990
vn -0.0169 -0.0421 0.9990
vn -0.0022 -0.0481 0.9988
vn -0.9840 0.0456 -0.1725
vn -0.7321 0.6610 -0.1650
vn -0.7493 0.3336 0.5721
vn -0.5449 0.3763 0.7493
vn -0.4030 0.3991 0.8236
vn 0.3070 0.0788 -0.9484
vn -0.0266 0.0352 0.9990
vn -0.0225 0.0373 0.9991
vn -0.5343 0.2178 0.8168
vn -0.8891 -0.2266 -0.3978
vn -0.5337 -0.4003 -0.7449
vn 0.6572 0.1837 -0.7310
vn -0.9359 -0.3503 -0.0380
vn -0.5262 0.2116 0.8236
vn -0.5207 -0.0207 0.8535
vn -0.6955 -0.0567 0.7163
vn -0.9138 0.3982 -0.0797
vn -0.9139 0.3982 -0.0797
vn -0.8411 0.5232 -0.1371
vn 0.2844 -0.7368 0.6134
vn -0.1921 -0.9810 -0.0287
vn -0.0000 -0.9987 -0.0509
vn 0.1911 -0.9811 -0.0292
vn -0.9383 -0.1751 -0.2982
vn -0.0089 0.0473 0.9988
vn -0.0040 0.0610 0.9981
vn 0.3624 -0.9312 0.0383
vn -0.5989 -0.6439 0.4762
vn -0.5458 -0.7292 0.4127
vn 0.5842 -0.5360 0.6094
vn 0.4861 -0.4545 0.7464
vn 0.7040 0.4713 0.5312
vn -0.3085 0.7915 -0.5275
vn -0.0110 0.0412 0.9991
vn -0.9511 -0.1443 0.2730
vn -0.8936 -0.0376 0.4473
vn -0.0303 -0.0351 0.9989
vn 0.0266 -0.0382 0.9989
vn 0.4967 0.8679 0.0085
vn 0.7728 0.5133 0.3733
vn 0.8782 0.4783 0.0086
vn -0.9972 -0.0018 0.0741
vn -0.7003 -0.3428 -0.6261
vn 0.9988 0.0474 -0.0117
vn 0.2612 0.9445 -0.1991
vn -0.6467 -0.2736 0.7119
vn -0.5243 0.7860 0.3277
vn -0.0267 -0.8137 0.5806
vn -0.0254 -0.8141 0.5802
vn 0.9997 -0.0235 -0.0047
vn -0.4383 0.5456 -0.7143
vn -0.5261 0.2109 0.8239
vn 0.5286 0.7214 0.4475
vn 0.5079 -0.7473 -0.4285
vn 0.2911 0.9556 0.0449
vn 1.0000 -0.0003 -0.0006
vn 1.0000 -0.0000 -0.0000
vn -0.9274 0.3740 0.0047
vn -0.9350 0.3546 0.0090
vn -0.4133 0.9105 -0.0141
vn -0.4181 0.9084 -0.0023
vn -0.9275 -0.3739 0.0045
vn -0.9350 -0.3546 0.0090
vn -1.0000 -0.0000 -0.0000
vn 0.9275 0.3739 0.0045
vn 0.4182 0.9083 -0.0024
vn 0.4133 0.9105 -0.0141
vn 0.9350 0.3546 0.0090
vn 0.4489 0.0009 0.8936
vn 0.9240 0.0017 0.3824
vn 0.9352 -0.0030 0.3541
vn 0.4489 -0.0009 0.8936
vn -0.0344 0.9985 -0.0424
vn 0.9789 0.0026 -0.2042
vn 1.0000 0.0020 -0.0044
vn 0.9999 0.0054 -0.0086
vn 0.9591 0.0027 -0.2829
vn 0.0011 -0.9994 0.0357
vn 0.0014 -0.9957 0.0923
vn 0.0042 -0.9912 0.1322
vn -0.0023 -0.9030 0.4296
vn -0.0014 -0.9957 0.0923
vn -0.0042 -0.9912 0.1322
vn -0.0022 -0.9017 0.4324
vn 0.0035 -0.7282 0.6854
vn 0.0035 -0.7281 0.6855
vn 0.0053 -0.6588 0.7523
vn 0.0054 -0.6591 0.7521
vn 0.0044 0.5662 0.8243
vn 0.0054 0.6588 0.7523
vn 0.0054 0.6591 0.7520
vn 0.0044 0.5662 0.8242
vn 0.0044 -0.5662 0.8242
vn 0.0044 -0.5661 0.8243
vn 0.0038 -0.4349 0.9005
vn 0.0038 -0.4357 0.9001
vn -0.0054 -0.6591 0.7520
vn -0.0044 -0.5662 0.8242
vn -0.0045 -0.5663 0.8242
vn -0.0053 -0.6588 0.7523
vn -0.0016 0.1494 0.9888
vn -0.0025 0.2948 0.9555
vn -0.0025 0.2949 0.9555
vn 0.0016 -0.1496 0.9887
vn 0.0016 -0.0002 1.0000
vn -0.0016 -0.1496 0.9887
vn -0.0016 -0.0002 1.0000
vn -0.0017 -0.1496 0.9887
vn 0.0025 -0.2948 0.9556
vn 0.0025 -0.2949 0.9555
vn -0.0038 -0.4357 0.9001
vn -0.0038 -0.4349 0.9005
vn 0.0056 0.7152 0.6989
vn -0.0009 0.8322 0.5545
vn -0.0010 0.8333 0.5529
vn -0.0038 0.4349 0.9005
vn -0.0038 0.4357 0.9001
vn -0.0044 0.5662 0.8242
vn -0.0044 0.5661 0.8243
vn -0.0053 0.9596 0.2813
vn -0.0021 0.9821 0.1885
vn 0.0021 0.9821 0.1885
vn 0.0011 0.9994 0.0358
vn 0.0052 0.9596 0.2814
vn -0.0017 -0.9996 0.0278
vn 0.0301 -0.0132 0.9995
vn 0.0279 -0.0033 0.9996
vn -0.9353 -0.0032 0.3539
vn -0.9240 0.0015 0.3824
vn -0.4489 0.0009 0.8936
vn -0.4489 -0.0009 0.8936
vn 0.9790 -0.0018 -0.2037
vn 1.0000 -0.0018 -0.0040
vn 1.0000 -0.0009 -0.0025
vn -1.0000 0.0002 0.0026
vn -1.0000 0.0004 0.0026
vn -1.0000 -0.0004 0.0026
vn -1.0000 -0.0002 0.0025
vn 1.0000 -0.0004 0.0026
vn 1.0000 -0.0002 0.0026
vn 0.9998 -0.0072 0.0181
vn 0.9999 -0.0064 0.0079
vn 0.4181 -0.9084 -0.0023
vn 0.4133 -0.9105 -0.0141
vn 0.0344 -0.9985 -0.0424
vn 0.9274 -0.3739 0.0047
vn 0.9350 -0.3546 0.0090
vn -0.4182 -0.9083 -0.0024
vn -0.4133 -0.9105 -0.0141
vn 0.0344 0.9985 -0.0425
vn 0.0344 0.9985 -0.0423
vn 0.6741 -0.0000 -0.7386
vn 0.6697 -0.0000 -0.7426
vn 0.9516 -0.0015 -0.3074
vn 1.0000 -0.0035 -0.0072
vn 1.0000 0.0003 -0.0007
vn 1.0000 0.0009 -0.0025
vn -1.0000 -0.0009 -0.0025
vn -1.0000 -0.0003 -0.0007
vn -1.0000 0.0003 -0.0006
vn -1.0000 -0.0000 -0.0001
vn 1.0000 -0.0000 0.0001
vn -1.0000 0.0009 -0.0025
vn -1.0000 -0.0000 0.0001
vn -0.0344 -0.9985 -0.0425
vn -0.0344 -0.9985 -0.0423
vn -0.6697 -0.0000 -0.7426
vn -0.4136 -0.0000 -0.9105
vn -0.4136 -0.0000 -0.9104
vn -0.6741 -0.0000 -0.7386
vn -0.9991 -0.0000 0.0427
vn -0.9999 -0.0000 -0.0126
vn 0.9998 -0.0160 0.0152
vn 0.9998 -0.0161 0.0152
vn 1.0000 0.0004 0.0026
vn -0.9999 -0.0064 0.0079
vn 0.9999 -0.0000 -0.0126
vn 1.0000 0.0001 0.0025
vn -1.0000 0.0063 0.0078
vn 0.0023 -0.9030 0.4296
vn 0.0022 -0.9017 0.4324
vn 0.0279 0.0033 0.9996
vn -0.9516 -0.0015 -0.3075
vn -0.9790 -0.0019 -0.2037
vn 0.6741 -0.0000 -0.7387
vn -1.0000 -0.0017 -0.0041
vn 1.0000 -0.0000 -0.0001
vn -1.0000 -0.0035 -0.0073
vn -0.9789 0.0025 -0.2042
vn -1.0000 0.0021 -0.0043
vn -0.9999 0.0054 -0.0085
vn -0.9591 0.0025 -0.2829
vn 0.4136 -0.0000 -0.9105
vn -0.0016 0.9996 0.0278
vn -0.0017 0.9996 0.0278
vn -0.0011 -0.9994 0.0358
vn 0.0009 0.8322 0.5545
vn 0.0010 0.8333 0.5528
vn 0.0016 0.1494 0.9888
vn -0.0053 0.6588 0.7523
vn -0.0054 0.6591 0.7521
vn -0.0054 0.7153 0.6988
vn -0.0056 0.7152 0.6989
vn 0.0038 0.4349 0.9005
vn 0.0038 0.4357 0.9001
vn -0.0025 -0.2948 0.9555
vn -0.0025 -0.2949 0.9555
vn 0.0025 0.2948 0.9555
vn -0.0035 -0.7281 0.6854
vn -0.0035 -0.7282 0.6853
vn -0.0279 0.0033 0.9996
vn -0.0279 -0.0033 0.9996
vn -0.0011 0.9994 0.0356
vn 0.0017 -0.9996 0.0278
vn 0.0016 -0.9996 0.0278
vn 0.9991 -0.0000 0.0427
vn 0.9998 0.0071 0.0181
vn 0.9999 0.0064 0.0078
vn 0.0301 0.0132 0.9995
vn -0.9998 -0.0160 0.0153
vn -0.9998 -0.0160 0.0152
vn 0.4136 -0.0000 -0.9104
vn 0.9998 0.0137 0.0137
vn 0.0017 0.9996 0.0278
vn -0.9998 0.0137 0.0136
vn -0.9998 0.0137 0.0138
vn -0.9998 0.0071 0.0181
vn -0.9998 -0.0071 0.0181
vn -0.0301 0.0132 0.9995
vn -0.0301 -0.0132 0.9995
vn -0.0000 0.6423 0.7664
vn -0.0000 0.5215 0.8532
vn 0.0001 0.5216 0.8532
vn -0.0000 0.3497 0.9369
vn -0.0000 -0.3497 0.9369
vn -0.0000 -0.2022 0.9793
vn -0.0001 -0.2022 0.9794
vn 0.0001 0.1985 0.9801
vn -0.0000 -0.0038 1.0000
vn -0.0000 0.6643 0.7474
vn -0.0000 -0.5215 0.8533
vn -0.0000 -0.6423 0.7665
vn -0.0000 -0.6643 0.7474
vn -0.0000 0.8581 0.5135
vn -0.0000 0.9998 0.0205
vn -0.0000 0.9998 0.0206
vn -0.0001 0.8580 0.5136
vn -0.0000 0.6560 0.7548
vn -0.0000 0.7315 0.6818
vn -0.0000 0.7437 0.6685
vn -0.0000 0.6701 -0.7423
vn -0.0000 -0.2370 -0.9715
vn -0.0000 -0.6701 -0.7423
vn -0.0000 -0.6701 -0.7422
vn -0.0001 0.5616 0.8274
vn 0.0001 0.5618 0.8273
vn -0.0001 0.4373 0.8993
vn -0.0000 0.4374 0.8992
vn -0.0000 -0.9998 0.0206
vn -0.0000 -0.9998 0.0208
vn -0.0001 -0.8582 0.5133
vn -0.0000 -0.8581 0.5135
vn -0.0000 0.1502 0.9887
vn 0.0001 0.1502 0.9887
vn -0.0000 0.2969 0.9549
vn 0.0001 0.2969 0.9549
vn -0.0000 0.8581 0.5136
vn -0.0001 -0.7437 0.6685
vn -0.0000 -0.7437 0.6685
vn 0.0001 0.7437 0.6685
vn -0.0000 -0.6560 0.7548
vn -0.0001 -0.5617 0.8273
vn -0.0000 -0.5617 0.8274
vn -0.0000 0.1501 0.9887
vn 0.0001 -0.4373 0.8993
vn -0.0000 -0.5616 0.8274
vn -0.0000 -0.4374 0.8992
vn -0.0000 -0.6559 0.7548
vn -0.0002 -0.0000 1.0000
vn -0.0000 -0.7314 0.6819
vn -0.0000 -0.1504 0.9886
vn -0.0000 -0.4374 0.8993
vn -0.0000 -0.2969 0.9549
vn -0.0000 -0.1503 0.9886
vn -0.0001 -0.2969 0.9549
vn 0.0001 0.4375 0.8992
vn -0.0000 0.5617 0.8274
vn -0.0000 0.4374 0.8993
vn -0.0000 -0.7315 0.6818
vn -0.0001 -0.8582 0.5134
vn -0.0000 0.1096 0.9940
vn -0.0000 -0.0000 1.0000
vn -0.0000 -0.1096 0.9940
vn -0.0000 -0.2179 0.9760
vn -0.0000 0.2370 -0.9715
vn 0.0001 0.6560 0.7547
vn 1.0000 0.0001 -0.0000
vn -0.0000 0.2179 0.9760
vn -0.0000 -0.9995 0.0319
vn -0.0000 -0.8724 0.4888
vn -0.5974 0.6395 0.4839
vn -0.1962 0.2097 0.9579
vn -0.1949 0.2101 0.9581
vn -0.5949 0.6399 0.4865
vn -0.2870 0.1264 0.9496
vn -0.2310 0.1982 0.9526
vn -0.6696 0.5722 0.4735
vn -0.8098 0.3552 0.4669
vn 0.0608 -0.3081 0.9494
vn 0.2316 -0.2352 0.9439
vn -0.0000 -0.2866 0.9581
vn -0.8722 -0.0000 0.4891
vn -0.2897 -0.0000 0.9571
vn -0.3045 0.0344 0.9519
vn -0.8737 0.1003 0.4759
vn -0.8722 -0.0000 0.4892
vn -0.8646 -0.1728 0.4718
vn -0.3115 -0.0633 0.9481
vn -0.9161 0.4001 0.0274
vn -0.9929 0.1138 0.0343
vn 0.2897 -0.0000 0.9571
vn -0.0000 1.0000 -0.0000
vn -0.1042 0.9946 0.0004
vn -0.0963 0.8866 0.4525
vn 0.0002 0.8912 0.4537
vn -0.1805 0.2409 0.9536
vn 0.0362 0.2918 0.9558
vn 0.1900 0.8511 0.4894
vn 0.0003 0.8821 0.4710
vn 0.0006 0.2955 0.9553
vn 0.1894 0.1845 0.9644
vn 0.6185 0.6096 0.4958
vn -0.5196 0.7079 0.4785
vn -0.5979 0.8011 0.0294
vn -0.6811 0.7317 0.0267
vn 0.8722 -0.0000 0.4892
vn -0.0237 0.3221 0.9464
vn 0.0005 0.3064 0.9519
vn -0.2316 -0.2352 0.9439
vn -0.6247 -0.6277 0.4646
vn 0.9992 -0.0000 0.0393
vn 0.9795 0.1980 0.0370
vn 0.8454 0.1807 0.5026
vn -0.7069 -0.7059 0.0450
vn -0.1946 -0.9802 0.0370
vn -0.1696 -0.8655 0.4713
vn 0.6247 -0.6276 0.4646
vn 0.1696 -0.8655 0.4713
vn 0.1946 -0.9802 0.0370
vn 0.7069 -0.7059 0.0450
vn 0.3115 -0.0633 0.9481
vn 0.8646 -0.1728 0.4718
vn -0.0608 -0.3081 0.9494
vn -0.6820 0.7310 0.0226
vn -0.7591 0.6505 0.0253
vn -0.9992 -0.0000 0.0393
vn -0.1052 0.2923 0.9505
vn -0.3175 0.8262 0.4655
vn 0.9804 -0.1926 0.0416
vn -0.9804 -0.1926 0.0416
vn 0.2949 0.0344 0.9549
vn -0.3603 0.9327 0.0167
vn 0.7160 0.6977 0.0244
vn 0.2097 0.9778 0.0013
vn 0.7996 0.3577 0.4824
vn 0.8748 0.0804 0.4778
vn 0.9964 0.0842 -0.0000
vn 0.9159 0.4014 -0.0000
vn 0.1725 0.8685 0.4646
vn -0.1725 0.8685 0.4647
vn -0.0335 0.3162 0.9481
vn 0.0335 0.3163 0.9481
vn 0.1588 0.2358 0.9587
vn 0.5269 0.7002 0.4818
vn -0.2907 0.0161 0.9567
vn -0.2907 -0.0161 0.9567
vn -0.8748 0.0804 0.4777
vn -0.8748 -0.0803 0.4777
vn -0.0335 -0.3163 0.9481
vn -0.2638 -0.0985 0.9595
vn -0.1588 -0.2358 0.9587
vn 0.2907 0.0161 0.9567
vn 0.2907 -0.0161 0.9567
vn -0.5269 -0.7002 0.4818
vn -0.1724 -0.8685 0.4648
vn 0.5962 0.8029 -0.0000
vn -0.9965 -0.0841 -0.0000
vn -0.9159 -0.4014 -0.0000
vn -0.7996 -0.3577 0.4824
vn -0.2638 0.0985 0.9595
vn -0.7996 0.3577 0.4823
vn 0.1588 -0.2358 0.9587
vn 0.2638 -0.0985 0.9595
vn 0.0335 -0.3163 0.9481
vn 0.7996 -0.3577 0.4823
vn 0.8748 -0.0804 0.4778
vn -0.1588 0.2358 0.9587
vn -0.5269 0.7003 0.4817
vn 0.5962 -0.8029 -0.0000
vn 0.5269 -0.7002 0.4817
vn 0.1725 -0.8685 0.4647
vn 0.1811 -0.9835 -0.0000
vn -0.5962 -0.8029 -0.0000
vn -0.1811 -0.9835 -0.0000
vn -0.5962 0.8029 -0.0000
vn -0.9159 0.4014 -0.0000
vn 0.9965 -0.0842 -0.0000
vn 0.2638 0.0985 0.9595
vn -0.9965 0.0841 -0.0000
vn 0.1811 0.9835 -0.0000
vn -0.1811 0.9835 -0.0000
vn 0.9159 -0.4014 -0.0000
vn -0.8490 -0.1538 -0.5055
vn -0.9840 -0.1781 0.0042
vn -0.9898 0.1422 0.0039
vn -0.8625 0.1649 -0.4784
vn -0.4973 -0.0900 -0.8629
vn -0.5272 0.2257 -0.8192
vn 0.8771 0.4802 0.0038
vn 0.7480 0.4564 0.4819
vn 0.8470 0.1533 0.5090
vn 0.9840 0.1781 0.0041
vn -0.2664 -0.0482 -0.9627
vn -0.3035 0.2560 -0.9178
vn -0.8470 -0.1534 0.5090
vn -0.4973 -0.0900 0.8629
vn -0.5271 0.2256 0.8193
vn -0.8605 0.1652 0.4818
vn 0.8492 0.1537 -0.5053
vn 0.7500 0.4568 -0.4784
vn 0.0041 0.0007 1.0000
vn 0.5010 0.0906 0.8607
vn 0.4179 0.3966 0.8173
vn -0.0525 0.3119 0.9487
vn -0.1782 0.9840 -0.0001
vn -0.1782 0.9840 0.0001
vn -0.1782 0.9840 -0.0000
vn 0.5008 0.0907 -0.8608
vn 0.2744 0.0497 -0.9603
vn 0.2026 0.3470 -0.9157
vn 0.4179 0.3966 -0.8173
vn 0.2742 0.6849 0.6751
vn -0.1080 0.6190 0.7779
vn -0.4933 0.5465 -0.6768
vn -0.7774 0.4949 -0.3882
vn -0.3103 0.5685 -0.7619
vn -0.7756 0.4948 0.3919
vn -0.8774 0.4798 0.0039
vn 0.6535 0.7569 0.0040
vn 0.5529 0.7353 0.3919
vn -0.1781 0.9840 -0.0001
vn -0.1781 0.9840 0.0001
vn 0.0982 0.6425 -0.7600
vn 0.2742 0.6848 -0.6751
vn 0.5545 0.7361 -0.3882
vn -0.4934 0.5464 0.6768
vn -0.1781 0.9840 -0.0000
vn -0.7071 -0.0001 -0.7071
vn -0.7072 0.0002 -0.7070
vn -0.7071 -0.0001 0.7072
vn -0.7072 0.0002 0.7070
vn 0.7071 0.0001 0.7072
vn 0.7072 -0.0002 0.7070
vn -0.0000 -0.7071 -0.7071
vn 0.5773 -0.5774 -0.5773
vn 0.5773 -0.5774 0.5774
vn -0.0000 -1.0000 -0.0000
vn -0.7226 0.6775 -0.1373
vn -0.7213 0.6910 -0.0468
vn -0.0000 -0.9805 0.1967
vn -0.0000 -0.9905 0.1377
vn 0.8861 -0.4590 0.0638
vn 0.6939 -0.7060 0.1415
vn -0.5816 0.7218 0.3751
vn -0.0000 -0.7071 0.7071
vn 0.6866 -0.7030 0.1854
vn 0.0001 -0.9669 0.2550
vn -0.7091 0.7051 -0.0062
vn 0.7213 0.6909 -0.0488
vn 0.7226 0.6775 -0.1372
vn 0.7091 0.7051 -0.0063
vn 0.5816 0.7219 0.3750
vn -0.0000 0.3384 0.9410
vn 0.7071 0.7071 -0.0000
vn 0.2403 0.8635 0.4435
vn 0.2676 0.9635 -0.0000
vn 0.5040 0.8637 -0.0000
vn 0.4494 0.7695 0.4538
vn -0.2545 0.9671 -0.0000
vn -0.2294 0.8671 0.4422
vn -0.4438 0.7720 0.4550
vn -0.4981 0.8671 -0.0000
vn 0.4927 -0.8702 -0.0000
vn 0.8736 -0.4866 -0.0000
vn -0.8671 -0.4981 -0.0000
vn -0.7721 -0.4438 0.4549
vn -0.4438 -0.7720 0.4550
vn -0.4981 -0.8671 -0.0000
vn -0.8702 0.4927 -0.0000
vn -1.0000 0.0069 -0.0000
vn 0.8702 0.4927 -0.0000
vn 0.4927 0.8702 -0.0000
vn 0.4927 0.8702 -0.0003
vn 1.0000 0.0069 -0.0000
vn -0.3695 -0.6350 0.6784
vn -0.6364 -0.3689 0.6774
vn -0.6943 -0.4056 0.5946
vn -0.4064 -0.6920 0.5967
vn 0.8671 -0.4981 -0.0000
vn 0.7720 -0.4439 0.4549
vn 0.8902 0.0060 0.4555
vn 1.0000 0.0068 -0.0000
vn 0.7695 0.4493 0.4538
vn 0.8637 0.5040 -0.0000
vn 0.0069 -1.0000 -0.0000
vn 0.0060 -0.8902 0.4555
vn 0.0068 -1.0000 -0.0000
vn -0.7341 0.0038 0.6790
vn -0.8017 0.0034 0.5978
vn 0.0057 -0.7342 0.6789
vn -1.0000 0.0068 0.0004
vn -0.8903 0.0060 0.4554
vn 0.3716 -0.6363 0.6760
vn 0.4077 -0.6951 0.5921
vn 0.6942 -0.4057 0.5946
vn 0.6364 -0.3689 0.6774
vn 0.6928 0.4086 0.5942
vn 0.6349 0.3722 0.6771
vn 0.7341 0.0037 0.6791
vn 0.8017 0.0032 0.5977
vn 0.3723 0.6349 0.6770
vn 0.2034 0.7185 0.6651
vn -0.8736 -0.4866 -0.0000
vn -0.4866 -0.8736 -0.0000
vn 0.2425 0.9701 -0.0000
vn 0.4493 -0.7695 0.4538
vn 0.5040 -0.8637 -0.0000
vn -0.8637 0.5040 -0.0000
vn -0.7695 0.4493 0.4538
vn 0.4086 0.6928 0.5942
vn -0.0065 -0.8016 0.5979
vn 0.2232 0.7811 0.5832
vn -0.3689 0.6365 0.6773
vn -0.4056 0.6943 0.5946
vn -0.6928 0.4086 0.5942
vn -0.6348 0.3721 0.6771
vn -0.1961 0.7201 0.6656
vn -0.2159 0.7831 0.5832
vn -0.4866 0.8736 -0.0003
vn -0.4866 0.8736 -0.0000
vn -0.2290 0.9734 -0.0000
vn -0.2079 0.7791 0.5914
vn -0.2578 0.9660 0.0216
vn -0.0001 0.9998 0.0213
vn 0.0004 0.8065 0.5912
vn 0.2578 0.9660 0.0217
vn 0.2079 0.7791 0.5913
vn 0.4996 0.8660 0.0219
vn 0.4029 0.6980 0.5921
vn 0.8066 -0.0005 0.5912
vn 0.7790 0.2079 0.5915
vn 0.9660 0.2578 0.0216
vn 0.9998 0.0002 0.0213
vn -0.5705 0.5699 0.5913
vn -0.6979 0.4028 0.5922
vn -0.8660 0.4996 0.0219
vn -0.7070 0.7069 0.0216
vn 0.6978 0.4029 0.5922
vn 0.8659 0.4998 0.0216
vn -0.4029 -0.6978 0.5922
vn 0.0229 0.0395 0.9990
vn 0.0177 0.0423 0.9989
vn -0.3083 -0.7483 0.5874
vn -0.0118 -0.0432 0.9990
vn -0.0001 -0.0434 0.9991
vn 0.0432 -0.0118 0.9990
vn 0.0434 0.0001 0.9991
vn -0.8065 -0.0004 0.5912
vn -0.7791 0.2080 0.5914
vn -0.0229 0.0395 0.9990
vn -0.0118 0.0432 0.9990
vn -0.2100 0.7850 0.5827
vn -0.4070 0.7037 0.5824
vn 0.0394 0.0228 0.9990
vn 0.0432 0.0118 0.9990
vn 0.7850 0.2100 0.5827
vn 0.7037 0.4070 0.5824
vn 0.0394 -0.0228 0.9990
vn 0.0324 -0.0323 0.9990
vn 0.5747 -0.5748 0.5825
vn 0.7037 -0.4070 0.5823
vn 0.7013 -0.7013 0.1279
vn 0.8588 -0.4962 0.1278
vn 0.4070 0.7037 0.5823
vn 0.5748 0.5747 0.5825
vn 0.7013 0.7013 0.1279
vn 0.4962 0.8588 0.1278
vn -0.4962 0.8588 0.1277
vn -0.7013 0.7013 0.1279
vn -0.5747 0.5747 0.5825
vn -0.7791 -0.2079 0.5914
vn -0.0395 -0.0228 0.9990
vn -0.0323 -0.0324 0.9990
vn 0.5699 0.5706 0.5913
vn -0.0228 -0.0394 0.9990
vn 0.7849 -0.2104 0.5829
vn 0.8123 -0.0003 0.5832
vn -0.4071 -0.7038 0.5823
vn -0.2101 -0.7849 0.5829
vn 0.9580 -0.2568 0.1276
vn 0.9918 -0.0002 0.1276
vn 0.9581 0.2565 0.1276
vn -0.4962 -0.8588 0.1277
vn -0.2565 -0.9581 0.1275
vn 0.5705 -0.5699 0.5914
vn 0.4029 -0.6978 0.5922
vn -0.0324 0.0323 0.9990
vn 0.0324 0.0323 0.9990
vn -0.5748 -0.5747 0.5825
vn -0.7013 -0.7013 0.1279
vn 0.8588 0.4962 0.1277
vn 0.0118 -0.0432 0.9990
vn -0.7849 -0.2101 0.5829
vn -0.9581 -0.2565 0.1276
vn -0.8588 -0.4962 0.1278
vn -0.7037 -0.4069 0.5824
vn 0.0002 -0.8123 0.5833
vn 0.0002 -0.9918 0.1276
vn 0.2568 -0.9580 0.1276
vn 0.2102 -0.7849 0.5829
vn 0.2578 -0.9660 0.0217
vn 0.2079 -0.7792 0.5913
vn 0.4998 -0.8659 0.0217
vn 0.0228 -0.0395 0.9990
vn 0.4070 -0.7038 0.5823
vn 0.4962 -0.8588 0.1277
vn -0.4998 0.8659 0.0217
vn -0.4029 0.6978 0.5922
vn -0.6980 -0.4028 0.5921
vn -0.0394 0.0228 0.9990
vn -0.7037 0.4070 0.5823
vn -0.8588 0.4962 0.1278
vn 0.6979 -0.4028 0.5921
vn 0.8660 -0.4996 0.0219
vn 0.7070 -0.7069 0.0216
vn -0.3805 -0.9245 0.0218
vn -0.4998 -0.8659 0.0217
vn -0.0433 -0.0118 0.9990
vn 0.3121 0.7540 0.5780
vn -0.8123 0.0004 0.5832
vn -0.7849 0.2103 0.5829
vn -0.9580 0.2568 0.1276
vn -0.9918 0.0002 0.1276
vn -0.2565 0.9581 0.1276
vn -0.9660 0.2578 0.0216
vn -0.0431 0.0118 0.9990
vn -0.0434 -0.0000 0.9991
vn 0.7792 -0.2080 0.5913
vn -0.0002 -0.9998 0.0213
vn -0.1308 -0.9912 0.0210
vn -0.1055 -0.8012 0.5891
vn 0.0004 -0.8065 0.5912
vn -0.5706 -0.5698 0.5914
vn 0.0003 0.8123 0.5832
vn 0.0002 0.9918 0.1276
vn 0.3792 0.9166 0.1265
vn 0.1065 0.8068 0.5812
vn -0.0001 0.0434 0.9991
vn 0.0059 0.0442 0.9990
vn 0.9660 -0.2578 0.0217
vn 0.1301 0.9834 0.1265
vn -0.8660 -0.4996 0.0219
vn -0.9659 -0.2578 0.0217
vn 0.7069 0.7070 0.0216
vn -0.7069 -0.7069 0.0216
vn -0.9998 0.0002 0.0213
vn -0.8936 -0.2503 0.3725
vn -0.6759 -0.1928 0.7113
vn -0.6927 0.0028 0.7213
vn -0.9244 0.0034 0.3815
vn -0.8002 -0.4809 0.3585
vn -0.6273 -0.3768 0.6816
vn -0.8868 -0.2491 -0.3892
vn -0.7937 -0.4731 -0.3824
vn 0.7938 0.4731 -0.3822
vn 0.6560 0.6561 -0.3731
vn 0.6632 0.6632 0.3469
vn 0.8001 0.4808 0.3586
vn 0.4987 0.4987 -0.7089
vn 0.3480 0.5994 -0.7209
vn 0.4731 0.7938 -0.3822
vn -0.6560 -0.6561 -0.3731
vn -0.5994 -0.3480 -0.7208
vn -0.4987 -0.4987 -0.7089
vn -0.4730 -0.7938 -0.3823
vn -0.3480 -0.5994 -0.7209
vn -0.1776 -0.6493 -0.7395
vn -0.2483 -0.8867 -0.3899
vn 0.0035 -0.9181 -0.3963
vn 0.2517 -0.8857 -0.3901
vn 0.2536 -0.8927 0.3726
vn 0.0034 -0.9244 0.3815
vn -0.4808 -0.8002 0.3585
vn -0.6632 -0.6632 0.3469
vn 0.9182 -0.0035 -0.3962
vn 0.8867 0.2483 -0.3900
vn 0.8936 0.2504 0.3725
vn 0.9243 -0.0034 0.3816
vn -0.4731 0.7937 -0.3823
vn -0.4809 0.8002 0.3584
vn -0.2504 0.8936 0.3725
vn -0.2483 0.8868 -0.3898
vn 0.4731 -0.7938 -0.3823
vn 0.4809 -0.8002 0.3585
vn -0.9181 0.0039 -0.3963
vn -0.8926 0.2536 0.3727
vn -0.8856 0.2509 -0.3907
vn -0.8002 0.4809 0.3585
vn -0.7938 0.4731 -0.3823
vn -0.2503 -0.8936 0.3725
vn -0.6632 0.6632 0.3469
vn -0.6561 0.6560 -0.3731
vn 0.4807 0.8002 0.3585
vn 0.2516 0.8857 -0.3901
vn 0.2536 0.8926 0.3727
vn 0.7938 -0.4731 -0.3822
vn 0.8857 -0.2517 -0.3901
vn 0.8926 -0.2536 0.3727
vn 0.8002 -0.4807 0.3585
vn -0.1095 0.9187 0.3796
vn -0.1114 0.9123 -0.3940
vn 0.6632 -0.6632 0.3468
vn 0.6561 -0.6560 -0.3731
vn 0.1185 0.9117 -0.3934
vn 0.1162 0.9182 0.3788
vn -0.4987 0.4987 -0.7089
vn -0.5994 0.3480 -0.7209
vn -0.6501 -0.1794 -0.7384
vn -0.0859 0.6656 -0.7414
vn -0.1776 0.6493 -0.7395
vn 0.1807 0.6487 -0.7393
vn 0.6493 0.1776 -0.7395
vn 0.5994 0.3480 -0.7209
vn 0.1807 -0.6487 -0.7393
vn 0.0031 -0.6678 -0.7443
vn 0.6273 -0.3767 0.6816
vn 0.6755 -0.1955 0.7110
vn 0.4987 -0.4987 -0.7089
vn 0.5994 -0.3480 -0.7209
vn 0.3480 -0.5994 -0.7209
vn -0.3480 0.5994 -0.7209
vn 0.6678 -0.0031 -0.7443
vn 0.6487 -0.1807 -0.7393
vn 0.5276 0.5276 0.6658
vn 0.3768 0.6273 0.6816
vn -0.5276 -0.5276 0.6659
vn -0.6679 -0.0040 -0.7442
vn 0.6273 0.3767 0.6816
vn 0.6760 0.1927 0.7113
vn -0.3768 -0.6272 0.6816
vn 0.5276 -0.5276 0.6658
vn 0.3767 -0.6273 0.6816
vn 0.1955 -0.6754 0.7110
vn -0.1927 0.6759 0.7113
vn -0.0837 0.6905 0.7185
vn -0.6755 0.1955 0.7110
vn -0.6272 0.3768 0.6816
vn -0.5276 0.5276 0.6658
vn -0.3768 0.6272 0.6816
vn 0.1955 0.6755 0.7110
vn 0.0028 -0.6927 0.7212
vn -0.1927 -0.6760 0.7113
vn 0.6927 -0.0028 0.7213
vn -0.6480 0.1789 -0.7403
vn 0.0917 0.6648 -0.7414
vn 0.0890 0.6898 0.7185
vn 0.0010 0.0070 1.0000
vn 0.6810 0.0053 0.7323
vn 0.6793 0.1849 0.7102
vn 0.0001 0.2518 0.9678
vn 0.0018 0.8213 0.5705
vn 0.6734 0.5315 0.5139
vn 0.6719 0.6723 0.3108
vn 0.0009 0.9108 0.4128
vn 0.0031 -0.7790 -0.6270
vn -0.0001 -0.7793 -0.6267
vn -0.0009 -0.7386 -0.6742
vn 0.1039 -0.7185 -0.6877
vn 0.6783 -0.1782 0.7129
vn 0.0006 -0.2433 0.9699
vn 0.9069 -0.3245 -0.2688
vn 0.7648 -0.4552 -0.4560
vn 0.9132 0.3507 -0.2077
vn 0.9087 0.3038 -0.2863
vn 0.9132 -0.3570 -0.1965
vn 0.2824 -0.7529 -0.5944
vn 0.3033 0.7231 -0.6205
vn 0.1169 0.6828 -0.7212
vn 0.7750 0.4234 -0.4692
vn 0.0003 0.7512 -0.6601
vn -0.0000 0.7078 -0.7064
vn 0.0001 0.7053 -0.7089
vn -0.0009 0.8366 -0.5479
vn 0.0016 0.8367 -0.5477
vn 0.0025 0.7353 -0.6777
vn -0.0006 0.7359 -0.6771
vn 0.9100 -0.4145 -0.0028
vn 0.2872 -0.9566 0.0497
vn 0.0070 -0.9742 -0.2256
vn 0.6892 -0.7048 -0.1681
vn 0.9109 0.0017 -0.4127
vn 0.8752 0.2643 -0.4052
vn -0.0005 -0.4883 0.8727
vn 0.6776 -0.3582 0.6422
vn -0.0016 -0.9965 0.0837
vn -0.0016 -0.9742 -0.2256
vn 0.6861 0.6089 -0.3981
vn 0.6984 0.5260 -0.4854
vn -0.0005 -0.7185 0.6956
vn -0.0003 -0.8191 0.5736
vn 0.5868 -0.7399 0.3290
vn 0.6684 -0.5355 0.5162
vn 0.3514 -0.8212 -0.4495
vn 0.6855 -0.6414 -0.3444
vn 0.6778 0.3604 0.6408
vn 0.0001 0.4909 0.8712
vn 0.0045 -0.8809 -0.4732
vn -0.0007 -0.8809 -0.4732
vn -0.0012 0.9534 -0.3016
vn 0.0052 0.9536 -0.3009
vn 0.6754 0.7054 -0.2149
vn -0.0017 -0.8770 -0.4805
vn -0.0010 -0.8920 -0.4519
vn 0.4642 -0.6545 -0.5968
vn -0.0010 0.8615 -0.5078
vn 0.3479 0.8090 -0.4738
vn -0.6889 0.0025 -0.7248
vn -0.7810 -0.0192 -0.6243
vn -0.9997 -0.0101 -0.0228
vn -0.9997 -0.0003 -0.0225
vn 0.6960 -0.5598 -0.4497
vn 0.8793 -0.2567 -0.4011
vn -0.9997 0.0096 -0.0234
vn -0.7817 0.0235 -0.6233
vn -0.0016 -0.7823 -0.6229
vn 0.6660 0.0027 -0.7459
vn 0.4563 0.6548 -0.6025
vn -0.0013 -0.9682 0.2501
vn -0.0006 0.9989 0.0473
vn 0.3053 0.9523 0.0030
vn 0.0174 -0.0163 -0.9997
vn 0.0179 0.0036 -0.9998
vn -0.0022 -0.7376 -0.6752
vn 0.6703 0.7394 -0.0638
vn -0.0013 0.8899 -0.4562
vn -0.6992 -0.0141 -0.7148
vn 0.0004 -0.0195 -0.9998
vn -0.5355 -0.0064 -0.8445
vn -0.5388 -0.0214 -0.8422
vn 0.0008 0.6015 0.7988
vn -0.0018 -0.0199 -0.9998
vn 0.0183 0.0234 -0.9996
vn -0.8387 0.4517 -0.3042
vn -0.8471 0.3843 -0.3671
vn -0.8407 0.2618 0.4739
vn -0.8390 0.3878 0.3816
vn -0.8366 -0.4794 -0.2653
vn -0.8387 -0.3883 0.3819
vn -0.8385 -0.2632 0.4771
vn -0.8468 -0.4086 -0.3404
vn -0.8308 0.4186 -0.3668
vn -0.8416 0.1670 -0.5136
vn -0.8473 0.0556 -0.5282
vn -0.8567 0.4005 -0.3251
vn -0.2480 0.8818 0.4010
vn -0.2460 0.6980 0.6726
vn -0.0037 0.7203 0.6936
vn -0.0021 0.9108 0.4128
vn -0.8381 0.4947 0.2297
vn -0.2372 -0.7533 -0.6135
vn -0.2342 -0.8553 -0.4622
vn -0.2375 0.2463 0.9396
vn -0.2413 0.4765 0.8454
vn -0.8388 0.1358 0.5273
vn 1.0000 -0.0007 -0.0072
vn 1.0000 -0.0008 -0.0097
vn 1.0000 -0.0007 -0.0097
vn 1.0000 -0.0006 -0.0069
vn -0.2506 0.2896 -0.9238
vn -0.8322 0.3138 -0.4572
vn -0.2401 0.5310 -0.8126
vn -0.2383 -0.2368 0.9419
vn -0.0005 -0.2440 0.9698
vn -0.0009 0.0068 1.0000
vn -0.2359 0.0072 0.9718
vn -0.2297 0.7242 -0.6502
vn -0.0158 0.7436 -0.6685
vn -0.0175 0.5500 -0.8350
vn -0.8615 -0.3780 -0.3390
vn -0.2396 -0.7193 -0.6521
vn -0.8348 0.5245 -0.1677
vn -0.2388 0.9266 -0.2904
vn -0.2345 0.8127 -0.5335
vn -0.2429 -0.6976 0.6741
vn -0.0014 -0.7189 0.6951
vn 0.0005 -0.4885 0.8726
vn -0.2384 -0.4757 0.8467
vn 1.0000 -0.0001 -0.0000
vn 1.0000 -0.0001 -0.0011
vn 1.0000 -0.0001 -0.0010
vn 1.0000 -0.0001 -0.0001
vn -0.8362 -0.4959 0.2341
vn -0.8384 -0.5429 0.0480
vn -0.2405 -0.9669 0.0851
vn -0.2442 -0.8797 0.4080
vn -0.0180 0.2991 -0.9540
vn -0.2352 -0.9474 -0.2172
vn 0.0030 -0.8807 -0.4737
vn 0.0055 -0.9743 -0.2251
vn -0.8363 -0.5338 -0.1253
vn -0.0027 0.7052 -0.7090
vn -0.0089 0.7538 -0.6571
vn -0.2371 0.7413 -0.6279
vn -0.2380 0.6885 -0.6850
vn -0.0006 -0.7389 -0.6738
vn -0.0008 -0.7785 -0.6276
vn 0.0012 0.7354 -0.6776
vn -0.2348 0.7122 -0.6615
vn -0.2552 -0.1014 -0.9616
vn -0.2548 0.0987 -0.9620
vn -0.0215 0.1029 -0.9945
vn -0.0229 -0.1042 -0.9943
vn -0.8670 -0.4048 -0.2906
vn -0.2374 -0.7796 -0.5796
vn -0.8374 0.5459 0.0285
vn -0.8336 -0.4509 -0.3190
vn -0.8442 -0.0574 -0.5329
vn -0.8374 -0.1305 0.5307
vn -0.8643 0.3614 -0.3499
vn -0.8387 0.0043 0.5446
vn -0.2443 0.9684 0.0499
vn 0.0019 0.9989 0.0466
vn 0.0034 0.9535 -0.3014
vn -0.0225 -0.3274 -0.9446
vn -0.2540 -0.3198 -0.9128
vn -0.0019 0.4906 0.8714
vn -0.0005 0.2524 0.9676
vn -0.2300 -0.7787 -0.5837
vn -0.0096 -0.7983 -0.6022
vn -0.0012 -0.7951 -0.6064
vn 0.0035 -0.9964 0.0848
vn -0.0010 -0.9079 0.4193
vn -0.8402 -0.1865 -0.5093
vn -0.2435 -0.5832 -0.7750
vn -0.8284 -0.3512 -0.4364
vn 0.0033 0.8364 -0.5481
vn -0.0195 -0.6015 -0.7986
vn 1.0000 -0.0002 0.0086
vn 1.0000 -0.0001 -0.0052
vn -0.7084 -0.7052 -0.0293
vn -0.6862 0.7269 -0.0282
vn -0.7071 0.7069 -0.0186
vn -0.7283 -0.6849 -0.0224
vn 0.7075 -0.7058 -0.0368
vn 1.0000 0.0007 -0.0008
vn 1.0000 0.0008 -0.0008
vn 0.6916 -0.7217 -0.0303
vn 0.0239 0.9990 -0.0385
vn 0.0240 0.9990 -0.0386
vn 0.4641 0.7263 0.5071
vn 0.0179 0.8193 0.5731
vn 0.0071 0.7251 0.6886
vn 0.4728 0.6469 0.5982
vn 0.3062 0.6926 0.6532
vn 0.3064 0.6905 0.6552
vn 0.2818 0.8674 0.4102
vn 0.2816 0.8685 0.4079
vn 0.1648 -0.7118 0.6827
vn 0.1654 -0.7096 0.6849
vn 0.1060 -0.8901 0.4432
vn 0.1057 -0.8909 0.4417
vn -0.0799 -0.8042 -0.5890
vn 0.0720 -0.8068 -0.5864
vn 0.1023 -0.9594 -0.2630
vn -0.0628 -0.9604 -0.2716
vn 0.3332 0.9304 0.1530
vn 0.3393 0.9230 -0.1813
vn 0.5237 0.8322 -0.1819
vn 0.5474 0.8272 0.1271
vn -0.0386 -0.1674 -0.9851
vn -0.1331 -0.1654 -0.9772
vn -0.1254 -0.1099 -0.9860
vn -0.0230 -0.1075 -0.9939
vn -0.0877 -0.5345 -0.8406
vn 0.0540 -0.5502 -0.8333
vn -0.0186 0.1048 -0.9943
vn 0.0154 -0.0784 -0.9968
vn 0.0296 -0.0810 -0.9963
vn 0.0083 0.0867 -0.9962
vn -0.0156 0.2958 -0.9551
vn 0.0129 0.4401 -0.8979
vn 0.0122 0.4368 -0.8995
vn -0.8957 0.4429 -0.0398
vn -0.8939 0.4451 -0.0537
vn -0.8987 0.4183 0.1318
vn -0.9021 0.4107 0.1324
vn -0.0458 -0.7436 0.6671
vn 0.2685 -0.7176 0.6426
vn 0.2785 -0.5559 0.7832
vn -0.0721 -0.5678 0.8200
vn 0.2064 0.8830 0.4215
vn 0.4148 0.7250 0.5499
vn 0.6607 0.7443 0.0971
vn 0.4317 0.9016 -0.0292
vn 0.4950 0.1981 0.8460
vn -0.1802 0.4107 0.8938
vn -0.2640 0.0948 0.9599
vn 0.4194 -0.0384 0.9070
vn 0.0746 0.6840 -0.7257
vn 0.0759 0.6880 -0.7217
vn 0.1412 0.8673 -0.4774
vn 0.1405 0.8656 -0.4806
vn 0.2960 -0.8733 0.3869
vn 0.2391 -0.7461 0.6215
vn 0.3655 -0.7048 0.6080
vn 0.3665 -0.8458 0.3878
vn 0.0432 -0.9871 0.1539
vn 0.0435 -0.9869 0.1554
vn -0.0167 -0.9879 -0.1543
vn -0.0169 -0.9877 -0.1557
vn 0.1111 -0.5099 0.8530
vn 0.0240 -0.8167 0.5766
vn 0.6607 -0.6755 0.3275
vn 0.6868 -0.4571 0.5651
vn 0.5783 0.5074 0.6389
vn 0.8337 0.5165 0.1951
vn 0.5795 0.0195 0.8147
vn -0.1311 -0.2658 0.9551
vn -0.1377 -0.4270 0.8937
vn 0.5890 -0.3810 0.7127
vn 0.9655 0.1962 0.1712
vn 0.8955 0.2079 0.3936
vn 0.9124 0.3081 0.2696
vn 0.9009 0.3753 0.2181
vn 0.4253 0.4486 -0.7860
vn 0.5638 0.5851 -0.5830
vn 0.3786 0.6465 -0.6623
vn 0.2814 0.4411 -0.8522
vn -0.0573 -0.6414 0.7650
vn -0.0887 -0.5490 0.8311
vn -0.2325 -0.3337 0.9136
vn -0.2291 -0.3611 0.9039
vn 0.2250 -0.4641 0.8567
vn 0.2259 -0.4595 0.8590
vn -0.7617 0.4006 0.5092
vn -0.7115 0.4722 0.5203
vn -0.6231 0.4024 0.6706
vn -0.6559 0.3600 0.6635
vn 0.9793 -0.1078 -0.1711
vn 0.9803 -0.1024 -0.1689
vn 0.9793 -0.1078 -0.1712
vn 0.4708 -0.0170 -0.8821
vn 0.4618 -0.0323 -0.8864
vn 0.4707 -0.0171 -0.8821
vn 0.9792 -0.1093 -0.1709
vn 0.9792 -0.1094 -0.1709
vn 0.9787 -0.1110 -0.1727
vn 0.9787 -0.1111 -0.1727
vn 0.0196 0.9648 0.2624
vn 0.0195 0.9647 0.2625
vn 0.0132 0.9659 0.2586
vn 0.0133 0.9659 0.2586
vn 0.0412 0.9843 -0.1714
vn -0.0615 0.9765 -0.2065
vn 0.2357 0.9545 -0.1826
vn 0.4547 0.8886 -0.0602
vn 0.1478 0.3500 -0.9250
vn 0.0885 0.5406 -0.8366
vn -0.0570 0.4733 -0.8791
vn 0.0483 0.3737 -0.9263
vn 0.4739 -0.0167 -0.8804
vn 0.4740 -0.0166 -0.8804
vn 0.4699 -0.0229 -0.8824
vn 0.4700 -0.0229 -0.8824
vn 0.7456 0.5381 0.3931
vn 0.4894 0.8387 0.2389
vn 0.2867 0.7788 0.5579
vn 0.6525 0.4996 0.5698
vn 0.4684 -0.5377 0.7011
vn 0.4497 -0.5681 0.6893
vn 0.4573 -0.4238 0.7819
vn 0.4679 -0.3985 0.7888
vn -0.1666 0.7279 -0.6651
vn -0.3438 0.5556 -0.7571
vn -0.5678 0.6370 -0.5214
vn -0.3683 0.8303 -0.4183
vn -0.6788 0.3139 0.6638
vn -0.7805 0.3373 0.5264
vn 0.7798 -0.3926 0.4875
vn 0.8469 -0.2918 0.4446
vn 0.9430 -0.3198 -0.0922
vn 0.8551 -0.4090 0.3186
vn 0.2291 -0.8807 0.4146
vn 0.3978 -0.8363 0.3773
vn 0.4531 -0.6788 0.5779
vn 0.5599 -0.8286 -0.0032
vn 0.5109 -0.8559 0.0797
vn 0.5117 -0.8546 0.0881
vn 0.9463 -0.0264 0.3223
vn 0.9674 -0.1453 0.2075
vn 0.9314 -0.1743 0.3196
vn 0.9233 -0.1046 0.3695
vn 0.4073 -0.8725 0.2699
vn 0.3690 -0.8898 0.2683
vn 0.2615 -0.8346 0.4849
vn 0.0963 0.2751 -0.9566
vn 0.4262 0.4627 -0.7773
vn 0.3862 0.5408 -0.7473
vn 0.2451 0.3055 -0.9201
vn 0.2044 -0.8775 0.4338
vn 0.0536 -0.7671 0.6392
vn 0.1213 -0.7510 0.6491
vn 0.5082 0.0577 0.8593
vn 0.5490 0.1933 0.8132
vn 0.5660 0.1782 0.8049
vn 0.5209 0.0483 0.8522
vn 0.4757 -0.2593 0.8405
vn 0.4732 -0.2426 0.8469
vn -0.0809 -0.5164 0.8525
vn -0.0891 -0.5187 0.8503
vn -0.1072 -0.4228 0.8999
vn 0.2938 -0.0832 0.9522
vn 0.4914 -0.0867 0.8666
vn 0.3145 0.0579 0.9475
vn 0.1937 0.2592 -0.9462
vn -0.0362 0.2429 -0.9694
vn 0.0276 0.1338 -0.9906
vn 0.2323 0.2793 -0.9317
vn 0.2486 -0.9287 0.2752
vn 0.3223 -0.9466 0.0051
vn 0.3100 -0.9507 0.0040
vn 0.2478 -0.9346 0.2551
vn 0.0845 -0.2399 0.9671
vn 0.0052 -0.1751 0.9845
vn 0.1186 -0.0637 0.9909
vn 0.3493 -0.0934 0.9324
vn 0.3078 -0.4745 -0.8247
vn 0.1979 -0.5524 -0.8097
vn 0.2303 -0.6300 -0.7417
vn 0.4931 -0.4251 -0.7590
vn 0.3771 0.2683 0.8865
vn 0.4412 0.3452 0.8283
vn 0.5220 -0.0012 0.8529
vn 0.4994 -0.1785 -0.8478
vn 0.5186 0.0545 -0.8533
vn 0.9556 -0.0911 -0.2802
vn 0.9522 -0.1238 -0.2794
vn 0.1384 -0.6975 -0.7031
vn 0.1343 -0.7816 -0.6091
vn 0.2539 -0.9013 -0.3511
vn 0.2427 -0.8513 -0.4653
vn 0.2086 0.1755 0.9621
vn 0.0329 0.0672 0.9972
vn 0.0373 0.2566 0.9658
vn 0.3887 -0.9164 0.0954
vn 0.3305 -0.9367 0.1156
vn 0.3413 -0.9398 -0.0167
vn 0.3950 -0.9185 0.0157
vn 0.4941 -0.2419 0.8351
vn 0.6459 -0.3311 0.6879
vn 0.7007 -0.0375 0.7125
vn 0.5212 -0.0078 0.8534
vn 0.4715 -0.6158 0.6312
vn 0.7634 -0.6170 0.1910
vn 0.9014 -0.3510 0.2535
vn -0.0353 -0.6450 0.7634
vn -0.0676 -0.6416 0.7641
vn 0.9976 0.0645 -0.0231
vn 0.9978 0.0621 -0.0216
vn 0.9954 0.0684 -0.0675
vn 0.9853 0.1677 -0.0334
vn 0.2926 -0.9182 -0.2670
vn 0.3215 -0.9265 -0.1957
vn 0.3101 -0.9505 -0.0187
vn 0.7072 -0.6217 0.3366
vn 0.6676 -0.5881 0.4566
vn 0.9455 0.3109 0.0964
vn 0.9337 0.2501 0.2563
vn 0.9317 0.2053 0.2997
vn 0.9219 0.3622 0.1376
vn -0.1532 -0.3538 -0.9227
vn -0.0184 -0.3757 -0.9266
vn -0.1750 -0.5215 -0.8351
vn 0.4442 -0.8931 0.0713
vn 0.5656 -0.8247 -0.0005
vn 0.5194 -0.8498 -0.0897
vn -0.1702 0.3982 -0.9014
vn -0.1241 0.4230 -0.8976
vn -0.2625 0.5650 -0.7823
vn -0.3185 0.4785 -0.8183
vn 0.6469 -0.7423 -0.1749
vn 0.6553 -0.7541 0.0445
vn 0.7917 -0.6108 -0.0052
vn 0.9943 0.0583 -0.0893
vn 0.7257 0.1280 -0.6760
vn 0.7179 -0.0106 -0.6961
vn 0.9742 -0.0490 -0.2201
vn -0.2711 0.3263 -0.9056
vn -0.1041 0.2899 -0.9514
vn -0.1049 0.3078 -0.9456
vn -0.2659 0.3415 -0.9015
vn 0.1603 -0.9831 0.0886
vn 0.3036 -0.9504 0.0671
vn 0.2148 0.3124 -0.9254
vn -0.0389 0.3997 -0.9158
vn 0.2761 -0.9530 0.1244
vn 0.5775 -0.7584 0.3022
vn 0.1314 -0.9021 0.4109
vn 0.3047 0.8399 -0.4491
vn 0.2337 0.6810 -0.6940
vn 0.3251 0.6183 -0.7156
vn 0.4483 0.7663 -0.4603
vn 0.5496 0.8286 0.1068
vn 0.4636 0.8504 0.2488
vn 0.2399 0.9673 0.0825
vn 0.2522 0.9626 -0.0985
vn -0.7808 0.3122 0.5412
vn -0.8374 0.3341 0.4326
vn -0.8361 0.3572 0.4163
vn 0.4239 -0.8995 -0.1063
vn 0.3235 -0.9348 0.1464
vn 0.5535 -0.4352 -0.7101
vn 0.6744 -0.4005 -0.6203
vn 0.4580 -0.5023 -0.7334
vn 0.3639 -0.5058 -0.7822
vn -0.1294 0.5634 0.8160
vn 0.5725 0.5283 0.6271
vn 0.9952 -0.0760 -0.0623
vn 0.9994 -0.0005 -0.0335
vn 0.9994 -0.0017 -0.0341
vn 0.9949 -0.0785 -0.0629
vn 0.1059 -0.2878 0.9518
vn -0.2061 -0.2616 0.9429
vn -0.2360 -0.2437 0.9407
vn -0.6921 0.2726 0.6684
vn -0.6502 0.2336 0.7230
vn -0.6889 0.2191 0.6910
vn -0.6650 0.2462 0.7051
vn -0.6613 0.2442 0.7092
vn -0.4966 0.4801 -0.7231
vn -0.4893 0.5587 -0.6696
vn -0.1816 0.5398 -0.8220
vn -0.1594 0.4039 -0.9008
vn -0.2071 0.6692 0.7136
vn -0.3530 0.7335 0.5808
vn -0.3246 0.8681 0.3756
vn -0.0050 0.7450 0.6670
vn 0.5774 0.4519 -0.6800
vn 0.3408 0.4419 -0.8298
vn 0.1878 0.0640 -0.9801
vn 0.3608 -0.0224 -0.9324
vn 0.6829 -0.5949 -0.4240
vn 0.8534 -0.4172 -0.3125
vn 0.4097 0.9072 0.0957
vn 0.8061 0.5917 -0.0099
vn 0.7149 0.6570 -0.2393
vn 0.2056 0.9573 -0.2031
vn -0.0360 0.2665 -0.9632
vn 0.0088 0.2497 -0.9683
vn 0.0022 0.4710 -0.8821
vn -0.0719 0.4547 -0.8877
vn -0.2983 -0.2744 0.9142
vn -0.1754 -0.3047 0.9362
vn -0.1564 -0.2300 0.9605
vn -0.3094 -0.2319 0.9222
vn -0.1093 -0.2211 0.9691
vn -0.0887 -0.2396 0.9668
vn -0.0448 0.0353 0.9984
vn -0.0607 -0.0005 0.9982
vn 0.8998 0.3506 0.2596
vn 0.9018 0.3058 0.3053
vn 0.9413 0.1985 0.2731
vn 0.8642 0.4406 0.2430
vn 0.4158 -0.8500 -0.3236
vn 0.6426 -0.7395 -0.2003
vn 0.5506 -0.8301 0.0882
vn 0.2847 -0.9581 -0.0328
vn 0.0979 -0.5080 -0.8558
vn 0.0808 -0.5997 -0.7961
vn 0.1474 -0.6228 -0.7684
vn -0.0106 0.0086 -0.9999
vn 0.0875 0.0256 -0.9958
vn 0.0840 -0.0957 -0.9919
vn 0.2128 0.4619 -0.8610
vn -0.0899 0.2538 -0.9631
vn -0.0610 0.4471 -0.8924
vn 0.4618 -0.0360 -0.8862
vn 0.4598 -0.0370 -0.8872
vn 0.4598 -0.0370 -0.8873
vn 0.4618 -0.0361 -0.8862
vn -0.1344 0.9659 -0.2213
vn -0.0751 0.8681 -0.4907
vn 0.1175 0.8799 -0.4605
vn 0.1015 0.9751 -0.1974
vn 0.3162 -0.9486 0.0139
vn 0.3171 -0.8834 -0.3450
vn 0.3230 -0.8920 -0.3163
vn 0.2831 0.6961 0.6598
vn 0.2701 0.7023 0.6587
vn 0.2699 0.7024 0.6586
vn 0.2829 0.6962 0.6597
vn -0.8864 0.4607 -0.0449
vn -0.7666 0.5066 -0.3945
vn -0.8082 0.4832 -0.3367
vn 0.2605 -0.7428 -0.6167
vn 0.2510 -0.7695 -0.5872
vn 0.3081 -0.9043 -0.2954
vn 0.4635 -0.0287 -0.8856
vn 0.4635 -0.0288 -0.8856
vn 0.2681 0.7056 0.6559
vn 0.2730 0.7055 0.6540
vn 0.2730 0.7056 0.6539
vn 0.2682 0.7056 0.6559
vn 0.7565 0.5091 0.4106
vn 0.7715 0.5046 0.3876
vn 0.8674 0.2963 0.3998
vn 0.8644 0.2741 0.4215
vn 0.0111 0.9666 0.2561
vn 0.0110 0.9665 0.2562
vn 0.0094 0.9672 0.2539
vn 0.0094 0.9672 0.2540
vn -0.5687 -0.0935 0.8172
vn -0.4025 -0.1929 0.8948
vn -0.5177 -0.1608 0.8403
vn 0.4751 -0.0125 -0.8799
vn 0.4751 -0.0124 -0.8799
vn 0.2730 0.7089 0.6503
vn 0.2731 0.7089 0.6503
vn 0.2632 0.7180 0.6443
vn 0.2633 0.7180 0.6443
vn 0.0079 0.9679 0.2514
vn 0.0079 0.9678 0.2514
vn 0.0118 0.9680 0.2507
vn 0.4260 0.7474 0.5098
vn 0.4248 0.8451 0.3245
vn 0.5982 0.7797 0.1849
vn 0.6132 0.7221 0.3201
vn 0.1081 -0.8465 0.5214
vn 0.1134 -0.8528 0.5097
vn 0.2332 -0.9250 0.3000
vn -0.6428 0.4721 -0.6033
vn -0.4777 0.3968 -0.7838
vn -0.5109 0.4085 -0.7564
vn -0.7647 0.4619 -0.4493
vn 0.5665 -0.8236 0.0271
vn 0.5972 -0.7780 0.1952
vn -0.0260 0.3243 -0.9456
vn 0.0250 0.2942 -0.9554
vn 0.2489 -0.9279 -0.2776
vn 0.3589 -0.9328 -0.0330
vn 0.3517 -0.9313 -0.0948
vn -0.0180 -0.3513 -0.9361
vn 0.0108 -0.2561 -0.9666
vn -0.0218 -0.0942 -0.9953
vn -0.0561 -0.2075 -0.9766
vn 0.7279 0.6762 0.1142
vn 0.8061 0.5169 0.2881
vn 0.7464 0.5021 0.4369
vn 0.5697 0.7337 0.3703
vn -0.6741 0.2531 0.6939
vn -0.6479 0.2764 0.7099
vn -0.6223 0.3324 0.7087
vn -0.6890 0.2856 0.6661
vn 0.1073 -0.8202 0.5619
vn 0.2381 -0.9183 0.3163
vn 0.1100 -0.8440 0.5249
vn -0.7582 -0.6408 -0.1207
vn -0.5455 -0.6505 -0.5285
vn -0.4493 -0.7627 -0.4653
vn -0.6254 -0.7496 -0.2169
vn 0.1631 -0.4857 -0.8588
vn 0.2434 -0.6985 -0.6729
vn 0.2425 -0.6956 -0.6763
vn 0.1719 -0.4763 -0.8623
vn -0.7847 0.5100 0.3523
vn -0.8527 0.4973 0.1601
vn -0.8623 0.4678 0.1937
vn 0.9506 0.2975 0.0887
vn 0.4473 -0.6887 0.5707
vn 0.4139 -0.8303 0.3732
vn -0.2814 -0.0671 0.9572
vn -0.3478 0.2119 0.9133
vn -0.1480 0.2577 0.9548
vn -0.1283 -0.0331 0.9912
vn -0.0580 -0.8926 -0.4470
vn -0.0579 -0.8933 -0.4457
vn -0.1817 -0.7953 -0.5784
vn -0.1537 -0.9525 -0.2629
vn -0.3930 -0.0788 0.9162
vn -0.5034 0.0857 0.8598
vn -0.4906 0.1041 0.8652
vn -0.3887 -0.0699 0.9187
vn -0.1083 -0.6991 -0.7068
vn 0.5120 -0.5900 -0.6243
vn 0.5366 -0.7222 -0.4364
vn -0.0608 -0.8864 -0.4590
vn -0.0101 0.6925 0.7213
vn -0.2600 0.5792 0.7726
vn -0.2870 0.5434 0.7889
vn -0.0565 0.6482 0.7594
vn 0.3361 0.8816 -0.3313
vn 0.6188 0.7604 -0.1971
vn 0.0525 0.9901 -0.1300
vn 0.3021 0.9533 -0.0000
vn 0.0876 0.9957 -0.0300
vn 0.0525 0.9753 -0.2143
vn 0.5238 -0.8512 0.0340
vn 0.4897 -0.8715 -0.0262
vn 0.3780 -0.8692 -0.3189
vn 0.5718 -0.7828 -0.2453
vn 0.6451 -0.7041 -0.2968
vn 0.5121 -0.7509 -0.4170
vn 0.5563 -0.8183 -0.1444
vn 0.5834 -0.8100 -0.0589
vn -0.0267 0.7052 -0.7085
vn 0.0797 0.4660 -0.8812
vn 0.1077 0.7133 -0.6926
vn 0.2466 -0.9126 0.3262
vn 0.3088 -0.9286 0.2059
vn 0.3808 -0.9097 0.1655
vn 0.3006 -0.9010 0.3129
vn -1.0000 0.0035 -0.0029
vn -0.9999 -0.0119 -0.0041
vn -0.9999 0.0097 -0.0039
vn -0.9999 0.0096 -0.0036
vn 0.0197 0.1309 -0.9912
vn 0.5571 0.2794 -0.7820
vn -0.0781 0.4531 -0.8880
vn -0.0361 0.7005 -0.7127
vn 0.5933 0.4732 -0.6511
vn 0.1278 -0.0062 0.9918
vn 0.1437 -0.3155 0.9380
vn -0.0670 -0.3447 0.9363
vn 0.3751 0.8106 -0.4498
vn -0.0957 0.8827 -0.4601
vn -0.0504 0.6649 -0.7452
vn -0.0434 -0.6354 0.7710
vn -0.0628 -0.6537 0.7542
vn 0.0684 0.2743 -0.9592
vn 0.1394 -0.7860 0.6023
vn 0.0282 -0.6080 0.7935
vn 0.1850 -0.5731 0.7983
vn 0.3560 -0.5341 0.7668
vn 0.9595 -0.0544 0.2765
vn 0.3984 -0.9106 -0.1101
vn 0.5153 -0.7871 -0.3391
vn 0.7713 -0.6301 -0.0901
vn 0.7066 -0.7023 0.0868
vn -0.6173 0.3107 0.7228
vn -0.5688 0.2893 0.7699
vn -0.5744 0.2486 0.7799
vn -0.1121 0.0032 -0.9937
vn -0.7944 0.6073 0.0096
vn -0.8660 0.4992 -0.0292
vn -0.7578 0.5147 -0.4010
vn -0.7102 0.6191 -0.3351
vn 0.9976 -0.0623 -0.0289
vn 0.9772 0.2061 -0.0515
vn 0.9354 0.2433 0.2564
vn -0.3012 0.9073 -0.2934
vn -0.3226 0.7868 -0.5261
vn -0.1720 0.9467 -0.2724
vn -0.0492 0.9935 -0.1025
vn 0.0313 0.9933 -0.1112
vn 0.1863 0.9795 0.0770
vn -0.0479 -0.1542 0.9869
vn -0.0645 -0.1175 0.9910
vn 0.2362 0.3279 -0.9147
vn 0.2169 0.2690 -0.9384
vn 0.6761 0.2418 0.6960
vn 0.2780 -0.4029 0.8720
vn -0.0910 -0.4122 0.9065
vn 0.0090 0.6090 0.7931
vn -0.0055 0.5387 0.8425
vn 0.6769 0.3275 0.6592
vn 0.6609 0.6108 0.4360
vn -0.2714 -0.2406 0.9319
vn -0.2848 -0.2260 0.9316
vn -0.1644 -0.3957 0.9035
vn -0.1421 -0.4084 0.9017
vn 0.7431 0.6674 0.0484
vn 0.7459 0.6400 0.1846
vn 0.6770 0.6976 0.2344
vn 0.6847 0.7236 0.0870
vn -0.5388 0.0464 0.8411
vn -0.4143 -0.1207 0.9021
vn 0.1976 -0.5144 -0.8345
vn 0.1541 -0.5470 -0.8229
vn 0.1648 -0.5240 -0.8356
vn 0.2183 -0.4472 -0.8674
vn 0.3274 -0.9441 0.0385
vn 0.3491 -0.9358 0.0488
vn 0.3005 -0.8869 -0.3508
vn 0.3051 -0.8795 -0.3653
vn 0.3500 -0.9353 0.0526
vn -0.1994 0.2569 -0.9457
vn -0.1665 -0.0397 -0.9852
vn -0.1336 0.0556 -0.9895
vn -0.1330 0.3168 -0.9391
vn -0.8979 0.4191 0.1348
vn -0.0248 0.5381 0.8425
vn -0.2258 0.5208 0.8233
vn -0.2791 0.3471 0.8953
vn -0.0625 0.3639 0.9293
vn -0.0345 0.7070 -0.7064
vn -0.1673 0.7110 -0.6830
vn 0.3946 -0.4480 0.8023
vn -0.2896 -0.4904 0.8220
vn -0.2304 -0.7443 0.6268
vn 0.4451 -0.6283 0.6380
vn 0.0813 -0.9547 0.2863
vn 0.0669 -0.9947 0.0778
vn 0.6144 -0.7884 -0.0313
vn 0.6488 -0.7527 0.1116
vn 0.7149 0.2075 -0.6677
vn 0.6629 -0.1910 -0.7240
vn 0.0646 0.1814 -0.9813
vn 0.0762 0.3585 -0.9304
vn 0.9891 0.0522 -0.1375
vn 0.9793 0.0491 -0.1964
vn -0.1564 -0.9792 0.1292
vn 0.0145 -0.9860 -0.1661
vn 0.1356 -0.9471 0.2909
vn 0.4485 -0.8823 0.1425
vn 0.3581 -0.8843 0.2995
vn 0.5000 -0.4043 -0.7658
vn -0.1312 -0.4439 -0.8864
vn -0.1356 -0.1527 -0.9789
vn 0.3586 0.1857 -0.9148
vn 0.8520 0.0517 -0.5211
vn 0.8480 -0.1823 -0.4977
vn 0.3507 -0.1317 -0.9272
vn -0.4953 0.4774 0.7258
vn -0.5960 0.4188 0.6851
vn 0.5999 -0.5979 -0.5317
vn 0.5541 -0.7771 -0.2986
vn 0.6674 -0.1336 0.7326
vn 0.9115 -0.1330 0.3891
vn 0.8876 0.4476 -0.1083
vn 0.6385 0.6878 -0.3454
vn 0.3637 0.8155 -0.4502
vn 0.5206 -0.7657 0.3778
vn 0.5224 -0.6251 0.5799
vn -0.1475 -0.7082 0.6904
vn -0.1484 -0.8968 0.4167
vn 0.6453 0.4512 0.6165
vn 0.5916 0.3973 0.7016
vn 0.3197 0.6659 0.6741
vn 0.4013 0.7029 0.5873
vn 0.0596 0.3615 0.9305
vn 0.0876 0.4847 0.8703
vn 0.0112 0.2816 0.9595
vn 0.7226 0.3417 -0.6009
vn 0.7121 0.5047 -0.4880
vn 0.6467 0.5791 -0.4965
vn 0.6500 0.3913 -0.6514
vn 0.6424 -0.7609 -0.0917
vn 0.7787 -0.5771 -0.2462
vn 0.6998 -0.5332 -0.4754
vn 0.0733 -0.0915 -0.9931
vn 0.0498 -0.0865 -0.9950
vn 0.0624 -0.1686 -0.9837
vn 0.0824 -0.1618 -0.9834
vn 0.1437 0.2681 -0.9526
vn 0.7230 0.6906 -0.0207
vn 0.6205 0.7648 -0.1733
vn 0.6512 0.6809 -0.3351
vn 0.7146 0.6491 -0.2608
vn 0.3694 -0.2875 0.8837
vn 0.3779 0.0042 0.9258
vn 0.4820 -0.1021 0.8702
vn 0.2460 -0.8999 0.3601
vn 0.1598 -0.6010 -0.7831
vn 0.4913 -0.4392 -0.7521
vn -0.7277 -0.2252 -0.6479
vn -0.9508 -0.1987 -0.2378
vn -0.9738 0.0963 -0.2058
vn -0.7584 0.0796 -0.6469
vn 0.6474 -0.3877 -0.6562
vn 0.8050 0.1172 0.5815
vn 0.7346 0.0338 0.6777
vn 0.9784 -0.1130 -0.1733
vn 0.9783 -0.1120 -0.1743
vn 0.9783 -0.1121 -0.1743
vn 0.9784 -0.1130 -0.1734
vn -0.0605 -0.6557 0.7526
vn -0.2321 -0.3802 0.8953
vn -0.2252 -0.3788 0.8977
vn 0.9731 0.0358 -0.2277
vn 0.6239 0.6264 -0.4674
vn -0.7484 0.1704 0.6410
vn -0.6628 0.1174 0.7395
vn -0.7001 0.0361 0.7131
vn 0.2738 0.7014 0.6581
vn 0.2737 0.7014 0.6581
vn 0.6586 -0.7212 0.2146
vn 0.9757 -0.1825 -0.1211
vn 0.9829 -0.1445 -0.1138
vn -0.1632 0.9184 -0.3603
vn 0.0553 0.9144 -0.4009
vn -0.5257 0.5653 -0.6357
vn -0.5146 0.4679 -0.7185
vn -0.3000 0.4015 -0.8653
vn -0.3715 -0.1005 0.9230
vn 0.1930 0.5073 0.8399
vn -0.1289 0.5012 0.8557
vn -0.0813 0.6963 0.7131
vn 0.2402 0.6804 0.6924
vn 0.7010 -0.3611 -0.6150
vn 0.3494 -0.3070 -0.8853
vn 0.3498 0.6855 -0.6386
vn 0.4359 -0.8979 0.0610
vn 0.4671 -0.8772 0.1108
vn 0.6138 -0.7795 0.1252
vn 0.5695 -0.8155 0.1031
vn 0.9336 0.2997 0.1966
vn 0.9433 0.0711 0.3243
vn 0.9418 0.1521 0.2997
vn -0.0381 0.3661 -0.9298
vn -0.0759 0.3285 -0.9415
vn -0.1572 0.3536 -0.9221
vn 0.6782 0.5907 0.4371
vn 0.7356 0.5524 0.3920
vn 0.7194 0.5073 0.4745
vn 0.6597 0.5462 0.5162
vn 0.5630 0.6114 -0.5560
vn 0.5403 -0.1228 -0.8325
vn 0.7921 0.0414 -0.6090
vn 0.7169 0.1311 -0.6848
vn 0.6547 0.1457 -0.7417
vn 0.6524 0.0054 -0.7578
vn -0.3520 -0.0911 0.9315
vn -0.3667 -0.1141 0.9233
vn -0.4805 0.1382 0.8660
vn -0.4465 0.1705 0.8784
vn 0.1606 0.4740 0.8657
vn -0.0871 -0.3220 -0.9427
vn -0.0330 -0.4653 -0.8845
vn -0.6550 0.6111 0.4444
vn -0.5118 0.6953 0.5046
vn -0.5288 0.5977 0.6026
vn -0.6328 0.5345 0.5603
vn -0.2963 0.1977 0.9344
vn -0.2824 0.0584 0.9575
vn -0.0834 0.0563 0.9949
vn -0.0821 0.2026 0.9758
vn -0.0290 0.0372 0.9989
vn 0.3073 -0.8789 -0.3647
vn -0.4379 -0.1524 0.8860
vn -0.5751 -0.0115 0.8180
vn 0.3357 0.4884 -0.8054
vn 0.8717 0.2645 -0.4126
vn 0.3128 -0.9495 0.0262
vn 0.1978 -0.8429 0.5005
vn 0.1453 -0.8528 0.5017
vn 0.0447 -0.9000 0.4336
vn -0.0949 -0.3884 -0.9166
vn -0.0452 -0.5245 -0.8502
vn 0.4697 -0.8789 0.0833
vn 0.4803 -0.8732 0.0827
vn -0.0924 -0.2508 0.9636
vn -0.2833 -0.2390 0.9288
vn -0.2784 -0.3948 0.8756
vn 0.0772 -0.1602 -0.9841
vn 0.1909 0.2763 -0.9419
vn -0.8141 0.4192 0.4019
vn -0.7553 0.5122 0.4089
vn 0.0451 0.8592 -0.5097
vn 0.9173 0.0713 0.3918
vn 0.9160 0.0345 0.3996
vn 0.8637 0.2754 0.4221
vn 0.2467 0.7167 0.6523
vn 0.4662 -0.0262 -0.8843
vn 0.2476 0.9620 0.1151
vn 0.2478 0.9618 0.1165
vn 0.2908 0.6925 0.6602
vn 0.2910 0.6924 0.6602
vn 0.9796 -0.1024 -0.1728
vn 0.4565 -0.0435 -0.8887
vn 0.9934 -0.1102 -0.0305
vn 0.8458 0.1896 -0.4986
vn -0.1376 -0.9881 0.0685
vn 0.5844 -0.8066 0.0884
vn 0.3707 -0.2533 0.8935
vn -0.3060 -0.2077 0.9291
vn 0.0064 -0.9834 -0.1813
vn 0.5715 -0.7900 -0.2219
vn -0.5086 0.4013 0.7618
vn -0.5658 0.3653 0.7392
vn 0.2859 0.6949 0.6598
vn 0.2858 0.6949 0.6599
vn 0.7461 0.5505 -0.3745
vn 0.7387 0.6541 -0.1630
vn 0.7324 0.4058 -0.5467
vn 0.5238 0.6720 0.5235
vn 0.5035 0.6168 0.6051
vn 0.0385 -0.7291 0.6833
vn -0.3481 0.6615 0.6643
vn -0.3726 0.4544 0.8091
vn -0.0866 0.6916 -0.7171
vn -0.1596 0.7123 -0.6835
vn -0.2170 0.4876 -0.8457
vn -0.1721 0.5139 -0.8404
vn -0.4051 0.8637 0.2999
vn -0.3397 0.9307 0.1355
vn -0.5836 0.8119 0.0141
vn -0.6198 0.7648 0.1757
vn 0.8876 0.3702 -0.2742
vn 0.9483 0.2581 -0.1846
vn -0.9998 -0.0180 -0.0028
vn -0.9999 -0.0123 -0.0029
vn -0.9999 -0.0125 -0.0029
vn -0.9998 -0.0175 -0.0028
vn -0.2336 -0.9214 -0.3105
vn -0.2576 -0.6788 -0.6877
vn -0.0604 -0.8147 -0.5767
vn 0.1576 0.9727 -0.1702
vn -0.0641 0.9600 0.2726
vn -0.2674 0.8033 -0.5322
vn -0.1545 0.6527 -0.7417
vn -0.5846 0.7611 -0.2811
vn -0.6570 0.7519 0.0549
vn -0.3655 -0.1119 0.9240
vn -0.4787 0.1069 0.8714
vn -0.4795 0.1159 0.8699
vn 0.0780 -0.7085 -0.7014
vn 0.0402 0.0665 -0.9970
vn 0.0536 0.2318 -0.9713
vn -0.0830 0.2992 -0.9506
vn -0.0898 0.1033 -0.9906
vn -0.0710 0.2482 -0.9661
vn -0.0800 0.6056 -0.7917
vn -0.4047 0.6223 -0.6701
vn 0.7796 -0.2213 -0.5859
vn 0.6348 -0.0260 -0.7722
vn 0.9742 -0.1759 -0.1417
vn 0.7417 0.6435 0.1891
vn 0.8210 0.5637 -0.0903
vn 0.9273 0.3740 0.0155
vn 0.8604 0.4522 0.2349
vn -0.7853 0.3859 0.4841
vn -0.7884 0.4174 0.4519
vn -0.7008 0.6817 0.2101
vn -0.6764 0.6956 0.2419
vn 0.5840 0.3272 0.7428
vn 0.4278 0.2640 0.8644
vn 0.4661 0.4648 0.7528
vn -0.6232 0.1791 0.7613
vn 0.4216 0.8751 0.2376
vn 0.6396 0.6853 0.3483
vn 0.6099 0.7116 0.3487
vn -0.1226 0.9844 -0.1259
vn 0.1321 0.9903 0.0420
vn 0.3535 0.1985 0.9141
vn 0.3942 0.3516 0.8491
vn 0.2799 -0.2391 0.9298
vn -0.0866 -0.0900 0.9922
vn -0.0169 0.8436 -0.5367
vn 0.0996 0.7816 -0.6158
vn 0.1987 -0.8113 0.5499
vn -0.0514 -0.6881 0.7238
vn 0.0243 -0.7962 0.6046
vn 0.1339 -0.5965 -0.7913
vn 0.1508 0.4363 -0.8871
vn -0.0324 0.7791 0.6260
vn 0.2787 0.7474 0.6031
vn -0.6794 -0.3654 -0.6363
vn -0.9025 -0.3491 -0.2521
vn 0.6432 0.7389 -0.2007
vn 0.6980 0.6782 -0.2299
vn 0.9528 -0.0204 0.3028
vn 0.9452 0.0814 0.3162
vn 0.9212 0.1710 0.3495
vn 0.3706 0.7471 -0.5518
vn 0.2181 0.5420 -0.8116
vn -0.4410 0.6857 -0.5790
vn 0.8568 0.2993 0.4200
vn 0.7404 0.5545 0.3799
vn 0.7486 0.5342 0.3927
vn -0.1031 -0.3095 0.9453
vn -0.1064 -0.3575 0.9278
vn -0.1319 0.9906 0.0354
vn 0.0321 0.9990 0.0305
vn 0.0134 0.9291 -0.3696
vn -0.1396 0.9230 -0.3585
vn -0.2434 -0.5449 0.8024
vn 0.0375 -0.2073 -0.9776
vn 0.0104 -0.0890 -0.9960
vn 0.5442 0.6825 -0.4879
vn 0.5292 -0.8476 0.0390
vn 0.5756 -0.8169 0.0367
vn -0.3070 0.7557 0.5785
vn 0.0725 0.8176 0.5712
vn 0.2597 0.6648 0.7004
vn 0.2960 -0.9445 0.1427
vn 0.9425 0.3234 -0.0842
vn 0.9793 0.1618 0.1218
vn -0.5542 0.2950 0.7783
vn 0.9682 -0.2154 -0.1274
vn 0.9582 -0.2442 -0.1491
vn 0.3467 0.8353 -0.4267
vn 0.0732 -0.7203 0.6897
vn -0.1750 -0.3848 0.9063
vn -0.1390 -0.4645 0.8746
vn 0.8196 0.5659 -0.0893
vn 0.6300 0.7706 -0.0966
vn 0.6983 0.6295 -0.3407
vn 0.8547 0.4790 -0.2002
vn 0.8760 0.4784 -0.0613
vn 0.9733 0.2228 0.0553
vn 0.8506 0.5125 0.1177
vn -0.1201 0.9456 -0.3024
vn 0.1270 -0.5235 -0.8425
vn 0.1055 -0.3772 -0.9201
vn 0.5297 -0.5771 -0.6216
vn 0.2775 -0.9038 -0.3258
vn 0.1646 -0.7731 -0.6125
vn 0.2293 -0.7201 -0.6549
vn 0.0899 -0.1565 -0.9836
vn -0.0864 0.2922 -0.9525
vn 0.0696 0.0464 -0.9965
vn -0.1897 -0.7241 0.6631
vn 0.6256 0.4523 0.6356
vn 0.5909 0.6136 -0.5238
vn -0.6838 0.3181 0.6566
vn -0.7866 0.3246 0.5252
vn -0.0551 -0.5551 0.8300
vn -0.1595 0.8081 0.5671
vn -0.1795 0.7157 0.6749
vn 0.2345 -0.8071 -0.5419
vn 0.1665 -0.5671 -0.8066
vn -0.1043 0.1157 -0.9878
vn -0.4518 0.8874 0.0914
vn -0.4858 0.8359 0.2555
vn -0.6658 0.7153 0.2123
vn 0.5399 -0.4398 -0.7177
vn 0.3669 -0.5053 -0.7810
vn -0.4004 0.5116 0.7602
vn -0.5659 0.3725 0.7355
vn 0.2496 0.3255 -0.9120
vn 0.0901 0.2951 -0.9512
vn 0.0735 0.3808 -0.9217
vn 0.2849 0.4018 -0.8703
vn -0.0451 -0.9963 0.0732
vn -0.0847 -0.4562 -0.8858
vn -0.0846 -0.4596 -0.8841
vn -0.0799 -0.7125 -0.6971
vn -0.0800 -0.7111 -0.6985
vn 0.3819 0.9033 0.1957
vn 0.5914 0.7426 0.3144
vn 0.5744 0.7643 0.2933
vn 0.3554 0.9191 0.1701
vn 0.6227 0.3087 0.7190
vn 0.2077 0.3753 -0.9033
vn 0.1249 0.1655 -0.9783
vn -0.4745 0.4450 0.7595
vn -0.0208 -0.5817 0.8131
vn -0.0219 -0.6161 0.7874
vn -0.1442 -0.4363 0.8882
vn 0.8817 0.3492 0.3173
vn 0.8711 0.4479 0.2012
vn -0.7830 0.1416 0.6056
vn -0.6992 -0.0298 0.7143
vn 0.1515 0.2790 0.9483
vn -0.6473 0.3834 0.6588
vn -0.7550 0.3825 0.5327
vn -0.7079 0.4485 0.5456
vn -0.5476 0.4717 0.6911
vn 0.2087 0.7094 0.6732
vn -0.1957 -0.2263 0.9542
vn -0.1900 -0.8458 0.4985
vn 0.4648 -0.8441 0.2673
vn -0.9996 0.0284 -0.0035
vn -0.9486 0.3146 0.0344
vn -0.9174 0.3677 -0.1525
vn -0.2773 -0.3058 0.9108
vn 0.7705 -0.4190 -0.4804
vn 0.6674 -0.4642 -0.5823
vn -0.5777 0.7162 0.3916
vn -0.5618 0.8236 0.0779
vn -0.1143 0.1615 -0.9802
vn -0.1787 -0.3672 0.9128
vn 0.1198 -0.4506 -0.8847
vn 0.0671 0.8424 -0.5347
vn 0.0595 0.9672 -0.2471
vn 0.2712 -0.7641 -0.5853
vn 0.3662 -0.8256 -0.4293
vn 0.2470 -0.7122 -0.6571
vn 0.6742 -0.4650 -0.5737
vn -0.0435 -0.5432 -0.8385
vn -0.0343 -0.4957 -0.8678
vn -0.7861 0.6120 -0.0864
vn -0.2780 -0.0873 0.9566
vn -0.0249 -0.5587 0.8290
vn -0.7361 0.5523 -0.3914
vn 0.2528 -0.7183 -0.6482
vn -0.0353 0.1190 -0.9923
vn -0.0668 0.2806 -0.9575
vn -0.0586 0.1463 -0.9875
vn 0.9330 0.0466 0.3569
vn -0.0356 -0.9113 0.4102
vn -0.1502 -0.8983 0.4130
vn -0.1371 -0.9875 0.0772
vn -0.6452 0.2773 0.7120
vn -0.6266 0.2667 0.7323
vn 0.2308 0.8441 0.4840
vn -0.0429 0.9875 0.1520
vn 0.0950 0.2048 -0.9742
vn 0.0969 -0.7102 0.6973
vn 0.4831 0.8748 0.0369
vn 0.4462 0.8388 -0.3120
vn -0.0736 -0.2399 0.9680
vn -0.8682 0.4748 0.1443
vn -0.6932 -0.0389 0.7197
vn -0.7897 0.1544 0.5938
vn -0.1093 0.9691 0.2212
vn -0.4003 0.9043 -0.1481
vn -0.3327 0.9142 -0.2312
vn 0.2729 -0.1647 0.9478
vn 0.2734 -0.1608 0.9484
vn -0.8674 0.4951 -0.0505
vn 0.1046 -0.7127 0.6936
vn 0.0758 0.6347 -0.7690
vn -0.1051 -0.4536 0.8850
vn 0.4988 0.2415 0.8324
vn -0.6694 0.4106 0.6191
vn 0.2110 -0.9347 -0.2860
vn 0.9156 0.0465 0.3995
vn 0.3019 0.1432 0.9425
vn 0.3021 0.1462 0.9420
vn 0.0484 -0.1733 -0.9837
vn 0.6763 0.4169 0.6073
vn 0.8096 -0.0355 0.5859
vn 0.4328 0.5890 0.6825
vn 0.8129 -0.4082 -0.4154
vn 0.2941 -0.4416 -0.8477
vn 0.4411 0.4972 0.7471
vn 0.5266 0.7982 0.2924
vn 0.2949 0.8947 0.3356
vn 0.9229 0.1293 0.3626
vn 0.2323 -0.8283 0.5099
vn 0.3677 -0.5044 0.7813
vn 0.5883 -0.7570 0.2843
vn 0.9333 -0.0652 0.3532
vn 0.2674 0.5947 -0.7581
vn 0.3664 0.5224 -0.7700
vn 0.6253 0.1976 -0.7550
vn 0.6651 -0.6377 -0.3887
vn 0.6728 -0.5497 -0.4951
vn 0.6959 -0.5000 -0.5154
vn 0.9505 -0.2806 -0.1337
vn -0.4917 -0.1772 0.8525
vn 0.2500 -0.8072 0.5348
vn -0.2708 -0.2717 0.9235
vn -0.2463 0.2163 -0.9447
vn -0.1353 0.0388 -0.9900
vn 0.8312 0.5073 -0.2272
vn 0.1728 -0.5352 -0.8268
vn 0.1666 -0.5082 -0.8450
vn 0.1204 -0.3920 -0.9120
vn 0.1254 -0.4177 -0.8999
vn -0.7395 0.3872 0.5507
vn 0.1004 0.9948 0.0176
vn -0.1596 0.9766 -0.1441
vn 0.1330 0.5701 0.8107
vn 0.2207 0.5513 0.8046
vn -0.5848 0.2088 0.7838
vn -0.8015 0.5927 0.0797
vn 0.7561 0.3426 -0.5576
vn 0.9794 0.1408 -0.1446
vn 0.8619 0.4060 -0.3037
vn 0.7180 0.6895 0.0956
vn -0.4145 -0.9083 -0.0571
vn 0.2295 -0.6793 -0.6971
vn 0.9958 -0.0866 -0.0281
vn 0.9966 -0.0481 0.0663
vn -0.3735 0.8940 -0.2474
vn 0.8316 0.5225 0.1883
vn 0.6996 0.6900 -0.1857
vn 0.9457 0.0277 0.3238
vn 0.9522 -0.1547 -0.2633
vn 0.9531 -0.1822 -0.2416
vn -0.2261 0.8476 -0.4801
vn 0.9693 -0.0092 -0.2456
vn 0.9621 -0.0599 -0.2659
vn 0.9445 -0.3247 -0.0495
vn 0.1946 0.9437 -0.2673
vn 0.1686 -0.4917 -0.8543
vn 0.1376 -0.3644 -0.9210
vn -0.2053 0.9704 0.1268
vn 0.7281 0.3168 -0.6079
vn 0.4848 -0.8654 -0.1263
vn 0.7397 -0.0674 0.6696
vn 0.9534 -0.2404 -0.1826
vn 0.9531 -0.2112 -0.2170
vn -0.4283 0.8342 -0.3473
vn -0.4985 0.8259 -0.2632
vn 0.3017 0.7249 -0.6193
vn 0.8616 0.4342 -0.2629
vn 0.1051 0.5115 -0.8529
vn -0.8148 0.3734 0.4434
vn -0.7996 -0.5978 0.0571
vn 0.5027 0.8383 0.2111
vn 0.6921 -0.5815 -0.4275
vn 0.6399 -0.4067 -0.6520
vn 0.8120 -0.1821 -0.5545
vn 0.4893 -0.2155 -0.8451
vn 0.7249 -0.6889 0.0039
vn 0.5263 0.7921 -0.3092
vn 0.7338 0.6505 -0.1958
vn 0.2818 0.8137 -0.5084
vn 0.7593 0.6488 0.0507
vn 0.1197 -0.7011 0.7029
vn 0.5639 -0.7415 -0.3635
vn 0.9179 -0.3129 0.2442
vn 0.1278 0.5388 0.8327
vn 0.0128 -0.1014 -0.9948
vn 0.1543 0.8426 0.5160
vn 0.9801 -0.1034 -0.1695
vn -1.0000 0.0090 -0.0019
vn -0.9999 0.0140 -0.0034
vn -1.0000 0.0094 -0.0019
vn -1.0000 -0.0059 -0.0016
vn -1.0000 -0.0058 -0.0016
vn 0.1333 -0.8351 -0.5337
vn 0.4088 0.4703 0.7821
vn 0.8190 -0.5733 -0.0239
vn -0.1185 0.3175 -0.9408
vn -1.0000 0.0001 -0.0020
vn -0.9999 0.0100 -0.0008
vn -1.0000 0.0036 -0.0017
vn -1.0000 0.0037 -0.0016
vn -0.9472 -0.3183 -0.0382
vn -0.9790 -0.2017 -0.0310
vn 0.7125 0.6999 0.0502
vn 0.0422 0.9982 0.0426
vn -0.7034 0.3806 -0.6004
vn 0.0460 0.8293 -0.5569
vn -0.0207 0.4599 0.8877
vn -0.0894 -0.4854 0.8697
vn 0.1719 -0.8732 -0.4561
vn -0.6609 0.6057 -0.4430
vn 0.3938 -0.5611 -0.7281
vn 0.6254 -0.4631 -0.6280
vn -0.8237 0.5515 -0.1316
vn -0.2979 0.4726 -0.8294
vn 0.9920 -0.0235 0.1238
vn 0.0095 0.9403 0.3402
vn 0.0592 0.9865 0.1526
vn -0.8311 0.3377 0.4419
vn 0.1345 -0.3617 -0.9225
vn 0.1204 -0.3720 -0.9204
vn 0.0570 0.9537 0.2952
vn 0.7265 0.5709 0.3825
vn 0.0881 0.9634 0.2532
vn -0.0751 -0.9744 -0.2120
vn -0.0453 -0.9667 -0.2520
vn 0.6203 -0.7841 0.0208
vn -0.6183 0.7848 0.0425
vn 0.3607 -0.2385 0.9017
vn 0.9792 -0.1084 -0.1716
vn 0.9792 -0.1084 -0.1715
vn -0.3538 0.3971 -0.8468
vn 0.1224 -0.3699 -0.9210
vn -1.0000 0.0075 -0.0010
vn 0.8701 -0.4150 -0.2660
vn 0.1989 0.9612 -0.1913
vn 0.1994 0.9615 -0.1889
vn -0.1778 -0.0942 -0.9796
vn -0.2225 0.2055 -0.9530
vn -0.5278 0.0557 -0.8475
vn -0.5092 -0.2150 -0.8334
vn -0.7927 0.5842 0.1744
vn -0.4699 0.3228 -0.8216
vn 0.0457 0.8785 -0.4755
vn 0.0121 0.9661 0.2580
vn 0.0122 0.9661 0.2579
vn 0.6683 -0.2639 -0.6955
vn -1.0000 -0.0091 -0.0027
vn 0.6581 -0.7105 -0.2491
vn -0.0524 -0.5887 -0.8067
vn -0.0166 -0.9570 -0.2897
vn -0.3443 -0.5840 -0.7351
vn 0.2878 0.8536 -0.4342
vn -0.4758 -0.3428 -0.8100
vn -0.1525 0.8867 0.4364
vn 0.8260 -0.5533 -0.1081
vn -0.0705 -0.1679 -0.9833
vn -0.0702 -0.1651 -0.9838
vn -0.1264 -0.9828 -0.1349
vn -0.1317 0.9633 0.2337
vn 0.0382 0.9710 0.2361
vn 0.3159 0.4386 0.8413
vn 0.3161 0.4450 0.8379
vn 0.0398 -0.1851 -0.9819
vn 0.0756 -0.7559 -0.6504
vn 0.0013 0.9704 0.2415
vn 0.1973 -0.6433 -0.7398
vn -0.2536 0.9182 0.3043
vn 0.9741 -0.1334 -0.1825
vn 0.2466 -0.5873 -0.7709
vn 0.1155 0.9697 0.2154
vn 0.6467 -0.2759 -0.7111
vn 0.0096 0.9666 0.2561
vn 0.0096 0.9666 0.2560
vn 0.2534 0.7584 0.6006
vn 0.5181 -0.1572 0.8408
vn 0.0820 0.7341 0.6741
vn -0.0578 -0.0092 -0.9983
vn 0.0328 0.9827 0.1824
vn 0.1472 0.8431 0.5173
vn 0.3096 0.8853 0.3470
vn 0.3095 0.8852 0.3472
vn 0.2894 0.9499 0.1177
vn -0.0910 0.8386 0.5370
vn -0.2665 0.8852 0.3813
vn 0.0121 0.9649 0.2624
vn 0.0120 0.9649 0.2624
vn -0.0192 -0.9614 -0.2745
vn -0.0242 -0.9663 -0.2565
vn -0.0121 -0.9649 -0.2624
vn -0.2867 0.9460 0.1510
vn -0.2867 0.9461 0.1507
vn -0.9493 0.0935 -0.3002
vn -0.7903 0.6027 -0.1102
vn -0.7943 0.4730 0.3813
vn -0.9551 -0.0667 0.2887
vn -0.5677 0.2532 -0.7833
vn -0.9464 0.1005 -0.3070
vn -0.9104 0.3444 -0.2293
vn -0.5581 0.4704 -0.6836
vn -0.0121 0.4584 0.8886
vn -0.0058 0.3146 0.9492
vn -0.4962 0.3647 0.7879
vn -0.4293 0.5010 0.7515
vn -0.0118 -0.0029 0.9999
vn -0.5790 0.0549 0.8134
vn 0.4436 0.8069 -0.3900
vn 0.5088 0.6939 -0.5096
vn 0.7010 0.6264 -0.3411
vn 0.6194 0.7434 -0.2524
vn 0.7975 0.4409 0.4119
vn 0.6903 0.5970 0.4088
vn 0.7492 0.6339 0.1921
vn 0.8539 0.4940 0.1639
vn 0.8986 0.1046 -0.4261
vn -0.4386 0.2409 -0.8658
vn -0.4387 0.2409 -0.8658
vn 0.8986 0.1046 -0.4260
vn 0.5709 -0.2221 0.7904
vn 0.4882 0.3424 0.8028
vn 0.9417 -0.0991 0.3216
vn 0.0148 0.5195 -0.8543
vn 0.0175 0.3186 -0.9477
vn -0.6017 -0.2026 0.7726
vn 0.0249 0.7432 -0.6686
vn 0.0267 0.8494 -0.5271
vn -0.4034 0.8229 -0.4000
vn -0.4787 0.7127 -0.5129
vn 0.4210 0.5032 0.7547
vn 0.5524 0.0365 0.8328
vn 0.9151 0.1584 0.3708
vn 0.9707 0.2269 0.0797
vn 0.9447 -0.0921 0.3147
vn 0.9999 -0.0063 0.0138
vn 0.8231 0.1871 -0.5361
vn 0.6014 0.2591 -0.7558
vn 0.5852 0.4614 -0.6668
vn 0.7945 0.3868 -0.4682
vn -0.0063 -0.9681 -0.2505
vn -0.8986 -0.1046 0.4262
vn -0.8986 -0.1047 0.4261
vn -0.3252 -0.2443 0.9135
vn 0.3252 0.2443 -0.9135
vn 0.8987 0.1045 -0.4259
vn -0.5951 -0.1590 0.7878
vn -0.0231 -0.2173 0.9758
vn 0.4386 -0.2408 0.8658
vn -0.4387 0.2410 -0.8657
vn -0.9456 0.0964 -0.3109
vn 0.9456 -0.0964 0.3108
vn 0.4387 -0.2409 0.8658
vn 0.4387 -0.2411 0.8657
vn 0.5684 -0.2097 0.7956
vn -0.8985 -0.1046 0.4262
vn -0.9456 0.0964 -0.3108
vn 0.4386 -0.2409 0.8658
vn 0.0117 -0.9503 -0.3112
vn 0.0006 -0.9492 -0.3148
vn 0.0015 -0.9635 -0.2678
vn 0.6017 0.2025 -0.7726
vn 0.0169 0.2621 -0.9649
vn -0.4386 0.2408 -0.8658
vn -0.5804 0.2204 -0.7839
vn -0.1242 0.9921 -0.0183
vn -0.0507 -0.9562 -0.2884
vn -0.0670 -0.9581 -0.2786
vn 0.0354 -0.9649 -0.2602
vn -0.0374 -0.9759 -0.2151
vn -0.0219 -0.9775 -0.2100
vn 0.0421 -0.9691 -0.2429
vn -0.0456 -0.9668 -0.2516
vn -0.0120 -0.9649 -0.2624
vn -0.6756 0.7362 -0.0404
vn 0.8192 0.1409 -0.5560
vn -0.0169 -0.2621 0.9649
vn -0.6838 0.6158 0.3914
vn -0.9183 0.1863 0.3493
vn -0.9539 -0.0546 0.2951
vn 0.1140 0.9927 -0.0392
vn 0.1140 0.9927 -0.0390
vn 0.9456 -0.0964 0.3109
vn 0.0077 -0.9722 -0.2340
vn 0.9994 -0.0202 0.0285
vn -0.0121 -0.9649 -0.2623
vn -0.9341 -0.2373 -0.2669
vn -0.5832 0.6147 0.5312
vn -0.2541 0.8861 0.3877
vn -0.7146 -0.2322 -0.6599
vn -0.5125 -0.4651 0.7218
vn -0.5121 -0.4651 0.7221
vn 0.2878 0.6989 0.6548
vn 0.2879 0.6989 0.6547
vn 0.9566 -0.2426 -0.1615
vn 0.4385 -0.7040 0.5586
vn 0.4386 -0.7040 0.5585
vn 0.5153 0.4633 -0.7210
vn 0.5156 0.4633 -0.7208
vn -0.2878 -0.6989 -0.6548
vn -0.2879 -0.6989 -0.6547
vn 0.0426 0.6737 -0.7378
vn 0.0426 0.6736 -0.7378
vn 0.3199 0.4110 -0.8536
vn 0.3196 0.4001 -0.8589
vn 0.3043 0.6927 -0.6539
vn 0.3005 0.7148 -0.6315
vn 0.2855 0.0477 -0.9572
vn 0.2099 -0.3085 -0.9278
vn 0.2182 -0.2773 -0.9357
vn 0.2873 0.0589 -0.9560
vn -0.1784 -0.9840 0.0012
vn -0.1927 -0.9798 0.0529
vn -0.0902 -0.9571 -0.2753
vn -0.0905 -0.9573 -0.2745
vn 0.7341 -0.2435 0.6339
vn 0.7342 -0.2436 0.6338
vn 0.6822 -0.2534 0.6858
vn 0.6823 -0.2534 0.6858
vn 0.1228 -0.6057 -0.7862
vn 0.1327 -0.5758 -0.8068
vn -0.1341 0.6069 0.7834
vn -0.0172 0.8493 0.5277
vn -0.0334 0.8215 0.5692
vn -0.1461 0.5780 0.8029
vn 0.2448 0.9034 -0.3521
vn 0.2522 0.8878 -0.3850
vn 0.1706 0.9836 -0.0593
vn 0.1562 0.9877 -0.0084
vn -0.3199 -0.4123 0.8531
vn -0.3097 -0.2301 0.9226
vn -0.3196 -0.4001 0.8590
vn -0.3121 -0.6913 0.6517
vn -0.3098 -0.7135 0.6284
vn 0.0722 0.9601 0.2701
vn 0.0716 0.9596 0.2722
vn 0.0081 -0.8473 -0.5310
vn 0.0252 -0.8202 -0.5715
vn -0.2639 -0.8999 0.3472
vn -0.2705 -0.8847 0.3796
vn -0.9472 0.1594 -0.2781
vn -0.9472 0.1593 -0.2782
vn -0.9472 0.1593 -0.2783
vn -0.9472 0.1593 -0.2781
vn 0.6687 -0.2551 0.6984
vn 0.6682 -0.2552 0.6988
vn 0.9504 -0.1569 0.2685
vn 0.9516 -0.1560 0.2650
vn -0.2360 0.2802 0.9305
vn -0.2288 0.3121 0.9221
vn 0.9815 -0.0289 -0.1893
vn 0.9902 -0.0453 -0.1322
vn 0.9902 -0.0453 -0.1321
vn 0.9815 -0.0287 -0.1895
vn 0.9638 -0.0070 -0.2665
vn 0.9719 -0.0157 -0.2350
vn 0.9719 -0.0157 -0.2348
vn 0.9638 -0.0071 -0.2665
vn -0.9448 0.1561 -0.2880
vn 0.5839 -0.2662 0.7669
vn 0.5839 -0.2662 0.7670
vn -0.2680 0.1161 0.9564
vn 0.2524 -0.8252 -0.5052
vn -0.0452 -0.8365 -0.5461
vn -0.0069 -0.5980 -0.8014
vn 0.2911 -0.5981 -0.7467
vn 0.4915 -0.7779 0.3915
vn 0.4886 -0.6135 0.6204
vn 0.1906 -0.6805 0.7075
vn 0.1891 -0.8741 0.4474
vn 0.3994 0.6248 -0.6710
vn 0.6666 0.5043 -0.5489
vn 0.6571 0.2709 -0.7035
vn 0.3857 0.3602 -0.8494
vn -0.0948 -0.4088 0.9077
vn -0.1092 -0.6824 0.7228
vn 0.2050 -0.4159 0.8860
vn 0.3679 0.8957 0.2497
vn 0.3383 0.7694 0.5418
vn 0.6166 0.6204 0.4847
vn 0.6400 0.7334 0.2293
vn 0.2640 0.2374 0.9348
vn 0.3022 0.5406 0.7851
vn 0.0065 0.5950 0.8037
vn -0.0331 0.2784 0.9599
vn 0.0948 0.4088 -0.9077
vn 0.1092 0.6824 -0.7228
vn 0.3264 -0.3013 -0.8959
vn 0.3607 0.0354 -0.9320
vn 0.6357 -0.0077 -0.7719
vn 0.6079 -0.2793 -0.7432
vn 0.5858 0.4229 0.6914
vn 0.5795 -0.5318 -0.6176
vn 0.2006 -0.9735 0.1095
vn 0.2220 -0.9514 -0.2133
vn 0.5151 -0.8425 -0.1578
vn 0.5006 -0.8569 0.1233
vn 0.5445 -0.7301 -0.4127
vn -0.1115 -0.8853 0.4514
vn 0.0453 0.8365 0.5460
vn 0.0323 -0.2858 -0.9578
vn 0.0678 0.0655 -0.9955
vn 0.6721 0.6680 -0.3195
vn 0.4020 0.8183 -0.4109
vn 0.3909 0.8865 -0.2474
vn 0.6645 0.7227 -0.1900
vn 0.3784 0.9203 0.0997
vn 0.0879 0.9917 0.0936
vn 0.0762 0.9668 0.2439
vn 0.1073 0.9548 -0.2773
vn 0.1116 0.8854 -0.4512
vn 0.5040 -0.3805 0.7754
vn 0.5550 0.1785 0.8125
vn 0.2326 -0.0936 0.9681
vn -0.0681 -0.0694 0.9953
vn 0.5298 -0.1023 0.8419
vn -0.0762 -0.9668 -0.2439
vn 0.9937 -0.0939 0.0615
vn 0.9937 -0.0939 0.0614
vn -0.0994 -0.9906 0.0935
vn 0.9937 -0.0939 0.0616
vn 0.9937 -0.0940 0.0614
vn -0.9937 0.0939 -0.0616
vn -0.9937 0.0939 -0.0615
vn -0.9937 0.0939 -0.0614
vn -0.9937 0.0938 -0.0615
vn -0.9937 0.0940 -0.0616
vn 0.6468 0.7565 0.0966
vn 0.9794 -0.1075 -0.1711
vn 0.9794 -0.1074 -0.1711
vn 0.9794 -0.1075 -0.1710
vn 0.2581 -0.1917 -0.9469
vn -0.1862 -0.1518 -0.9707
vn -0.1525 0.1488 -0.9770
vn 0.2898 0.0880 -0.9530
vn 0.9794 -0.1074 -0.1712
vn 0.6070 0.5832 0.5398
vn 0.1968 0.7008 0.6857
vn 0.2012 0.4449 0.8727
vn 0.6094 0.3542 0.7094
vn 0.1863 0.1524 0.9706
vn 0.5943 0.0904 0.7992
vn 0.5671 -0.1838 0.8029
vn 0.1540 -0.1509 0.9765
vn 0.0298 -0.7606 0.6485
vn 0.0298 -0.7606 0.6486
vn 0.1199 -0.3727 0.9202
vn -0.1198 0.3728 -0.9201
vn -0.1199 0.3727 -0.9202
vn -0.1876 -0.1676 -0.9679
vn -0.1874 -0.1676 -0.9679
vn 0.3108 -0.9305 -0.1939
vn -0.1308 -0.9827 -0.1312
vn -0.1720 -0.8879 -0.4268
vn 0.2757 -0.8442 -0.4597
vn 0.4127 -0.8461 0.3374
vn 0.4722 -0.6799 0.5611
vn 0.0462 -0.7052 0.7075
vn -0.0177 -0.8891 0.4574
vn -0.0322 0.7531 -0.6571
vn 0.0145 0.8820 -0.4709
vn 0.0145 0.8821 -0.4709
vn 0.5254 -0.4503 0.7219
vn 0.1061 -0.4474 0.8880
vn -0.1996 -0.6491 -0.7340
vn -0.1995 -0.6490 -0.7342
vn -0.1641 -0.9173 -0.3628
vn -0.9760 0.1149 0.1850
vn -0.9761 0.1169 0.1830
vn -0.9763 0.1100 0.1863
vn -0.9763 0.1099 0.1864
vn -0.9825 0.1000 0.1573
vn -0.9824 0.0963 0.1603
vn -0.9823 0.0979 0.1595
vn -0.9761 0.1187 0.1819
vn -0.9765 0.1215 0.1780
vn -0.9768 0.1219 0.1761
vn -0.9820 0.0934 0.1643
vn -0.9814 0.0918 0.1686
vn -0.9817 0.0931 0.1661
vn -0.9822 0.1050 0.1559
vn -0.9822 0.1050 0.1560
vn -0.9795 0.0934 0.1787
vn -0.9785 0.0964 0.1824
vn -0.9789 0.0954 0.1807
vn -0.9773 0.1021 0.1855
vn -0.9776 0.1003 0.1851
vn -0.9768 0.1048 0.1866
vn 0.8245 -0.4945 0.2750
vn 0.8556 -0.3467 0.3843
vn 0.7014 -0.0014 -0.7128
vn 0.6799 -0.1752 -0.7121
vn 0.7691 0.3196 -0.5535
vn 0.3885 0.5853 -0.7117
vn 0.4436 0.7503 -0.4901
vn 0.8034 0.4343 -0.4074
vn -0.9771 0.1232 0.1735
vn -0.9805 0.0921 0.1737
vn -0.9805 0.0921 0.1739
vn -0.9790 0.1216 0.1634
vn -0.9800 0.1186 0.1600
vn -0.9796 0.1195 0.1614
vn -0.9809 0.1147 0.1571
vn -0.9817 0.1102 0.1554
vn -0.9812 0.1128 0.1569
vn 0.5456 0.8370 0.0410
vn 0.1302 0.9833 0.1276
vn 0.1720 0.8878 0.4268
vn 0.5850 0.7497 0.3094
vn -0.0796 -0.9836 0.1617
vn -0.0797 -0.9836 0.1617
vn -0.1967 -0.7007 -0.6858
vn 0.2537 -0.6776 -0.6903
vn 0.1995 0.6490 0.7342
vn 0.1626 0.9217 0.3522
vn 0.1627 0.9217 0.3520
vn 0.1874 0.1676 0.9679
vn 0.0475 0.9455 -0.3222
vn 0.4657 0.8078 -0.3613
vn 0.0169 0.8874 -0.4608
vn 0.3354 0.3558 -0.8723
vn -0.1060 0.4475 -0.8880
vn -0.0462 0.7052 -0.7075
vn -0.2031 -0.4464 -0.8715
vn 0.2474 -0.4497 -0.8582
vn 0.8693 0.4898 -0.0659
vn 0.8481 0.5050 -0.1601
vn 0.5166 0.8501 -0.1019
vn 0.8837 -0.1739 0.4345
vn 0.9001 0.0031 0.4356
vn -0.9780 0.1229 0.1683
vn -0.9781 0.1229 0.1683
vn 0.7825 -0.6094 0.1277
vn 0.7359 0.1765 -0.6537
vn 0.8973 0.4268 0.1126
vn 0.3560 -0.9312 0.0778
vn 0.7437 -0.6674 -0.0383
vn 0.6762 -0.3469 -0.6500
vn 0.6826 -0.4979 -0.5349
vn 0.9113 0.1720 0.3741
vn 0.9110 0.3231 0.2563
vn 0.1290 0.9844 0.1199
vn -0.0782 -0.9824 0.1696
vn 0.6963 -0.6018 -0.3912
vn 0.7167 -0.6638 -0.2139
vn 0.1044 0.9942 -0.0272
vn 0.8167 0.4779 -0.3233
vn 0.8964 0.0439 -0.4411
vn 0.7150 0.3031 -0.6300
vn 0.7616 0.5137 -0.3950
vn 0.9427 0.2652 -0.2026
vn 0.3507 0.5592 -0.7512
vn 0.3508 0.5592 -0.7512
vn -0.3066 -0.6879 -0.6579
vn -0.3039 -0.6864 -0.6607
vn -0.3083 -0.6937 -0.6510
vn -0.3083 -0.6935 -0.6511
vn 0.2148 0.9664 -0.1411
vn 0.4982 0.8523 -0.1592
vn 0.4827 0.7250 -0.4913
vn 0.1317 0.8674 -0.4799
vn -0.8083 0.4557 0.3728
vn -0.5457 0.6319 0.5503
vn -0.4866 0.8157 0.3128
vn -0.7242 0.6846 0.0828
vn 0.7045 -0.3890 0.5937
vn 0.9098 -0.2328 0.3436
vn 0.8508 0.0693 0.5209
vn 0.6848 -0.0692 0.7255
vn -0.9567 0.2414 0.1628
vn -0.8959 -0.0458 0.4418
vn -0.7554 0.1857 0.6284
vn -0.3508 -0.5592 0.7512
vn 0.2702 -0.7151 0.6447
vn 0.2702 -0.7152 0.6446
vn 0.4375 -0.1081 0.8927
vn 0.4085 -0.4491 0.7946
vn 0.0388 0.6746 -0.7372
vn -0.1534 0.7085 -0.6888
vn -0.0497 0.8976 -0.4379
vn -0.5112 0.4114 0.7546
vn 0.8774 0.4732 0.0788
vn 0.9167 0.2647 0.2993
vn 0.9980 0.0013 0.0638
vn -0.2164 0.9763 -0.0051
vn -0.3938 0.8737 -0.2856
vn -0.5205 0.8357 -0.1752
vn -0.3257 0.9411 0.0913
vn -0.5776 -0.0670 0.8136
vn -0.2994 -0.2703 0.9151
vn -0.1360 0.0363 0.9900
vn -0.3728 0.1964 0.9069
vn -0.9573 0.2295 0.1757
vn -0.7900 -0.2131 0.5748
vn -0.7485 0.5907 -0.3015
vn 0.7431 -0.5956 0.3051
vn 0.7952 0.2093 -0.5690
vn 0.7952 0.2093 -0.5691
vn -0.6464 0.6462 -0.4056
vn -0.8619 0.4873 -0.1403
vn 0.8613 -0.4879 0.1421
vn 0.9566 -0.2430 -0.1612
vn 0.7318 0.6755 -0.0901
vn 0.1496 -0.0633 0.9867
vn 0.0512 -0.4044 0.9131
vn -0.3034 -0.7055 -0.6405
vn -0.3048 -0.7028 -0.6428
vn -0.2941 -0.7109 -0.6388
vn -0.2971 -0.7100 -0.6384
vn 0.0679 0.9911 -0.1143
vn 0.2879 0.6989 0.6548
vn 0.9564 -0.2446 -0.1595
vn 0.9570 -0.2359 -0.1687
vn 0.3369 -0.7139 0.6138
vn -0.0464 -0.6727 0.7385
vn -0.7150 -0.3031 0.6300
vn -0.5137 0.6897 -0.5103
vn 0.6464 -0.6461 0.4058
vn -0.4188 -0.5230 0.7424
vn -0.5538 0.6793 -0.4816
vn -0.5538 0.6793 -0.4815
vn 0.4154 0.5249 -0.7429
vn -0.3021 -0.6845 -0.6635
vn -0.2682 -0.6976 -0.6644
vn -0.2673 -0.7040 -0.6580
vn -0.2674 -0.7040 -0.6580
vn -0.2707 -0.6948 -0.6663
vn -0.2791 -0.6873 -0.6706
vn -0.2795 -0.6870 -0.6707
vn -0.2923 -0.6838 -0.6686
vn -0.2873 -0.6837 -0.6708
vn -0.3074 -0.6999 -0.6447
vn -0.2722 -0.6920 -0.6686
vn -0.2892 -0.7135 -0.6382
vn -0.2955 -0.6831 -0.6679
vn -0.2718 -0.7111 -0.6484
vn -0.2690 -0.7096 -0.6512
vn -0.2735 -0.7129 -0.6457
vn -0.2809 -0.7141 -0.6412
vn -0.2812 -0.7141 -0.6411
vn -0.6211 0.6992 -0.3541
vn -0.4055 0.6414 -0.6513
vn -0.5586 0.3990 -0.7271
vn -0.7865 0.4374 -0.4359
vn 0.4328 -0.7240 -0.5371
vn 0.6212 -0.6498 -0.4379
vn 0.5438 -0.8337 -0.0965
vn 0.3050 -0.9260 -0.2225
vn -0.2305 0.2934 -0.9278
vn -0.2763 0.1905 -0.9420
vn -0.6155 0.2601 -0.7440
vn -0.1102 0.4837 -0.8683
vn -0.3947 0.8878 -0.2369
vn -0.1964 0.8178 -0.5410
vn 0.3954 0.8990 0.1883
vn 0.5421 0.8276 -0.1459
vn 0.2970 0.9135 -0.2779
vn 0.1329 0.9902 0.0438
vn 0.7743 -0.5178 -0.3639
vn 0.7520 -0.6591 0.0084
vn 0.9830 -0.1385 0.1208
vn 0.9541 -0.1230 -0.2731
vn 0.9549 0.1023 -0.2786
vn 0.9827 0.1467 0.1130
vn 0.6128 0.6258 -0.4826
vn 0.4317 0.6931 -0.5773
vn 0.8925 0.3190 -0.3189
vn 0.9050 0.4206 0.0634
vn 0.2315 -0.7273 -0.6462
vn 0.0506 -0.9318 -0.3595
vn -0.1957 -0.8454 -0.4971
vn 0.0512 -0.6599 -0.7496
vn -0.2312 -0.3559 -0.9055
vn -0.5590 -0.4416 -0.7018
vn -0.6373 -0.1717 -0.7512
vn -0.2942 -0.1431 -0.9450
vn -0.6489 -0.0256 -0.7604
vn -0.3091 -0.0247 -0.9507
vn -0.7855 -0.4633 -0.4103
vn -0.4070 -0.6747 -0.6158
vn -0.6238 -0.7146 -0.3167
vn 0.3977 -0.8860 0.2385
vn 0.6211 -0.6992 0.3541
vn 0.8702 -0.1378 0.4730
vn 0.8699 0.1670 0.4641
vn 0.7865 -0.4374 0.4360
vn 0.9051 -0.4168 0.0842
vn 0.6239 0.7146 0.3165
vn 0.7535 0.6569 -0.0272
vn -0.8686 -0.1747 -0.4637
vn -0.8803 -0.0228 -0.4738
vn 0.8945 -0.3275 -0.3043
vn -0.4744 0.0243 0.8800
vn -0.4743 0.0243 0.8800
vn 0.0459 0.9095 -0.4131
vn -0.1357 0.9856 -0.1004
vn 0.7867 0.4600 0.4118
vn -0.3955 -0.8990 -0.1883
vn -0.1295 -0.9907 -0.0424
vn 0.7788 0.4918 -0.3894
vn 0.0417 0.6173 -0.7856
vn 0.4743 -0.0244 -0.8800
vn 0.4743 -0.0243 -0.8800
vn 0.4744 -0.0243 -0.8800
vn -0.1148 -0.5259 -0.8428
vn -0.4744 0.0244 0.8800
vn 0.1424 -0.9843 0.1040
vn 0.2330 0.6914 -0.6839
vn -0.4743 0.0242 0.8800
vn 0.4743 -0.0242 -0.8800
vn -0.8397 0.2877 -0.4605
vt 0.924479 0.153560
vt 0.924479 0.146274
vt 0.915279 0.146274
vt 0.915279 0.153560
vt 0.892622 0.247734
vt 0.900098 0.247734
vt 0.900098 0.242877
vt 0.892622 0.242877
vt 0.900098 0.252513
vt 0.892622 0.252513
vt 0.892622 0.257371
vt 0.900098 0.257371
vt 0.900098 0.238097
vt 0.892622 0.238097
vt 0.892622 0.233240
vt 0.900098 0.233240
vt 0.892622 0.228461
vt 0.900098 0.228461
vt 0.900098 0.223603
vt 0.892622 0.223603
vt 0.892622 0.213966
vt 0.900098 0.213966
vt 0.900098 0.209109
vt 0.892622 0.209109
vt 0.709414 0.172912
vt 0.734716 0.172912
vt 0.734716 0.170405
vt 0.709414 0.170405
vt 0.734716 0.165782
vt 0.709414 0.165782
vt 0.734716 0.163353
vt 0.709414 0.163353
vt 0.924479 0.225875
vt 0.924479 0.219216
vt 0.915279 0.219216
vt 0.915279 0.225875
vt 0.915279 0.175419
vt 0.915279 0.167349
vt 0.905388 0.167349
vt 0.905388 0.175419
vt 0.924479 0.241075
vt 0.924479 0.233788
vt 0.915279 0.233788
vt 0.915279 0.241075
vt 0.915279 0.190070
vt 0.915279 0.182784
vt 0.905388 0.182784
vt 0.905388 0.190070
vt 0.924479 0.256352
vt 0.924479 0.248439
vt 0.915279 0.248439
vt 0.915279 0.256352
vt 0.905388 0.233788
vt 0.905388 0.241075
vt 0.905388 0.225875
vt 0.924479 0.211929
vt 0.915279 0.211929
vt 0.689058 0.110625
vt 0.690438 0.117755
vt 0.690438 0.103496
vt 0.734141 0.132093
vt 0.727586 0.127392
vt 0.713325 0.127470
vt 0.706769 0.132249
vt 0.729081 0.155362
vt 0.721950 0.154578
vt 0.695153 0.096993
vt 0.700329 0.102869
vt 0.705044 0.096993
vt 0.720455 0.125981
vt 0.695153 0.124258
vt 0.697799 0.112897
vt 0.697799 0.108353
vt 0.700329 0.118382
vt 0.700329 0.112897
vt 0.728276 0.137342
vt 0.734256 0.141964
vt 0.706769 0.142121
vt 0.712750 0.137420
vt 0.722755 0.134913
vt 0.722755 0.137342
vt 0.705044 0.124258
vt 0.700329 0.108353
vt 0.915279 0.160925
vt 0.924479 0.167349
vt 0.924479 0.160925
vt 0.738971 0.109920
vt 0.735406 0.112819
vt 0.737821 0.115404
vt 0.740467 0.111722
vt 0.924479 0.175419
vt 0.924479 0.182784
vt 0.900098 0.218745
vt 0.892622 0.218745
vt 0.924479 0.190070
vt 0.924479 0.139692
vt 0.915279 0.139692
vt 0.900098 0.204329
vt 0.892622 0.204329
vt 0.924479 0.198140
vt 0.915279 0.198140
vt 0.905388 0.198140
vt 0.892622 0.199472
vt 0.900098 0.199472
vt 0.905388 0.248439
vt 0.739432 0.105533
vt 0.735751 0.102869
vt 0.734371 0.106081
vt 0.738626 0.107648
vt 0.741157 0.104044
vt 0.738281 0.100518
vt 0.744147 0.116971
vt 0.747827 0.115718
vt 0.744837 0.112192
vt 0.742652 0.112584
vt 0.751737 0.106316
vt 0.750702 0.103417
vt 0.747137 0.106316
vt 0.751737 0.110155
vt 0.747482 0.108588
vt 0.746677 0.110704
vt 0.750357 0.113367
vt 0.741042 0.116815
vt 0.745067 0.099421
vt 0.741962 0.099265
vt 0.743457 0.103652
vt 0.734371 0.109920
vt 0.745642 0.104514
vt 0.748287 0.100832
vt 0.734601 0.178396
vt 0.729081 0.180825
vt 0.729311 0.189287
vt 0.735176 0.185996
vt 0.729311 0.146979
vt 0.721950 0.145647
vt 0.709529 0.157791
vt 0.714935 0.155362
vt 0.709529 0.178396
vt 0.714935 0.180825
vt 0.721950 0.181687
vt 0.734601 0.157869
vt 0.735176 0.150269
vt 0.718155 0.137420
vt 0.718155 0.134913
vt 0.714705 0.146979
vt 0.714705 0.189287
vt 0.721950 0.190540
vt 0.924479 0.204643
vt 0.915279 0.204643
vt 0.905388 0.256352
vt 0.708954 0.186074
vt 0.708954 0.150191
vt 0.751299 0.133241
vt 0.739724 0.133241
vt 0.739724 0.138767
vt 0.751299 0.138767
vt 0.966489 0.392721
vt 0.966521 0.400547
vt 0.973549 0.400503
vt 0.973485 0.392677
vt 0.751299 0.149820
vt 0.739724 0.149820
vt 0.739724 0.155347
vt 0.751299 0.155347
vt 0.739724 0.160873
vt 0.751299 0.160873
vt 0.739724 0.166400
vt 0.751299 0.166400
vt 0.739724 0.171926
vt 0.751299 0.171926
vt 0.751299 0.182979
vt 0.751299 0.177453
vt 0.739724 0.177453
vt 0.739724 0.182979
vt 0.967825 0.345016
vt 0.967539 0.352975
vt 0.974662 0.353240
vt 0.974916 0.345459
vt 0.739724 0.188506
vt 0.751299 0.188506
vt 0.991611 0.390113
vt 0.991421 0.385249
vt 0.989799 0.385249
vt 0.990053 0.390201
vt 0.969765 0.320567
vt 0.969097 0.328702
vt 0.976379 0.329277
vt 0.977047 0.321142
vt 0.982517 0.338340
vt 0.975743 0.337412
vt 0.981086 0.345856
vt 0.973390 0.384984
vt 0.979432 0.385028
vt 0.980418 0.377733
vt 0.973803 0.377114
vt 0.993233 0.346962
vt 0.991580 0.346741
vt 0.991230 0.351781
vt 0.992788 0.351914
vt 0.979400 0.296914
vt 0.980418 0.288690
vt 0.973072 0.287762
vt 0.972054 0.295985
vt 0.996954 0.306950
vt 0.997590 0.301865
vt 0.995904 0.301644
vt 0.995268 0.306773
vt 0.995109 0.311902
vt 0.996699 0.311946
vt 0.984552 0.305579
vt 0.978287 0.305005
vt 0.977715 0.313007
vt 0.984456 0.313405
vt 0.739724 0.144294
vt 0.751299 0.144294
vt 0.938124 0.249784
vt 0.940413 0.243063
vt 0.935294 0.243329
vt 0.933576 0.249209
vt 0.983089 0.385073
vt 0.983948 0.379192
vt 0.986905 0.376495
vt 0.990021 0.380253
vt 0.990848 0.378883
vt 0.983630 0.391086
vt 0.986619 0.394048
vt 0.990880 0.391616
vt 0.989608 0.292537
vt 0.986237 0.298107
vt 0.989703 0.300009
vt 0.993042 0.297488
vt 0.975075 0.271315
vt 0.974058 0.279538
vt 0.981435 0.280423
vt 0.982453 0.272199
vt 0.986078 0.340065
vt 0.989385 0.337456
vt 0.985697 0.332549
vt 0.993456 0.340374
vt 0.992470 0.341745
vt 0.971100 0.304253
vt 0.960479 0.264639
vt 0.965758 0.259952
vt 0.945692 0.238377
vt 0.988400 0.305977
vt 0.988368 0.312299
vt 0.989672 0.423537
vt 0.991293 0.423493
vt 0.991293 0.418585
vt 0.989703 0.418585
vt 0.929824 0.240809
vt 0.938633 0.238244
vt 0.934149 0.234221
vt 0.966585 0.416242
vt 0.973613 0.416198
vt 0.973581 0.408372
vt 0.966553 0.408372
vt 0.986587 0.319816
vt 0.991198 0.315571
vt 0.983884 0.429594
vt 0.983057 0.423626
vt 0.979464 0.423714
vt 0.980322 0.431053
vt 0.751299 0.127714
vt 0.739724 0.127714
vt 0.970433 0.312388
vt 0.984806 0.346166
vt 0.984933 0.352179
vt 0.981213 0.353328
vt 0.968429 0.336837
vt 0.983661 0.417790
vt 0.980163 0.416507
vt 0.982548 0.410848
vt 0.986460 0.415004
vt 0.983375 0.359341
vt 0.987636 0.355229
vt 0.996890 0.300362
vt 0.966680 0.376893
vt 0.966426 0.384852
vt 0.966680 0.424112
vt 0.973549 0.423891
vt 0.751299 0.122187
vt 0.739724 0.122187
vt 0.966966 0.368891
vt 0.974090 0.369156
vt 0.967253 0.360933
vt 0.974376 0.361198
vt 0.991643 0.380298
vt 0.956059 0.266319
vt 0.938251 0.254470
vt 0.990180 0.428401
vt 0.979973 0.392500
vt 0.986905 0.432380
vt 0.991039 0.429815
vt 0.944643 0.264197
vt 0.939968 0.258891
vt 0.935961 0.261190
vt 0.939841 0.265921
vt 0.994092 0.342010
vt 0.973962 0.431495
vt 0.949922 0.276974
vt 0.950780 0.271005
vt 0.944897 0.269281
vt 0.942385 0.274763
vt 0.967507 0.264772
vt 0.972023 0.268795
vt 0.976347 0.262207
vt 0.970878 0.259687
vt 0.961242 0.233735
vt 0.961497 0.238819
vt 0.966330 0.237051
vt 0.943403 0.234398
vt 0.954819 0.236564
vt 0.966203 0.244124
vt 0.951353 0.266452
vt 0.967889 0.248501
vt 0.950081 0.236697
vt 0.935802 0.270431
vt 0.749931 0.081689
vt 0.753588 0.077445
vt 0.751140 0.075632
vt 0.748214 0.080451
vt 0.968016 0.253232
vt 0.940254 0.229181
vt 0.983025 0.436845
vt 0.927598 0.248369
vt 0.963786 0.228252
vt 0.956250 0.225998
vt 0.955359 0.232010
vt 0.970178 0.241825
vt 0.972595 0.253807
vt 0.978573 0.254647
vt 0.975393 0.238686
vt 0.970369 0.232585
vt 0.962737 0.268618
vt 0.965885 0.273835
vt 0.746084 0.080230
vt 0.748246 0.074704
vt 0.745193 0.074704
vt 0.751140 0.092963
vt 0.753588 0.091195
vt 0.749327 0.087525
vt 0.745257 0.088188
vt 0.743508 0.086906
vt 0.739851 0.091195
vt 0.742299 0.092963
vt 0.750599 0.085801
vt 0.755401 0.088719
vt 0.756323 0.085845
vt 0.747356 0.088409
vt 0.748246 0.093936
vt 0.755401 0.079876
vt 0.742872 0.082839
vt 0.744112 0.081114
vt 0.739851 0.077445
vt 0.738070 0.079876
vt 0.738070 0.088719
vt 0.742649 0.084961
vt 0.737116 0.085845
vt 0.745193 0.093936
vt 0.742299 0.075632
vt 0.737116 0.082794
vt 0.756323 0.082794
vt 0.750822 0.083679
vt 0.967062 0.431805
vt 0.991707 0.428268
vt 0.983121 0.372030
vt 0.991898 0.353240
vt 0.990435 0.417259
vt 0.982517 0.398469
vt 0.995809 0.313449
vt 0.930746 0.264329
vt 0.513937 0.007563
vt 0.507373 0.007563
vt 0.507373 0.020032
vt 0.513937 0.020032
vt 0.494086 0.020032
vt 0.500650 0.020032
vt 0.500650 0.007563
vt 0.494086 0.007563
vt 0.487522 0.007563
vt 0.480799 0.007563
vt 0.480799 0.020032
vt 0.487522 0.020032
vt 0.533948 0.007563
vt 0.527384 0.007563
vt 0.527384 0.020032
vt 0.533948 0.020032
vt 0.474075 0.020032
vt 0.474075 0.007563
vt 0.467511 0.007563
vt 0.467511 0.020032
vt 0.520661 0.007563
vt 0.520661 0.020032
vt 0.471514 0.046038
vt 0.471514 0.040872
vt 0.452143 0.040872
vt 0.452143 0.046038
vt 0.460788 0.007563
vt 0.460788 0.020032
vt 0.513937 0.025464
vt 0.507373 0.025464
vt 0.467511 0.025464
vt 0.460788 0.025464
vt 0.454704 0.050491
vt 0.468792 0.050491
vt 0.474075 0.025464
vt 0.480799 0.025464
vt 0.520661 0.025464
vt 0.527384 0.025464
vt 0.500650 0.025464
vt 0.494086 0.025464
vt 0.487522 0.025464
vt 0.459187 0.053074
vt 0.464310 0.053074
vt 0.468792 0.036330
vt 0.464310 0.033747
vt 0.459187 0.033747
vt 0.454704 0.036330
vt 0.454224 0.007563
vt 0.454224 0.020032
vt 0.533948 0.025464
vt 0.454224 0.025464
vt 0.742142 0.251392
vt 0.752205 0.253155
vt 0.752117 0.248011
vt 0.743849 0.246541
vt 0.762298 0.251392
vt 0.760473 0.246541
vt 0.771684 0.320700
vt 0.763945 0.319157
vt 0.762768 0.325184
vt 0.770507 0.326727
vt 0.767770 0.242351
vt 0.771154 0.246247
vt 0.765122 0.313130
vt 0.772861 0.314673
vt 0.774038 0.308647
vt 0.766299 0.307177
vt 0.777686 0.238382
vt 0.781217 0.228754
vt 0.776127 0.227946
vt 0.773184 0.235883
vt 0.767476 0.301150
vt 0.775214 0.302693
vt 0.776391 0.296666
vt 0.768653 0.295123
vt 0.781217 0.218611
vt 0.776156 0.219567
vt 0.769830 0.289096
vt 0.777568 0.290639
vt 0.778745 0.284613
vt 0.771036 0.283143
vt 0.779922 0.278586
vt 0.772213 0.277116
vt 0.723223 0.228828
vt 0.726724 0.238456
vt 0.731167 0.235810
vt 0.728284 0.227872
vt 0.762268 0.196048
vt 0.752205 0.194284
vt 0.752294 0.199428
vt 0.760562 0.200898
vt 0.774567 0.265062
vt 0.782276 0.266606
vt 0.783453 0.260579
vt 0.775744 0.259035
vt 0.733256 0.201192
vt 0.726724 0.208983
vt 0.731226 0.211482
vt 0.736640 0.205088
vt 0.723223 0.218611
vt 0.728313 0.219420
vt 0.748880 0.287700
vt 0.748880 0.293506
vt 0.753765 0.292624
vt 0.752588 0.286891
vt 0.743937 0.200898
vt 0.742113 0.196048
vt 0.773390 0.271089
vt 0.781099 0.272632
vt 0.771125 0.201119
vt 0.767859 0.205161
vt 0.733315 0.246320
vt 0.736581 0.242278
vt 0.769300 0.332680
vt 0.761591 0.331210
vt 0.760414 0.337237
vt 0.768123 0.338707
vt 0.777716 0.208983
vt 0.773273 0.211629
vt 0.768947 0.220816
vt 0.767947 0.229489
vt 0.765063 0.213026
vt 0.739377 0.234487
vt 0.735522 0.226623
vt 0.746350 0.239632
vt 0.758090 0.216700
vt 0.761238 0.222139
vt 0.760091 0.228313
vt 0.763063 0.236692
vt 0.755324 0.232282
vt 0.743231 0.222139
vt 0.736493 0.217950
vt 0.749057 0.232282
vt 0.744290 0.228240
vt 0.746350 0.216700
vt 0.741319 0.210674
vt 0.749322 0.207219
vt 0.758061 0.207807
vt 0.755059 0.240220
vt 0.752205 0.223683
vt 0.752235 0.214569
vt 0.745173 0.286891
vt 0.742201 0.284466
vt 0.739671 0.290125
vt 0.743967 0.292624
vt 0.740553 0.281085
vt 0.734757 0.281673
vt 0.736464 0.286303
vt 0.758090 0.268149
vt 0.755560 0.273808
vt 0.761297 0.271971
vt 0.740553 0.277263
vt 0.742201 0.273808
vt 0.736464 0.271971
vt 0.734757 0.276675
vt 0.757207 0.277263
vt 0.757207 0.281085
vt 0.763004 0.281673
vt 0.763004 0.276675
vt 0.758090 0.290125
vt 0.755560 0.284466
vt 0.739671 0.268149
vt 0.761297 0.286303
vt 0.745173 0.271456
vt 0.743967 0.265724
vt 0.748880 0.270648
vt 0.748880 0.264842
vt 0.752588 0.271456
vt 0.753794 0.265724
vt 0.759237 0.343191
vt 0.766946 0.344734
vt 0.082114 0.777966
vt 0.087423 0.777966
vt 0.087423 0.764217
vt 0.082114 0.764217
vt 0.029191 0.777966
vt 0.034500 0.777966
vt 0.034500 0.764217
vt 0.029191 0.764217
vt 0.007955 0.777966
vt 0.013264 0.777966
vt 0.013264 0.764217
vt 0.007955 0.764217
vt 0.045118 0.777966
vt 0.050426 0.777966
vt 0.050426 0.764217
vt 0.045118 0.764217
vt 0.055403 0.777966
vt 0.055403 0.764217
vt 0.018573 0.777966
vt 0.018573 0.764217
vt 0.039809 0.777966
vt 0.039809 0.764217
vt 0.060878 0.777966
vt 0.066187 0.777966
vt 0.066187 0.764217
vt 0.060878 0.764217
vt 0.071496 0.777966
vt 0.071496 0.764217
vt 0.023882 0.777966
vt 0.023882 0.764217
vt 0.092731 0.777966
vt 0.092731 0.764217
vt 0.076805 0.764217
vt 0.076805 0.777966
vt 0.021394 0.787745
vt 0.018241 0.790844
vt 0.033670 0.806239
vt 0.036822 0.803141
vt 0.016582 0.794814
vt 0.029689 0.807885
vt 0.023882 0.758408
vt 0.018573 0.758408
vt 0.066187 0.758408
vt 0.060878 0.758408
vt 0.071496 0.758408
vt 0.076805 0.758408
vt 0.082114 0.758408
vt 0.045118 0.758408
vt 0.039809 0.758408
vt 0.050426 0.758408
vt 0.016582 0.799171
vt 0.025375 0.807885
vt 0.038481 0.794814
vt 0.029689 0.786099
vt 0.025375 0.786099
vt 0.038481 0.799171
vt 0.013264 0.758408
vt 0.036822 0.790844
vt 0.033670 0.787745
vt 0.029191 0.758408
vt 0.087423 0.758408
vt 0.092731 0.758408
vt 0.055403 0.758408
vt 0.007955 0.758408
vt 0.034500 0.758408
vt 0.018241 0.803141
vt 0.021394 0.806239
vt 0.434741 0.113192
vt 0.428229 0.113192
vt 0.428229 0.123343
vt 0.434741 0.123343
vt 0.603346 0.105287
vt 0.603346 0.097799
vt 0.593578 0.097799
vt 0.593578 0.105287
vt 0.447764 0.113192
vt 0.441252 0.113192
vt 0.441252 0.123343
vt 0.447764 0.123343
vt 0.428420 0.105287
vt 0.438124 0.105287
vt 0.438124 0.097799
vt 0.428420 0.097799
vt 0.447828 0.105287
vt 0.447828 0.097799
vt 0.147965 0.716682
vt 0.138006 0.713437
vt 0.134112 0.737900
vt 0.138836 0.740313
vt 0.544995 0.105287
vt 0.554699 0.105287
vt 0.554699 0.097799
vt 0.544995 0.097799
vt 0.454276 0.123343
vt 0.460788 0.123343
vt 0.460788 0.113192
vt 0.454276 0.113192
vt 0.467236 0.105287
vt 0.477004 0.105287
vt 0.477004 0.097799
vt 0.467236 0.097799
vt 0.486708 0.105287
vt 0.486708 0.097799
vt 0.473812 0.123343
vt 0.480323 0.123343
vt 0.480323 0.113192
vt 0.473812 0.113192
vt 0.493347 0.113192
vt 0.486835 0.113192
vt 0.486835 0.123343
vt 0.493347 0.123343
vt 0.467300 0.113192
vt 0.467300 0.123343
vt 0.515883 0.105287
vt 0.525587 0.105287
vt 0.525587 0.097799
vt 0.515883 0.097799
vt 0.564466 0.105287
vt 0.574170 0.105287
vt 0.574170 0.097799
vt 0.564466 0.097799
vt 0.457532 0.097799
vt 0.457532 0.105287
vt 0.583874 0.105287
vt 0.583874 0.097799
vt 0.613050 0.105287
vt 0.613050 0.097799
vt 0.535291 0.105287
vt 0.535291 0.097799
vt 0.496411 0.105287
vt 0.496411 0.097799
vt 0.506115 0.105287
vt 0.506115 0.097799
vt 0.622754 0.105287
vt 0.622754 0.097799
vt 0.126770 0.665428
vt 0.123769 0.663264
vt 0.120194 0.670253
vt 0.114385 0.673166
vt 0.115534 0.671002
vt 0.107809 0.668423
vt 0.106660 0.672001
vt 0.162457 0.761530
vt 0.165713 0.751629
vt 0.140304 0.750214
vt 0.156328 0.770017
vt 0.128940 0.738732
vt 0.127600 0.713437
vt 0.117704 0.716682
vt 0.109979 0.665428
vt 0.112980 0.684398
vt 0.116491 0.685563
vt 0.118981 0.677825
vt 0.116555 0.677409
vt 0.123769 0.684398
vt 0.121216 0.676660
vt 0.120258 0.685563
vt 0.106660 0.675662
vt 0.107809 0.679240
vt 0.114768 0.675662
vt 0.124344 0.747718
vt 0.125174 0.742476
vt 0.099829 0.741145
vt 0.099829 0.751545
vt 0.109979 0.682235
vt 0.122365 0.674414
vt 0.128940 0.679240
vt 0.130090 0.675662
vt 0.117768 0.669837
vt 0.112980 0.663264
vt 0.120258 0.662099
vt 0.116491 0.662099
vt 0.130090 0.672001
vt 0.121982 0.672001
vt 0.128940 0.668423
vt 0.136601 0.754041
vt 0.131430 0.754874
vt 0.127536 0.779336
vt 0.137942 0.779336
vt 0.103085 0.731243
vt 0.109213 0.722756
vt 0.126706 0.752461
vt 0.103021 0.761530
vt 0.109150 0.769934
vt 0.117577 0.776091
vt 0.126770 0.682235
vt 0.141198 0.745055
vt 0.162521 0.731243
vt 0.165713 0.741228
vt 0.147837 0.776091
vt 0.156392 0.722839
vt 0.230439 0.295450
vt 0.225580 0.308991
vt 0.238602 0.295694
vt 0.349837 0.312407
vt 0.332086 0.306856
vt 0.300406 0.338392
vt 0.358194 0.328327
vt 0.286542 0.301184
vt 0.286801 0.285934
vt 0.283821 0.285446
vt 0.272031 0.290936
vt 0.284210 0.317287
vt 0.304099 0.303623
vt 0.301248 0.319849
vt 0.320425 0.298622
vt 0.311031 0.290204
vt 0.295806 0.236465
vt 0.291660 0.256351
vt 0.314983 0.260864
vt 0.318546 0.240857
vt 0.321656 0.217373
vt 0.301637 0.213530
vt 0.298333 0.228231
vt 0.319259 0.232257
vt 0.308763 0.289777
vt 0.257908 0.295450
vt 0.279934 0.336196
vt 0.357481 0.314481
vt 0.287125 0.282945
vt 0.309476 0.287459
vt 0.312197 0.275443
vt 0.288939 0.270990
vt 0.111955 0.224528
vt 0.108969 0.226363
vt 0.114464 0.230708
vt 0.117331 0.228873
vt 0.108371 0.318383
vt 0.127725 0.316549
vt 0.109924 0.306796
vt 0.670215 0.436958
vt 0.666870 0.444199
vt 0.678578 0.447772
vt 0.680250 0.437247
vt 0.112911 0.293857
vt 0.092005 0.283332
vt 0.089257 0.288740
vt 0.827670 0.178662
vt 0.833166 0.176635
vt 0.831971 0.170745
vt 0.826117 0.170938
vt 0.831613 0.185711
vt 0.836391 0.181656
vt 0.802463 0.333833
vt 0.791950 0.331129
vt 0.789083 0.350924
vt 0.800671 0.353917
vt 0.571418 0.267690
vt 0.601284 0.253785
vt 0.591010 0.244709
vt 0.568789 0.265566
vt 0.221744 0.167365
vt 0.264512 0.167269
vt 0.294498 0.136177
vt 0.221146 0.137528
vt 0.083642 0.304382
vt 0.097739 0.322632
vt 0.726244 0.303320
vt 0.720988 0.284201
vt 0.719913 0.321280
vt 0.727200 0.321183
vt 0.329979 0.274739
vt 0.328784 0.280339
vt 0.334399 0.280339
vt 0.335594 0.274449
vt 0.119960 0.559684
vt 0.124858 0.568471
vt 0.132862 0.559877
vt 0.125335 0.552442
vt 0.087943 0.343971
vt 0.087107 0.357779
vt 0.105624 0.355752
vt 0.104190 0.368690
vt 0.085793 0.370428
vt 0.102518 0.380084
vt 0.796370 0.037590
vt 0.801388 0.039618
vt 0.816679 0.023396
vt 0.814410 0.018471
vt 0.564130 0.251468
vt 0.584201 0.232832
vt 0.559232 0.231963
vt 0.898035 0.121017
vt 0.892420 0.140135
vt 0.898991 0.141005
vt 0.904128 0.122079
vt 0.301307 0.746622
vt 0.303816 0.763133
vt 0.320183 0.757340
vt 0.318391 0.744787
vt 0.603076 0.163117
vt 0.573568 0.147088
vt 0.564130 0.166786
vt 0.597581 0.170745
vt 0.079461 0.437344
vt 0.079580 0.449221
vt 0.106579 0.445841
vt 0.169299 0.701722
vt 0.169537 0.712633
vt 0.184829 0.711571
vt 0.185785 0.703364
vt 0.108371 0.457718
vt 0.080297 0.463608
vt 0.110402 0.471332
vt 0.200001 0.705102
vt 0.201674 0.711088
vt 0.893018 0.073799
vt 0.897079 0.078627
vt 0.901619 0.074186
vt 0.896721 0.068296
vt 0.519689 0.092435
vt 0.530322 0.092435
vt 0.530322 0.085580
vt 0.519689 0.085580
vt 0.817755 0.294050
vt 0.806405 0.291830
vt 0.813693 0.335184
vt 0.045652 0.649677
vt 0.068590 0.648422
vt 0.075280 0.632779
vt 0.044458 0.625151
vt 0.845829 0.265469
vt 0.858373 0.262669
vt 0.857775 0.226556
vt 0.847621 0.235922
vt 0.864824 0.128548
vt 0.863390 0.119955
vt 0.855386 0.119762
vt 0.852997 0.127583
vt 0.084717 0.538055
vt 0.039798 0.536606
vt 0.040396 0.546552
vt 0.084837 0.548483
vt 0.966369 0.449800
vt 0.952989 0.450476
vt 0.954303 0.460904
vt 0.967803 0.458297
vt 0.458762 0.481471
vt 0.461390 0.501073
vt 0.472381 0.491900
vt 0.478474 0.472877
vt 0.323050 0.769603
vt 0.309431 0.780224
vt 0.067156 0.343006
vt 0.070382 0.329101
vt 0.793264 0.079207
vt 0.794578 0.070613
vt 0.784782 0.074669
vt 0.787291 0.082007
vt 0.799237 0.254558
vt 0.790636 0.284781
vt 0.796729 0.287967
vt 0.809750 0.261027
vt 0.059749 0.305541
vt 0.028330 0.298782
vt 0.024507 0.310272
vt 0.054612 0.320411
vt 0.182559 0.299265
vt 0.186024 0.294630
vt 0.179573 0.291057
vt 0.176228 0.296851
vt 0.563533 0.437151
vt 0.563414 0.423632
vt 0.509057 0.417066
vt 0.512522 0.454242
vt 0.040993 0.555725
vt 0.041710 0.565671
vt 0.081731 0.562677
vt 0.467961 0.361448
vt 0.459360 0.348703
vt 0.445382 0.361931
vt 0.451236 0.372167
vt 0.786335 0.037880
vt 0.792189 0.034017
vt 0.789800 0.029093
vt 0.783349 0.030541
vt 0.907114 0.103347
vt 0.901261 0.103636
vt 0.345748 0.200968
vt 0.337027 0.207244
vt 0.341567 0.211879
vt 0.348735 0.206665
vt 0.039798 0.428171
vt 0.039082 0.440337
vt 0.058913 0.431550
vt 0.373942 0.704619
vt 0.373584 0.692452
vt 0.363549 0.692742
vt 0.362354 0.703557
vt 0.836630 0.098905
vt 0.836630 0.111168
vt 0.844873 0.108657
vt 0.844993 0.100933
vt 0.330576 0.215934
vt 0.336311 0.218928
vt 0.002406 0.208499
vt 0.002884 0.216127
vt 0.012441 0.214776
vt 0.012202 0.208982
vt 0.314449 0.135887
vt 0.314449 0.183394
vt 0.399866 0.167462
vt 0.399388 0.136563
vt 0.873306 0.469112
vt 0.873306 0.458201
vt 0.864226 0.459070
vt 0.864107 0.469981
vt 0.809511 0.045411
vt 0.816202 0.042032
vt 0.811542 0.037493
vt 0.806644 0.039618
vt 0.871514 0.409921
vt 0.863032 0.410307
vt 0.864346 0.446517
vt 0.873186 0.445938
vt 0.022237 0.246640
vt 0.027255 0.238626
vt 0.022834 0.235053
vt 0.016503 0.242198
vt 0.778212 0.062502
vt 0.781079 0.068489
vt 0.791592 0.063757
vt 0.789919 0.057095
vt 0.266185 0.748070
vt 0.282073 0.747588
vt 0.279684 0.707129
vt 0.261406 0.706743
vt 0.411574 0.166979
vt 0.411574 0.136563
vt 0.702232 0.358166
vt 0.717643 0.360579
vt 0.706652 0.320025
vt 0.337864 0.690328
vt 0.337625 0.700853
vt 0.350169 0.702108
vt 0.352558 0.691390
vt 0.686343 0.266338
vt 0.684551 0.290960
vt 0.696856 0.290960
vt 0.698170 0.265372
vt 0.876531 0.259579
vt 0.869244 0.259965
vt 0.866377 0.293471
vt 0.873545 0.293181
vt 0.068470 0.272325
vt 0.066798 0.278794
vt 0.831254 0.156164
vt 0.827312 0.163117
vt 0.833046 0.164951
vt 0.835913 0.159833
vt 0.484567 0.473360
vt 0.487912 0.456173
vt 0.481819 0.455787
vt 0.031675 0.289609
vt 0.279565 0.697184
vt 0.260570 0.696122
vt 0.784065 0.244516
vt 0.783588 0.250019
vt 0.787888 0.251564
vt 0.788605 0.246061
vt 0.802583 0.163696
vt 0.804852 0.169683
vt 0.811901 0.165530
vt 0.807839 0.160703
vt 0.849293 0.410500
vt 0.849532 0.446710
vt 0.113031 0.516329
vt 0.133579 0.517488
vt 0.133937 0.498176
vt 0.112433 0.494410
vt 0.439887 0.313555
vt 0.448488 0.320218
vt 0.451953 0.315776
vt 0.442754 0.308824
vt 0.819905 0.143225
vt 0.837227 0.151047
vt 0.845470 0.134149
vt 0.837227 0.128162
vt 0.089854 0.650160
vt 0.086748 0.669278
vt 0.101562 0.671209
vt 0.104787 0.653056
vt 0.361637 0.743146
vt 0.361996 0.728276
vt 0.350169 0.727696
vt 0.350288 0.742953
vt 0.792547 0.249150
vt 0.791233 0.257165
vt 0.043024 0.588748
vt 0.007901 0.591066
vt 0.009335 0.610667
vt 0.043741 0.607191
vt 0.942237 0.333929
vt 0.954781 0.333929
vt 0.954064 0.307955
vt 0.941640 0.306410
vt 0.182679 0.191795
vt 0.191997 0.185711
vt 0.183993 0.179145
vt 0.174197 0.185615
vt 0.709280 0.288643
vt 0.874739 0.075731
vt 0.883341 0.081910
vt 0.886686 0.069937
vt 0.877368 0.067137
vt 0.515628 0.463511
vt 0.558754 0.459456
vt 0.561383 0.453855
vt 0.514313 0.462642
vt 0.726244 0.280822
vt 0.800791 0.207920
vt 0.805569 0.218541
vt 0.163325 0.183297
vt 0.172285 0.175476
vt 0.151737 0.177504
vt 0.150065 0.183394
vt 0.736518 0.349475
vt 0.729470 0.339433
vt 0.132264 0.186387
vt 0.106699 0.219893
vt 0.458165 0.329874
vt 0.462346 0.325818
vt 0.459718 0.092435
vt 0.470350 0.092435
vt 0.470350 0.085580
vt 0.459718 0.085580
vt 0.646681 0.092435
vt 0.646681 0.085580
vt 0.633420 0.085580
vt 0.633420 0.092435
vt 0.798282 0.201064
vt 0.791472 0.202513
vt 0.793264 0.210527
vt 0.337386 0.754926
vt 0.335713 0.766803
vt 0.347660 0.768155
vt 0.349332 0.755119
vt 0.005870 0.558042
vt 0.005273 0.549352
vt 0.898871 0.408183
vt 0.918105 0.406541
vt 0.915835 0.373518
vt 0.896482 0.375256
vt 0.437617 0.085580
vt 0.437617 0.092435
vt 0.448847 0.092435
vt 0.448847 0.085580
vt 0.122946 0.233411
vt 0.003481 0.512177
vt 0.038843 0.513432
vt 0.038245 0.484465
vt 0.002884 0.481954
vt 0.317316 0.709254
vt 0.299038 0.707902
vt 0.777017 0.442075
vt 0.774867 0.454435
vt 0.789680 0.456366
vt 0.791233 0.443910
vt 0.454103 0.333543
vt 0.445024 0.324273
vt 0.441320 0.328039
vt 0.449922 0.337116
vt 0.823369 0.377670
vt 0.810109 0.376705
vt 0.807600 0.408955
vt 0.821697 0.409921
vt 0.674277 0.265372
vt 0.672605 0.289802
vt 0.824684 0.356331
vt 0.812020 0.355269
vt 0.798401 0.375450
vt 0.795056 0.407893
vt 0.210753 0.300423
vt 0.212067 0.307086
vt 0.219593 0.305637
vt 0.217323 0.298396
vt 0.472740 0.358552
vt 0.475009 0.374581
vt 0.480027 0.372456
vt 0.874859 0.109816
vt 0.883819 0.112713
vt 0.883819 0.099388
vt 0.875098 0.101995
vt 0.438334 0.352468
vt 0.430927 0.343778
vt 0.836869 0.238722
vt 0.845590 0.193629
vt 0.062377 0.394761
vt 0.084359 0.401907
vt 0.025582 0.211782
vt 0.028449 0.218638
vt 0.048878 0.220859
vt 0.053537 0.214293
vt 0.139074 0.251468
vt 0.144330 0.257358
vt 0.190563 0.223176
vt 0.191280 0.212844
vt 0.047683 0.185518
vt 0.035020 0.184456
vt 0.037290 0.194498
vt 0.044577 0.194884
vt 0.817157 0.159158
vt 0.811662 0.155971
vt 0.840333 0.156068
vt 0.689927 0.438599
vt 0.688374 0.450186
vt 0.702710 0.453855
vt 0.704741 0.442461
vt 0.333443 0.236018
vt 0.333563 0.227232
vt 0.327112 0.226266
vt 0.327112 0.236984
vt 0.178617 0.336826
vt 0.196895 0.337212
vt 0.196775 0.332191
vt 0.177661 0.331515
vt 0.087704 0.695639
vt 0.103234 0.692452
vt 0.774508 0.169876
vt 0.781796 0.165048
vt 0.777017 0.158964
vt 0.769730 0.161765
vt 0.137282 0.253399
vt 0.142299 0.259869
vt 0.688732 0.355945
vt 0.682640 0.387037
vt 0.696139 0.390899
vt 0.295334 0.183684
vt 0.311581 0.183394
vt 0.311223 0.135887
vt 0.835316 0.378153
vt 0.834480 0.410404
vt 0.849174 0.378057
vt 0.826356 0.336343
vt 0.944029 0.370911
vt 0.931007 0.372070
vt 0.933038 0.404997
vt 0.945940 0.403838
vt 0.389234 0.227232
vt 0.395565 0.226266
vt 0.392340 0.216031
vt 0.386486 0.218928
vt 0.371075 0.767575
vt 0.378960 0.768734
vt 0.382544 0.757919
vt 0.372270 0.755698
vt 0.671649 0.228101
vt 0.693153 0.239591
vt 0.698290 0.229549
vt 0.679892 0.207823
vt 0.257105 0.772210
vt 0.266663 0.775686
vt 0.267379 0.761975
vt 0.254955 0.759947
vt 0.082089 0.489292
vt 0.083642 0.514784
vt 0.884177 0.164758
vt 0.891584 0.165241
vt 0.478832 0.511501
vt 0.474173 0.524730
vt 0.479788 0.528302
vt 0.484328 0.515170
vt 0.782273 0.155971
vt 0.785857 0.160413
vt 0.780481 0.144770
vt 0.774389 0.143805
vt 0.774508 0.151626
vt 0.780481 0.150564
vt 0.660180 0.431164
vt 0.654804 0.439178
vt 0.106699 0.434447
vt 0.080058 0.426626
vt 0.385052 0.704426
vt 0.381349 0.691680
vt 0.833046 0.459456
vt 0.819069 0.458490
vt 0.818471 0.469401
vt 0.832210 0.470657
vt 0.004915 0.539503
vt 0.755633 0.438985
vt 0.752646 0.451441
vt 0.760650 0.452793
vt 0.763159 0.440241
vt 0.911176 0.079303
vt 0.905083 0.082007
vt 0.906995 0.092049
vt 0.913566 0.090890
vt 0.820024 0.151433
vt 0.813693 0.150274
vt 0.221624 0.710316
vt 0.242650 0.707516
vt 0.242053 0.698825
vt 0.220907 0.702495
vt 0.384455 0.747008
vt 0.385889 0.730883
vt 0.373823 0.729338
vt 0.373106 0.744305
vt 0.862196 0.377574
vt 0.862076 0.355558
vt 0.849532 0.356331
vt 0.712864 0.394085
vt 0.043502 0.244226
vt 0.037887 0.243357
vt 0.035617 0.252530
vt 0.042905 0.253689
vt 0.796609 0.164661
vt 0.796490 0.171034
vt 0.828029 0.099870
vt 0.814648 0.098519
vt 0.812379 0.104891
vt 0.828029 0.110009
vt 0.929335 0.303417
vt 0.929335 0.333736
vt 0.430688 0.307955
vt 0.433197 0.303030
vt 0.420772 0.297044
vt 0.418503 0.302161
vt 0.889075 0.089732
vt 0.834121 0.265855
vt 0.830657 0.295982
vt 0.842364 0.296368
vt 0.121274 0.615398
vt 0.134534 0.603135
vt 0.128800 0.595894
vt 0.115898 0.607287
vt 0.065842 0.669858
vt 0.901380 0.443910
vt 0.921092 0.442461
vt 0.669737 0.316162
vt 0.664839 0.352468
vt 0.676786 0.354013
vt 0.681564 0.317611
vt 0.785618 0.203864
vt 0.786335 0.210817
vt 0.366894 0.197685
vt 0.356142 0.197588
vt 0.357098 0.204057
vt 0.365938 0.203961
vt 0.490062 0.367918
vt 0.482297 0.352951
vt 0.477279 0.355848
vt 0.484806 0.370235
vt 0.437020 0.317804
vt 0.097858 0.137915
vt 0.097381 0.167751
vt 0.110044 0.167848
vt 0.110402 0.138108
vt 0.870200 0.377188
vt 0.869841 0.355076
vt 0.132025 0.477416
vt 0.356381 0.292119
vt 0.364385 0.294050
vt 0.365460 0.288740
vt 0.356620 0.286905
vt 0.042307 0.576678
vt 0.007185 0.578803
vt 0.341328 0.286519
vt 0.341448 0.280532
vt 0.334280 0.286615
vt 0.849293 0.459359
vt 0.784663 0.328522
vt 0.777495 0.347351
vt 0.820980 0.036431
vt 0.815126 0.033728
vt 0.026299 0.204251
vt 0.030600 0.197878
vt 0.023432 0.190539
vt 0.016622 0.201354
vt 0.731262 0.310176
vt 0.753482 0.300906
vt 0.748226 0.298782
vt 0.733412 0.304962
vt 0.848696 0.115416
vt 0.842842 0.121596
vt 0.562816 0.447000
vt 0.850966 0.336053
vt 0.862912 0.334991
vt 0.855028 0.295112
vt 0.317555 0.699115
vt 0.318271 0.689073
vt 0.414082 0.312783
vt 0.406795 0.324370
vt 0.416113 0.329777
vt 0.425670 0.317514
vt 0.810587 0.014705
vt 0.805569 0.012678
vt 0.516464 0.391575
vt 0.557679 0.390126
vt 0.519689 0.386554
vt 0.108610 0.330646
vt 0.119243 0.333929
vt 0.085793 0.202609
vt 0.109805 0.193339
vt 0.336550 0.293471
vt 0.364265 0.305831
vt 0.349571 0.291636
vt 0.342881 0.292602
vt 0.428179 0.085580
vt 0.428179 0.092435
vt 0.789680 0.023589
vt 0.783110 0.022816
vt 0.575121 0.085580
vt 0.575121 0.092435
vt 0.588262 0.092435
vt 0.588262 0.085580
vt 0.065603 0.358455
vt 0.836749 0.064626
vt 0.845232 0.075827
vt 0.855147 0.072737
vt 0.065842 0.283719
vt 0.087584 0.294437
vt 0.207169 0.287098
vt 0.202629 0.292023
vt 0.207527 0.295499
vt 0.213142 0.292216
vt 0.801029 0.045797
vt 0.899708 0.085483
vt 0.478952 0.492382
vt 0.875337 0.133859
vt 0.865541 0.137142
vt 0.860404 0.150564
vt 0.866735 0.155681
vt 0.185785 0.749808
vt 0.188891 0.760044
vt 0.201674 0.755216
vt 0.203107 0.749036
vt 0.060824 0.217576
vt 0.054612 0.229066
vt 0.883699 0.127583
vt 0.795295 0.194981
vt 0.845829 0.154040
vt 0.851802 0.153943
vt 0.800313 0.012581
vt 0.799596 0.005822
vt 0.790994 0.009202
vt 0.795415 0.014609
vt 0.075877 0.315583
vt 0.039321 0.526178
vt 0.004317 0.527337
vt 0.169896 0.725476
vt 0.184829 0.724413
vt 0.040396 0.417453
vt 0.059988 0.421122
vt 0.060824 0.410211
vt 0.041113 0.406348
vt 0.783827 0.199809
vt 0.789202 0.197298
vt 0.914282 0.333543
vt 0.915477 0.299651
vt 0.897916 0.295885
vt 0.895646 0.333736
vt 0.125455 0.588072
vt 0.137999 0.585851
vt 0.135012 0.576099
vt 0.124619 0.578513
vt 0.081731 0.415908
vt 0.761487 0.136853
vt 0.766743 0.098712
vt 0.761248 0.096491
vt 0.755752 0.136177
vt 0.054134 0.206182
vt 0.050670 0.199133
vt 0.042427 0.390223
vt 0.008857 0.383464
vt 0.007304 0.400458
vt 0.541193 0.092435
vt 0.552423 0.092435
vt 0.552423 0.085580
vt 0.541193 0.085580
vt 0.872589 0.170552
vt 0.871275 0.178566
vt 0.813812 0.231191
vt 0.824564 0.237081
vt 0.838064 0.190829
vt 0.490540 0.385588
vt 0.496035 0.383850
vt 0.785857 0.373905
vt 0.781676 0.405769
vt 0.840931 0.185615
vt 0.862196 0.159737
vt 0.857536 0.155971
vt 0.122707 0.168041
vt 0.122946 0.138204
vt 0.833524 0.446517
vt 0.349452 0.281015
vt 0.348974 0.286326
vt 0.768535 0.403162
vt 0.889553 0.063564
vt 0.345509 0.262282
vt 0.348377 0.256489
vt 0.341328 0.251468
vt 0.336788 0.255910
vt 0.821100 0.264117
vt 0.793264 0.043866
vt 0.856222 0.090697
vt 0.864346 0.090890
vt 0.866377 0.082297
vt 0.853833 0.082200
vt 0.466527 0.509184
vt 0.473098 0.509473
vt 0.788725 0.186098
vt 0.783827 0.189670
vt 0.761964 0.153171
vt 0.756350 0.153750
vt 0.760292 0.167269
vt 0.765548 0.165241
vt 0.956573 0.369946
vt 0.484567 0.419963
vt 0.484089 0.437537
vt 0.489943 0.437827
vt 0.490420 0.420060
vt 0.128442 0.238915
vt 0.120079 0.235632
vt 0.125813 0.241136
vt 0.399627 0.734262
vt 0.399866 0.714854
vt 0.385889 0.715723
vt 0.494243 0.402293
vt 0.495796 0.419867
vt 0.502009 0.419384
vt 0.499978 0.400941
vt 0.819666 0.445938
vt 0.138118 0.420832
vt 0.140985 0.406638
vt 0.127247 0.395727
vt 0.111239 0.411466
vt 0.761248 0.401907
vt 0.739147 0.398431
vt 0.733532 0.434640
vt 0.789083 0.309210
vt 0.183156 0.250889
vt 0.187816 0.235246
vt 0.148751 0.263634
vt 0.153290 0.269428
vt 0.081850 0.204637
vt 0.103593 0.221631
vt 0.202749 0.737352
vt 0.223297 0.747877
vt 0.202151 0.723351
vt 0.806525 0.080945
vt 0.811542 0.085580
vt 0.836988 0.081814
vt 0.686940 0.406059
vt 0.691958 0.408183
vt 0.006707 0.411563
vt 0.846665 0.187546
vt 0.046847 0.672851
vt 0.014352 0.655181
vt 0.017220 0.679417
vt 0.561861 0.085580
vt 0.561861 0.092435
vt 0.114942 0.387326
vt 0.117570 0.376415
vt 0.331054 0.292505
vt 0.328784 0.286326
vt 0.800074 0.078724
vt 0.299396 0.697860
vt 0.816918 0.028706
vt 0.823250 0.029672
vt 0.120318 0.361062
vt 0.796848 0.124010
vt 0.797087 0.130480
vt 0.802821 0.131349
vt 0.804972 0.125265
vt 0.898632 0.166206
vt 0.883938 0.188318
vt 0.891464 0.189187
vt 0.782990 0.086932
vt 0.778451 0.080366
vt 0.776420 0.181366
vt 0.780123 0.176828
vt 0.865660 0.072834
vt 0.864585 0.065206
vt 0.767340 0.136080
vt 0.776898 0.136273
vt 0.108610 0.423729
vt 0.681206 0.199423
vt 0.702590 0.215451
vt 0.704502 0.199905
vt 0.727081 0.458394
vt 0.749182 0.462063
vt 0.731023 0.446903
vt 0.134415 0.441689
vt 0.136207 0.432033
vt 0.865541 0.176635
vt 0.866496 0.170745
vt 0.858134 0.185518
vt 0.862673 0.181752
vt 0.087704 0.566829
vt 0.076116 0.240364
vt 0.060346 0.227425
vt 0.044697 0.259675
vt 0.483253 0.403548
vt 0.480027 0.388388
vt 0.458045 0.395630
vt 0.458404 0.411852
vt 0.791353 0.131638
vt 0.786216 0.134632
vt 0.808078 0.067523
vt 0.126052 0.451441
vt 0.374300 0.206761
vt 0.381110 0.251371
vt 0.386366 0.244419
vt 0.107296 0.188705
vt 0.131667 0.181270
vt 0.019848 0.700563
vt 0.047444 0.698632
vt 0.861240 0.190732
vt 0.869363 0.206568
vt 0.876054 0.187836
vt 0.867213 0.185518
vt 0.871275 0.095042
vt 0.877248 0.088380
vt 0.817157 0.135597
vt 0.455537 0.383174
vt 0.902216 0.466891
vt 0.902336 0.456076
vt 0.423640 0.336247
vt 0.434033 0.321956
vt 0.311581 0.186580
vt 0.314449 0.186580
vt 0.336191 0.244323
vt 0.330457 0.247219
vt 0.852638 0.187546
vt 0.865302 0.164951
vt 0.782512 0.139266
vt 0.380871 0.281594
vt 0.378721 0.286905
vt 0.391265 0.291347
vt 0.393773 0.286036
vt 0.693750 0.318866
vt 0.807958 0.134245
vt 0.811662 0.138687
vt 0.812020 0.129417
vt 0.940565 0.463511
vt 0.939370 0.452504
vt 0.849174 0.094367
vt 0.842962 0.088283
vt 0.770805 0.174317
vt 0.490182 0.474616
vt 0.496035 0.477030
vt 0.499619 0.458587
vt 0.493527 0.457042
vt 0.742611 0.298782
vt 0.737355 0.301003
vt 0.134773 0.568760
vt 0.143853 0.565767
vt 0.196895 0.290671
vt 0.199882 0.284008
vt 0.191997 0.283815
vt 0.191041 0.291636
vt 0.746195 0.355558
vt 0.744045 0.366759
vt 0.766146 0.371394
vt 0.757664 0.357876
vt 0.489823 0.085580
vt 0.489823 0.092435
vt 0.500217 0.092435
vt 0.500217 0.085580
vt 0.011246 0.629979
vt 0.054015 0.136853
vt 0.030839 0.136177
vt 0.030122 0.166013
vt 0.053179 0.166689
vt 0.123543 0.267690
vt 0.129875 0.297237
vt 0.134654 0.276573
vt 0.267977 0.181076
vt 0.266304 0.187449
vt 0.295334 0.186870
vt 0.069784 0.696604
vt 0.005512 0.194112
vt 0.003362 0.201064
vt 0.012919 0.203285
vt 0.014472 0.197685
vt 0.472859 0.338661
vt 0.468200 0.342137
vt 0.099412 0.621192
vt 0.108013 0.628820
vt 0.004078 0.135211
vt 0.003601 0.165048
vt 0.133937 0.245095
vt 0.188891 0.201740
vt 0.980944 0.454145
vt 0.977957 0.444972
vt 0.787888 0.467084
vt 0.802941 0.467953
vt 0.803777 0.457331
vt 0.200479 0.217962
vt 0.200718 0.206182
vt 0.874620 0.229646
vt 0.877726 0.208016
vt 0.865182 0.230032
vt 0.092721 0.331515
vt 0.808078 0.006691
vt 0.815604 0.010457
vt 0.127605 0.264986
vt 0.184710 0.286326
vt 0.112553 0.255523
vt 0.125216 0.248475
vt 0.110641 0.249633
vt 0.101203 0.252627
vt 0.870916 0.162634
vt 0.885252 0.209272
vt 0.063691 0.292023
vt 0.689927 0.421605
vt 0.707249 0.430102
vt 0.753602 0.325046
vt 0.757544 0.320990
vt 0.748345 0.327170
vt 0.791592 0.018471
vt 0.399388 0.184553
vt 0.399269 0.187160
vt 0.402733 0.187256
vt 0.406198 0.180883
vt 0.759695 0.310176
vt 0.733412 0.321087
vt 0.737474 0.325046
vt 0.766146 0.177504
vt 0.771999 0.184939
vt 0.406317 0.174028
vt 0.403689 0.168910
vt 0.169179 0.290864
vt 0.176705 0.270683
vt 0.356739 0.259289
vt 0.365580 0.259193
vt 0.801627 0.112616
vt 0.807839 0.109913
vt 0.889553 0.119086
vt 0.870558 0.116382
vt 0.193430 0.234763
vt 0.686582 0.416777
vt 0.681923 0.426722
vt 0.794817 0.112906
vt 0.853714 0.193533
vt 0.672246 0.392734
vt 0.671649 0.384816
vt 0.660180 0.384333
vt 0.661614 0.393603
vt 0.836272 0.356717
vt 0.837944 0.336826
vt 0.955617 0.418901
vt 0.949166 0.427978
vt 0.954781 0.429329
vt 0.672246 0.430681
vt 0.767101 0.151047
vt 0.774628 0.074669
vt 0.770566 0.083649
vt 0.774986 0.088476
vt 0.141822 0.548387
vt 0.129278 0.542303
vt 0.084239 0.526854
vt 0.558635 0.188318
vt 0.585037 0.196429
vt 0.773314 0.372456
vt 0.244203 0.748650
vt 0.242531 0.758016
vt 0.110522 0.592128
vt 0.112911 0.598597
vt 0.119482 0.587203
vt 0.167148 0.294630
vt 0.169179 0.299361
vt 0.172166 0.294919
vt 0.658508 0.247895
vt 0.673799 0.255330
vt 0.680011 0.250889
vt 0.086987 0.577065
vt 0.813693 0.144288
vt 0.882027 0.230128
vt 0.770566 0.069841
vt 0.267857 0.174221
vt 0.389114 0.236018
vt 0.381468 0.211879
vt 0.598895 0.092435
vt 0.598895 0.085580
vt 0.804852 0.445068
vt 0.950480 0.438309
vt 0.958484 0.438889
vt 0.063930 0.203188
vt 0.892420 0.109140
vt 0.937100 0.440434
vt 0.772477 0.100353
vt 0.463780 0.345323
vt 0.553259 0.384623
vt 0.523871 0.383078
vt 0.361040 0.755119
vt 0.315285 0.787563
vt 0.328545 0.776459
vt 0.844754 0.148150
vt 0.852758 0.147957
vt 0.855267 0.137239
vt 0.174077 0.303513
vt 0.181006 0.305637
vt 0.057718 0.192277
vt 0.093319 0.558525
vt 0.028688 0.250116
vt 0.032392 0.241426
vt 0.785618 0.015381
vt 0.782035 0.129900
vt 0.150662 0.424791
vt 0.149228 0.436378
vt 0.006109 0.421701
vt 0.094872 0.607384
vt 0.100367 0.591935
vt 0.091646 0.586238
vt 0.876173 0.123431
vt 0.373703 0.309210
vt 0.384813 0.313845
vt 0.387561 0.302161
vt 0.375495 0.297623
vt 0.151737 0.412528
vt 0.709400 0.260834
vt 0.147436 0.553794
vt 0.151618 0.563063
vt 0.038604 0.455690
vt 0.101801 0.554277
vt 0.780720 0.093304
vt 0.457448 0.457428
vt 0.015905 0.213906
vt 0.780840 0.100064
vt 0.107774 0.340881
vt 0.922525 0.454917
vt 0.924676 0.466408
vt 0.143255 0.573878
vt 0.129158 0.463994
vt 0.967205 0.444006
vt 0.385889 0.207340
vt 0.864824 0.058254
vt 0.865421 0.051494
vt 0.836152 0.051108
vt 0.836152 0.057867
vt 0.004437 0.223273
vt 0.007304 0.230128
vt 0.015905 0.225783
vt 0.013755 0.220376
vt 0.485403 0.387133
vt 0.185307 0.737642
vt 0.025104 0.721517
vt 0.131667 0.247219
vt 0.170254 0.737642
vt 0.170613 0.749808
vt 0.687179 0.246543
vt 0.115061 0.637124
vt 0.097620 0.638476
vt 0.017100 0.192567
vt 0.020445 0.187836
vt 0.013277 0.181559
vt 0.008857 0.187546
vt 0.147078 0.265855
vt 0.151618 0.272035
vt 0.768057 0.355655
vt 0.098814 0.725958
vt 0.105982 0.713695
vt 0.093080 0.721420
vt 0.151737 0.574168
vt 0.479430 0.092435
vt 0.479430 0.085580
vt 0.609647 0.092435
vt 0.609647 0.085580
vt 0.446099 0.165724
vt 0.472620 0.165048
vt 0.471306 0.135211
vt 0.444785 0.135887
vt 0.620279 0.092435
vt 0.620279 0.085580
vt 0.337744 0.727310
vt 0.338103 0.743242
vt 0.779167 0.193050
vt 0.003959 0.451152
vt 0.210156 0.137625
vt 0.196656 0.137818
vt 0.197014 0.167655
vt 0.210633 0.167462
vt 0.425432 0.136273
vt 0.425073 0.166399
vt 0.913804 0.103636
vt 0.806405 0.053426
vt 0.807003 0.060281
vt 0.880354 0.053619
vt 0.878921 0.060185
vt 0.111358 0.554856
vt 0.109805 0.545683
vt 0.671649 0.170552
vt 0.678100 0.184553
vt 0.704741 0.166013
vt 0.703188 0.150371
vt 0.355783 0.265662
vt 0.366535 0.265662
vt 0.484686 0.494120
vt 0.397835 0.700563
vt 0.304055 0.796736
vt 0.294737 0.790267
vt 0.050550 0.335474
vt 0.047325 0.352082
vt 0.495677 0.438213
vt 0.111955 0.535930
vt 0.283149 0.764196
vt 0.281835 0.781962
vt 0.901141 0.094077
vt 0.831135 0.119955
vt 0.933397 0.277056
vt 0.919300 0.272325
vt 0.556843 0.208982
vt 0.579661 0.217672
vt 0.772716 0.465153
vt 0.376929 0.292119
vt 0.416233 0.307279
vt 0.389234 0.296561
vt 0.900663 0.063178
vt 0.892062 0.057578
vt 0.019012 0.230708
vt 0.011366 0.236598
vt 0.112792 0.526468
vt 0.006468 0.567698
vt 0.488748 0.403162
vt 0.428179 0.312590
vt 0.085195 0.137721
vt 0.084598 0.167462
vt 0.071457 0.137335
vt 0.070620 0.167172
vt 0.366655 0.283525
vt 0.357456 0.281691
vt 0.501770 0.438792
vt 0.562697 0.410018
vt 0.509535 0.411466
vt 0.510610 0.092435
vt 0.510610 0.085580
vt 0.820502 0.015864
vt 0.078625 0.233122
vt 0.101681 0.246833
vt 0.788486 0.110588
vt 0.783588 0.106147
vt 0.788963 0.125652
vt 0.681923 0.396789
vt 0.943073 0.281594
vt 0.140149 0.453179
vt 0.145406 0.447289
vt 0.731262 0.315873
vt 0.757544 0.304962
vt 0.222222 0.337212
vt 0.216487 0.333157
vt 0.187577 0.251468
vt 0.602240 0.118120
vt 0.586470 0.130480
vt 0.615620 0.154523
vt 0.374062 0.256586
vt 0.024746 0.172290
vt 0.018653 0.176442
vt 0.024626 0.183780
vt 0.029405 0.180594
vt 0.374062 0.714758
vt 0.396521 0.754636
vt 0.041829 0.224045
vt 0.043144 0.233991
vt 0.392937 0.767961
vt 0.462824 0.522123
vt 0.468200 0.522605
vt 0.906637 0.070034
vt 0.669976 0.260351
vt 0.646920 0.256392
vt 0.658388 0.286229
vt 0.359487 0.768155
vt 0.368447 0.277925
vt 0.119960 0.344261
vt 0.131548 0.531585
vt 0.461868 0.513336
vt 0.459479 0.523861
vt 0.134893 0.168041
vt 0.135012 0.138204
vt 0.168821 0.138108
vt 0.169060 0.167944
vt 0.146242 0.138301
vt 0.146242 0.168138
vt 0.157113 0.138204
vt 0.157233 0.168041
vt 0.116734 0.334798
vt 0.127725 0.329101
vt 0.057718 0.744111
vt 0.081850 0.729724
vt 0.742731 0.327170
vt 0.759695 0.315776
vt 0.077549 0.742277
vt 0.092960 0.741408
vt 0.659105 0.112713
vt 0.639752 0.109333
vt 0.631867 0.150950
vt 0.645367 0.153750
vt 0.358531 0.276090
vt 0.457568 0.433095
vt 0.362235 0.713406
vt 0.337744 0.710992
vt 0.350169 0.712150
vt 0.350288 0.275125
vt 0.195939 0.324080
vt 0.189488 0.322825
vt 0.870439 0.334412
vt 0.910579 0.123238
vt 0.905681 0.142067
vt 0.958365 0.401810
vt 0.016025 0.342137
vt 0.790755 0.163503
vt 0.788605 0.169393
vt 0.342523 0.274449
vt 0.659702 0.160896
vt 0.690405 0.128548
vt 0.676666 0.119665
vt 0.197851 0.195560
vt 0.180528 0.272614
vt 0.220549 0.332481
vt 0.211470 0.313362
vt 0.005154 0.434254
vt 0.300352 0.687721
vt 0.637840 0.260158
vt 0.650265 0.299844
vt 0.202390 0.323308
vt 0.040993 0.266628
vt 0.035856 0.279180
vt 0.146720 0.587879
vt 0.823250 0.022623
vt 0.511327 0.404803
vt 0.560785 0.398334
vt 0.183873 0.319059
vt 0.181245 0.312203
vt 0.173599 0.330453
vt 0.728753 0.257455
vt 0.731023 0.252433
vt 0.722063 0.254365
vt 0.892181 0.099098
vt 0.376929 0.262282
vt 0.385650 0.256006
vt 0.392101 0.247316
vt 0.020445 0.324370
vt 0.647517 0.300520
vt 0.613350 0.259869
vt 0.395565 0.237081
vt 0.075638 0.203864
vt 0.079939 0.198940
vt 0.541551 0.379505
vt 0.535220 0.379505
vt 0.529127 0.380760
vt 0.547764 0.381243
vt 0.377287 0.200968
vt 0.848935 0.470850
vt 0.490301 0.497403
vt 0.222819 0.756181
vt 0.626133 0.261510
vt 0.765429 0.080076
vt 0.174077 0.336633
vt 0.698887 0.138301
vt 0.620279 0.110782
vt 0.034303 0.223273
vt 0.021162 0.225011
vt 0.030719 0.232446
vt 0.062855 0.222017
vt 0.039082 0.271166
vt 0.901500 0.264890
vt 0.955020 0.284105
vt 0.757664 0.463415
vt 0.388158 0.780128
vt 0.814410 0.091759
vt 0.831135 0.090118
vt 0.032392 0.751643
vt 0.172166 0.761975
vt 0.208125 0.319928
vt 0.395326 0.689845
vt 0.034781 0.178180
vt 0.031555 0.169296
vt 0.961590 0.410404
vt 0.307755 0.658092
vt 0.306786 0.667305
vt 0.293766 0.672143
vt 0.281393 0.667593
vt 0.026309 0.967500
vt 0.029033 0.967443
vt 0.029079 0.969228
vt 0.026355 0.969228
vt 0.026309 0.838738
vt 0.029033 0.838796
vt 0.029033 0.903119
vt 0.026309 0.903119
vt 0.395292 0.506699
vt 0.393537 0.506584
vt 0.374654 0.685906
vt 0.376409 0.686136
vt 0.029495 0.974929
vt 0.026448 0.978269
vt 0.173219 0.652218
vt 0.176866 0.659877
vt 0.171003 0.656076
vt 0.169895 0.654867
vt 0.169756 0.661604
vt 0.165832 0.665117
vt 0.171141 0.662583
vt 0.167355 0.667421
vt 0.172249 0.663793
vt 0.178205 0.667536
vt 0.174419 0.673352
vt 0.187855 0.672200
vt 0.184854 0.678650
vt 0.309325 0.673122
vt 0.321560 0.666672
vt 0.325115 0.672834
vt 0.312280 0.679456
vt 0.198196 0.684178
vt 0.200597 0.677613
vt 0.214032 0.681644
vt 0.212232 0.688497
vt 0.269250 0.684639
vt 0.270312 0.691837
vt 0.284579 0.689015
vt 0.282870 0.682105
vt 0.241041 0.693046
vt 0.241503 0.685791
vt 0.255400 0.685791
vt 0.255723 0.693162
vt 0.226544 0.691434
vt 0.227698 0.684351
vt 0.330840 0.661144
vt 0.334949 0.658207
vt 0.339797 0.662526
vt 0.335134 0.666672
vt 0.296259 0.678247
vt 0.298614 0.684927
vt 0.337488 0.655673
vt 0.343075 0.657573
vt 0.338735 0.654521
vt 0.167217 0.661144
vt 0.164401 0.664484
vt 0.384211 0.686654
vt 0.386058 0.684984
vt 0.266896 0.678132
vt 0.252953 0.671740
vt 0.253137 0.679053
vt 0.331486 0.647957
vt 0.328301 0.655731
vt 0.319021 0.661086
vt 0.343352 0.560311
vt 0.360619 0.532555
vt 0.347876 0.653658
vt 0.336750 0.622849
vt 0.341043 0.638570
vt 0.356648 0.667421
vt 0.026355 0.837011
vt 0.029079 0.837011
vt 0.029495 0.831310
vt 0.026448 0.827970
vt 0.333195 0.646056
vt 0.336242 0.649281
vt 0.334949 0.650375
vt 0.332410 0.652851
vt 0.197458 0.661086
vt 0.186377 0.664657
vt 0.212186 0.674389
vt 0.224328 0.669148
vt 0.198935 0.670185
vt 0.225713 0.677268
vt 0.239379 0.678880
vt 0.280423 0.675771
vt 0.338689 0.648590
vt 0.335965 0.644098
vt 0.335318 0.591119
vt 0.338135 0.575456
vt 0.334857 0.606956
vt 0.364589 0.677671
vt 0.371699 0.685042
vt 0.372069 0.520865
vt 0.404479 0.509808
vt 0.171418 0.650490
vt 0.168602 0.653888
vt 0.341228 0.653773
vt 0.344367 0.656710
vt 0.168510 0.648705
vt 0.166109 0.653370
vt 0.350831 0.545857
vt 0.403048 0.507850
vt 0.381995 0.512515
vt 0.387443 0.508541
vt 0.089465 0.799217
vt 0.089465 0.821329
vt 0.106103 0.821329
vt 0.106103 0.799217
vt 0.089465 0.843651
vt 0.106103 0.843651
vt 0.106103 0.935151
vt 0.106103 0.912723
vt 0.089465 0.912723
vt 0.089465 0.935151
vt 0.089465 0.866078
vt 0.089465 0.889348
vt 0.106103 0.889348
vt 0.106103 0.866078
vt 0.106103 0.781633
vt 0.089465 0.781633
vt 0.089465 0.957473
vt 0.106103 0.957473
vt 0.089465 0.979584
vt 0.106103 0.979584
vt 0.089465 0.997168
vt 0.106103 0.997168
vt 0.027399 0.818498
vt 0.027399 0.815576
vt 0.002139 0.815576
vt 0.002139 0.818498
vt 0.086368 0.837324
vt 0.086368 0.823484
vt 0.033878 0.823484
vt 0.033878 0.837324
vt 0.002139 0.813598
vt 0.027399 0.813598
vt 0.027399 0.997560
vt 0.086368 0.997560
vt 0.086368 0.994465
vt 0.027399 0.994465
vt 0.033878 0.850477
vt 0.086368 0.850477
vt 0.086368 0.864059
vt 0.033878 0.864059
vt 0.027399 0.992402
vt 0.002139 0.992402
vt 0.002139 0.994465
vt 0.086368 0.992402
vt 0.086368 0.989479
vt 0.027399 0.989479
vt 0.033878 0.890793
vt 0.086368 0.890793
vt 0.086368 0.877555
vt 0.033878 0.877555
vt 0.086368 0.815576
vt 0.086368 0.813598
vt 0.086368 0.818498
vt 0.033878 0.984493
vt 0.020920 0.984493
vt 0.002139 0.823484
vt 0.020920 0.823484
vt 0.002139 0.970653
vt 0.020920 0.970653
vt 0.020920 0.957501
vt 0.002139 0.957501
vt 0.020920 0.890793
vt 0.020920 0.877555
vt 0.002139 0.877555
vt 0.002139 0.890793
vt 0.033878 0.943919
vt 0.033878 0.957501
vt 0.086368 0.957501
vt 0.086368 0.943919
vt 0.033878 0.970653
vt 0.086368 0.970653
vt 0.002139 0.904032
vt 0.020920 0.904032
vt 0.086368 0.984493
vt 0.002139 0.917184
vt 0.020920 0.917184
vt 0.020920 0.943919
vt 0.002139 0.943919
vt 0.086368 0.930422
vt 0.086368 0.917184
vt 0.033878 0.917184
vt 0.033878 0.930422
vt 0.033878 0.904032
vt 0.086368 0.904032
vt 0.020920 0.864059
vt 0.020920 0.850477
vt 0.002139 0.850477
vt 0.002139 0.864059
vt 0.002139 0.997560
vt 0.150831 0.395903
vt 0.155670 0.349139
vt 0.126965 0.367793
vt 0.130000 0.378539
vt 0.002139 0.984493
vt 0.002139 0.989479
vt 0.289190 0.658349
vt 0.289272 0.651644
vt 0.246543 0.651214
vt 0.246460 0.658435
vt 0.203731 0.651128
vt 0.195693 0.650784
vt 0.195611 0.658091
vt 0.203813 0.657833
vt 0.002139 0.930422
vt 0.020920 0.930422
vt 0.086368 0.810418
vt 0.027399 0.810418
vt 0.020920 0.837324
vt 0.002139 0.837324
vt 0.002139 0.810418
vt 0.152226 0.299453
vt 0.144270 0.306502
vt 0.161165 0.302461
vt 0.161903 0.293435
vt 0.652843 0.464072
vt 0.665802 0.451521
vt 0.641361 0.465619
vt 0.136971 0.314926
vt 0.131722 0.324812
vt 0.621760 0.430203
vt 0.618643 0.462181
vt 0.629797 0.464760
vt 0.149519 0.404929
vt 0.135167 0.388339
vt 0.141482 0.396935
vt 0.598304 0.452123
vt 0.589446 0.444902
vt 0.577882 0.408368
vt 0.575914 0.426248
vt 0.581655 0.436306
vt 0.663423 0.460977
vt 0.673921 0.455992
vt 0.125735 0.356790
vt 0.128113 0.335127
vt 0.126063 0.345873
vt 0.608063 0.457969
vt 0.569434 0.404586
vt 0.571895 0.416019
vt 0.297392 0.658693
vt 0.297392 0.651386
vt 0.157268 0.360485
vt 0.158494 0.488890
vt 0.162418 0.488341
vt 0.161192 0.361033
vt 0.355546 0.355389
vt 0.353094 0.358133
vt 0.394294 0.404070
vt 0.397483 0.402110
vt 0.345001 0.351156
vt 0.348189 0.353194
vt 0.350273 0.350529
vt 0.346350 0.348099
vt 0.166219 0.492339
vt 0.167078 0.494063
vt 0.175784 0.487243
vt 0.165851 0.487478
vt 0.342426 0.358133
vt 0.335191 0.346453
vt 0.334823 0.349980
vt 0.341445 0.350215
vt 0.341935 0.346923
vt 0.172718 0.350215
vt 0.173577 0.353665
vt 0.166342 0.351470
vt 0.167446 0.354370
vt 0.347821 0.344806
vt 0.342794 0.343239
vt 0.175661 0.495474
vt 0.387918 0.495553
vt 0.389022 0.486303
vt 0.408273 0.421003
vt 0.407660 0.413477
vt 0.403859 0.414418
vt 0.404349 0.421316
vt 0.393313 0.414339
vt 0.398218 0.408852
vt 0.397605 0.491241
vt 0.400303 0.494299
vt 0.401774 0.488184
vt 0.398341 0.485205
vt 0.396134 0.494142
vt 0.398831 0.496807
vt 0.401284 0.407206
vt 0.404472 0.405168
vt 0.400425 0.399602
vt 0.174925 0.499080
vt 0.391106 0.499080
vt 0.400793 0.416142
vt 0.400916 0.422571
vt 0.165729 0.355232
vt 0.163522 0.353116
vt 0.391597 0.503000
vt 0.397728 0.501511
vt 0.396256 0.498218
vt 0.161069 0.350764
vt 0.158617 0.354605
vt 0.162050 0.356095
vt 0.164871 0.496258
vt 0.163276 0.493279
vt 0.159966 0.494847
vt 0.162418 0.498610
vt 0.168794 0.494926
vt 0.167813 0.497826
vt 0.164993 0.356957
vt 0.164625 0.361817
vt 0.173944 0.361739
vt 0.358244 0.352567
vt 0.352481 0.347472
vt 0.335436 0.342533
vt 0.400058 0.412301
vt 0.403000 0.410577
vt 0.166219 0.501197
vt 0.164748 0.348177
vt 0.393191 0.495396
vt 0.174435 0.503000
vt 0.406434 0.409087
vt 0.401039 0.499551
vt 0.403614 0.496337
vt 0.405821 0.488968
vt 0.172105 0.346296
vt 0.323309 0.642994
vt 0.320344 0.644158
vt 0.322074 0.648746
vt 0.325944 0.646692
vt 0.326356 0.639228
vt 0.328415 0.520900
vt 0.325450 0.523571
vt 0.323474 0.636420
vt 0.322568 0.638680
vt 0.325038 0.641419
vt 0.319850 0.518983
vt 0.179112 0.516518
vt 0.178453 0.521243
vt 0.320344 0.523776
vt 0.322568 0.515765
vt 0.176477 0.513163
vt 0.173347 0.520900
vt 0.176065 0.517134
vt 0.174253 0.518641
vt 0.317709 0.640803
vt 0.318368 0.636078
vt 0.176477 0.633544
vt 0.176971 0.638338
vt 0.171783 0.515902
vt 0.170465 0.518093
vt 0.328662 0.644432
vt 0.174747 0.508575
vt 0.170877 0.510629
vt 0.173512 0.514327
vt 0.322815 0.519736
vt 0.325532 0.516997
vt 0.172194 0.636078
vt 0.174006 0.637584
vt 0.171371 0.633750
vt 0.171289 0.640323
vt 0.174253 0.641556
vt 0.324626 0.521243
vt 0.327262 0.518641
vt 0.165936 0.641556
vt 0.169559 0.638680
vt 0.168406 0.636420
vt 0.164124 0.638406
vt 0.168159 0.512889
vt 0.166265 0.515970
vt 0.330885 0.515765
vt 0.328332 0.513368
vt 0.172359 0.646075
vt 0.320756 0.640186
vt 0.324462 0.511245
vt 0.330556 0.641351
vt 0.332697 0.518915
vt 0.168489 0.643953
vt 0.521391 0.060549
vt 0.514341 0.060549
vt 0.514341 0.073217
vt 0.521391 0.073217
vt 0.528120 0.060549
vt 0.528120 0.073217
vt 0.473643 0.073217
vt 0.480212 0.073217
vt 0.480212 0.060549
vt 0.473643 0.060549
vt 0.535010 0.060549
vt 0.535010 0.073217
vt 0.507611 0.060549
vt 0.500721 0.060549
vt 0.500721 0.073217
vt 0.507611 0.073217
vt 0.466753 0.060549
vt 0.466753 0.073217
vt 0.493832 0.060549
vt 0.487102 0.060549
vt 0.487102 0.073217
vt 0.493832 0.073217
vt 0.480693 0.040065
vt 0.480693 0.045456
vt 0.500721 0.045456
vt 0.500721 0.040065
vt 0.460024 0.060549
vt 0.453134 0.060549
vt 0.453134 0.073217
vt 0.460024 0.073217
vt 0.487102 0.078607
vt 0.493832 0.078607
vt 0.528120 0.078607
vt 0.521391 0.078607
vt 0.535010 0.078607
vt 0.507611 0.078607
vt 0.514341 0.078607
vt 0.473643 0.078607
vt 0.480212 0.078607
vt 0.498158 0.035394
vt 0.483257 0.035394
vt 0.453134 0.078607
vt 0.460024 0.078607
vt 0.466753 0.078607
vt 0.500721 0.078607
vt 0.498158 0.050128
vt 0.483257 0.050128
vt 0.488063 0.052823
vt 0.493351 0.052823
vt 0.493351 0.032698
vt 0.488063 0.032698
vt 0.694141 0.010166
vt 0.694141 0.003254
vt 0.665654 0.003254
vt 0.665654 0.010166
vt 0.605120 0.003254
vt 0.605120 0.010166
vt 0.633606 0.010166
vt 0.633606 0.003254
vt 0.543027 0.054267
vt 0.543027 0.064680
vt 0.571180 0.064680
vt 0.598220 0.054267
vt 0.598220 0.014979
vt 0.586759 0.020754
vt 0.586759 0.049279
vt 0.554711 0.049279
vt 0.598220 0.004523
vt 0.571180 0.004523
vt 0.693474 0.025610
vt 0.731308 0.025610
vt 0.731308 0.014673
vt 0.693474 0.014673
vt 0.693474 0.092811
vt 0.731308 0.092811
vt 0.731308 0.064723
vt 0.693474 0.064723
vt 0.731308 0.004260
vt 0.770811 0.014673
vt 0.770811 0.004260
vt 0.651300 0.014673
vt 0.651300 0.025610
vt 0.554711 0.020754
vt 0.543027 0.014979
vt 0.651300 0.064723
vt 0.651300 0.092811
vt 0.770811 0.025610
vt 0.731308 0.053698
vt 0.693474 0.053698
vt 0.770811 0.053698
vt 0.651300 0.053698
vt 0.641841 0.025610
vt 0.641841 0.053698
vt 0.608680 0.054267
vt 0.608680 0.014979
vt 0.635721 0.054267
vt 0.635721 0.014979
vt 0.543027 0.004523
vt 0.770811 0.064723
vt 0.571180 0.075530
vt 0.543027 0.075530
vt 0.726189 0.010166
vt 0.726189 0.003254
vt 0.598220 0.064680
vt 0.955458 0.220849
vt 0.995119 0.220849
vt 0.995119 0.206633
vt 0.955458 0.206633
vt 0.995119 0.050576
vt 0.955458 0.050576
vt 0.955458 0.064791
vt 0.995119 0.064791
vt 0.938536 0.005296
vt 0.938536 0.042152
vt 0.949773 0.042152
vt 0.949773 0.005296
vt 0.995119 0.107333
vt 0.955458 0.107333
vt 0.955458 0.121549
vt 0.995119 0.121549
vt 0.882283 0.042152
vt 0.893586 0.042152
vt 0.893586 0.005296
vt 0.882283 0.005296
vt 0.972314 0.005296
vt 0.972314 0.042152
vt 0.983551 0.042152
vt 0.983551 0.005296
vt 0.961076 0.005296
vt 0.961076 0.042152
vt 0.943559 0.121549
vt 0.943559 0.107333
vt 0.930008 0.107333
vt 0.930008 0.121549
vt 0.995119 0.164091
vt 0.955458 0.164091
vt 0.955458 0.178307
vt 0.995119 0.178307
vt 0.955458 0.192523
vt 0.995119 0.192523
vt 0.927298 0.005296
vt 0.927298 0.042152
vt 0.955458 0.135765
vt 0.995119 0.135765
vt 0.943559 0.093118
vt 0.930008 0.093118
vt 0.943559 0.135765
vt 0.995119 0.093118
vt 0.955458 0.093118
vt 0.943559 0.149875
vt 0.930008 0.149875
vt 0.930008 0.164091
vt 0.943559 0.164091
vt 0.930008 0.192523
vt 0.943559 0.192523
vt 0.943559 0.178307
vt 0.930008 0.178307
vt 0.943559 0.206633
vt 0.943559 0.220849
vt 0.904823 0.005296
vt 0.904823 0.042152
vt 0.916061 0.042152
vt 0.916061 0.005296
vt 0.994788 0.042152
vt 0.994788 0.005296
vt 0.955458 0.149875
vt 0.995119 0.149875
vt 0.995119 0.079007
vt 0.955458 0.079007
vt 0.930008 0.206633
vt 0.930008 0.135765
vt 0.930008 0.220849
vt 0.943559 0.064791
vt 0.930008 0.064791
vt 0.930008 0.079007
vt 0.943559 0.079007
vt 0.943559 0.050576
vt 0.930008 0.050576
vt 0.871045 0.005296
vt 0.871045 0.042152
vt 0.859808 0.005296
vt 0.859808 0.042152
vt 0.188227 0.047417
vt 0.188227 0.077931
vt 0.206678 0.077931
vt 0.206678 0.047417
vt 0.225129 0.077931
vt 0.225129 0.047417
vt 0.243634 0.077931
vt 0.243634 0.047417
vt 0.317492 0.047417
vt 0.299041 0.047417
vt 0.299041 0.077931
vt 0.317492 0.077931
vt 0.151271 0.047417
vt 0.132820 0.047417
vt 0.132820 0.077931
vt 0.151271 0.077931
vt 0.280536 0.047417
vt 0.280536 0.077931
vt 0.022007 0.047417
vt 0.022007 0.042230
vt 0.003556 0.042230
vt 0.003556 0.047417
vt 0.225129 0.042230
vt 0.206678 0.042230
vt 0.114369 0.042230
vt 0.095864 0.042230
vt 0.095864 0.047417
vt 0.114369 0.047417
vt 0.391349 0.042230
vt 0.409800 0.042230
vt 0.409800 0.036392
vt 0.391349 0.036392
vt 0.058963 0.042230
vt 0.077413 0.042230
vt 0.077413 0.036392
vt 0.058963 0.036392
vt 0.132820 0.042230
vt 0.151271 0.042230
vt 0.151271 0.036392
vt 0.132820 0.036392
vt 0.151271 0.005922
vt 0.132820 0.005922
vt 0.022007 0.036392
vt 0.040512 0.036392
vt 0.040512 0.005922
vt 0.022007 0.005922
vt 0.391349 0.005922
vt 0.372898 0.005922
vt 0.372898 0.036392
vt 0.077413 0.047417
vt 0.280536 0.042230
vt 0.262085 0.042230
vt 0.262085 0.047417
vt 0.243634 0.042230
vt 0.114369 0.036392
vt 0.095864 0.036392
vt 0.243634 0.036392
vt 0.225129 0.036392
vt 0.114369 0.005922
vt 0.095864 0.005922
vt 0.077413 0.005922
vt 0.243634 0.005922
vt 0.225129 0.005922
vt 0.372898 0.047417
vt 0.391349 0.047417
vt 0.372898 0.042230
vt 0.040512 0.042230
vt 0.262085 0.036392
vt 0.262085 0.005922
vt 0.058963 0.005922
vt 0.188227 0.042230
vt 0.299041 0.036392
vt 0.299041 0.005922
vt 0.280536 0.005922
vt 0.280536 0.036392
vt 0.206678 0.036392
vt 0.206678 0.005922
vt 0.188227 0.005922
vt 0.188227 0.036392
vt 0.409800 0.077931
vt 0.409800 0.047417
vt 0.391349 0.077931
vt 0.169776 0.042230
vt 0.169776 0.036392
vt 0.169776 0.005922
vt 0.169776 0.077931
vt 0.169776 0.047417
vt 0.058963 0.047417
vt 0.354393 0.042230
vt 0.354393 0.036392
vt 0.354393 0.005922
vt 0.354393 0.047417
vt 0.354393 0.077931
vt 0.372898 0.077931
vt 0.003556 0.077931
vt 0.022007 0.077931
vt 0.299041 0.042230
vt 0.003556 0.036392
vt 0.317492 0.036392
vt 0.335942 0.036392
vt 0.335942 0.005922
vt 0.317492 0.005922
vt 0.409800 0.005922
vt 0.114369 0.077931
vt 0.335942 0.042230
vt 0.317492 0.042230
vt 0.335942 0.047417
vt 0.428305 0.077931
vt 0.446756 0.077931
vt 0.446756 0.047417
vt 0.428305 0.047417
vt 0.040512 0.047417
vt 0.428305 0.036392
vt 0.428305 0.005922
vt 0.003556 0.005922
vt 0.446756 0.036392
vt 0.428305 0.042230
vt 0.446756 0.042230
vt 0.335942 0.077931
vt 0.446756 0.005922
vt 0.058963 0.077931
vt 0.077413 0.077931
vt 0.262085 0.077931
vt 0.040512 0.077931
vt 0.095864 0.077931
vt 0.123100 0.088801
vt 0.123100 0.081836
vt 0.106379 0.081836
vt 0.106379 0.088801
vt 0.141172 0.088801
vt 0.141172 0.081836
vt 0.123100 0.115129
vt 0.141172 0.115129
vt 0.347684 0.115129
vt 0.364406 0.115129
vt 0.364406 0.088801
vt 0.347684 0.088801
vt 0.364406 0.129865
vt 0.384086 0.129865
vt 0.384086 0.115129
vt 0.157894 0.115129
vt 0.141172 0.129865
vt 0.157894 0.129865
vt 0.175645 0.115129
vt 0.175645 0.129865
vt 0.192302 0.129865
vt 0.192302 0.115129
vt 0.209924 0.115129
vt 0.226646 0.115129
vt 0.226646 0.088801
vt 0.209924 0.088801
vt 0.175645 0.088801
vt 0.157894 0.088801
vt 0.312054 0.115129
vt 0.328776 0.115129
vt 0.328776 0.088801
vt 0.312054 0.088801
vt 0.037112 0.115129
vt 0.037112 0.088801
vt 0.020455 0.088801
vt 0.020455 0.115129
vt 0.243560 0.115129
vt 0.243560 0.088801
vt 0.106379 0.115129
vt 0.088692 0.088801
vt 0.088692 0.115129
vt 0.071971 0.088801
vt 0.071971 0.115129
vt 0.192302 0.088801
vt 0.530529 0.229931
vt 0.402994 0.229931
vt 0.402994 0.246739
vt 0.530529 0.246739
vt 0.053834 0.088801
vt 0.053834 0.115129
vt 0.384086 0.088801
vt 0.400808 0.115129
vt 0.400808 0.088801
vt 0.278418 0.115129
vt 0.295140 0.115129
vt 0.295140 0.088801
vt 0.278418 0.088801
vt 0.003734 0.088801
vt 0.003734 0.115129
vt 0.260282 0.088801
vt 0.260282 0.115129
vt 0.421774 0.115129
vt 0.421774 0.088801
vt 0.053834 0.129865
vt 0.071971 0.129865
vt 0.123100 0.129865
vt 0.003734 0.129865
vt 0.020455 0.129865
vt 0.400808 0.129865
vt 0.328776 0.129865
vt 0.347684 0.129865
vt 0.226646 0.129865
vt 0.209924 0.129865
vt 0.278418 0.081836
vt 0.295140 0.081836
vt 0.260282 0.129865
vt 0.278418 0.129865
vt 0.243560 0.129865
vt 0.037112 0.129865
vt 0.312054 0.129865
vt 0.295140 0.129865
vt 0.364406 0.081836
vt 0.384086 0.081836
vt 0.157894 0.081836
vt 0.106379 0.129865
vt 0.347684 0.081836
vt 0.328776 0.081836
vt 0.175645 0.081836
vt 0.260282 0.081836
vt 0.243560 0.081836
vt 0.226646 0.081836
vt 0.020455 0.081836
vt 0.003734 0.081836
vt 0.088692 0.081836
vt 0.071971 0.081836
vt 0.053834 0.081836
vt 0.037112 0.081836
vt 0.400808 0.081836
vt 0.209924 0.081836
vt 0.192302 0.081836
vt 0.312054 0.081836
vt 0.208059 0.261583
vt 0.238029 0.209708
vt 0.228511 0.212263
vt 0.205551 0.252064
vt 0.415728 0.277504
vt 0.517795 0.277504
vt 0.526155 0.262955
vt 0.407303 0.262955
vt 0.257388 0.212263
vt 0.247869 0.209708
vt 0.213011 0.270108
vt 0.219957 0.277073
vt 0.228511 0.282022
vt 0.265941 0.217211
vt 0.526155 0.213715
vt 0.407303 0.213715
vt 0.272887 0.224176
vt 0.238029 0.284576
vt 0.247869 0.284576
vt 0.277839 0.232701
vt 0.505897 0.187280
vt 0.427562 0.187280
vt 0.415728 0.199167
vt 0.517795 0.199167
vt 0.491362 0.178890
vt 0.442161 0.178890
vt 0.475154 0.174560
vt 0.458369 0.174560
vt 0.475154 0.302110
vt 0.491362 0.297753
vt 0.442161 0.297753
vt 0.458369 0.302110
vt 0.219957 0.217211
vt 0.205551 0.242221
vt 0.427562 0.289363
vt 0.505897 0.289363
vt 0.088692 0.129865
vt 0.257388 0.282022
vt 0.280348 0.242221
vt 0.265941 0.277073
vt 0.280348 0.252064
vt 0.272887 0.270108
vt 0.277839 0.261583
vt 0.421774 0.129865
vt 0.421774 0.081836
vt 0.213011 0.224176
vt 0.208059 0.232701
vt 0.211145 0.766923
vt 0.209817 0.794944
vt 0.231298 0.797307
vt 0.237936 0.771762
vt 0.300327 0.802596
vt 0.267019 0.813512
vt 0.276553 0.829492
vt 0.305999 0.824878
vt 0.144650 0.862465
vt 0.120755 0.871693
vt 0.124738 0.881258
vt 0.148994 0.870455
vt 0.188577 0.795056
vt 0.183750 0.768611
vt 0.154546 0.875181
vt 0.150322 0.869554
vt 0.241797 0.899939
vt 0.253503 0.884409
vt 0.162752 0.892399
vt 0.152494 0.876194
vt 0.255072 0.886210
vt 0.260382 0.880358
vt 0.259175 0.879232
vt 0.270157 0.897576
vt 0.277398 0.902977
vt 0.282587 0.896113
vt 0.296103 0.875294
vt 0.273053 0.863703
vt 0.266416 0.873156
vt 0.288621 0.887335
vt 0.139581 0.829492
vt 0.138616 0.829379
vt 0.138012 0.840971
vt 0.139219 0.840858
vt 0.200525 0.917944
vt 0.228281 0.919182
vt 0.159856 0.775813
vt 0.169631 0.799558
vt 0.112549 0.828367
vt 0.113152 0.844122
vt 0.271847 0.862915
vt 0.265209 0.872143
vt 0.141150 0.786166
vt 0.128117 0.796069
vt 0.144167 0.817563
vt 0.154666 0.806760
vt 0.160821 0.893637
vt 0.141754 0.851999
vt 0.250728 0.803721
vt 0.260985 0.780427
vt 0.140426 0.852449
vt 0.116411 0.859201
vt 0.302620 0.860664
vt 0.277760 0.853012
vt 0.276794 0.852674
vt 0.145133 0.901289
vt 0.156235 0.924584
vt 0.171562 0.916819
vt 0.257606 0.912430
vt 0.243487 0.901514
vt 0.297551 0.938426
vt 0.261468 0.937751
vt 0.246262 0.966109
vt 0.296827 0.964196
vt 0.145977 0.861790
vt 0.173010 0.914794
vt 0.346910 0.967122
vt 0.333755 0.939889
vt 0.135840 0.884184
vt 0.200283 0.920308
vt 0.229367 0.921433
vt 0.114601 0.812049
vt 0.306482 0.843896
vt 0.279932 0.841646
vt 0.261830 0.916369
vt 0.298276 0.917044
vt 0.127755 0.887898
vt 0.278967 0.841646
vt 0.243004 0.932011
vt 0.296707 0.986591
vt 0.359581 0.997282
vt 0.359581 0.986928
vt 0.233712 0.986253
vt 0.279087 0.789767
vt 0.233591 0.996719
vt 0.334721 0.918507
vt 0.560290 0.341221
vt 0.563308 0.348843
vt 0.581832 0.311365
vt 0.571267 0.315557
vt 0.636100 0.360849
vt 0.638844 0.332963
vt 0.632121 0.324578
vt 0.630612 0.365741
vt 0.572021 0.367900
vt 0.581215 0.377683
vt 0.587801 0.380605
vt 0.568385 0.359261
vt 0.553703 0.313143
vt 0.563102 0.304758
vt 0.559672 0.299677
vt 0.549107 0.309396
vt 0.564200 0.321020
vt 0.641520 0.375904
vt 0.647763 0.368726
vt 0.594113 0.295675
vt 0.576961 0.298279
vt 0.594867 0.309777
vt 0.623545 0.410397
vt 0.617165 0.419481
vt 0.679871 0.418655
vt 0.673422 0.409063
vt 0.575246 0.389816
vt 0.575795 0.373427
vt 0.568042 0.384543
vt 0.629582 0.305076
vt 0.632807 0.299804
vt 0.614215 0.291800
vt 0.612568 0.297961
vt 0.561250 0.376603
vt 0.556173 0.380351
vt 0.563926 0.389117
vt 0.625329 0.369552
vt 0.635757 0.380986
vt 0.559055 0.334043
vt 0.546019 0.332582
vt 0.546431 0.342872
vt 0.651125 0.327627
vt 0.656545 0.324959
vt 0.647214 0.311492
vt 0.642686 0.315684
vt 0.667934 0.403283
vt 0.661004 0.400234
vt 0.636718 0.400869
vt 0.629720 0.404172
vt 0.642069 0.340967
vt 0.642206 0.348272
vt 0.655241 0.349415
vt 0.654967 0.338870
vt 0.572159 0.395025
vt 0.652772 0.359452
vt 0.653183 0.372347
vt 0.658740 0.361675
vt 0.640079 0.354878
vt 0.545951 0.361802
vt 0.548695 0.367646
vt 0.554321 0.364661
vt 0.551714 0.359198
vt 0.639874 0.386131
vt 0.646323 0.380605
vt 0.542863 0.354243
vt 0.548832 0.352210
vt 0.592672 0.396232
vt 0.583273 0.393627
vt 0.581283 0.399217
vt 0.591711 0.401949
vt 0.621693 0.372410
vt 0.631503 0.384226
vt 0.560290 0.327309
vt 0.614832 0.378699
vt 0.595210 0.382955
vt 0.621967 0.316955
vt 0.566601 0.355196
vt 0.608863 0.311810
vt 0.548215 0.322481
vt 0.542452 0.320131
vt 0.539433 0.331946
vt 0.602277 0.402774
vt 0.602071 0.396803
vt 0.575177 0.292435
vt 0.593975 0.289449
vt 0.619291 0.392103
vt 0.622036 0.397820
vt 0.635277 0.389562
vt 0.661416 0.349987
vt 0.660799 0.337854
vt 0.602483 0.383527
vt 0.610647 0.395596
vt 0.608932 0.382320
vt 0.540119 0.343889
vt 0.612088 0.401504
vt 0.652772 0.398709
vt 0.644264 0.399090
vt 0.195531 0.928872
vt 0.166514 0.929396
vt 0.170410 0.994743
vt 0.194187 0.994351
vt 0.199695 0.994351
vt 0.223472 0.995791
vt 0.229786 0.930705
vt 0.200904 0.929003
vt 0.161141 0.929789
vt 0.165037 0.995136
vt 0.432292 0.964509
vt 0.430381 0.970501
vt 0.449254 0.975783
vt 0.451006 0.969994
vt 0.983831 0.848310
vt 0.995538 0.848310
vt 0.995538 0.838255
vt 0.983831 0.838255
vt 0.995538 0.903972
vt 0.983831 0.903972
vt 0.983831 0.915856
vt 0.995538 0.915856
vt 0.664582 0.982792
vt 0.663387 0.976697
vt 0.649292 0.979541
vt 0.650168 0.985636
vt 0.844792 0.924794
vt 0.831493 0.927943
vt 0.835793 0.943585
vt 0.848853 0.939725
vt 0.708778 0.982284
vt 0.709654 0.995387
vt 0.732111 0.994269
vt 0.731394 0.981268
vt 0.678597 0.979541
vt 0.677084 0.973345
vt 0.749789 0.872281
vt 0.736013 0.872383
vt 0.735854 0.892291
vt 0.750267 0.892393
vt 0.995538 0.772334
vt 0.983831 0.772334
vt 0.983831 0.783304
vt 0.995538 0.783304
vt 0.876406 0.803619
vt 0.868682 0.817128
vt 0.882140 0.824238
vt 0.890501 0.810526
vt 0.603185 0.989800
vt 0.603344 0.983706
vt 0.587019 0.983198
vt 0.586621 0.989394
vt 0.707026 0.588692
vt 0.705275 0.600271
vt 0.723431 0.603522
vt 0.725581 0.591333
vt 0.653274 0.188600
vt 0.662910 0.179763
vt 0.654070 0.171638
vt 0.647381 0.182201
vt 0.995538 0.794376
vt 0.983831 0.794376
vt 0.983831 0.805548
vt 0.995538 0.805548
vt 0.626756 0.924591
vt 0.609396 0.923981
vt 0.609715 0.942366
vt 0.627075 0.942569
vt 0.995538 0.926419
vt 0.983831 0.926419
vt 0.983831 0.938100
vt 0.995538 0.938100
vt 0.486761 0.611241
vt 0.478957 0.607178
vt 0.477125 0.612663
vt 0.483337 0.615710
vt 0.703523 0.612155
vt 0.721122 0.615710
vt 0.697072 0.491488
vt 0.704239 0.480823
vt 0.694046 0.473510
vt 0.688870 0.483667
vt 0.806648 0.606975
vt 0.800436 0.594787
vt 0.800675 0.606975
vt 0.802029 0.616320
vt 0.837705 0.731198
vt 0.847898 0.721650
vt 0.831652 0.718197
vt 0.822734 0.730487
vt 0.568146 0.809307
vt 0.559227 0.790719
vt 0.542265 0.793969
vt 0.548716 0.809916
vt 0.995538 0.891986
vt 0.983831 0.891986
vt 0.458650 0.833176
vt 0.470755 0.843232
vt 0.483416 0.836020
vt 0.470357 0.825964
vt 0.857055 0.559541
vt 0.846544 0.567159
vt 0.916780 0.590114
vt 0.912799 0.577722
vt 0.684650 0.626782
vt 0.689268 0.612054
vt 0.675890 0.570612
vt 0.663945 0.562182
vt 0.894722 0.559541
vt 0.882379 0.555580
vt 0.869399 0.555580
vt 0.905234 0.567261
vt 0.559625 0.660199
vt 0.572845 0.654714
vt 0.582958 0.644557
vt 0.545291 0.660199
vt 0.845588 0.677669
vt 0.836749 0.683053
vt 0.845429 0.688842
vt 0.854826 0.689249
vt 0.780846 0.767561
vt 0.762610 0.761466
vt 0.753373 0.774569
vt 0.773679 0.779749
vt 0.663706 0.647706
vt 0.634958 0.558221
vt 0.620784 0.562995
vt 0.649611 0.652073
vt 0.764920 0.583309
vt 0.775113 0.592755
vt 0.777024 0.579144
vt 0.765477 0.576097
vt 0.590682 0.971009
vt 0.594425 0.956484
vt 0.578339 0.955875
vt 0.574278 0.970197
vt 0.737924 0.554869
vt 0.739596 0.541868
vt 0.732589 0.541157
vt 0.731235 0.554056
vt 0.455147 0.815604
vt 0.442804 0.820683
vt 0.605733 0.660504
vt 0.604937 0.653190
vt 0.599920 0.653698
vt 0.601512 0.662027
vt 0.619032 0.983299
vt 0.622376 0.971111
vt 0.606848 0.971416
vt 0.601911 0.705703
vt 0.590364 0.708446
vt 0.597133 0.721447
vt 0.773918 0.655527
vt 0.771370 0.662027
vt 0.776467 0.664770
vt 0.777661 0.660301
vt 0.583993 0.723072
vt 0.578021 0.707227
vt 0.570615 0.723174
vt 0.803781 0.981370
vt 0.818194 0.971822
vt 0.813496 0.959125
vt 0.800436 0.970501
vt 0.564563 0.704484
vt 0.554927 0.704180
vt 0.558670 0.721853
vt 0.532391 0.952929
vt 0.516544 0.951000
vt 0.510253 0.965220
vt 0.526737 0.967048
vt 0.562970 0.955367
vt 0.558431 0.969486
vt 0.535337 0.715556
vt 0.535815 0.700828
vt 0.528568 0.713423
vt 0.538602 0.979948
vt 0.543221 0.968165
vt 0.521640 0.978729
vt 0.797092 0.741761
vt 0.797410 0.729471
vt 0.785147 0.731198
vt 0.779095 0.741761
vt 0.618235 0.857147
vt 0.636870 0.858467
vt 0.635834 0.836426
vt 0.613537 0.833278
vt 0.485885 0.704992
vt 0.496556 0.710274
vt 0.499104 0.699304
vt 0.490504 0.689655
vt 0.747002 0.688131
vt 0.743658 0.697781
vt 0.756319 0.697070
vt 0.755125 0.686811
vt 0.498228 0.680513
vt 0.494963 0.674114
vt 0.489946 0.678685
vt 0.400518 0.660199
vt 0.404420 0.672692
vt 0.411667 0.669036
vt 0.408402 0.658675
vt 0.679553 0.792344
vt 0.682022 0.768983
vt 0.671112 0.768068
vt 0.669280 0.791125
vt 0.501971 0.686912
vt 0.509297 0.691889
vt 0.511447 0.680716
vt 0.628827 0.778327
vt 0.625323 0.796102
vt 0.641886 0.793563
vt 0.645789 0.774264
vt 0.692692 0.644862
vt 0.697789 0.647909
vt 0.699700 0.635923
vt 0.694444 0.633689
vt 0.696515 0.660097
vt 0.709893 0.665785
vt 0.713158 0.652987
vt 0.545530 0.702859
vt 0.543380 0.683967
vt 0.480948 0.674419
vt 0.474418 0.670153
vt 0.467410 0.679294
vt 0.472109 0.685694
vt 0.654867 0.817737
vt 0.657734 0.788891
vt 0.638860 0.815706
vt 0.605255 0.671778
vt 0.609317 0.666496
vt 0.776068 0.626172
vt 0.773281 0.634704
vt 0.784589 0.633790
vt 0.783793 0.622820
vt 0.700417 0.980760
vt 0.697232 0.968064
vt 0.680031 0.985839
vt 0.583356 0.699710
vt 0.594744 0.696257
vt 0.587975 0.689350
vt 0.792553 0.837848
vt 0.785147 0.853795
vt 0.802188 0.854405
vt 0.807762 0.838864
vt 0.592594 0.682951
vt 0.600477 0.684983
vt 0.598566 0.673302
vt 0.744135 0.629118
vt 0.744056 0.621094
vt 0.736013 0.622719
vt 0.737924 0.629423
vt 0.833882 0.788180
vt 0.822176 0.782593
vt 0.808877 0.791125
vt 0.820902 0.799962
vt 0.634560 0.981776
vt 0.637029 0.969790
vt 0.811187 0.741558
vt 0.807125 0.725103
vt 0.569420 0.684272
vt 0.562413 0.672286
vt 0.558909 0.684983
vt 0.817796 0.929974
vt 0.805135 0.930685
vt 0.809355 0.946429
vt 0.822415 0.945718
vt 0.829263 0.645268
vt 0.823530 0.652073
vt 0.832289 0.659691
vt 0.842801 0.654714
vt 0.428788 0.812252
vt 0.419949 0.823019
vt 0.433327 0.831043
vt 0.580011 0.685998
vt 0.574278 0.696155
vt 0.732191 0.713321
vt 0.740233 0.714845
vt 0.742224 0.710579
vt 0.733544 0.707735
vt 0.669838 0.189616
vt 0.658291 0.198656
vt 0.478400 0.647807
vt 0.478161 0.659285
vt 0.485487 0.660910
vt 0.487956 0.647096
vt 0.476090 0.699914
vt 0.469879 0.708852
vt 0.479355 0.715860
vt 0.442405 0.806056
vt 0.460960 0.779648
vt 0.452121 0.764717
vt 0.449333 0.774467
vt 0.452359 0.786453
vt 0.860081 0.775686
vt 0.870195 0.767357
vt 0.863506 0.758216
vt 0.847818 0.766037
vt 0.413737 0.768373
vt 0.419312 0.762888
vt 0.409278 0.754966
vt 0.403544 0.763091
vt 0.758947 0.728658
vt 0.765875 0.738613
vt 0.772485 0.728760
vt 0.764044 0.724189
vt 0.592594 0.671981
vt 0.597531 0.661926
vt 0.464384 0.699304
vt 0.461040 0.693007
vt 0.449095 0.696460
vt 0.449732 0.703672
vt 0.768105 0.872891
vt 0.769220 0.892900
vt 0.785545 0.893611
vt 0.784510 0.873602
vt 0.512881 0.735769
vt 0.516464 0.722158
vt 0.507386 0.718501
vt 0.503484 0.730791
vt 0.525622 0.686811
vt 0.532391 0.677263
vt 0.524666 0.673708
vt 0.519251 0.684983
vt 0.767309 0.645065
vt 0.762531 0.636431
vt 0.756956 0.641408
vt 0.760858 0.648010
vt 0.709575 0.693311
vt 0.713317 0.680615
vt 0.706549 0.678482
vt 0.702886 0.691382
vt 0.688552 0.820073
vt 0.689268 0.793258
vt 0.676845 0.819565
vt 0.752736 0.980557
vt 0.752019 0.957399
vt 0.732429 0.958414
vt 0.822574 0.982893
vt 0.803542 0.994269
vt 0.822654 0.995285
vt 0.600318 0.626782
vt 0.608998 0.638767
vt 0.595540 0.598240
vt 0.595620 0.612866
vt 0.828149 0.893408
vt 0.813178 0.893916
vt 0.814531 0.912504
vt 0.828706 0.911082
vt 0.638144 0.881524
vt 0.651522 0.881220
vt 0.651602 0.859178
vt 0.572526 0.562588
vt 0.587895 0.562893
vt 0.623013 0.539938
vt 0.627393 0.525108
vt 0.882538 0.791633
vt 0.871230 0.785031
vt 0.865974 0.797727
vt 0.663706 0.858975
vt 0.664900 0.840185
vt 0.652796 0.838864
vt 0.620943 0.647401
vt 0.599999 0.584223
vt 0.601592 0.473408
vt 0.587258 0.468939
vt 0.533984 0.508146
vt 0.533904 0.523178
vt 0.800834 0.649737
vt 0.805135 0.637345
vt 0.793110 0.639885
vt 0.791358 0.649229
vt 0.521879 0.644557
vt 0.588453 0.617031
vt 0.582958 0.603826
vt 0.516464 0.631352
vt 0.475612 0.736276
vt 0.486283 0.728049
vt 0.469958 0.725408
vt 0.675810 0.638970
vt 0.649770 0.557916
vt 0.572606 0.469142
vt 0.538443 0.493926
vt 0.547123 0.482143
vt 0.558909 0.473611
vt 0.516464 0.617031
vt 0.572845 0.593669
vt 0.559625 0.588184
vt 0.521879 0.603826
vt 0.886201 0.688741
vt 0.876804 0.683357
vt 0.867567 0.690569
vt 0.875769 0.694327
vt 0.586701 0.810627
vt 0.592673 0.830738
vt 0.603742 0.812049
vt 0.856896 0.791227
vt 0.844872 0.792243
vt 0.835953 0.806666
vt 0.853153 0.807580
vt 0.606211 0.691280
vt 0.609954 0.679396
vt 0.785624 0.796204
vt 0.793667 0.781171
vt 0.672306 0.755372
vt 0.662989 0.752934
vt 0.660043 0.765326
vt 0.711008 0.808494
vt 0.718175 0.834903
vt 0.730916 0.833074
vt 0.720644 0.805345
vt 0.782997 0.605553
vt 0.793190 0.606772
vt 0.795260 0.595193
vt 0.787217 0.594482
vt 0.440574 0.794477
vt 0.437866 0.783406
vt 0.428708 0.786047
vt 0.429664 0.797524
vt 0.602946 0.878985
vt 0.621660 0.880610
vt 0.598168 0.855217
vt 0.679473 0.745316
vt 0.692613 0.745723
vt 0.694046 0.731706
vt 0.681225 0.732112
vt 0.674695 0.899604
vt 0.663387 0.901432
vt 0.663626 0.923169
vt 0.675173 0.920934
vt 0.909056 0.782288
vt 0.899580 0.778022
vt 0.901730 0.787367
vt 0.767946 0.628407
vt 0.610511 0.956891
vt 0.625801 0.956789
vt 0.544177 0.877868
vt 0.523870 0.880001
vt 0.523631 0.901128
vt 0.545053 0.900721
vt 0.983831 0.950593
vt 0.995538 0.950593
vt 0.665776 0.989089
vt 0.650965 0.991933
vt 0.509297 0.771217
vt 0.494406 0.779851
vt 0.500776 0.794071
vt 0.515747 0.787266
vt 0.398129 0.632165
vt 0.404420 0.634806
vt 0.411747 0.624039
vt 0.406411 0.619672
vt 0.402191 0.771725
vt 0.403465 0.781374
vt 0.409676 0.779241
vt 0.407207 0.770608
vt 0.847499 0.646893
vt 0.835156 0.639681
vt 0.851879 0.670559
vt 0.861674 0.680818
vt 0.872902 0.672286
vt 0.856578 0.660808
vt 0.619987 0.671473
vt 0.618315 0.682139
vt 0.627791 0.683459
vt 0.628429 0.671473
vt 0.621102 0.720634
vt 0.623810 0.708344
vt 0.613537 0.706922
vt 0.611467 0.720837
vt 0.799640 0.894018
vt 0.788013 0.912809
vt 0.801631 0.913113
vt 0.595938 0.790008
vt 0.607405 0.788992
vt 0.606529 0.765428
vt 0.593151 0.766951
vt 0.349473 0.876649
vt 0.447183 0.890056
vt 0.444874 0.872789
vt 0.355685 0.855928
vt 0.780209 0.980354
vt 0.412065 0.683561
vt 0.406331 0.688538
vt 0.419312 0.698390
vt 0.422816 0.691483
vt 0.543540 0.921341
vt 0.566553 0.922458
vt 0.566315 0.900620
vt 0.834678 0.707836
vt 0.821220 0.704180
vt 0.816124 0.715556
vt 0.583675 0.877360
vt 0.578976 0.853490
vt 0.811107 0.768068
vt 0.606928 0.902448
vt 0.587099 0.901229
vt 0.588851 0.923372
vt 0.588612 0.941858
vt 0.716025 0.640392
vt 0.574915 0.678583
vt 0.582002 0.675130
vt 0.574756 0.667309
vt 0.568863 0.670255
vt 0.471870 0.806463
vt 0.489787 0.815807
vt 0.485487 0.800064
vt 0.753373 0.993558
vt 0.854268 0.848920
vt 0.860559 0.833074
vt 0.844553 0.825355
vt 0.837386 0.843333
vt 0.722873 0.641814
vt 0.725422 0.629219
vt 0.718733 0.628001
vt 0.810470 0.693210
vt 0.808320 0.702453
vt 0.823928 0.691178
vt 0.830776 0.673708
vt 0.842005 0.665989
vt 0.823132 0.666903
vt 0.509138 0.706414
vt 0.516623 0.695851
vt 0.781882 0.753239
vt 0.797251 0.753848
vt 0.701691 0.623938
vt 0.570376 0.982182
vt 0.569818 0.988480
vt 0.701930 0.526022
vt 0.703921 0.509365
vt 0.695719 0.507943
vt 0.692931 0.525007
vt 0.525622 0.765021
vt 0.529843 0.780765
vt 0.541947 0.776600
vt 0.538841 0.760349
vt 0.859524 0.967454
vt 0.873141 0.960446
vt 0.866213 0.945921
vt 0.853631 0.952828
vt 0.486920 0.763802
vt 0.502688 0.755169
vt 0.733704 0.684576
vt 0.729642 0.694327
vt 0.736331 0.696054
vt 0.740313 0.686506
vt 0.640851 0.924489
vt 0.640772 0.941960
vt 0.652398 0.940436
vt 0.652478 0.923270
vt 0.639816 0.955773
vt 0.728527 0.767256
vt 0.719449 0.773655
vt 0.729961 0.790516
vt 0.741985 0.783914
vt 0.896792 0.798032
vt 0.466693 0.979237
vt 0.465340 0.985331
vt 0.484452 0.987972
vt 0.485487 0.981674
vt 0.837625 0.989394
vt 0.838182 0.995387
vt 0.632569 0.176310
vt 0.632012 0.164629
vt 0.620784 0.166254
vt 0.624049 0.177833
vt 0.447183 0.601897
vt 0.431734 0.603826
vt 0.434362 0.610937
vt 0.447980 0.609108
vt 0.656858 0.527546
vt 0.650567 0.519826
vt 0.640851 0.529781
vt 0.649929 0.536992
vt 0.458252 0.685490
vt 0.447820 0.688334
vt 0.689427 0.702961
vt 0.699541 0.704789
vt 0.693807 0.687522
vt 0.599442 0.741761
vt 0.588373 0.744199
vt 0.400439 0.647198
vt 0.394068 0.646385
vt 0.393749 0.660910
vt 0.612263 0.241925
vt 0.617519 0.232784
vt 0.609954 0.228112
vt 0.602707 0.236034
vt 0.425364 0.774975
vt 0.432770 0.770709
vt 0.587497 0.668020
vt 0.586462 0.679904
vt 0.491300 0.617437
vt 0.486283 0.620687
vt 0.727651 0.616828
vt 0.841129 0.631657
vt 0.851959 0.638158
vt 0.673581 0.480112
vt 0.681146 0.480721
vt 0.682659 0.470158
vt 0.673262 0.469447
vt 0.796773 0.582293
vt 0.797330 0.570714
vt 0.789049 0.570612
vt 0.788571 0.581277
vt 0.523552 0.659082
vt 0.513836 0.667715
vt 0.518614 0.670661
vt 0.752178 0.618961
vt 0.759584 0.613882
vt 0.753293 0.602506
vt 0.747480 0.607686
vt 0.621500 0.732924
vt 0.628190 0.730995
vt 0.628349 0.722158
vt 0.734022 0.932818
vt 0.735217 0.911894
vt 0.719210 0.911793
vt 0.716264 0.932412
vt 0.797569 0.767764
vt 0.860559 0.701640
vt 0.849251 0.700015
vt 0.847977 0.710579
vt 0.866930 0.714946
vt 0.565279 0.940944
vt 0.540673 0.939116
vt 0.548238 0.954047
vt 0.624686 0.903565
vt 0.746684 0.704687
vt 0.750904 0.713626
vt 0.736411 0.502051
vt 0.723351 0.501340
vt 0.721201 0.513935
vt 0.735217 0.515256
vt 0.591160 0.660097
vt 0.801551 0.581989
vt 0.804816 0.568581
vt 0.834838 0.603014
vt 0.838819 0.615304
vt 0.894642 0.633485
vt 0.905154 0.625868
vt 0.573482 0.829418
vt 0.554609 0.829519
vt 0.560024 0.853084
vt 0.436990 0.688030
vt 0.435159 0.695952
vt 0.450846 0.751411
vt 0.465817 0.757403
vt 0.463269 0.743996
vt 0.614015 0.482042
vt 0.538124 0.537398
vt 0.461836 0.609616
vt 0.458491 0.621703
vt 0.467649 0.628001
vt 0.874495 0.656441
vt 0.860320 0.652479
vt 0.822972 0.840692
vt 0.828626 0.821597
vt 0.814611 0.818042
vt 0.524109 0.799048
vt 0.498786 0.918801
vt 0.502847 0.901432
vt 0.484213 0.901534
vt 0.479753 0.917075
vt 0.738402 0.673810
vt 0.743897 0.679599
vt 0.837147 0.983401
vt 0.650726 0.759841
vt 0.654230 0.748871
vt 0.646027 0.743590
vt 0.641329 0.749481
vt 0.768264 0.652987
vt 0.775511 0.649534
vt 0.776467 0.642729
vt 0.764681 0.791227
vt 0.777104 0.810526
vt 0.799799 0.815198
vt 0.450608 0.938506
vt 0.440653 0.951914
vt 0.458332 0.958008
vt 0.467092 0.943991
vt 0.867487 0.726018
vt 0.750188 0.678990
vt 0.761416 0.676044
vt 0.756797 0.674114
vt 0.740871 0.611546
vt 0.733943 0.614390
vt 0.540354 0.854811
vt 0.536372 0.831551
vt 0.515827 0.837747
vt 0.520605 0.857960
vt 0.505395 0.674724
vt 0.711725 0.779648
vt 0.702487 0.784828
vt 0.465579 0.862327
vt 0.469720 0.872992
vt 0.484850 0.867000
vt 0.480151 0.854303
vt 0.502847 0.989800
vt 0.520048 0.991324
vt 0.520844 0.985026
vt 0.503723 0.983503
vt 0.529524 0.662230
vt 0.652000 0.903058
vt 0.493848 0.741863
vt 0.481107 0.750192
vt 0.622775 0.245277
vt 0.625721 0.234815
vt 0.639657 0.903870
vt 0.581286 0.768779
vt 0.584790 0.790516
vt 0.462553 0.602811
vt 0.705752 0.768576
vt 0.697470 0.773350
vt 0.617121 0.754051
vt 0.634162 0.758825
vt 0.553573 0.987464
vt 0.553016 0.993761
vt 0.569341 0.994777
vt 0.709734 0.970705
vt 0.811505 0.753442
vt 0.447104 0.842622
vt 0.458093 0.853186
vt 0.863745 0.643033
vt 0.783315 0.649229
vt 0.782439 0.656542
vt 0.790323 0.656745
vt 0.602468 0.559135
vt 0.614493 0.551517
vt 0.608679 0.572034
vt 0.634958 0.651972
vt 0.995538 0.826168
vt 0.983831 0.826168
vt 0.627393 0.509060
vt 0.558192 0.558018
vt 0.846464 0.625766
vt 0.882299 0.637548
vt 0.689268 0.596615
vt 0.684650 0.582395
vt 0.768344 0.668528
vt 0.760779 0.670458
vt 0.662989 0.470869
vt 0.665458 0.481432
vt 0.639975 0.178138
vt 0.643240 0.166559
vt 0.386901 0.822206
vt 0.373921 0.828605
vt 0.416763 0.827488
vt 0.401713 0.821698
vt 0.417719 0.609921
vt 0.421940 0.615914
vt 0.502130 0.862124
vt 0.497432 0.845466
vt 0.546327 0.549384
vt 0.622854 0.494230
vt 0.670236 0.533336
vt 0.677483 0.532726
vt 0.662512 0.531202
vt 0.458093 0.927130
vt 0.473622 0.931295
vt 0.571650 0.790821
vt 0.486124 0.884775
vt 0.504201 0.882337
vt 0.744534 0.753340
vt 0.737446 0.747348
vt 0.729563 0.753239
vt 0.736809 0.760349
vt 0.704239 0.565432
vt 0.710371 0.565940
vt 0.712442 0.553040
vt 0.706469 0.552837
vt 0.764362 0.621602
vt 0.754010 0.626375
vt 0.412702 0.974666
vt 0.424329 0.963595
vt 0.344058 0.942264
vt 0.348757 0.961461
vt 0.696356 0.718298
vt 0.701213 0.732518
vt 0.703284 0.719517
vt 0.727651 0.579246
vt 0.708619 0.577519
vt 0.814213 0.874617
vt 0.799560 0.874211
vt 0.833006 0.859280
vt 0.849570 0.863241
vt 0.530719 0.814182
vt 0.506829 0.806970
vt 0.512005 0.821394
vt 0.691259 0.768678
vt 0.750745 0.911996
vt 0.771131 0.912301
vt 0.752099 0.799657
vt 0.739517 0.809510
vt 0.759266 0.814284
vt 0.873221 0.746738
vt 0.877919 0.756083
vt 0.743260 0.673708
vt 0.748276 0.672591
vt 0.738720 0.669239
vt 0.819230 0.635415
vt 0.824645 0.629829
vt 0.814531 0.618961
vt 0.806966 0.624750
vt 0.436194 0.743590
vt 0.433248 0.733432
vt 0.423054 0.735261
vt 0.423612 0.745012
vt 0.499900 0.949374
vt 0.515986 0.936983
vt 0.493291 0.934545
vt 0.469162 0.771319
vt 0.816124 0.660808
vt 0.814531 0.644354
vt 0.808877 0.654409
vt 0.819150 0.681123
vt 0.814770 0.672591
vt 0.504678 0.977205
vt 0.486602 0.975478
vt 0.554210 0.981166
vt 0.537886 0.986347
vt 0.744295 0.741253
vt 0.752019 0.744605
vt 0.554609 0.670966
vt 0.548636 0.668833
vt 0.550229 0.684576
vt 0.760301 0.708039
vt 0.791039 0.930584
vt 0.469321 0.901331
vt 0.464782 0.914637
vt 0.737924 0.488238
vt 0.724546 0.488644
vt 0.840571 0.956992
vt 0.846146 0.971111
vt 0.744374 0.634197
vt 0.750904 0.636330
vt 0.752656 0.631657
vt 0.756718 0.736480
vt 0.765875 0.749379
vt 0.817955 0.856436
vt 0.790164 0.663754
vt 0.795817 0.665278
vt 0.797968 0.658574
vt 0.520207 0.710579
vt 0.528011 0.698999
vt 0.867487 0.990917
vt 0.865815 0.985331
vt 0.851800 0.988277
vt 0.852914 0.994168
vt 0.586223 0.995691
vt 0.721360 0.854709
vt 0.733863 0.853592
vt 0.827193 0.958922
vt 0.611626 0.737597
vt 0.627393 0.745316
vt 0.470994 0.887212
vt 0.701054 0.586559
vt 0.699302 0.598443
vt 0.621819 0.814284
vt 0.822176 0.613984
vt 0.815646 0.603217
vt 0.496795 0.828199
vt 0.447820 0.618453
vt 0.436831 0.618758
vt 0.750586 0.734143
vt 0.569261 0.771522
vt 0.523392 0.725713
vt 0.532869 0.730080
vt 0.778219 0.612054
vt 0.770972 0.600982
vt 0.766274 0.608296
vt 0.770892 0.617132
vt 0.762372 0.659285
vt 0.767070 0.659894
vt 0.762372 0.653800
vt 0.729483 0.566753
vt 0.676129 0.961766
vt 0.695400 0.956586
vt 0.636949 0.713118
vt 0.651841 0.953945
vt 0.663149 0.964915
vt 0.663547 0.944905
vt 0.712840 0.952828
vt 0.768185 0.835614
vt 0.751382 0.932412
vt 0.603025 0.996098
vt 0.482859 0.947038
vt 0.832528 0.972330
vt 0.416206 0.796712
vt 0.414454 0.806666
vt 0.556360 0.773858
vt 0.428470 0.976494
vt 0.447502 0.981674
vt 0.666891 0.819261
vt 0.675731 0.840286
vt 0.780448 0.993457
vt 0.845986 0.876547
vt 0.861833 0.878680
vt 0.865735 0.867406
vt 0.724148 0.713220
vt 0.724864 0.706211
vt 0.417401 0.777413
vt 0.418038 0.787164
vt 0.825919 0.744808
vt 0.827591 0.759232
vt 0.843438 0.754762
vt 0.840651 0.741558
vt 0.635038 0.987972
vt 0.983831 0.972736
vt 0.995538 0.972736
vt 0.995538 0.962173
vt 0.983831 0.962173
vt 0.810231 0.667309
vt 0.804338 0.662332
vt 0.800914 0.668426
vt 0.805294 0.672895
vt 0.492813 0.963696
vt 0.795738 0.952117
vt 0.776706 0.956484
vt 0.408561 0.786961
vt 0.550547 0.739425
vt 0.545928 0.719212
vt 0.535895 0.743590
vt 0.793667 0.628407
vt 0.790801 0.615203
vt 0.448457 0.739831
vt 0.459765 0.733128
vt 0.520446 0.920122
vt 0.407048 0.794376
vt 0.404739 0.801689
vt 0.397811 0.799860
vt 0.401713 0.791024
vt 0.776944 0.569698
vt 0.492654 0.718908
vt 0.610989 0.168794
vt 0.613856 0.181592
vt 0.717777 0.512107
vt 0.714273 0.525718
vt 0.718414 0.526733
vt 0.519092 0.741457
vt 0.634640 0.727338
vt 0.641249 0.718298
vt 0.423692 0.756184
vt 0.412224 0.744808
vt 0.397890 0.675638
vt 0.564165 0.876852
vt 0.689746 0.839880
vt 0.670714 0.544001
vt 0.680748 0.542477
vt 0.636153 0.682646
vt 0.628269 0.696562
vt 0.637268 0.694530
vt 0.652000 0.503067
vt 0.642683 0.502153
vt 0.640453 0.519217
vt 0.715229 0.539735
vt 0.537169 0.992644
vt 0.553733 0.757810
vt 0.879273 0.774874
vt 0.663228 0.880204
vt 0.749073 0.852475
vt 0.767627 0.852779
vt 0.748356 0.833278
vt 0.811744 0.591739
vt 0.619111 0.989394
vt 0.619271 0.995691
vt 0.635516 0.994269
vt 0.459208 0.798235
vt 0.469003 0.792039
vt 0.890581 0.681428
vt 0.889148 0.671169
vt 0.773600 0.932006
vt 0.566235 0.755270
vt 0.864222 0.979846
vt 0.850685 0.982690
vt 0.535815 0.664567
vt 0.873221 0.840286
vt 0.453315 0.723275
vt 0.443600 0.729369
vt 0.905632 0.670661
vt 0.904756 0.657558
vt 0.888988 0.658269
vt 0.995538 0.881016
vt 0.983831 0.881016
vt 0.889068 0.781171
vt 0.562890 0.738206
vt 0.658928 0.542274
vt 0.536771 0.681326
vt 0.695798 0.621703
vt 0.436353 0.762787
vt 0.650407 0.967657
vt 0.783474 0.664059
vt 0.995538 0.870047
vt 0.983831 0.870047
vt 0.720883 0.892291
vt 0.474896 0.961258
vt 0.811346 0.579957
vt 0.763566 0.568276
vt 0.604300 0.221306
vt 0.595460 0.228112
vt 0.468047 0.973142
vt 0.861037 0.933732
vt 0.857215 0.920528
vt 0.784191 0.642322
vt 0.576348 0.746434
vt 0.692852 0.657355
vt 0.614015 0.669747
vt 0.739437 0.634197
vt 0.869637 0.736581
vt 0.851879 0.735667
vt 0.752975 0.670559
vt 0.632729 0.671778
vt 0.636392 0.670458
vt 0.640931 0.667004
vt 0.636471 0.664363
vt 0.462154 0.716470
vt 0.696993 0.673911
vt 0.521720 0.750293
vt 0.793588 0.717892
vt 0.785067 0.721041
vt 0.831095 0.623531
vt 0.674855 0.858366
vt 0.674536 0.878985
vt 0.689268 0.877461
vt 0.689268 0.857756
vt 0.437548 0.754661
vt 0.808161 0.677669
vt 0.809753 0.684272
vt 0.508819 0.662738
vt 0.500378 0.669442
vt 0.479992 0.784929
vt 0.710291 0.540141
vt 0.757116 0.668528
vt 0.764203 0.666293
vt 0.760540 0.664160
vt 0.869478 0.703976
vt 0.684490 0.718704
vt 0.644355 0.680209
vt 0.474577 0.637142
vt 0.490902 0.633790
vt 0.829980 0.875227
vt 0.762849 0.590317
vt 0.758470 0.596716
vt 0.760858 0.582496
vt 0.408402 0.648010
vt 0.411747 0.637752
vt 0.876645 0.645877
vt 0.426877 0.684475
vt 0.418038 0.677974
vt 0.720086 0.654612
vt 0.836749 0.696562
vt 0.675651 0.942569
vt 0.693568 0.938405
vt 0.843199 0.892799
vt 0.753293 0.725611
vt 0.616802 0.693311
vt 0.813576 0.568378
vt 0.426558 0.622414
vt 0.417958 0.629016
vt 0.890262 0.646690
vt 0.903720 0.645369
vt 0.634321 0.245582
vt 0.634799 0.234511
vt 0.856737 0.747145
vt 0.401155 0.807478
vt 0.676686 0.744707
vt 0.879114 0.973752
vt 0.580011 0.660707
vt 0.583117 0.656238
vt 0.747400 0.718908
vt 0.757673 0.719314
vt 0.634560 0.739628
vt 0.732111 0.592552
vt 0.729802 0.604639
vt 0.645390 0.245074
vt 0.644435 0.232378
vt 0.693091 0.670356
vt 0.654389 0.486511
vt 0.567111 0.665379
vt 0.518216 0.655323
vt 0.775989 0.720837
vt 0.904596 0.683053
vt 0.838103 0.577722
vt 0.916780 0.603115
vt 0.363807 0.839778
vt 0.439220 0.855420
vt 0.430699 0.840286
vt 0.398846 0.981979
vt 0.356800 0.972634
vt 0.681623 0.756184
vt 0.698187 0.610530
vt 0.637746 0.736480
vt 0.833803 0.772436
vt 0.343262 0.921341
vt 0.440972 0.936678
vt 0.445033 0.922255
vt 0.344456 0.901432
vt 0.721679 0.488847
vt 0.720405 0.500629
vt 0.685207 0.529374
vt 0.689587 0.539125
vt 0.734102 0.528257
vt 0.736411 0.567768
vt 0.707106 0.493418
vt 0.542345 0.666700
vt 0.706230 0.706313
vt 0.883971 0.764717
vt 0.646266 0.707532
vt 0.649372 0.715149
vt 0.891138 0.772131
vt 0.802188 0.711696
vt 0.750825 0.639885
vt 0.855941 0.906714
vt 0.842721 0.909050
vt 0.409995 0.813979
vt 0.691657 0.917786
vt 0.690144 0.896963
vt 0.668165 0.202414
vt 0.651920 0.214704
vt 0.661317 0.219478
vt 0.604140 0.176005
vt 0.598486 0.193780
vt 0.607087 0.197132
vt 0.412941 0.735159
vt 0.480470 0.690163
vt 0.834838 0.590013
vt 0.912719 0.615406
vt 0.847818 0.779749
vt 0.766831 0.716064
vt 0.433566 0.950289
vt 0.634401 0.732010
vt 0.995538 0.816010
vt 0.983831 0.816010
vt 0.713636 0.763498
vt 0.721679 0.758419
vt 0.742224 0.516068
vt 0.743578 0.502965
vt 0.868602 0.855420
vt 0.740791 0.528866
vt 0.433964 0.702758
vt 0.532072 0.654714
vt 0.588453 0.631352
vt 0.593470 0.652784
vt 0.447820 0.906308
vt 0.600318 0.213993
vt 0.642603 0.486003
vt 0.590205 0.210438
vt 0.700178 0.745824
vt 0.734341 0.580363
vt 0.745330 0.489761
vt 0.702886 0.576707
vt 0.716981 0.667614
vt 0.995538 0.984620
vt 0.983831 0.984620
vt 0.649770 0.474119
vt 0.883095 0.985534
vt 0.881184 0.979744
vt 0.995538 0.858772
vt 0.983831 0.858772
vt 0.721759 0.872688
vt 0.691100 0.756184
vt 0.545291 0.588184
vt 0.532072 0.593669
vt 0.645868 0.692499
vt 0.857533 0.892697
vt 0.869319 0.637447
vt 0.856976 0.633485
vt 0.383318 0.983909
vt 0.368745 0.980455
vt 0.590762 0.221509
vt 0.654628 0.236237
vt 0.585984 0.649635
vt 0.898226 0.688538
vt 0.482540 0.680107
vt 0.396776 0.763599
vt 0.995538 0.996605
vt 0.983831 0.996605
vt 0.697630 0.534148
vt 0.515490 0.585137
vt 0.526756 0.585137
vt 0.526756 0.551249
vt 0.515490 0.551249
vt 0.515490 0.596433
vt 0.481615 0.585137
vt 0.481615 0.596433
vt 0.481615 0.601499
vt 0.515490 0.601499
vt 0.494607 0.341075
vt 0.494607 0.317046
vt 0.484750 0.317046
vt 0.484750 0.341075
vt 0.465249 0.551249
vt 0.465249 0.585137
vt 0.470324 0.585137
vt 0.470324 0.551249
vt 0.365377 0.819273
vt 0.360196 0.816808
vt 0.356211 0.825229
vt 0.361392 0.827693
vt 0.341333 0.797639
vt 0.337347 0.805923
vt 0.344547 0.809346
vt 0.348506 0.800994
vt 0.340323 0.836593
vt 0.348878 0.840632
vt 0.352226 0.833581
vt 0.343671 0.829542
vt 0.333203 0.833170
vt 0.336550 0.826187
vt 0.363225 0.788397
vt 0.371780 0.792436
vt 0.375766 0.784084
vt 0.367237 0.779976
vt 0.340881 0.857474
vt 0.332326 0.853366
vt 0.328500 0.861444
vt 0.337055 0.865483
vt 0.412005 0.373046
vt 0.412005 0.403991
vt 0.442427 0.403991
vt 0.442427 0.373046
vt 0.350047 0.851517
vt 0.344866 0.849053
vt 0.346062 0.859870
vt 0.352518 0.792641
vt 0.345318 0.789218
vt 0.357380 0.836045
vt 0.368167 0.800035
vt 0.359612 0.795996
vt 0.355627 0.804417
vt 0.364155 0.808456
vt 0.336338 0.844945
vt 0.329217 0.841591
vt 0.325232 0.850011
vt 0.321406 0.858021
vt 0.318032 0.846588
vt 0.314206 0.854598
vt 0.352943 0.773199
vt 0.348931 0.781619
vt 0.356131 0.785042
vt 0.360117 0.776622
vt 0.518652 0.317046
vt 0.518652 0.307187
vt 0.494607 0.307187
vt 0.412005 0.460265
vt 0.412005 0.472999
vt 0.436024 0.472999
vt 0.442427 0.464920
vt 0.412005 0.572883
vt 0.442427 0.577538
vt 0.442427 0.572883
vt 0.329377 0.822764
vt 0.326029 0.829747
vt 0.442427 0.541939
vt 0.442427 0.537352
vt 0.412005 0.541939
vt 0.442427 0.424734
vt 0.436024 0.416656
vt 0.412005 0.416656
vt 0.412005 0.429321
vt 0.442427 0.408577
vt 0.442427 0.521195
vt 0.442427 0.516608
vt 0.412005 0.516608
vt 0.322017 0.838168
vt 0.412005 0.485664
vt 0.442427 0.485664
vt 0.442427 0.481009
vt 0.436024 0.529273
vt 0.412005 0.529273
vt 0.508901 0.336009
vt 0.504385 0.336009
vt 0.518652 0.341075
vt 0.442427 0.460265
vt 0.376961 0.794901
vt 0.373348 0.802500
vt 0.442427 0.429321
vt 0.412005 0.585616
vt 0.436024 0.585616
vt 0.369336 0.810920
vt 0.442427 0.368391
vt 0.481615 0.551249
vt 0.500745 0.333339
vt 0.499337 0.329095
vt 0.512541 0.333339
vt 0.504385 0.322112
vt 0.508901 0.322112
vt 0.531830 0.585137
vt 0.531830 0.551249
vt 0.513923 0.329095
vt 0.500745 0.324782
vt 0.528536 0.341075
vt 0.528536 0.317046
vt 0.351668 0.812769
vt 0.380947 0.786548
vt 0.354032 0.843097
vt 0.347656 0.821121
vt 0.340562 0.817766
vt 0.333362 0.814343
vt 0.515490 0.540022
vt 0.481615 0.540022
vt 0.515490 0.534956
vt 0.481615 0.534956
vt 0.436024 0.360313
vt 0.412005 0.360313
vt 0.512541 0.324782
vt 0.342236 0.867948
vt 0.494607 0.351002
vt 0.518652 0.351002
vt 0.523268 0.157064
vt 0.530216 0.155361
vt 0.525163 0.134006
vt 0.518215 0.135638
vt 0.528321 0.178420
vt 0.535269 0.176788
vt 0.567313 0.146635
vt 0.562260 0.125208
vt 0.551270 0.161747
vt 0.538385 0.221273
vt 0.545332 0.219641
vt 0.540322 0.198214
vt 0.533332 0.199846
vt 0.543438 0.242699
vt 0.550385 0.241068
vt 0.507225 0.172105
vt 0.481118 0.144364
vt 0.486171 0.165791
vt 0.497161 0.129252
vt 0.548490 0.264126
vt 0.555438 0.262494
vt 0.541206 0.118894
vt 0.976207 0.525534
vt 0.992772 0.525534
vt 0.992772 0.517742
vt 0.974403 0.517631
vt 0.976207 0.533326
vt 0.974403 0.541229
vt 0.992772 0.541229
vt 0.992772 0.533326
vt 0.968007 0.572731
vt 0.992936 0.572397
vt 0.992936 0.564605
vt 0.964727 0.564939
vt 0.818266 0.538001
vt 0.851888 0.511954
vt 0.844179 0.508281
vt 0.816626 0.529541
vt 0.971615 0.549132
vt 0.992772 0.549021
vt 0.971943 0.478226
vt 0.968171 0.486129
vt 0.993100 0.486463
vt 0.993264 0.478671
vt 0.971615 0.509728
vt 0.992772 0.509950
vt 0.992936 0.502158
vt 0.968007 0.501824
vt 0.976863 0.596218
vt 0.977027 0.604121
vt 0.993592 0.603676
vt 0.993428 0.595884
vt 0.993264 0.588092
vt 0.974731 0.588426
vt 0.992936 0.494255
vt 0.964891 0.493921
vt 0.968007 0.557036
vt 0.992772 0.556813
vt 0.971779 0.580634
vt 0.993100 0.580300
vt 0.672461 0.689832
vt 0.664916 0.669239
vt 0.661636 0.671132
vt 0.668689 0.690500
vt 0.679513 0.677588
vt 0.678201 0.674026
vt 0.675741 0.671132
vt 0.679513 0.681484
vt 0.835815 0.507390
vt 0.817938 0.521193
vt 0.659176 0.674026
vt 0.664916 0.689832
vt 0.822366 0.545459
vt 0.858120 0.517742
vt 0.993428 0.470879
vt 0.974895 0.470434
vt 0.863861 0.533771
vt 0.862220 0.525200
vt 0.828598 0.551247
vt 0.836307 0.555032
vt 0.672461 0.669239
vt 0.678201 0.685046
vt 0.858776 0.549132
vt 0.862713 0.542008
vt 0.844671 0.555923
vt 0.852544 0.553919
vt 0.657864 0.681484
vt 0.659176 0.685046
vt 0.661636 0.687940
vt 0.657864 0.677588
vt 0.675741 0.687940
vt 0.668689 0.668571
vt 0.827942 0.509282
vt 0.821710 0.514069
vt 0.993592 0.463088
vt 0.977027 0.462642
vt 0.986727 0.698971
vt 0.967334 0.698971
vt 0.967334 0.707027
vt 0.986727 0.707027
vt 0.994820 0.675017
vt 0.994820 0.666962
vt 0.986727 0.666962
vt 0.986727 0.675017
vt 0.986727 0.739390
vt 0.994820 0.739390
vt 0.994820 0.731264
vt 0.986727 0.731264
vt 0.967334 0.658836
vt 0.967334 0.666962
vt 0.986727 0.658836
vt 0.986727 0.618417
vt 0.986727 0.626543
vt 0.994820 0.626543
vt 0.994820 0.618417
vt 0.986727 0.642654
vt 0.986727 0.634599
vt 0.967334 0.634599
vt 0.967334 0.642654
vt 0.967334 0.731264
vt 0.967334 0.739390
vt 0.986727 0.715153
vt 0.986727 0.723208
vt 0.994820 0.723208
vt 0.994820 0.715153
vt 0.994820 0.634599
vt 0.994820 0.707027
vt 0.986727 0.682790
vt 0.986727 0.690916
vt 0.994820 0.690916
vt 0.994820 0.682790
vt 0.994820 0.698971
vt 0.967334 0.675017
vt 0.967334 0.626543
vt 0.967334 0.715153
vt 0.967334 0.723208
vt 0.994820 0.747445
vt 0.986727 0.747445
vt 0.986727 0.755006
vt 0.994820 0.755006
vt 0.986727 0.610362
vt 0.967334 0.610362
vt 0.967334 0.618417
vt 0.967334 0.755006
vt 0.967334 0.747445
vt 0.994820 0.658836
vt 0.994820 0.642654
vt 0.986727 0.650780
vt 0.967334 0.650780
vt 0.994820 0.650780
vt 0.967334 0.690916
vt 0.872459 0.721866
vt 0.918222 0.713810
vt 0.915431 0.706250
vt 0.872459 0.713810
vt 0.967334 0.682790
vt 0.880412 0.700031
vt 0.903293 0.696004
vt 0.895340 0.694590
vt 0.887388 0.696004
vt 0.875249 0.706250
vt 0.910269 0.700031
vt 0.710753 0.739036
vt 0.735309 0.734726
vt 0.735309 0.730062
vt 0.709218 0.734726
vt 0.733774 0.725752
vt 0.709218 0.730062
vt 0.730844 0.722219
vt 0.710753 0.725752
vt 0.713822 0.742570
vt 0.717729 0.744831
vt 0.730844 0.742570
vt 0.733774 0.739036
vt 0.910269 0.735574
vt 0.887388 0.739602
vt 0.895340 0.741015
vt 0.903293 0.739602
vt 0.713822 0.722219
vt 0.726798 0.719887
vt 0.915431 0.729427
vt 0.880412 0.735574
vt 0.918222 0.721866
vt 0.875249 0.729427
vt 0.717729 0.719887
vt 0.722333 0.719110
vt 0.726798 0.744831
vt 0.722333 0.745679
vt 0.994820 0.610362
vt 0.752765 0.543635
vt 0.752765 0.516040
vt 0.749746 0.525069
vt 0.749746 0.534606
vt 0.809833 0.534606
vt 0.809833 0.525069
vt 0.806914 0.516040
vt 0.806914 0.543635
vt 0.758301 0.551337
vt 0.758301 0.508337
vt 0.766051 0.502750
vt 0.766051 0.556924
vt 0.907864 0.482774
vt 0.907864 0.494144
vt 0.917828 0.494144
vt 0.917828 0.482774
vt 0.793628 0.502750
vt 0.784570 0.499816
vt 0.784570 0.559887
vt 0.793628 0.556924
vt 0.801278 0.551337
vt 0.801278 0.508337
vt 0.783765 0.482774
vt 0.783765 0.494144
vt 0.794132 0.494144
vt 0.794132 0.482774
vt 0.804901 0.494144
vt 0.804901 0.482774
vt 0.815368 0.482774
vt 0.815368 0.494144
vt 0.159747 0.670068
vt 0.135793 0.670068
vt 0.135793 0.677122
vt 0.159747 0.677122
vt 0.159747 0.636463
vt 0.135793 0.636463
vt 0.135793 0.643179
vt 0.159747 0.643179
vt 0.867403 0.482774
vt 0.867403 0.494144
vt 0.878676 0.494144
vt 0.878676 0.482774
vt 0.846167 0.482774
vt 0.836202 0.482774
vt 0.836202 0.494144
vt 0.846167 0.494144
vt 0.135793 0.629748
vt 0.159747 0.629748
vt 0.159747 0.623005
vt 0.135793 0.623005
vt 0.825836 0.482774
vt 0.825836 0.494144
vt 0.135793 0.649894
vt 0.159747 0.649894
vt 0.135793 0.656638
vt 0.159747 0.656638
vt 0.901523 0.544876
vt 0.897296 0.532772
vt 0.893371 0.534521
vt 0.895283 0.546908
vt 0.882601 0.507801
vt 0.877367 0.511638
vt 0.886828 0.519905
vt 0.906757 0.541067
vt 0.910581 0.535791
vt 0.899812 0.529301
vt 0.873543 0.516886
vt 0.871530 0.523094
vt 0.884312 0.523376
vt 0.890754 0.518184
vt 0.888741 0.505798
vt 0.873543 0.535791
vt 0.877367 0.541067
vt 0.885621 0.531558
vt 0.889043 0.534069
vt 0.882601 0.544876
vt 0.888741 0.546908
vt 0.836202 0.475071
vt 0.825836 0.475071
vt 0.917828 0.475071
vt 0.907864 0.475071
vt 0.938964 0.475071
vt 0.938964 0.482774
vt 0.948928 0.482774
vt 0.948928 0.475071
vt 0.912594 0.529611
vt 0.883910 0.527636
vt 0.871530 0.529611
vt 0.910581 0.516886
vt 0.906757 0.511638
vt 0.898504 0.521147
vt 0.901523 0.507801
vt 0.895283 0.505798
vt 0.894981 0.518636
vt 0.762830 0.482774
vt 0.762830 0.494144
vt 0.773297 0.494144
vt 0.773297 0.482774
vt 0.159747 0.663353
vt 0.135793 0.663353
vt 0.888539 0.494144
vt 0.888539 0.482774
vt 0.159747 0.692387
vt 0.135793 0.692387
vt 0.135793 0.699469
vt 0.159747 0.699469
vt 0.135793 0.684204
vt 0.159747 0.684204
vt 0.960201 0.494144
vt 0.960201 0.482774
vt 0.948928 0.494144
vt 0.927691 0.482774
vt 0.927691 0.494144
vt 0.938964 0.494144
vt 0.898504 0.494144
vt 0.898504 0.482774
vt 0.762830 0.475071
vt 0.752967 0.475071
vt 0.752967 0.482774
vt 0.815368 0.475071
vt 0.804901 0.475071
vt 0.900215 0.525040
vt 0.912594 0.523094
vt 0.846167 0.475071
vt 0.927691 0.475071
vt 0.773297 0.475071
vt 0.857439 0.482774
vt 0.857439 0.475071
vt 0.898504 0.475071
vt 0.888539 0.475071
vt 0.794132 0.475071
vt 0.783765 0.475071
vt 0.135793 0.706184
vt 0.159747 0.706184
vt 0.857439 0.494144
vt 0.775109 0.499816
vt 0.775109 0.559887
vt 0.878676 0.475071
vt 0.867403 0.475071
vt 0.752967 0.494144
vt 0.960201 0.475071
vt 0.926942 0.937165
vt 0.926942 0.950514
vt 0.969143 0.950514
vt 0.969143 0.937165
vt 0.897835 0.860985
vt 0.897835 0.867314
vt 0.917614 0.867314
vt 0.917614 0.860985
vt 0.911602 0.974334
vt 0.904746 0.961676
vt 0.901656 0.963402
vt 0.904409 0.977326
vt 0.978246 0.980778
vt 0.978246 0.965704
vt 0.969143 0.965704
vt 0.969143 0.980778
vt 0.969143 0.805174
vt 0.978246 0.805174
vt 0.978246 0.791365
vt 0.969143 0.791365
vt 0.969143 0.891825
vt 0.969143 0.906900
vt 0.978246 0.906900
vt 0.978246 0.891825
vt 0.926942 0.805174
vt 0.926942 0.818868
vt 0.969143 0.818868
vt 0.897778 0.873413
vt 0.886315 0.873413
vt 0.886315 0.931066
vt 0.897778 0.931066
vt 0.897835 0.830260
vt 0.897835 0.836014
vt 0.917614 0.836014
vt 0.917614 0.830260
vt 0.978246 0.878132
vt 0.969143 0.878132
vt 0.926942 0.980778
vt 0.926942 0.995853
vt 0.969143 0.995853
vt 0.978246 0.818868
vt 0.978246 0.937165
vt 0.978246 0.922090
vt 0.969143 0.922090
vt 0.978246 0.760295
vt 0.969143 0.760295
vt 0.969143 0.773989
vt 0.978246 0.773989
vt 0.969143 0.833252
vt 0.969143 0.846946
vt 0.978246 0.846946
vt 0.978246 0.833252
vt 0.897835 0.818868
vt 0.897835 0.824622
vt 0.917614 0.824622
vt 0.917614 0.818868
vt 0.897835 0.813114
vt 0.917614 0.813114
vt 0.897835 0.841653
vt 0.917614 0.841653
vt 0.917614 0.854196
vt 0.897835 0.854196
vt 0.926942 0.773989
vt 0.926942 0.791365
vt 0.926942 0.906900
vt 0.926942 0.922090
vt 0.978246 0.950514
vt 0.978246 0.860755
vt 0.969143 0.860755
vt 0.889462 0.974334
vt 0.898172 0.962942
vt 0.895587 0.960525
vt 0.883955 0.968811
vt 0.978246 0.995853
vt 0.916434 0.918523
vt 0.920817 0.907936
vt 0.920817 0.896428
vt 0.916434 0.885842
vt 0.908342 0.877786
vt 0.908342 0.926693
vt 0.917614 0.847982
vt 0.897835 0.847982
vt 0.875695 0.926693
vt 0.875695 0.877786
vt 0.867603 0.885842
vt 0.867603 0.918523
vt 0.863220 0.896428
vt 0.863220 0.907936
vt 0.926942 0.878132
vt 0.926942 0.860755
vt 0.926942 0.833252
vt 0.926942 0.760295
vt 0.926942 0.891825
vt 0.926942 0.846946
vt 0.917614 0.807475
vt 0.897835 0.807475
vt 0.926942 0.965704
vt 0.917109 0.968811
vt 0.904409 0.938201
vt 0.896654 0.938201
vt 0.899408 0.952240
vt 0.902948 0.952585
vt 0.917109 0.946716
vt 0.905533 0.955002
vt 0.906207 0.958454
vt 0.920087 0.953851
vt 0.896654 0.977326
vt 0.911602 0.941193
vt 0.880977 0.961676
vt 0.920087 0.961676
vt 0.896374 0.953966
vt 0.889462 0.941193
vt 0.883955 0.946716
vt 0.880977 0.953851
vt 0.894913 0.957073
vt 0.922811 0.536761
vt 0.949088 0.536761
vt 0.949088 0.523937
vt 0.922811 0.523937
vt 0.960349 0.682578
vt 0.960349 0.669754
vt 0.949088 0.669754
vt 0.949088 0.682578
vt 0.960349 0.523937
vt 0.960349 0.512419
vt 0.949088 0.512419
vt 0.960349 0.536761
vt 0.922811 0.548279
vt 0.949088 0.548279
vt 0.922811 0.585327
vt 0.949088 0.585327
vt 0.949088 0.572503
vt 0.922811 0.572503
vt 0.960349 0.658235
vt 0.949088 0.658235
vt 0.949088 0.634012
vt 0.960349 0.634012
vt 0.960349 0.621188
vt 0.949088 0.621188
vt 0.960349 0.585327
vt 0.960349 0.572503
vt 0.960349 0.609670
vt 0.949088 0.609670
vt 0.960349 0.694096
vt 0.949088 0.694096
vt 0.949088 0.706920
vt 0.960349 0.706920
vt 0.960349 0.731144
vt 0.949088 0.731144
vt 0.949088 0.742662
vt 0.960349 0.742662
vt 0.949088 0.755486
vt 0.960349 0.755486
vt 0.922811 0.731144
vt 0.949088 0.718438
vt 0.922811 0.718438
vt 0.922811 0.669754
vt 0.922811 0.658235
vt 0.922811 0.634012
vt 0.922811 0.621188
vt 0.922811 0.645411
vt 0.949088 0.645411
vt 0.922811 0.596845
vt 0.949088 0.596845
vt 0.922811 0.742662
vt 0.922811 0.755486
vt 0.960349 0.645411
vt 0.786066 0.672722
vt 0.779899 0.672722
vt 0.779899 0.710482
vt 0.786066 0.710482
vt 0.949088 0.560985
vt 0.922811 0.560985
vt 0.922811 0.609670
vt 0.922811 0.706920
vt 0.922811 0.694096
vt 0.960349 0.596845
vt 0.960349 0.548279
vt 0.475842 0.648380
vt 0.472624 0.638762
vt 0.466725 0.630450
vt 0.475842 0.658592
vt 0.458413 0.624512
vt 0.472624 0.668329
vt 0.466725 0.676522
vt 0.448761 0.621306
vt 0.438572 0.621306
vt 0.458413 0.682578
vt 0.960349 0.718438
vt 0.774268 0.674622
vt 0.774268 0.708701
vt 0.428919 0.682578
vt 0.414709 0.638762
vt 0.411491 0.648380
vt 0.420607 0.676522
vt 0.800008 0.682934
vt 0.796523 0.678066
vt 0.796523 0.705139
vt 0.800008 0.700271
vt 0.922811 0.682578
vt 0.448761 0.685665
vt 0.428919 0.624512
vt 0.420607 0.630450
vt 0.438572 0.685665
vt 0.960349 0.560985
vt 0.801885 0.694571
vt 0.801885 0.688634
vt 0.765956 0.682934
vt 0.764079 0.688634
vt 0.764079 0.694571
vt 0.765956 0.700271
vt 0.791696 0.674622
vt 0.791696 0.708701
vt 0.769442 0.678066
vt 0.769442 0.705139
vt 0.414709 0.668329
vt 0.411491 0.658592
vt 0.922811 0.512419
s 1
f 5/1/1 3/2/2 4/3/3
f 4/3/3 6/4/1 5/1/1
f 71/5/4 70/6/5 72/7/6
f 72/7/6 73/8/7 71/5/4
f 67/9/8 69/10/9 68/11/10
f 68/11/10 66/12/11 67/9/8
f 72/7/6 74/13/12 75/14/13
f 75/14/13 73/8/7 72/7/6
f 77/15/14 75/14/13 74/13/12
f 74/13/12 76/16/15 77/15/14
f 79/17/16 78/18/17 80/19/18
f 80/19/18 81/20/19 79/17/16
f 85/21/20 84/22/21 86/23/22
f 86/23/22 87/24/23 85/21/20
f 127/25/24 129/26/25 138/27/25
f 138/27/25 137/28/26 127/25/24
f 137/28/26 138/27/25 139/29/27
f 139/29/27 140/30/27 137/28/26
f 139/29/27 142/31/27 141/32/27
f 141/32/27 140/30/27 139/29/27
f 25/33/28 23/34/29 24/35/29
f 24/35/29 26/36/30 25/33/28
f 12/37/31 10/38/32 96/39/33
f 96/39/33 95/40/31 12/37/31
f 29/41/34 27/42/35 28/43/35
f 28/43/35 30/44/36 29/41/34
f 16/45/37 14/46/38 94/47/39
f 94/47/39 93/48/40 16/45/37
f 33/49/41 31/50/42 32/51/43
f 32/51/43 34/52/41 33/49/41
f 30/44/36 28/43/35 36/53/44
f 36/53/44 37/54/34 30/44/36
f 70/6/5 71/5/4 69/10/9
f 69/10/9 67/9/8 70/6/5
f 28/43/35 26/36/30 35/55/45
f 35/55/45 36/53/44 28/43/35
f 94/47/39 14/46/38 12/37/31
f 12/37/31 95/40/31 94/47/39
f 23/34/29 21/56/46 22/57/47
f 22/57/47 24/35/29 23/34/29
f 40/58/48 41/59/49 42/60/50
f 53/61/51 52/62/48 51/63/50
f 51/63/50 54/64/52 53/61/51
f 142/31/27 150/65/53 143/66/54
f 143/66/54 141/32/27 142/31/27
f 44/67/55 48/68/56 49/69/56
f 50/70/50 51/63/50 52/62/48
f 44/67/55 43/71/57 45/72/56
f 45/72/56 46/73/56 44/67/55
f 64/74/56 65/75/58 45/72/56
f 45/72/56 43/71/57 64/74/56
f 57/76/59 58/77/60 53/61/51
f 59/78/61 60/79/61 54/64/52
f 53/61/51 55/80/62 56/81/63
f 56/81/63 57/76/59 53/61/51
f 63/82/64 64/74/56 43/71/57
f 48/68/56 44/67/55 46/73/56
f 46/73/56 47/83/65 48/68/56
f 8/84/66 10/38/32 9/85/67
f 9/85/67 7/86/66 8/84/66
f 118/87/68 119/88/69 121/89/70
f 121/89/70 120/90/71 118/87/68
f 5/1/1 6/4/1 8/84/66
f 8/84/66 7/86/66 5/1/1
f 11/91/31 9/85/67 10/38/32
f 10/38/32 12/37/31 11/91/31
f 77/15/14 76/16/15 78/18/17
f 78/18/17 79/17/16 77/15/14
f 13/92/72 11/91/31 12/37/31
f 12/37/31 14/46/38 13/92/72
f 81/20/19 80/19/18 82/93/73
f 82/93/73 83/94/74 81/20/19
f 14/46/38 16/45/37 15/95/75
f 15/95/75 13/92/72 14/46/38
f 3/2/2 1/96/76 2/97/77
f 2/97/77 4/3/3 3/2/2
f 87/24/23 86/23/22 88/98/78
f 88/98/78 89/99/79 87/24/23
f 17/100/80 15/95/75 16/45/37
f 16/45/37 18/101/81 17/100/80
f 93/48/40 92/102/82 18/101/81
f 18/101/81 16/45/37 93/48/40
f 31/50/42 29/41/34 30/44/36
f 30/44/36 32/51/43 31/50/42
f 91/103/83 89/99/79 88/98/78
f 88/98/78 90/104/84 91/103/83
f 27/42/35 25/33/28 26/36/30
f 26/36/30 28/43/35 27/42/35
f 38/105/85 32/51/43 30/44/36
f 30/44/36 37/54/34 38/105/85
f 113/106/86 114/107/87 115/108/88
f 115/108/88 116/109/89 113/106/86
f 114/107/87 113/106/86 111/110/90
f 111/110/90 112/111/91 114/107/87
f 124/112/92 98/113/93 97/114/94
f 97/114/94 123/115/95 124/112/92
f 103/116/96 105/117/97 104/118/98
f 101/119/99 102/120/100 99/121/101
f 99/121/101 100/122/102 101/119/99
f 122/123/103 123/115/95 120/90/71
f 120/90/71 121/89/70 122/123/103
f 108/124/104 110/125/105 109/126/106
f 115/108/88 117/127/107 118/87/68
f 118/87/68 116/109/89 115/108/88
f 106/128/108 107/129/109 108/124/104
f 108/124/104 109/126/106 106/128/108
f 106/128/108 104/118/98 105/117/97
f 105/117/97 107/129/109 106/128/108
f 131/130/110 130/131/111 136/132/112
f 136/132/112 132/133/113 131/130/110
f 117/127/107 119/88/69 118/87/68
f 99/121/101 97/114/94 98/113/93
f 98/113/93 100/122/102 99/121/101
f 143/66/54 150/65/53 149/134/114
f 149/134/114 148/135/115 143/66/54
f 122/123/103 124/112/92 123/115/95
f 111/110/90 109/126/106 110/125/105
f 110/125/105 112/111/91 111/110/90
f 147/136/116 141/32/27 143/66/54
f 143/66/54 144/137/117 147/136/116
f 125/138/118 126/139/119 128/140/120
f 128/140/120 127/25/24 125/138/118
f 129/26/25 130/131/111 131/130/110
f 151/141/121 152/142/122 149/134/114
f 149/134/114 150/65/53 151/141/121
f 61/143/63 62/144/61 54/64/52
f 54/64/52 60/79/61 61/143/63
f 145/145/123 144/137/117 143/66/54
f 143/66/54 148/135/115 145/145/123
f 128/140/120 126/139/119 134/146/124
f 134/146/124 135/147/125 128/140/120
f 19/148/126 17/100/80 18/101/81
f 18/101/81 20/149/126 19/148/126
f 21/56/46 19/148/126 20/149/126
f 20/149/126 22/57/47 21/56/46
f 34/52/41 32/51/43 38/105/85
f 38/105/85 39/150/41 34/52/41
f 127/25/24 128/140/120 130/131/111
f 130/131/111 129/26/25 127/25/24
f 42/60/50 41/59/49 43/71/57
f 43/71/57 44/67/55 42/60/50
f 102/120/100 101/119/99 103/116/96
f 103/116/96 104/118/98 102/120/100
f 126/139/119 125/138/118 133/151/127
f 133/151/127 134/146/124 126/139/119
f 128/140/120 135/147/125 136/132/112
f 136/132/112 130/131/111 128/140/120
f 150/65/53 142/31/27 151/141/121
f 147/136/116 144/137/117 145/145/123
f 145/145/123 146/152/128 147/136/116
f 83/94/74 82/93/73 84/22/21
f 84/22/21 85/21/20 83/94/74
f 53/61/51 54/64/52 62/144/61
f 62/144/61 55/80/62 53/61/51
f 249/153/129 248/154/129 250/155/130
f 250/155/130 251/156/130 249/153/129
f 163/157/131 161/158/132 162/159/133
f 162/159/133 164/160/134 163/157/131
f 255/161/135 254/162/135 256/163/136
f 256/163/136 257/164/137 255/161/135
f 257/164/137 256/163/136 258/165/138
f 258/165/138 259/166/138 257/164/137
f 260/167/139 261/168/139 259/166/138
f 259/166/138 258/165/138 260/167/139
f 260/167/139 262/169/140 263/170/141
f 263/170/141 261/168/139 260/167/139
f 267/171/142 265/172/143 264/173/143
f 264/173/143 266/174/142 267/171/142
f 175/175/144 173/176/145 174/177/146
f 174/177/146 176/178/147 175/175/144
f 267/171/142 266/174/142 268/179/148
f 268/179/148 269/180/149 267/171/142
f 233/181/150 234/182/151 232/183/152
f 232/183/152 226/184/153 233/181/150
f 181/185/154 179/186/155 180/187/155
f 180/187/155 182/188/156 181/185/154
f 281/189/157 178/190/158 176/178/147
f 176/178/147 282/191/159 281/189/157
f 166/192/160 230/193/161 238/194/162
f 238/194/162 168/195/163 166/192/160
f 285/196/164 274/197/165 276/198/166
f 276/198/166 284/199/167 285/196/164
f 188/200/168 190/201/169 189/202/169
f 189/202/169 187/203/170 188/200/168
f 210/204/171 211/205/172 203/206/173
f 203/206/173 202/207/174 210/204/171
f 210/204/171 202/207/174 205/208/175
f 205/208/175 209/209/176 210/204/171
f 196/210/177 186/211/178 184/212/179
f 184/212/179 195/213/180 196/210/177
f 251/156/130 250/155/130 252/214/181
f 252/214/181 253/215/182 251/156/130
f 325/216/183 326/217/184 327/218/185
f 327/218/185 332/219/186 325/216/183
f 231/220/187 237/221/188 238/194/162
f 238/194/162 230/193/161 231/220/187
f 239/222/189 237/221/188 235/223/190
f 235/223/190 240/224/191 239/222/189
f 228/225/192 226/184/153 232/183/152
f 232/183/152 231/220/187 228/225/192
f 226/184/153 228/225/192 227/226/193
f 227/226/193 225/227/194 226/184/153
f 201/228/195 197/229/196 199/230/197
f 199/230/197 200/231/198 201/228/195
f 193/232/199 191/233/200 192/234/201
f 192/234/201 194/235/202 193/232/199
f 191/233/200 189/202/169 190/201/169
f 190/201/169 192/234/201 191/233/200
f 281/189/157 273/236/203 271/237/204
f 271/237/204 283/238/205 281/189/157
f 270/239/206 271/237/204 273/236/203
f 273/236/203 272/240/207 270/239/206
f 235/223/190 237/221/188 231/220/187
f 231/220/187 232/183/152 235/223/190
f 186/211/178 188/200/168 187/203/170
f 187/203/170 185/241/208 186/211/178
f 326/217/184 302/242/209 303/243/210
f 303/243/210 297/244/211 326/217/184
f 202/207/174 198/245/212 206/246/213
f 206/246/213 205/208/175 202/207/174
f 217/247/214 219/248/215 218/249/216
f 218/249/216 216/250/217 217/247/214
f 334/251/218 327/218/185 328/252/219
f 328/252/219 329/253/220 334/251/218
f 157/254/221 158/255/222 160/256/223
f 160/256/223 159/257/224 157/254/221
f 195/213/180 208/258/225 207/259/226
f 207/259/226 206/246/213 195/213/180
f 222/260/227 221/261/228 223/262/229
f 223/262/229 224/263/230 222/260/227
f 249/153/129 247/264/231 245/265/232
f 245/265/232 248/154/129 249/153/129
f 185/241/208 183/266/233 184/212/179
f 184/212/179 186/211/178 185/241/208
f 276/198/166 274/197/165 275/267/234
f 275/267/234 277/268/235 276/198/166
f 279/269/236 282/191/159 176/178/147
f 176/178/147 174/177/146 279/269/236
f 274/197/165 272/240/207 273/236/203
f 273/236/203 275/267/234 274/197/165
f 177/270/237 175/175/144 176/178/147
f 176/178/147 178/190/158 177/270/237
f 223/262/229 221/261/228 215/271/238
f 215/271/238 213/272/239 223/262/229
f 212/273/240 213/272/239 215/271/238
f 215/271/238 214/274/241 212/273/240
f 277/268/235 279/269/236 280/275/242
f 280/275/242 278/276/243 277/268/235
f 200/231/198 199/230/197 203/206/173
f 203/206/173 204/277/244 200/231/198
f 166/192/160 168/195/163 167/278/245
f 167/278/245 165/279/246 166/192/160
f 160/256/223 162/159/133 161/158/132
f 161/158/132 159/257/224 160/256/223
f 255/161/135 253/215/182 252/214/181
f 252/214/181 254/162/135 255/161/135
f 188/200/168 186/211/178 196/210/177
f 196/210/177 197/229/196 188/200/168
f 157/254/221 155/280/247 156/281/248
f 156/281/248 158/255/222 157/254/221
f 165/279/246 163/157/131 164/160/134
f 164/160/134 166/192/160 165/279/246
f 246/282/249 244/283/249 245/265/232
f 245/265/232 247/264/231 246/282/249
f 169/284/250 167/278/245 168/195/163
f 168/195/163 170/285/251 169/284/250
f 263/170/141 262/169/140 264/173/143
f 264/173/143 265/172/143 263/170/141
f 171/286/252 169/284/250 170/285/251
f 170/285/251 172/287/253 171/286/252
f 173/176/145 171/286/252 172/287/253
f 172/287/253 174/177/146 173/176/145
f 232/183/152 234/182/151 236/288/254
f 236/288/254 235/223/190 232/183/152
f 324/289/255 302/242/209 325/216/183
f 325/216/183 323/290/256 324/289/255
f 221/261/228 222/260/227 220/291/257
f 220/291/257 217/247/214 221/261/228
f 230/193/161 229/292/258 228/225/192
f 228/225/192 231/220/187 230/193/161
f 222/260/227 242/293/259 243/294/260
f 243/294/260 220/291/257 222/260/227
f 198/245/212 199/230/197 197/229/196
f 197/229/196 196/210/177 198/245/212
f 179/186/155 177/270/237 178/190/158
f 178/190/158 180/187/155 179/186/155
f 183/266/233 181/185/154 182/188/156
f 182/188/156 184/212/179 183/266/233
f 315/295/261 314/296/262 312/297/263
f 312/297/263 313/298/264 315/295/261
f 272/240/207 274/197/165 285/196/164
f 285/196/164 286/299/265 272/240/207
f 223/262/229 156/281/248 154/300/266
f 154/300/266 224/263/230 223/262/229
f 319/301/267 318/302/268 317/303/269
f 317/303/269 320/304/270 319/301/267
f 301/305/271 299/306/272 305/307/273
f 305/307/273 306/308/274 301/305/271
f 290/309/275 292/310/276 291/311/277
f 326/217/184 297/244/211 331/312/278
f 331/312/278 328/252/219 326/217/184
f 292/310/276 294/313/279 293/314/280
f 323/290/256 314/296/262 316/315/281
f 316/315/281 324/289/255 323/290/256
f 295/316/282 293/314/280 294/313/279
f 294/313/279 296/317/283 295/316/282
f 315/295/261 317/303/269 318/302/268
f 318/302/268 316/315/281 315/295/261
f 320/304/270 317/303/269 313/298/264
f 313/298/264 321/318/284 320/304/270
f 345/319/285 346/320/286 348/321/287
f 348/321/287 347/322/288 345/319/285
f 303/243/210 304/323/289 297/244/211
f 331/312/278 330/324/290 329/253/220
f 329/253/220 328/252/219 331/312/278
f 301/305/271 306/308/274 303/243/210
f 224/263/230 241/325/291 242/293/259
f 242/293/259 222/260/227 224/263/230
f 327/218/185 334/251/218 333/326/292
f 333/326/292 332/219/186 327/218/185
f 289/327/293 287/328/294 288/329/295
f 288/329/295 290/309/275 289/327/293
f 309/330/296 291/311/277 292/310/276
f 292/310/276 293/314/280 309/330/296
f 314/296/262 315/295/261 316/315/281
f 304/323/289 303/243/210 306/308/274
f 306/308/274 307/331/297 304/323/289
f 307/331/297 306/308/274 305/307/273
f 305/307/273 308/332/298 307/331/297
f 315/295/261 313/298/264 317/303/269
f 309/330/296 310/333/299 311/334/300
f 311/334/300 291/311/277 309/330/296
f 295/316/282 296/317/283 297/244/211
f 297/244/211 304/323/289 295/316/282
f 302/242/209 326/217/184 325/216/183
f 288/329/295 294/313/279 292/310/276
f 292/310/276 290/309/275 288/329/295
f 326/217/184 328/252/219 327/218/185
f 300/335/301 298/336/302 299/306/272
f 299/306/272 301/305/271 300/335/301
f 302/242/209 300/335/301 301/305/271
f 301/305/271 303/243/210 302/242/209
f 199/230/197 198/245/212 202/207/174
f 202/207/174 203/206/173 199/230/197
f 350/337/303 347/322/288 349/338/304
f 349/338/304 351/339/305 350/337/303
f 336/340/306 338/341/307 337/342/308
f 363/343/309 361/344/310 362/345/311
f 362/345/311 364/346/312 363/343/309
f 339/347/313 340/348/314 341/349/315
f 336/340/306 337/342/308 335/350/316
f 335/350/316 366/351/317 336/340/306
f 275/267/234 273/236/203 281/189/157
f 281/189/157 282/191/159 275/267/234
f 344/352/318 346/320/286 345/319/285
f 355/353/319 353/354/320 354/355/321
f 354/355/321 356/356/322 355/353/319
f 347/322/288 348/321/287 349/338/304
f 360/357/323 361/344/310 358/358/324
f 358/358/324 359/359/325 360/357/323
f 365/360/326 366/351/317 335/350/316
f 335/350/316 363/343/309 365/360/326
f 352/361/327 354/355/321 353/354/320
f 337/342/308 338/341/307 340/348/314
f 340/348/314 339/347/313 337/342/308
f 355/353/319 356/356/322 357/362/328
f 350/337/303 351/339/305 352/361/327
f 352/361/327 353/354/320 350/337/303
f 357/362/328 359/359/325 358/358/324
f 358/358/324 355/353/319 357/362/328
f 360/357/323 362/345/311 361/344/310
f 341/349/315 343/363/329 342/364/330
f 342/364/330 339/347/313 341/349/315
f 363/343/309 364/346/312 365/360/326
f 345/319/285 342/364/330 343/363/329
f 343/363/329 344/352/318 345/319/285
f 155/280/247 153/365/266 154/300/266
f 154/300/266 156/281/248 155/280/247
f 158/255/222 156/281/248 223/262/229
f 223/262/229 213/272/239 158/255/222
f 164/160/134 229/292/258 230/193/161
f 230/193/161 166/192/160 164/160/134
f 220/291/257 370/366/331 219/248/215
f 219/248/215 217/247/214 220/291/257
f 239/222/189 369/367/332 238/194/162
f 238/194/162 237/221/188 239/222/189
f 217/247/214 216/250/217 215/271/238
f 215/271/238 221/261/228 217/247/214
f 279/269/236 277/268/235 275/267/234
f 275/267/234 282/191/159 279/269/236
f 278/276/243 368/368/333 276/198/166
f 276/198/166 277/268/235 278/276/243
f 214/274/241 215/271/238 216/250/217
f 216/250/217 372/369/334 214/274/241
f 227/226/193 228/225/192 229/292/258
f 229/292/258 367/370/335 227/226/193
f 196/210/177 195/213/180 206/246/213
f 206/246/213 198/245/212 196/210/177
f 371/371/336 205/208/175 206/246/213
f 206/246/213 207/259/226 371/371/336
f 289/327/293 290/309/275 291/311/277
f 291/311/277 311/334/300 289/327/293
f 322/372/337 321/318/284 313/298/264
f 313/298/264 312/297/263 322/372/337
f 391/373/338 389/374/339 390/375/340
f 390/375/340 392/376/341 391/373/338
f 386/377/342 388/378/343 387/379/344
f 387/379/344 385/380/345 386/377/342
f 383/381/346 381/382/347 382/383/348
f 382/383/348 384/384/349 383/381/346
f 397/385/350 395/386/351 396/387/352
f 396/387/352 398/388/353 397/385/350
f 380/389/354 382/383/348 381/382/347
f 381/382/347 379/390/355 380/389/354
f 377/391/356 378/392/357 380/389/354
f 380/389/354 379/390/355 377/391/356
f 395/386/351 393/393/358 394/394/359
f 394/394/359 396/387/352 395/386/351
f 418/395/360 415/396/361 416/397/362
f 416/397/362 417/398/361 418/395/360
f 393/393/358 391/373/338 392/376/341
f 392/376/341 394/394/359 393/393/358
f 377/391/356 375/399/363 376/400/364
f 376/400/364 378/392/357 377/391/356
f 385/380/345 383/381/346 384/384/349
f 384/384/349 386/377/342 385/380/345
f 389/374/339 387/379/344 388/378/343
f 388/378/343 390/375/340 389/374/339
f 401/401/365 392/376/341 390/375/340
f 390/375/340 402/402/366 401/401/365
f 408/403/367 378/392/357 376/400/364
f 376/400/364 409/404/368 408/403/367
f 420/405/360 419/406/361 418/395/360
f 418/395/360 417/398/361 420/405/360
f 380/389/354 407/407/369 406/408/370
f 406/408/370 382/383/348 380/389/354
f 400/409/371 399/410/372 396/387/352
f 396/387/352 394/394/359 400/409/371
f 408/403/367 407/407/369 380/389/354
f 380/389/354 378/392/357 408/403/367
f 403/411/373 388/378/343 386/377/342
f 386/377/342 404/412/374 403/411/373
f 394/394/359 392/376/341 401/401/365
f 401/401/365 400/409/371 394/394/359
f 405/413/375 384/384/349 382/383/348
f 382/383/348 406/408/370 405/413/375
f 384/384/349 405/413/375 404/412/374
f 404/412/374 386/377/342 384/384/349
f 421/414/361 422/415/361 419/406/361
f 419/406/361 420/405/360 421/414/361
f 413/416/376 411/417/361 412/418/362
f 412/418/362 414/419/377 413/416/376
f 390/375/340 388/378/343 403/411/373
f 403/411/373 402/402/366 390/375/340
f 415/396/361 413/416/376 414/419/377
f 414/419/377 416/397/362 415/396/361
f 375/399/363 373/420/378 374/421/379
f 374/421/379 376/400/364 375/399/363
f 399/410/372 423/422/380 398/388/353
f 398/388/353 396/387/352 399/410/372
f 410/423/381 409/404/368 376/400/364
f 376/400/364 374/421/379 410/423/381
f 480/424/382 478/425/383 479/426/384
f 479/426/384 481/427/385 480/424/382
f 476/428/386 477/429/387 479/426/384
f 479/426/384 478/425/383 476/428/386
f 432/430/388 433/431/389 431/432/390
f 431/432/390 430/433/391 432/430/388
f 475/434/392 477/429/387 476/428/386
f 476/428/386 474/435/393 475/434/392
f 435/436/394 434/437/395 436/438/396
f 436/438/396 437/439/397 435/436/394
f 472/440/398 470/441/399 471/442/400
f 471/442/400 473/443/401 472/440/398
f 439/444/402 438/445/403 440/446/404
f 440/446/404 441/447/405 439/444/402
f 470/441/399 468/448/406 469/449/407
f 469/449/407 471/442/400 470/441/399
f 443/450/408 442/451/409 444/452/410
f 444/452/410 445/453/410 443/450/408
f 445/453/410 444/452/410 446/454/411
f 446/454/411 447/455/411 445/453/410
f 486/456/412 484/457/413 485/458/414
f 485/458/414 487/459/415 486/456/412
f 462/460/416 460/461/417 461/462/418
f 461/462/418 463/463/419 462/460/416
f 451/464/420 450/465/420 452/466/421
f 452/466/421 453/467/421 451/464/420
f 456/468/422 454/469/423 455/470/424
f 455/470/424 457/471/425 456/468/422
f 454/469/423 488/472/426 489/473/427
f 489/473/427 455/470/424 454/469/423
f 536/474/428 537/475/429 538/476/430
f 538/476/430 539/477/431 536/474/428
f 457/471/425 459/478/432 458/479/433
f 458/479/433 456/468/422 457/471/425
f 449/480/434 448/481/435 450/465/420
f 450/465/420 451/464/420 449/480/434
f 447/455/411 446/454/411 448/481/435
f 448/481/435 449/480/434 447/455/411
f 464/482/436 462/460/416 463/463/419
f 463/463/419 465/483/437 464/482/436
f 443/450/408 441/447/405 440/446/404
f 440/446/404 442/451/409 443/450/408
f 482/484/438 483/485/439 485/458/414
f 485/458/414 484/457/413 482/484/438
f 438/445/403 439/444/402 437/439/397
f 437/439/397 436/438/396 438/445/403
f 481/427/385 483/485/439 482/484/438
f 482/484/438 480/424/382 481/427/385
f 474/435/393 472/440/398 473/443/401
f 473/443/401 475/434/392 474/435/393
f 428/486/440 430/433/391 431/432/390
f 431/432/390 429/487/441 428/486/440
f 427/488/442 425/489/442 428/486/440
f 428/486/440 429/487/441 427/488/442
f 433/431/389 432/430/388 434/437/395
f 434/437/395 435/436/394 433/431/389
f 468/448/406 466/490/443 467/491/444
f 467/491/444 469/449/407 468/448/406
f 466/490/443 464/482/436 465/483/437
f 465/483/437 467/491/444 466/490/443
f 459/478/432 461/462/418 460/461/417
f 460/461/417 458/479/433 459/478/432
f 487/459/415 489/473/427 488/472/426
f 488/472/426 486/456/412 487/459/415
f 471/442/400 469/449/407 511/492/445
f 511/492/445 510/493/446 471/442/400
f 469/449/407 467/491/444 507/494/447
f 507/494/447 511/492/445 469/449/407
f 485/458/414 483/485/439 491/495/448
f 490/496/449 487/459/415 485/458/414
f 485/458/414 491/495/448 490/496/449
f 492/497/450 491/495/448 483/485/439
f 483/485/439 481/427/385 492/497/450
f 507/494/447 506/498/451 505/499/452
f 505/499/452 511/492/445 507/494/447
f 505/499/452 503/500/453 510/493/446
f 510/493/446 511/492/445 505/499/452
f 501/501/454 510/493/446 503/500/453
f 503/500/453 502/502/455 501/501/454
f 490/496/449 496/503/456 497/504/457
f 492/497/450 494/505/458 495/506/459
f 495/506/459 491/495/448 492/497/450
f 498/507/460 499/508/461 497/504/457
f 497/504/457 496/503/456 498/507/460
f 497/504/457 489/473/427 487/459/415
f 487/459/415 490/496/449 497/504/457
f 500/509/462 461/462/418 459/478/432
f 500/509/462 508/510/463 463/463/419
f 463/463/419 461/462/418 500/509/462
f 455/470/424 489/473/427 497/504/457
f 479/426/384 477/429/387 493/511/464
f 457/471/425 499/508/461 500/509/462
f 500/509/462 459/478/432 457/471/425
f 493/511/464 501/501/454 502/502/455
f 504/512/465 494/505/458 502/502/455
f 502/502/455 503/500/453 504/512/465
f 498/507/460 496/503/456 495/506/459
f 495/506/459 504/512/465 498/507/460
f 503/500/453 505/499/452 504/512/465
f 509/513/466 500/509/462 499/508/461
f 499/508/461 498/507/460 509/513/466
f 506/498/451 507/494/447 508/510/463
f 509/513/466 506/498/451 508/510/463
f 508/510/463 500/509/462 509/513/466
f 479/426/384 493/511/464 492/497/450
f 492/497/450 481/427/385 479/426/384
f 491/495/448 495/506/459 496/503/456
f 496/503/456 490/496/449 491/495/448
f 509/513/466 498/507/460 504/512/465
f 505/499/452 506/498/451 509/513/466
f 509/513/466 504/512/465 505/499/452
f 495/506/459 494/505/458 504/512/465
f 457/471/425 455/470/424 497/504/457
f 497/504/457 499/508/461 457/471/425
f 473/443/401 471/442/400 510/493/446
f 534/514/467 532/515/468 533/516/469
f 533/516/469 535/517/470 534/514/467
f 508/510/463 507/494/447 465/483/437
f 465/483/437 463/463/419 508/510/463
f 529/518/471 530/519/472 531/520/473
f 531/520/473 532/515/468 529/518/471
f 512/521/474 513/522/475 514/523/476
f 527/524/477 525/525/478 526/526/479
f 526/526/479 528/527/480 527/524/477
f 529/518/471 527/524/477 528/527/480
f 528/527/480 530/519/472 529/518/471
f 473/443/401 510/493/446 501/501/454
f 501/501/454 475/434/392 473/443/401
f 537/475/429 536/474/428 534/514/467
f 534/514/467 535/517/470 537/475/429
f 515/528/481 543/529/482 517/530/483
f 517/530/483 516/531/484 515/528/481
f 538/476/430 540/532/485 541/533/486
f 541/533/486 539/477/431 538/476/430
f 524/534/487 526/526/479 525/525/478
f 501/501/454 493/511/464 477/429/387
f 477/429/387 475/434/392 501/501/454
f 541/533/486 542/535/488 517/530/483
f 517/530/483 543/529/482 541/533/486
f 531/520/473 533/516/469 532/515/468
f 523/536/489 522/537/490 524/534/487
f 524/534/487 525/525/478 523/536/489
f 520/538/491 521/539/491 522/537/490
f 522/537/490 523/536/489 520/538/491
f 520/538/491 518/540/492 519/541/493
f 519/541/493 521/539/491 520/538/491
f 518/540/492 513/522/475 512/521/474
f 512/521/474 519/541/493 518/540/492
f 540/532/485 542/535/488 541/533/486
f 514/523/476 513/522/475 515/528/481
f 515/528/481 516/531/484 514/523/476
f 426/542/494 424/543/495 425/489/442
f 425/489/442 427/488/442 426/542/494
f 493/511/464 502/502/455 494/505/458
f 494/505/458 492/497/450 493/511/464
f 465/483/437 507/494/447 467/491/444
f 548/544/496 546/545/497 547/546/498
f 547/546/498 549/547/499 548/544/496
f 568/548/500 566/549/501 567/550/502
f 567/550/502 569/551/503 568/548/500
f 576/552/504 574/553/505 575/554/506
f 575/554/506 577/555/507 576/552/504
f 562/556/508 560/557/509 561/558/510
f 561/558/510 563/559/511 562/556/508
f 560/557/509 558/560/512 559/561/513
f 559/561/513 561/558/510 560/557/509
f 574/553/505 572/562/514 573/563/515
f 573/563/515 575/554/506 574/553/505
f 564/564/516 562/556/508 563/559/511
f 563/559/511 565/565/517 564/564/516
f 556/566/518 554/567/519 555/568/520
f 555/568/520 557/569/521 556/566/518
f 554/567/519 552/570/522 553/571/523
f 553/571/523 555/568/520 554/567/519
f 570/572/524 568/548/500 569/551/503
f 569/551/503 571/573/525 570/572/524
f 546/545/497 544/574/526 545/575/527
f 545/575/527 547/546/498 546/545/497
f 548/544/496 549/547/499 551/576/528
f 551/576/528 550/577/529 548/544/496
f 593/578/283 596/579/283 595/580/283
f 595/580/283 594/581/283 593/578/283
f 557/569/521 559/561/513 558/560/512
f 558/560/512 556/566/518 557/569/521
f 572/562/514 570/572/524 571/573/525
f 571/573/525 573/563/515 572/562/514
f 551/576/528 553/571/523 552/570/522
f 552/570/522 550/577/529 551/576/528
f 595/580/283 596/579/283 597/582/282
f 597/582/282 598/583/283 595/580/283
f 583/584/530 584/585/531 573/563/515
f 573/563/515 571/573/525 583/584/530
f 555/568/520 604/586/532 603/587/533
f 603/587/533 557/569/521 555/568/520
f 555/568/520 553/571/523 605/588/534
f 605/588/534 604/586/532 555/568/520
f 605/588/534 553/571/523 551/576/528
f 551/576/528 606/589/535 605/588/534
f 549/547/499 607/590/536 606/589/535
f 606/589/535 551/576/528 549/547/499
f 565/565/517 563/559/511 579/591/537
f 579/591/537 580/592/538 565/565/517
f 563/559/511 561/558/510 578/593/539
f 578/593/539 579/591/537 563/559/511
f 600/594/283 599/595/283 598/583/283
f 598/583/283 597/582/282 600/594/283
f 589/596/283 590/597/256 592/598/282
f 592/598/282 591/599/283 589/596/283
f 585/600/540 575/554/506 573/563/515
f 573/563/515 584/585/531 585/600/540
f 591/599/283 592/598/282 593/578/283
f 593/578/283 594/581/283 591/599/283
f 587/601/283 588/602/255 590/597/256
f 590/597/256 589/596/283 587/601/283
f 582/603/541 583/584/530 571/573/525
f 571/573/525 569/551/503 582/603/541
f 608/604/542 547/546/498 545/575/527
f 545/575/527 609/605/543 608/604/542
f 559/561/513 557/569/521 603/587/533
f 603/587/533 602/606/544 559/561/513
f 585/600/540 586/607/545 577/555/507
f 577/555/507 575/554/506 585/600/540
f 569/551/503 567/550/502 581/608/546
f 581/608/546 582/603/541 569/551/503
f 549/547/499 547/546/498 608/604/542
f 608/604/542 607/590/536 549/547/499
f 581/608/546 567/550/502 565/565/517
f 565/565/517 580/592/538 581/608/546
f 578/593/539 561/558/510 559/561/513
f 559/561/513 602/606/544 578/593/539
f 566/549/501 564/564/516 565/565/517
f 565/565/517 567/550/502 566/549/501
f 599/595/283 600/594/283 610/609/256
f 610/609/256 601/610/283 599/595/283
f 655/611/547 653/612/548 654/613/548
f 654/613/548 656/614/547 655/611/547
f 615/615/549 616/616/550 618/617/551
f 618/617/551 617/618/551 615/615/549
f 659/619/552 657/620/553 658/621/553
f 658/621/553 660/622/552 659/619/552
f 651/623/554 649/624/555 650/625/556
f 650/625/556 652/626/557 651/623/554
f 649/624/555 647/627/558 648/628/558
f 648/628/558 650/625/556 649/624/555
f 714/629/559 705/630/560 707/631/561
f 707/631/561 709/632/562 714/629/559
f 627/633/563 625/634/564 626/635/565
f 626/635/565 628/636/566 627/633/563
f 662/637/567 664/638/568 663/639/569
f 663/639/569 661/640/567 662/637/567
f 643/641/570 641/642/571 642/643/438
f 642/643/438 644/644/572 643/641/570
f 641/642/571 639/645/573 640/646/574
f 640/646/574 642/643/438 641/642/571
f 668/647/575 670/648/576 669/649/576
f 669/649/576 667/650/575 668/647/575
f 673/651/494 671/652/577 672/653/578
f 672/653/578 674/654/494 673/651/494
f 667/650/575 665/655/579 666/656/580
f 666/656/580 668/647/575 667/650/575
f 633/657/581 631/658/582 632/659/582
f 632/659/582 634/660/583 633/657/581
f 623/661/584 621/662/585 622/663/586
f 622/663/586 624/664/587 623/661/584
f 663/639/569 664/638/568 666/656/580
f 666/656/580 665/655/579 663/639/569
f 624/664/587 626/635/565 625/634/564
f 625/634/564 623/661/584 624/664/587
f 644/644/572 646/665/588 645/666/589
f 645/666/589 643/641/570 644/644/572
f 661/640/567 659/619/552 660/622/552
f 660/622/552 662/637/567 661/640/567
f 621/662/585 619/667/590 620/668/591
f 620/668/591 622/663/586 621/662/585
f 615/615/549 613/669/592 614/670/593
f 614/670/593 616/616/550 615/615/549
f 631/658/582 629/671/594 630/672/595
f 630/672/595 632/659/582 631/658/582
f 618/617/551 620/668/591 619/667/590
f 619/667/590 617/618/551 618/617/551
f 646/665/588 648/628/558 647/627/558
f 647/627/558 645/666/589 646/665/588
f 629/671/594 627/633/563 628/636/566
f 628/636/566 630/672/595 629/671/594
f 639/645/573 637/673/596 638/674/597
f 638/674/597 640/646/574 639/645/573
f 657/620/553 655/611/547 656/614/547
f 656/614/547 658/621/553 657/620/553
f 635/675/598 633/657/581 634/660/583
f 634/660/583 636/676/599 635/675/598
f 613/669/592 611/677/600 612/678/600
f 612/678/600 614/670/593 613/669/592
f 637/673/596 635/675/598 636/676/599
f 636/676/599 638/674/597 637/673/596
f 675/679/601 676/680/602 677/681/603
f 685/682/604 682/683/605 684/684/606
f 684/684/606 686/685/607 685/682/604
f 717/686/608 715/687/609 716/688/610
f 716/688/610 718/689/611 717/686/608
f 708/690/612 707/631/561 706/691/613
f 706/691/613 725/692/614 708/690/612
f 682/683/605 683/693/615 684/684/606
f 692/694/616 693/695/617 694/696/618
f 694/696/618 691/697/619 692/694/616
f 696/698/620 697/699/621 694/696/618
f 694/696/618 695/700/622 696/698/620
f 687/701/623 689/702/624 688/703/625
f 720/704/626 719/705/627 721/706/628
f 721/706/628 722/707/629 720/704/626
f 690/708/630 692/694/616 691/697/619
f 700/709/631 697/699/621 699/710/632
f 699/710/632 701/711/633 700/709/631
f 693/695/617 695/700/622 694/696/618
f 682/683/605 679/712/634 681/713/635
f 681/713/635 683/693/615 682/683/605
f 679/712/634 678/714/636 680/715/637
f 680/715/637 681/713/635 679/712/634
f 702/716/638 703/717/639 700/709/631
f 700/709/631 701/711/633 702/716/638
f 688/703/625 685/682/604 686/685/607
f 686/685/607 687/701/623 688/703/625
f 702/716/638 704/718/640 703/717/639
f 691/697/619 688/703/625 689/702/624
f 689/702/624 690/708/630 691/697/619
f 705/630/560 706/691/613 707/631/561
f 728/719/641 729/720/642 731/721/643
f 731/721/643 730/722/644 728/719/641
f 678/714/636 679/712/634 677/681/603
f 677/681/603 676/680/602 678/714/636
f 724/723/645 721/706/628 719/705/627
f 719/705/627 723/724/646 724/723/645
f 725/692/614 723/724/646 719/705/627
f 719/705/627 708/690/612 725/692/614
f 727/725/647 720/704/626 722/707/629
f 722/707/629 726/726/648 727/725/647
f 726/726/648 733/727/649 732/728/650
f 732/728/650 727/725/647 726/726/648
f 697/699/621 696/698/620 698/729/651
f 698/729/651 699/710/632 697/699/621
f 708/690/612 719/705/627 716/688/610
f 716/688/610 710/730/652 708/690/612
f 711/731/653 709/632/562 710/730/652
f 710/730/652 712/732/654 711/731/653
f 731/721/643 729/720/642 727/725/647
f 727/725/647 732/728/650 731/721/643
f 727/725/647 729/720/642 728/719/641
f 728/719/641 720/704/626 727/725/647
f 709/632/562 707/631/561 708/690/612
f 708/690/612 710/730/652 709/632/562
f 720/704/626 728/719/641 716/688/610
f 716/688/610 719/705/627 720/704/626
f 734/733/655 718/689/611 716/688/610
f 716/688/610 728/719/641 734/733/655
f 714/629/559 709/632/562 711/731/653
f 711/731/653 713/734/656 714/629/559
f 715/687/609 712/732/654 710/730/652
f 710/730/652 716/688/610 715/687/609
f 728/719/641 730/722/644 734/733/655
f 669/649/576 670/648/576 672/653/578
f 672/653/578 671/652/577 669/649/576
f 677/681/603 703/717/639 704/718/640
f 704/718/640 675/679/601 677/681/603
f 735/735/657 736/736/658 737/737/659
f 754/738/660 752/739/661 751/740/662
f 751/740/662 753/741/663 754/738/660
f 742/742/664 744/743/665 743/744/666
f 743/744/666 741/745/667 742/742/664
f 740/746/668 742/742/664 741/745/667
f 746/747/669 745/748/670 756/749/671
f 756/749/671 757/750/672 746/747/669
f 762/751/673 765/752/674 764/753/675
f 764/753/675 763/754/676 762/751/673
f 758/755/677 759/756/677 761/757/678
f 761/757/678 760/758/679 758/755/677
f 745/748/670 751/740/662 752/739/661
f 752/739/661 756/749/671 745/748/670
f 762/751/673 763/754/676 760/758/679
f 760/758/679 761/757/678 762/751/673
f 746/747/669 747/759/680 744/743/665
f 744/743/665 742/742/664 746/747/669
f 740/746/668 741/745/667 738/760/681
f 738/760/681 739/761/682 740/746/668
f 753/741/663 755/762/683 754/738/660
f 736/736/658 739/761/682 738/760/681
f 738/760/681 737/737/659 736/736/658
f 757/750/672 747/759/680 746/747/669
f 748/763/684 749/764/685 750/765/686
f 750/765/686 766/766/687 748/763/684
f 747/759/680 749/764/685 748/763/684
f 748/763/684 744/743/665 747/759/680
f 740/746/668 739/761/682 751/740/662
f 751/740/662 745/748/670 740/746/668
f 742/742/664 740/746/668 745/748/670
f 745/748/670 746/747/669 742/742/664
f 766/766/687 750/765/686 764/753/675
f 764/753/675 765/752/674 766/766/687
f 1574/767/688 1594/768/689 1576/769/690
f 1576/769/690 1575/770/691 1574/767/688
f 769/771/692 770/772/693 771/773/694
f 1265/774/695 1268/775/696 1262/776/697
f 1262/776/697 1258/777/698 1265/774/695
f 772/778/699 774/779/700 773/780/701
f 1073/781/702 1074/782/703 1072/783/704
f 1072/783/704 1071/784/705 1073/781/702
f 1075/785/706 1076/786/707 1074/782/703
f 1074/782/703 1073/781/702 1075/785/706
f 1096/787/708 1101/788/709 1102/789/710
f 1102/789/710 1095/790/711 1096/787/708
f 1897/791/712 1898/792/713 1895/793/714
f 1895/793/714 1896/794/715 1897/791/712
f 1667/795/716 1668/796/717 1669/797/718
f 1669/797/718 1666/798/719 1667/795/716
f 782/799/720 783/800/721 769/771/692
f 880/801/722 878/802/723 875/803/724
f 875/803/724 885/804/725 880/801/722
f 1563/805/726 1564/806/727 1555/807/728
f 1555/807/728 1562/808/729 1563/805/726
f 1381/809/730 1380/810/731 1356/811/732
f 1356/811/732 1354/812/733 1381/809/730
f 787/813/734 789/814/735 788/815/736
f 790/816/737 791/817/738 792/818/739
f 1973/819/740 1976/820/741 1974/821/742
f 1974/821/742 1959/822/743 1973/819/740
f 1894/823/744 1895/793/714 1893/824/745
f 1893/824/745 1892/825/746 1894/823/744
f 963/826/747 961/827/748 962/828/749
f 962/828/749 964/829/750 963/826/747
f 1746/830/751 1749/831/752 1747/832/753
f 1747/832/753 1743/833/754 1746/830/751
f 1884/834/755 1885/835/756 1887/836/757
f 1887/836/757 1886/837/758 1884/834/755
f 799/838/759 801/839/760 800/840/761
f 1804/841/762 1780/842/763 1778/843/764
f 1778/843/764 1803/844/765 1804/841/762
f 802/845/766 803/846/767 804/847/768
f 1802/848/769 1803/844/765 1778/843/764
f 1778/843/764 1776/849/770 1802/848/769
f 973/850/771 971/851/772 972/852/773
f 972/852/773 974/853/774 973/850/771
f 1438/854/775 1440/855/776 1439/856/777
f 1439/856/777 1437/857/778 1438/854/775
f 1088/858/779 1097/859/780 1096/787/708
f 1096/787/708 1089/860/781 1088/858/779
f 1390/861/782 1400/862/783 1401/863/784
f 1401/863/784 1388/864/785 1390/861/782
f 922/865/786 953/866/787 926/867/788
f 926/867/788 924/868/789 922/865/786
f 2002/869/790 1996/870/791 1995/871/792
f 1995/871/792 2003/872/793 2002/869/790
f 836/873/794 835/874/795 837/875/796
f 837/875/796 838/876/797 836/873/794
f 1635/877/798 1310/878/799 1633/879/800
f 1633/879/800 1634/880/801 1635/877/798
f 1467/881/802 1465/882/803 1466/883/804
f 1466/883/804 1468/884/805 1467/881/802
f 1750/885/806 1747/832/753 1749/831/752
f 1749/831/752 1752/886/807 1750/885/806
f 819/887/808 787/813/734 820/888/809
f 1126/889/810 1125/890/811 1129/891/812
f 1129/891/812 1130/892/813 1126/889/810
f 1099/893/814 1111/894/815 1100/895/816
f 1100/895/816 1098/896/817 1099/893/814
f 822/897/818 857/898/819 856/899/820
f 856/899/820 823/900/821 822/897/818
f 1818/901/822 1820/902/823 1819/903/824
f 1819/903/824 1817/904/825 1818/901/822
f 1026/905/826 1028/906/827 1027/907/827
f 1027/907/827 1024/908/828 1026/905/826
f 838/876/797 839/909/829 841/910/830
f 841/910/830 840/911/831 838/876/797
f 1497/912/832 1499/913/833 1498/914/834
f 1498/914/834 1496/915/835 1497/912/832
f 1955/916/836 1957/917/837 1956/918/838
f 1956/918/838 1954/919/839 1955/916/836
f 963/826/747 964/829/750 966/920/840
f 966/920/840 965/921/841 963/826/747
f 1854/922/842 1852/923/843 1851/924/844
f 1851/924/844 1853/925/845 1854/922/842
f 829/926/846 830/927/847 814/928/848
f 1721/929/849 1723/930/850 1796/931/851
f 1796/931/851 1732/932/852 1721/929/849
f 2008/933/853 2007/934/854 2006/935/855
f 2006/935/855 2009/936/856 2008/933/853
f 1852/923/843 1850/937/857 1849/938/858
f 1849/938/858 1851/924/844 1852/923/843
f 1692/939/859 1690/940/860 1689/941/861
f 1689/941/861 1691/942/862 1692/939/859
f 1339/943/863 1340/944/864 1338/945/865
f 1338/945/865 1337/946/866 1339/943/863
f 1001/947/867 999/948/868 1000/949/869
f 1000/949/869 1002/950/870 1001/947/867
f 837/875/796 839/909/829 838/876/797
f 1979/951/871 1981/952/872 1980/953/873
f 1980/953/873 1978/954/874 1979/951/871
f 996/955/875 944/956/876 998/957/877
f 998/957/877 997/958/878 996/955/875
f 1679/959/879 1680/960/880 1682/961/881
f 1682/961/881 1681/962/882 1679/959/879
f 1131/963/883 1132/964/884 1128/965/885
f 1128/965/885 1127/966/886 1131/963/883
f 1765/967/887 1759/968/888 1764/969/889
f 1764/969/889 1768/970/890 1765/967/887
f 1336/971/891 1335/972/892 1337/946/866
f 1337/946/866 1338/945/865 1336/971/891
f 869/973/893 874/974/894 875/803/724
f 875/803/724 867/975/895 869/973/893
f 1735/976/896 1736/977/897 1733/978/898
f 1733/978/898 1734/979/899 1735/976/896
f 863/980/900 864/981/901 865/982/902
f 865/982/902 877/983/903 863/980/900
f 991/984/904 954/985/905 952/986/906
f 952/986/906 992/987/907 991/984/904
f 774/779/700 776/988/908 775/989/909
f 775/989/909 773/780/701 774/779/700
f 1067/990/910 1069/991/911 1070/992/912
f 1070/992/912 1068/993/913 1067/990/910
f 1069/991/911 1071/784/705 1072/783/704
f 1072/783/704 1070/992/912 1069/991/911
f 1468/884/805 1470/994/914 1471/995/915
f 1471/995/915 1469/996/916 1468/884/805
f 822/897/818 858/997/917 857/898/819
f 1767/998/918 1771/999/919 1768/970/890
f 1768/970/890 1764/969/889 1767/998/918
f 1219/1000/920 1221/1001/921 1222/1002/922
f 1222/1002/922 1220/1003/923 1219/1000/920
f 1171/1004/924 1159/1005/925 1160/1006/926
f 1160/1006/926 1170/1007/927 1171/1004/924
f 944/956/876 943/1008/928 942/1009/929
f 942/1009/929 998/957/877 944/956/876
f 808/1010/930 1622/1011/931 1621/1012/932
f 1621/1012/932 806/1013/933 808/1010/930
f 1544/1014/934 1543/1015/935 1596/1016/936
f 1596/1016/936 1595/1017/937 1544/1014/934
f 1163/1018/938 1065/1019/939 1165/1020/940
f 1165/1020/940 1164/1021/941 1163/1018/938
f 1405/1022/942 1404/1023/943 1409/1024/944
f 1409/1024/944 1410/1025/945 1405/1022/942
f 1726/1026/946 1725/1027/947 1730/1028/948
f 1730/1028/948 1729/1029/949 1726/1026/946
f 1113/1030/950 1222/1002/922 1112/1031/951
f 1112/1031/951 1099/893/814 1113/1030/950
f 1366/1032/952 1386/1033/953 1387/1034/954
f 1387/1034/954 1368/1035/955 1366/1032/952
f 1321/1036/956 1323/1037/957 1324/1038/958
f 1324/1038/958 1322/1039/959 1321/1036/956
f 1286/1040/960 1288/1041/961 1582/1042/962
f 1582/1042/962 1581/1043/963 1286/1040/960
f 876/1044/964 877/983/903 865/982/902
f 1050/1045/965 1051/1046/966 975/1047/967
f 975/1047/967 1049/1048/968 1050/1045/965
f 1022/1049/969 1020/1050/969 1021/1051/970
f 1021/1051/970 1023/1052/970 1022/1049/969
f 880/801/722 881/1053/971 878/802/723
f 1115/1054/972 1113/1030/950 1114/1055/973
f 1114/1055/973 1075/785/706 1115/1054/972
f 1579/1056/974 1580/1057/975 1578/1058/976
f 1578/1058/976 1573/1059/977 1579/1056/974
f 874/974/894 887/1060/978 886/1061/979
f 1572/1062/980 1593/1063/981 1574/767/688
f 1574/767/688 1573/1059/977 1572/1062/980
f 1596/1016/936 1543/1015/935 1542/1064/982
f 1542/1064/982 1597/1065/983 1596/1016/936
f 1425/1066/984 1427/1067/985 1428/1068/986
f 1428/1068/986 1426/1069/987 1425/1066/984
f 1459/1070/988 1460/1071/988 1458/1072/989
f 1458/1072/989 1457/1073/990 1459/1070/988
f 1214/1074/991 1213/1075/992 1215/1076/993
f 1215/1076/993 1115/1054/972 1214/1074/991
f 1744/1077/994 1748/1078/995 1745/1079/996
f 1745/1079/996 1740/1080/997 1744/1077/994
f 1630/1081/998 839/909/829 837/875/796
f 837/875/796 1629/1082/999 1630/1081/998
f 1006/1083/1000 1010/1084/1001 1011/1085/1002
f 1011/1085/1002 1007/1086/1003 1006/1083/1000
f 1421/1087/1004 1422/1088/1005 1424/1089/1006
f 1424/1089/1006 1423/1090/1007 1421/1087/1004
f 1579/1056/974 1575/770/691 1583/1091/1008
f 1583/1091/1008 1581/1043/963 1579/1056/974
f 846/1092/1009 833/1093/1010 832/1094/1011
f 832/1094/1011 847/1095/1012 846/1092/1009
f 1742/1096/1013 1760/1097/1014 1746/830/751
f 1746/830/751 1743/833/754 1742/1096/1013
f 905/1098/1015 904/1099/1016 906/1100/1017
f 906/1100/1017 907/1101/1018 905/1098/1015
f 1528/1102/1019 1527/1103/1020 1503/1104/1021
f 1503/1104/1021 1501/1105/1022 1528/1102/1019
f 913/1106/1023 1091/1107/1024 1092/1108/1025
f 1092/1108/1025 911/1109/1026 913/1106/1023
f 863/980/900 861/1110/1027 862/1111/1028
f 862/1111/1028 864/981/901 863/980/900
f 915/1112/1029 1090/1113/1030 1091/1107/1024
f 1091/1107/1024 913/1106/1023 915/1112/1029
f 1091/1107/1024 1094/1114/1031 1093/1115/1032
f 1093/1115/1032 1092/1108/1025 1091/1107/1024
f 1830/1116/1033 1832/1117/1034 1833/1118/1035
f 1833/1118/1035 1831/1119/1036 1830/1116/1033
f 1530/1120/1037 1497/912/832 1495/1121/1038
f 1495/1121/1038 1531/1122/1039 1530/1120/1037
f 1999/1123/1040 2000/1124/1041 1993/1125/1042
f 1993/1125/1042 1998/1126/1043 1999/1123/1040
f 1500/1127/1044 1501/1105/1022 1503/1104/1021
f 1503/1104/1021 1502/1128/1045 1500/1127/1044
f 923/1129/1046 924/868/789 925/1130/1047
f 817/1131/1048 793/1132/1049 792/818/739
f 792/818/739 791/817/738 817/1131/1048
f 1937/1133/1050 1939/1134/1051 1940/1135/1052
f 1940/1135/1052 1938/1136/1053 1937/1133/1050
f 1281/1137/1054 1279/1138/1055 1293/1139/1056
f 1293/1139/1056 1294/1140/1057 1281/1137/1054
f 1948/1141/1058 1930/1142/1059 1932/1143/1060
f 1932/1143/1060 1947/1144/1061 1948/1141/1058
f 1161/1145/1062 1169/1146/1063 1170/1007/927
f 1170/1007/927 1160/1006/926 1161/1145/1062
f 1070/992/912 1072/783/704 1066/1147/1064
f 1066/1147/1064 1068/993/913 1070/992/912
f 1259/1148/1065 1263/1149/1066 1264/1150/1067
f 1264/1150/1067 1260/1151/1068 1259/1148/1065
f 1845/1152/1069 1847/1153/1070 1848/1154/1071
f 1848/1154/1071 1846/1155/1072 1845/1152/1069
f 1811/1156/1073 1809/1157/1074 1808/1158/1075
f 1808/1158/1075 1810/1159/1076 1811/1156/1073
f 1411/1160/1077 1418/1161/1078 1409/1024/944
f 1409/1024/944 1404/1023/943 1411/1160/1077
f 1154/1162/1079 1147/1163/1080 1145/1164/1081
f 1145/1164/1081 1153/1165/1082 1154/1162/1079
f 1280/1166/1083 1278/1167/1084 1279/1138/1055
f 1279/1138/1055 1281/1137/1054 1280/1166/1083
f 869/973/893 868/1168/1085 870/1169/1086
f 870/1169/1086 871/1170/1087 869/973/893
f 1343/1171/1088 1341/1172/1089 1672/1173/1090
f 1672/1173/1090 1669/797/718 1343/1171/1088
f 914/1174/1091 912/1175/1092 943/1008/928
f 943/1008/928 945/1176/1093 914/1174/1091
f 1089/860/781 1090/1113/1030 915/1112/1029
f 915/1112/1029 917/1177/1094 1089/860/781
f 1320/1178/1095 1318/1179/1096 1315/1180/1097
f 1315/1180/1097 1317/1181/1098 1320/1178/1095
f 1879/1182/1099 1875/1183/1100 1874/1184/1101
f 1874/1184/1101 1873/1185/1102 1879/1182/1099
f 1728/1186/1103 1711/1187/1104 1712/1188/1105
f 1712/1188/1105 1713/1189/1106 1728/1186/1103
f 1909/1190/1107 1912/1191/1108 1914/1192/1109
f 1914/1192/1109 1913/1193/1110 1909/1190/1107
f 1757/1194/1111 1755/1195/1112 1756/1196/1113
f 1756/1196/1113 1758/1197/1114 1757/1194/1111
f 806/1013/933 805/1198/1115 807/1199/1116
f 807/1199/1116 808/1010/930 806/1013/933
f 959/1200/1117 960/1201/1118 962/828/749
f 962/828/749 961/827/748 959/1200/1117
f 1482/1202/1119 1484/1203/1120 1485/1204/1121
f 1485/1204/1121 1483/1205/1122 1482/1202/1119
f 802/845/766 800/840/761 801/839/760
f 801/839/760 803/846/767 802/845/766
f 1146/1206/1123 1145/1164/1081 1147/1163/1080
f 1147/1163/1080 1148/1207/1124 1146/1206/1123
f 1142/1208/1125 1141/1209/1126 1143/1210/1127
f 1143/1210/1127 1144/1211/1128 1142/1208/1125
f 1267/1212/1129 1269/1213/1130 1268/775/696
f 1268/775/696 1265/774/695 1267/1212/1129
f 798/1214/1131 797/1215/1132 799/838/759
f 799/838/759 800/840/761 798/1214/1131
f 1720/1216/1133 1722/1217/1134 1723/930/850
f 1723/930/850 1721/929/849 1720/1216/1133
f 1624/1218/1135 940/1219/1136 1625/1220/1137
f 1625/1220/1137 1626/1221/1138 1624/1218/1135
f 835/874/795 1628/1222/1139 1629/1082/999
f 1629/1082/999 837/875/796 835/874/795
f 898/1223/1140 894/1224/1141 897/1225/1142
f 897/1225/1142 903/1226/1143 898/1223/1140
f 982/1227/1144 970/1228/1145 968/1229/1146
f 968/1229/1146 983/1230/1147 982/1227/1144
f 1162/1231/1148 1168/1232/1149 1169/1146/1063
f 1169/1146/1063 1161/1145/1062 1162/1231/1148
f 1775/1233/1150 1773/1234/1151 1772/1235/1152
f 1772/1235/1152 1774/1236/1153 1775/1233/1150
f 1714/1237/1154 1716/1238/1155 1717/1239/1156
f 1717/1239/1156 1715/1240/1157 1714/1237/1154
f 945/1176/1093 946/1241/1158 948/1242/1159
f 948/1242/1159 947/1243/1160 945/1176/1093
f 871/1170/1087 889/1244/1161 874/974/894
f 874/974/894 869/973/893 871/1170/1087
f 1674/1245/1162 1676/1246/1163 1675/1247/1164
f 1675/1247/1164 1673/1248/1165 1674/1245/1162
f 1159/1005/925 1171/1004/924 1151/1249/1166
f 1151/1249/1166 1157/1250/1167 1159/1005/925
f 1300/1251/1168 1301/1252/1169 1299/1253/1170
f 1299/1253/1170 1186/1254/1171 1300/1251/1168
f 1322/1039/959 1014/1255/1172 1319/1256/1173
f 1319/1256/1173 1321/1036/956 1322/1039/959
f 1545/1257/1174 1547/1258/1175 1548/1259/1176
f 1548/1259/1176 1546/1260/1177 1545/1257/1174
f 971/851/772 973/850/771 1051/1046/966
f 1051/1046/966 1052/1261/1178 971/851/772
f 921/1262/1179 919/1263/1180 920/1264/1181
f 920/1264/1181 922/865/786 921/1262/1179
f 1403/1265/1182 1374/1266/1183 1373/1267/1184
f 1373/1267/1184 1372/1268/1185 1403/1265/1182
f 1399/1269/1186 1404/1023/943 1405/1022/942
f 1405/1022/942 1400/862/783 1399/1269/1186
f 1425/1066/984 1426/1069/987 1423/1090/1007
f 1423/1090/1007 1424/1089/1006 1425/1066/984
f 1010/1084/1001 1006/1083/1000 1005/1270/1187
f 1005/1270/1187 1009/1271/1188 1010/1084/1001
f 1195/1272/1189 1196/1273/1190 1193/1274/1191
f 1193/1274/1191 1194/1275/1192 1195/1272/1189
f 1215/1076/993 1213/1075/992 1217/1276/1193
f 1217/1276/1193 1218/1277/1194 1215/1076/993
f 1862/1278/1195 1855/1279/1196 1860/1280/1197
f 1860/1280/1197 1861/1281/1198 1862/1278/1195
f 1712/1188/1105 1714/1237/1154 1715/1240/1157
f 1715/1240/1157 1713/1189/1106 1712/1188/1105
f 1600/1282/1199 1599/1283/1200 1540/1284/1201
f 1540/1284/1201 1539/1285/1202 1600/1282/1199
f 1543/1015/935 1544/1014/934 1526/1286/1203
f 1526/1286/1203 1527/1103/1020 1543/1015/935
f 1649/1287/1204 1648/1288/1205 1650/1289/1206
f 1650/1289/1206 1651/1290/1207 1649/1287/1204
f 995/1291/1208 1007/1086/1003 994/1292/1209
f 804/847/768 806/1013/933 1621/1012/932
f 1621/1012/932 1620/1293/1210 804/847/768
f 1516/1294/1211 1514/1295/1212 1515/1296/1213
f 1515/1296/1213 1517/1297/1214 1516/1294/1211
f 1366/1032/952 842/1298/1215 844/1299/1216
f 844/1299/1216 1386/1033/953 1366/1032/952
f 1521/1300/1217 1554/1301/1218 1555/807/728
f 1555/807/728 1523/1302/1219 1521/1300/1217
f 1623/1303/1220 1000/949/869 998/957/877
f 998/957/877 942/1009/929 1623/1303/1220
f 805/1198/1115 832/1094/1011 833/1093/1010
f 833/1093/1010 807/1199/1116 805/1198/1115
f 1102/789/710 1101/788/709 1109/1304/1221
f 1109/1304/1221 1105/1305/1222 1102/789/710
f 1981/952/872 1983/1306/1223 1982/1307/1224
f 1982/1307/1224 1980/953/873 1981/952/872
f 1935/1308/1225 1933/1309/1226 1931/1310/1227
f 1931/1310/1227 1949/1311/1228 1935/1308/1225
f 1219/1000/920 1220/1003/923 1215/1076/993
f 1215/1076/993 1218/1277/1194 1219/1000/920
f 1318/1179/1096 1320/1178/1095 1321/1036/956
f 1321/1036/956 1319/1256/1173 1318/1179/1096
f 1247/1312/1229 1246/1313/1230 1248/1314/1231
f 1248/1314/1231 1249/1315/1232 1247/1312/1229
f 2004/1316/1233 2005/1317/1234 2003/872/793
f 2003/872/793 1995/871/792 2004/1316/1233
f 1024/908/828 1025/1318/1235 1026/905/826
f 949/1319/1236 950/1320/1237 952/986/906
f 952/986/906 951/1321/1238 949/1319/1236
f 1761/1322/1239 1736/977/897 1735/976/896
f 1735/976/896 1762/1323/1240 1761/1322/1239
f 1508/1324/1241 1588/1325/1242 1589/1326/1243
f 1589/1326/1243 1506/1327/1244 1508/1324/1241
f 1958/1328/1245 1970/1329/1246 1956/918/838
f 1956/918/838 1957/917/837 1958/1328/1245
f 1033/1330/827 1034/1331/827 1035/1332/827
f 769/771/692 783/800/721 784/1333/1247
f 784/1333/1247 1603/1334/1248 769/771/692
f 1568/1335/1249 1593/1063/981 1572/1062/980
f 1572/1062/980 1570/1336/1250 1568/1335/1249
f 1522/1337/1251 1585/1338/1252 1518/1339/1253
f 1518/1339/1253 1520/1340/1254 1522/1337/1251
f 1419/1341/1255 1420/1342/1255 1422/1088/1005
f 1422/1088/1005 1421/1087/1004 1419/1341/1255
f 1956/918/838 1963/1343/1256 1962/1344/1257
f 1962/1344/1257 1954/919/839 1956/918/838
f 1447/1345/1258 1448/1346/1259 1450/1347/1260
f 1450/1347/1260 1449/1348/1261 1447/1345/1258
f 818/1349/1262 817/1131/1048 791/817/738
f 791/817/738 789/814/735 818/1349/1262
f 1045/1350/1263 1047/1351/1264 1046/1352/1265
f 780/1353/1266 781/1354/1267 773/780/701
f 773/780/701 775/989/909 780/1353/1266
f 1827/1355/1268 1826/1356/1269 1828/1357/1270
f 1828/1357/1270 1829/1358/1271 1827/1355/1268
f 975/1047/967 1051/1046/966 973/850/771
f 1978/954/874 1976/820/741 1977/1359/1272
f 1977/1359/1272 1979/951/871 1978/954/874
f 1052/1261/1178 969/1360/1273 971/851/772
f 1466/883/804 1478/1361/1274 1470/994/914
f 1470/994/914 1468/884/805 1466/883/804
f 1057/1362/1275 1059/1363/1276 1060/1364/1277
f 1060/1364/1277 1058/1365/1278 1057/1362/1275
f 1787/1366/1279 1791/1367/1280 1790/1368/1281
f 1790/1368/1281 1788/1369/1282 1787/1366/1279
f 1944/1370/1283 1938/1136/1053 1940/1135/1052
f 1940/1135/1052 1942/1371/1284 1944/1370/1283
f 1056/1372/1285 1057/1362/1275 961/827/748
f 1214/1074/991 1073/781/702 1159/1005/925
f 1159/1005/925 1158/1373/1286 1214/1074/991
f 1064/1374/1287 1074/782/703 1076/786/707
f 1076/786/707 1116/1375/1288 1064/1374/1287
f 1969/1376/1289 1968/1377/1290 1966/1378/1291
f 1966/1378/1291 1967/1379/1292 1969/1376/1289
f 820/888/809 821/1380/1293 822/897/818
f 822/897/818 823/900/821 820/888/809
f 834/1381/1294 833/1093/1010 846/1092/1009
f 846/1092/1009 845/1382/1295 834/1381/1294
f 1162/1231/1148 1161/1145/1062 1069/991/911
f 1069/991/911 1067/990/910 1162/1231/1148
f 1781/1383/1296 1779/1384/1297 1778/843/764
f 1778/843/764 1780/842/763 1781/1383/1296
f 828/1385/1298 815/1386/1299 816/1387/1300
f 816/1387/1300 827/1388/1301 828/1385/1298
f 1065/1019/939 1067/990/910 1068/993/913
f 1068/993/913 1066/1147/1064 1065/1019/939
f 1216/1389/1302 1217/1276/1193 1213/1075/992
f 1213/1075/992 1212/1390/1303 1216/1389/1302
f 1012/1391/1304 1013/1392/1305 1018/1393/1306
f 1018/1393/1306 1008/1394/1307 1012/1391/1304
f 1383/1395/1308 1375/1396/1309 1378/1397/1310
f 1378/1397/1310 1382/1398/1311 1383/1395/1308
f 797/1215/1132 795/1399/1312 816/1387/1300
f 816/1387/1300 815/1386/1299 797/1215/1132
f 1201/1400/1313 1137/1401/1314 1199/1402/1315
f 1199/1402/1315 1200/1403/1316 1201/1400/1313
f 1933/1309/1226 1935/1308/1225 1936/1404/1317
f 1936/1404/1317 1934/1405/1318 1933/1309/1226
f 827/1388/1301 826/1406/1319 853/1407/1320
f 853/1407/1320 852/1408/1321 827/1388/1301
f 1442/1409/1322 1444/1410/1323 1443/1411/1324
f 1443/1411/1324 1441/1412/1325 1442/1409/1322
f 1084/1413/1326 932/1414/1327 959/1200/1117
f 819/887/808 818/1349/1262 789/814/735
f 789/814/735 787/813/734 819/887/808
f 1085/1415/1328 1086/1416/1329 1077/1417/1330
f 1600/1282/1199 1539/1285/1202 1538/1418/1331
f 1538/1418/1331 1601/1419/1332 1600/1282/1199
f 1094/1114/1031 1103/1420/1333 1104/1421/1334
f 1104/1421/1334 1093/1115/1032 1094/1114/1031
f 1076/786/707 1078/1422/1335 1081/1423/1336
f 1081/1423/1336 1117/1424/1337 1076/786/707
f 1651/1290/1207 1650/1289/1206 1652/1425/1338
f 1652/1425/1338 1653/1426/1338 1651/1290/1207
f 912/1175/1092 941/1427/1339 942/1009/929
f 942/1009/929 943/1008/928 912/1175/1092
f 996/955/875 995/1291/1208 946/1241/1158
f 946/1241/1158 944/956/876 996/955/875
f 1553/1428/1340 1554/1301/1218 1521/1300/1217
f 1521/1300/1217 1519/1429/1341 1553/1428/1340
f 1104/1421/1334 905/1098/1015 907/1101/1018
f 907/1101/1018 1093/1115/1032 1104/1421/1334
f 905/1098/1015 1104/1421/1334 1107/1430/1342
f 1107/1430/1342 903/1226/1143 905/1098/1015
f 974/853/774 976/1431/1343 975/1047/967
f 975/1047/967 973/850/771 974/853/774
f 1840/1432/1344 1856/1433/1345 1841/1434/1346
f 1841/1434/1346 1842/1435/1347 1840/1432/1344
f 1087/1436/1348 1086/1416/1329 1098/896/817
f 1973/819/740 1972/1437/1349 1977/1359/1272
f 1977/1359/1272 1976/820/741 1973/819/740
f 1987/1438/1350 1989/1439/1351 1990/1440/1352
f 1990/1440/1352 1988/1441/1353 1987/1438/1350
f 1098/896/817 1100/895/816 1097/859/780
f 1464/1442/1354 1477/1443/1355 1478/1361/1274
f 1478/1361/1274 1466/883/804 1464/1442/1354
f 1156/1444/1356 1211/1445/1357 1212/1390/1303
f 1212/1390/1303 1158/1373/1286 1156/1444/1356
f 1203/1446/1358 1202/1447/1359 1204/1448/1360
f 1204/1448/1360 1205/1449/1361 1203/1446/1358
f 1321/1036/956 1320/1178/1095 1326/1450/1362
f 1326/1450/1362 1323/1037/957 1321/1036/956
f 1489/1451/1363 1487/1452/1364 1535/1453/1365
f 1535/1453/1365 1534/1454/1366 1489/1451/1363
f 1284/1455/1367 1583/1091/1008 1577/1456/1368
f 1577/1456/1368 1584/1457/1369 1284/1455/1367
f 1798/1458/1370 1799/1459/1371 1718/1460/1372
f 1718/1460/1372 1716/1238/1155 1798/1458/1370
f 1537/1461/1373 1590/1462/1374 1591/1463/1375
f 1591/1463/1375 1602/1464/1376 1537/1461/1373
f 1624/1218/1135 941/1427/1339 910/1465/1377
f 910/1465/1377 940/1219/1136 1624/1218/1135
f 1609/1466/1378 1610/1467/1379 1608/1468/1380
f 1608/1468/1380 794/1469/1381 1609/1466/1378
f 898/1223/1140 899/1470/1382 890/1471/1383
f 890/1471/1383 892/1472/1384 898/1223/1140
f 912/1175/1092 911/1109/1026 910/1465/1377
f 910/1465/1377 941/1427/1339 912/1175/1092
f 1101/788/709 1110/1473/1385 1109/1304/1221
f 1074/782/703 1064/1374/1287 1066/1147/1064
f 1066/1147/1064 1072/783/704 1074/782/703
f 1099/893/814 1112/1031/951 1111/894/815
f 1291/1474/1386 1292/1475/1387 1277/1476/1388
f 1277/1476/1388 1275/1477/1389 1291/1474/1386
f 1568/1335/1249 1566/1478/1390 1592/1479/1391
f 1592/1479/1391 1593/1063/981 1568/1335/1249
f 1957/917/837 1955/916/836 1972/1437/1349
f 1972/1437/1349 1973/819/740 1957/917/837
f 1783/1480/1392 1788/1369/1282 1782/1481/1393
f 1782/1481/1393 1777/1482/1394 1783/1480/1392
f 1121/1483/1395 1304/1484/1396 1305/1485/1397
f 1305/1485/1397 1047/1351/1264 1121/1483/1395
f 871/1170/1087 873/1486/1398 1254/1487/1399
f 1254/1487/1399 889/1244/1161 871/1170/1087
f 851/1488/1400 828/1385/1298 827/1388/1301
f 827/1388/1301 852/1408/1321 851/1488/1400
f 1116/1375/1288 1076/786/707 1117/1424/1337
f 1935/1308/1225 1937/1133/1050 1938/1136/1053
f 1938/1136/1053 1936/1404/1317 1935/1308/1225
f 1078/1422/1335 1079/1489/1401 1081/1423/1336
f 1392/1490/1402 1390/861/782 1391/1491/1403
f 1391/1491/1403 1393/1492/1404 1392/1490/1402
f 1446/1493/1405 1445/1494/1406 1448/1346/1259
f 1448/1346/1259 1447/1345/1258 1446/1493/1405
f 942/1009/929 941/1427/1339 1624/1218/1135
f 1624/1218/1135 1623/1303/1220 942/1009/929
f 792/818/739 1607/1495/1407 1606/1496/1408
f 1606/1496/1408 790/816/737 792/818/739
f 1524/1497/1409 1522/1337/1251 1523/1302/1219
f 1523/1302/1219 1525/1498/1410 1524/1497/1409
f 1011/1085/1002 1318/1179/1096 1319/1256/1173
f 1319/1256/1173 1012/1391/1304 1011/1085/1002
f 815/1386/1299 828/1385/1298 829/926/846
f 829/926/846 814/928/848 815/1386/1299
f 1125/890/811 1126/889/810 1122/1499/1411
f 1763/1500/1412 1760/1097/1014 1742/1096/1013
f 1742/1096/1013 1761/1322/1239 1763/1500/1412
f 1984/1501/1413 1982/1307/1224 1983/1306/1223
f 1983/1306/1223 1985/1502/1414 1984/1501/1413
f 790/816/737 1606/1496/1408 1605/1503/1415
f 1605/1503/1415 788/815/736 790/816/737
f 1180/1504/1416 1179/1505/1417 1181/1506/1418
f 1181/1506/1418 1182/1507/1419 1180/1504/1416
f 987/1508/1420 960/1201/1118 958/1509/1421
f 958/1509/1421 988/1510/1422 987/1508/1420
f 1775/1233/1150 1776/849/770 1777/1482/1394
f 1777/1482/1394 1782/1481/1393 1775/1233/1150
f 1252/1511/1423 1130/892/813 1129/891/812
f 1129/891/812 1134/1512/1424 1252/1511/1423
f 1209/1513/1425 1211/1445/1357 1156/1444/1356
f 1156/1444/1356 1155/1514/1426 1209/1513/1425
f 1046/1352/1265 1048/1515/1427 1044/1516/1428
f 1044/1516/1428 1045/1350/1263 1046/1352/1265
f 1139/1517/1429 1141/1209/1126 1140/1518/1430
f 794/1469/1381 793/1132/1049 795/1399/1312
f 795/1399/1312 796/1519/1431 794/1469/1381
f 1060/1364/1277 1117/1424/1337 1081/1423/1336
f 1081/1423/1336 1058/1365/1278 1060/1364/1277
f 1917/1520/1432 1913/1193/1110 1915/1521/1433
f 1915/1521/1433 1916/1522/1432 1917/1520/1432
f 817/1131/1048 826/1406/1319 827/1388/1301
f 827/1388/1301 816/1387/1300 817/1131/1048
f 1261/1523/1434 895/1524/1435 894/1224/1141
f 894/1224/1141 893/1525/1436 1261/1523/1434
f 798/1214/1131 1615/1526/1437 1613/1527/1438
f 1613/1527/1438 796/1519/1431 798/1214/1131
f 933/1528/1439 934/1529/1440 936/1530/1441
f 936/1530/1441 935/1531/1442 933/1528/1439
f 1364/1532/1443 840/911/831 841/910/830
f 841/910/830 842/1298/1215 1364/1532/1443
f 776/988/908 1232/1533/1444 1233/1534/1445
f 1233/1534/1445 778/1535/1446 776/988/908
f 1085/1415/1328 1099/893/814 1098/896/817
f 1098/896/817 1086/1416/1329 1085/1415/1328
f 1491/1536/1447 1493/1537/1448 1492/1538/1449
f 1492/1538/1449 1490/1539/1450 1491/1536/1447
f 1169/1146/1063 1168/1232/1149 1177/1540/1451
f 1177/1540/1451 1176/1541/1452 1169/1146/1063
f 1120/1542/1453 1125/890/811 1122/1499/1411
f 1122/1499/1411 1121/1483/1395 1120/1542/1453
f 1618/1543/1454 1615/1526/1437 798/1214/1131
f 798/1214/1131 800/840/761 1618/1543/1454
f 1870/1544/1455 1861/1281/1198 1868/1545/1456
f 1868/1545/1456 1869/1546/1457 1870/1544/1455
f 1569/1547/1458 1570/1336/1250 1572/1062/980
f 1572/1062/980 1571/1548/1459 1569/1547/1458
f 1392/1490/1402 1393/1492/1404 1395/1549/1460
f 1395/1549/1460 1394/1550/1461 1392/1490/1402
f 929/1551/1462 928/1552/1463 930/1553/1464
f 930/1553/1464 931/1554/1465 929/1551/1462
f 1989/1439/1351 1991/1555/1466 1992/1556/1467
f 1992/1556/1467 1990/1440/1352 1989/1439/1351
f 1164/1021/941 1166/1557/1468 1163/1018/938
f 1496/915/835 1494/1558/1469 1495/1121/1038
f 1495/1121/1038 1497/912/832 1496/915/835
f 1077/1417/1330 1078/1422/1335 1076/786/707
f 1076/786/707 1075/785/706 1077/1417/1330
f 999/948/868 1001/947/867 1003/1559/1470
f 1003/1559/1470 1004/1560/1471 999/948/868
f 1589/1326/1243 1504/1561/1472 1505/1562/1473
f 1505/1562/1473 1506/1327/1244 1589/1326/1243
f 1340/944/864 1341/1172/1089 1342/1563/1474
f 1342/1563/1474 1346/1564/1475 1340/944/864
f 1842/1435/1347 1841/1434/1346 1843/1565/1476
f 1843/1565/1476 1844/1566/1477 1842/1435/1347
f 1110/1473/1385 1101/788/709 1100/895/816
f 1100/895/816 1111/894/815 1110/1473/1385
f 1079/1489/1401 1080/1567/1478 1082/1568/1479
f 1082/1568/1479 1081/1423/1336 1079/1489/1401
f 1170/1007/927 1172/1569/1480 1142/1208/1125
f 1557/1570/1481 1550/1571/1482 1549/1572/1483
f 1549/1572/1483 1556/1573/1484 1557/1570/1481
f 1082/1568/1479 1080/1567/1478 936/1530/1441
f 936/1530/1441 934/1529/1440 1082/1568/1479
f 866/1574/1485 1194/1275/1192 1193/1274/1191
f 1193/1274/1191 868/1168/1085 866/1574/1485
f 1187/1575/1486 1188/1576/1487 1166/1557/1468
f 1166/1557/1468 1183/1577/1488 1187/1575/1486
f 932/1414/1327 1084/1413/1326 934/1529/1440
f 934/1529/1440 933/1528/1439 932/1414/1327
f 1632/1578/1489 1633/879/800 1310/878/799
f 1310/878/799 1308/1579/1490 1632/1578/1489
f 949/1319/1236 947/1243/1160 948/1242/1159
f 948/1242/1159 950/1320/1237 949/1319/1236
f 1279/1138/1055 1277/1476/1388 1292/1475/1387
f 1292/1475/1387 1293/1139/1056 1279/1138/1055
f 1994/1580/1491 1987/1438/1350 1988/1441/1353
f 1988/1441/1353 1986/1581/1492 1994/1580/1491
f 1207/1582/1493 1154/1162/1079 1153/1165/1082
f 1153/1165/1082 1205/1449/1361 1207/1582/1493
f 1472/1583/1494 1480/1584/1495 1474/1585/1496
f 1474/1585/1496 1473/1586/1497 1472/1583/1494
f 1249/1315/1232 1248/1314/1231 1250/1587/1498
f 1250/1587/1498 1251/1588/1499 1249/1315/1232
f 1356/811/732 1380/810/731 1379/1589/1500
f 1379/1589/1500 1358/1590/1501 1356/811/732
f 1824/1591/1502 1825/1592/1503 1823/1593/1504
f 1823/1593/1504 1822/1594/1505 1824/1591/1502
f 1179/1505/1417 1187/1575/1486 1181/1506/1418
f 902/1595/1506 888/1596/1507 900/1597/1508
f 900/1597/1508 901/1598/1509 902/1595/1506
f 795/1399/1312 793/1132/1049 817/1131/1048
f 817/1131/1048 816/1387/1300 795/1399/1312
f 892/1472/1384 893/1525/1436 894/1224/1141
f 894/1224/1141 898/1223/1140 892/1472/1384
f 1431/1599/1510 1432/1600/1511 1434/1601/1512
f 1434/1601/1512 1433/1602/1513 1431/1599/1510
f 1194/1275/1192 864/981/901 862/1111/1028
f 862/1111/1028 1195/1272/1189 1194/1275/1192
f 1387/1034/954 1389/1603/1514 1388/864/785
f 1388/864/785 1368/1035/955 1387/1034/954
f 1642/1604/1515 1640/1605/1516 1641/1606/1517
f 1641/1606/1517 1643/1607/1518 1642/1604/1515
f 1378/1397/1310 1379/1589/1500 1380/810/731
f 1380/810/731 1382/1398/1311 1378/1397/1310
f 1225/1608/1519 772/778/699 1223/1609/1520
f 1223/1609/1520 1224/1610/1521 1225/1608/1519
f 1343/1171/1088 1671/1611/1522 1345/1612/1523
f 1345/1612/1523 1344/1613/1524 1343/1171/1088
f 1853/925/845 1860/1280/1197 1855/1279/1196
f 1855/1279/1196 1854/922/842 1853/925/845
f 959/1200/1117 930/1553/1464 958/1509/1421
f 958/1509/1421 960/1201/1118 959/1200/1117
f 1399/1269/1186 1392/1490/1402 1394/1550/1461
f 1394/1550/1461 1398/1614/1525 1399/1269/1186
f 1696/1615/1526 1694/1616/1527 1693/1617/1528
f 1693/1617/1528 1695/1618/1529 1696/1615/1526
f 922/865/786 920/1264/1181 951/1321/1238
f 951/1321/1238 953/866/787 922/865/786
f 1598/1619/1530 1541/1620/1531 1540/1284/1201
f 1540/1284/1201 1599/1283/1200 1598/1619/1530
f 1403/1265/1182 1372/1268/1185 1402/1621/1532
f 1402/1621/1532 1407/1622/1533 1403/1265/1182
f 1640/1605/1516 1638/1623/1534 1639/1624/1534
f 1639/1624/1534 1641/1606/1517 1640/1605/1516
f 1284/1455/1367 1283/1625/1535 1285/1626/1536
f 1285/1626/1536 1286/1040/960 1284/1455/1367
f 1598/1619/1530 1597/1065/983 1542/1064/982
f 1542/1064/982 1541/1620/1531 1598/1619/1530
f 1635/877/798 1634/880/801 1636/1627/1537
f 1636/1627/1537 1637/1628/1538 1635/877/798
f 938/1629/1539 939/1630/1540 908/1631/1541
f 908/1631/1541 906/1100/1017 938/1629/1539
f 1259/1148/1065 1258/777/698 1262/776/697
f 1262/776/697 1263/1149/1066 1259/1148/1065
f 1294/1140/1057 1293/1139/1056 1297/1632/1542
f 1297/1632/1542 1298/1633/1543 1294/1140/1057
f 1760/1097/1014 1764/969/889 1759/968/888
f 1759/968/888 1746/830/751 1760/1097/1014
f 796/1519/1431 795/1399/1312 797/1215/1132
f 797/1215/1132 798/1214/1131 796/1519/1431
f 956/1634/1544 957/1635/1545 928/1552/1463
f 928/1552/1463 955/1636/1546 956/1634/1544
f 783/800/721 782/799/720 821/1380/1293
f 821/1380/1293 785/1637/1547 783/800/721
f 1220/1003/923 1222/1002/922 1113/1030/950
f 1971/1638/1548 1970/1329/1246 1958/1328/1245
f 1958/1328/1245 1960/1639/1549 1971/1638/1548
f 1224/1610/1521 1226/1640/1550 1225/1608/1519
f 1822/1594/1505 1821/1641/1551 1819/903/824
f 1819/903/824 1820/902/823 1822/1594/1505
f 1227/1642/1552 1228/1643/1553 1229/1644/1554
f 971/851/772 969/1360/1273 970/1228/1145
f 970/1228/1145 972/852/773 971/851/772
f 774/779/700 1227/1642/1552 1230/1645/1555
f 1057/1362/1275 1058/1365/1278 1083/1646/1556
f 1083/1646/1556 961/827/748 1057/1362/1275
f 957/1635/1545 989/1647/1557 988/1510/1422
f 988/1510/1422 958/1509/1421 957/1635/1545
f 782/799/720 781/1354/1267 780/1353/1266
f 780/1353/1266 859/1648/1558 782/799/720
f 1255/1649/1559 1259/1148/1065 1260/1151/1068
f 1260/1151/1068 891/1650/1560 1255/1649/1559
f 1236/1651/1561 1237/1652/1562 1238/1653/1563
f 1965/1654/1564 1963/1343/1256 1956/918/838
f 1956/918/838 1970/1329/1246 1965/1654/1564
f 1347/1655/1565 1349/1656/1566 1350/1657/1567
f 1350/1657/1567 1351/1658/1568 1347/1655/1565
f 1241/1659/1569 1243/1660/1570 1242/1661/1571
f 1207/1582/1493 1206/1662/1572 1208/1663/1573
f 1208/1663/1573 1209/1513/1425 1207/1582/1493
f 1225/1608/1519 1226/1640/1550 1228/1643/1553
f 1228/1643/1553 1227/1642/1552 1225/1608/1519
f 1352/1664/1574 1348/1665/1575 1338/945/865
f 1338/945/865 1347/1655/1565 1352/1664/1574
f 1291/1474/1386 1275/1477/1389 1273/1666/1576
f 1273/1666/1576 1290/1667/1577 1291/1474/1386
f 1853/925/845 1851/924/844 1858/1668/1578
f 1858/1668/1578 1859/1669/1579 1853/925/845
f 1708/1670/1580 1182/1507/1419 1183/1577/1488
f 1183/1577/1488 1184/1671/1581 1708/1670/1580
f 1055/1672/1582 1056/1372/1285 961/827/748
f 961/827/748 963/826/747 1055/1672/1582
f 1991/1555/1466 1989/1439/1351 1996/870/791
f 1996/870/791 1997/1673/1583 1991/1555/1466
f 1159/1005/925 1157/1250/1167 1156/1444/1356
f 1156/1444/1356 1158/1373/1286 1159/1005/925
f 1292/1475/1387 1296/1674/1584 1297/1632/1542
f 1297/1632/1542 1293/1139/1056 1292/1475/1387
f 1255/1649/1559 1256/1675/1585 1257/1676/1586
f 771/773/694 781/1354/1267 782/799/720
f 782/799/720 769/771/692 771/773/694
f 1707/1677/1587 1180/1504/1416 1182/1507/1419
f 1182/1507/1419 1708/1670/1580 1707/1677/1587
f 927/1678/1588 929/1551/1462 936/1530/1441
f 936/1530/1441 1080/1567/1478 927/1678/1588
f 1189/1679/1589 1190/1680/1590 1192/1681/1591
f 1192/1681/1591 1191/1682/1592 1189/1679/1589
f 916/1683/1593 947/1243/1160 949/1319/1236
f 949/1319/1236 918/1684/1594 916/1683/1593
f 1522/1337/1251 1520/1340/1254 1521/1300/1217
f 1521/1300/1217 1523/1302/1219 1522/1337/1251
f 1316/1685/1595 1317/1181/1098 1314/1686/1596
f 1314/1686/1596 1313/1687/1597 1316/1685/1595
f 1265/774/695 1266/1688/1598 1267/1212/1129
f 1796/931/851 1734/979/899 1733/978/898
f 1733/978/898 1732/932/852 1796/931/851
f 1143/1210/1127 1141/1209/1126 1139/1517/1429
f 1139/1517/1429 1152/1689/1599 1143/1210/1127
f 1134/1512/1424 1133/1690/1600 1135/1691/1601
f 1135/1691/1601 1136/1692/1602 1134/1512/1424
f 1356/811/732 1355/1693/1603 813/1694/1604
f 813/1694/1604 1354/812/733 1356/811/732
f 781/1354/1267 771/773/694 772/778/699
f 772/778/699 773/780/701 781/1354/1267
f 1802/848/769 1776/849/770 1775/1233/1150
f 1775/1233/1150 1774/1236/1153 1802/848/769
f 835/874/795 836/873/794 809/1695/1605
f 809/1695/1605 834/1381/1294 835/874/795
f 1128/965/885 1132/964/884 1129/891/812
f 1129/891/812 1125/890/811 1128/965/885
f 1887/836/757 1889/1696/1606 1888/1697/1607
f 1888/1697/1607 1886/837/758 1887/836/757
f 1103/1420/1333 1106/1698/1608 1107/1430/1342
f 1107/1430/1342 1104/1421/1334 1103/1420/1333
f 1769/1699/1609 1770/1700/1610 1758/1197/1114
f 1758/1197/1114 1765/967/887 1769/1699/1609
f 1980/953/873 1982/1307/1224 1984/1501/1413
f 1984/1501/1413 1978/954/874 1980/953/873
f 1385/1701/1611 1371/1702/1612 1383/1395/1308
f 1383/1395/1308 1384/1703/1613 1385/1701/1611
f 1272/1704/1614 1270/1705/1615 1271/1706/1616
f 1271/1706/1616 1273/1666/1576 1272/1704/1614
f 1907/1707/1617 1908/1708/1618 1910/1709/1619
f 1910/1709/1619 1909/1190/1107 1907/1707/1617
f 1097/859/780 1100/895/816 1101/788/709
f 1101/788/709 1096/787/708 1097/859/780
f 1581/1043/963 1583/1091/1008 1284/1455/1367
f 1284/1455/1367 1286/1040/960 1581/1043/963
f 842/1298/1215 1366/1032/952 1365/1710/1620
f 1365/1710/1620 1364/1532/1443 842/1298/1215
f 1167/1711/1621 1179/1505/1417 1177/1540/1451
f 1177/1540/1451 1168/1232/1149 1167/1711/1621
f 1159/1005/925 1073/781/702 1071/784/705
f 1071/784/705 1160/1006/926 1159/1005/925
f 1371/1702/1612 1372/1268/1185 1373/1267/1184
f 1373/1267/1184 1383/1395/1308 1371/1702/1612
f 1184/1671/1581 1186/1254/1171 1299/1253/1170
f 956/1634/1544 954/985/905 991/984/904
f 991/984/904 990/1712/1622 956/1634/1544
f 1133/1690/1600 1132/964/884 1131/963/883
f 1131/963/883 1197/1713/1623 1133/1690/1600
f 1670/1714/1624 1671/1611/1522 1343/1171/1088
f 1343/1171/1088 1669/797/718 1670/1714/1624
f 1869/1546/1457 1871/1715/1625 1872/1716/1626
f 1872/1716/1626 1870/1544/1455 1869/1546/1457
f 1008/1394/1307 1007/1086/1003 1011/1085/1002
f 1011/1085/1002 1012/1391/1304 1008/1394/1307
f 1449/1348/1261 1450/1347/1260 1452/1717/1627
f 1452/1717/1627 1451/1718/1628 1449/1348/1261
f 910/1465/1377 909/1719/1629 908/1631/1541
f 908/1631/1541 940/1219/1136 910/1465/1377
f 1309/1720/1630 1310/878/799 1311/1721/1631
f 1945/1722/1632 1936/1404/1317 1938/1136/1053
f 1938/1136/1053 1944/1370/1283 1945/1722/1632
f 1055/1672/1582 963/826/747 965/921/841
f 965/921/841 1054/1723/1633 1055/1672/1582
f 1309/1720/1630 1314/1686/1596 1307/1724/1634
f 1138/1725/1635 1136/1692/1602 1135/1691/1601
f 1135/1691/1601 1137/1401/1314 1138/1725/1635
f 1528/1102/1019 1501/1105/1022 1499/913/833
f 1499/913/833 1529/1726/1636 1528/1102/1019
f 914/1174/1091 945/1176/1093 947/1243/1160
f 947/1243/1160 916/1683/1593 914/1174/1091
f 1037/1727/827 1036/1728/827 1035/1332/827
f 1035/1332/827 1034/1331/827 1037/1727/827
f 1205/1449/1361 1204/1448/1360 1206/1662/1572
f 1206/1662/1572 1207/1582/1493 1205/1449/1361
f 1715/1240/1157 1726/1026/946 1727/1729/1637
f 1727/1729/1637 1713/1189/1106 1715/1240/1157
f 1793/1730/1638 1751/1731/1639 1750/885/806
f 1750/885/806 1752/886/807 1793/1730/1638
f 1063/1732/1640 1062/1733/1641 1061/1734/1642
f 1061/1734/1642 1165/1020/940 1063/1732/1640
f 1817/904/825 1815/1735/1643 1816/1736/1644
f 1816/1736/1644 1818/901/822 1817/904/825
f 1518/1339/1253 1516/1294/1211 1517/1297/1214
f 1517/1297/1214 1519/1429/1341 1518/1339/1253
f 1947/1144/1061 1934/1405/1318 1946/1737/1645
f 1946/1737/1645 1948/1141/1058 1947/1144/1061
f 1309/1720/1630 1307/1724/1634 1308/1579/1490
f 1308/1579/1490 1310/878/799 1309/1720/1630
f 1363/1738/1646 838/876/797 840/911/831
f 840/911/831 1364/1532/1443 1363/1738/1646
f 1190/1680/1590 870/1169/1086 868/1168/1085
f 868/1168/1085 1193/1274/1191 1190/1680/1590
f 889/1244/1161 890/1471/1383 888/1596/1507
f 888/1596/1507 874/974/894 889/1244/1161
f 888/1596/1507 890/1471/1383 899/1470/1382
f 899/1470/1382 900/1597/1508 888/1596/1507
f 1677/1739/1647 1678/1740/1648 1680/960/880
f 1680/960/880 1679/959/879 1677/1739/1647
f 1344/1613/1524 1342/1563/1474 1341/1172/1089
f 1341/1172/1089 1343/1171/1088 1344/1613/1524
f 1964/1741/1649 1965/1654/1564 1967/1379/1292
f 1967/1379/1292 1966/1378/1291 1964/1741/1649
f 1172/1569/1480 1176/1541/1452 1173/1742/1650
f 1173/1742/1650 1140/1518/1430 1172/1569/1480
f 1612/1743/1651 1609/1466/1378 1613/1527/1438
f 1613/1527/1438 1614/1744/1652 1612/1743/1651
f 829/926/846 828/1385/1298 851/1488/1400
f 851/1488/1400 850/1745/1653 829/926/846
f 1340/944/864 1347/1655/1565 1338/945/865
f 1974/821/742 1976/820/741 1978/954/874
f 1978/954/874 1984/1501/1413 1974/821/742
f 1368/1035/955 1370/1746/1654 1369/1747/1655
f 1369/1747/1655 1367/1748/1656 1368/1035/955
f 1351/1658/1568 1352/1664/1574 1347/1655/1565
f 1999/1123/1040 1997/1673/1583 2001/1749/1657
f 2001/1749/1657 2000/1124/1041 1999/1123/1040
f 1586/1750/1658 1587/1751/1659 1510/1752/1660
f 1510/1752/1660 1512/1753/1661 1586/1750/1658
f 1611/1754/1662 1610/1467/1379 1609/1466/1378
f 1609/1466/1378 1612/1743/1651 1611/1754/1662
f 878/802/723 879/1755/1663 877/983/903
f 877/983/903 876/1044/964 878/802/723
f 1357/1756/1664 1358/1590/1501 1359/1757/1665
f 830/927/847 831/1758/1666 803/846/767
f 803/846/767 801/839/760 830/927/847
f 873/1486/1398 1256/1675/1585 1255/1649/1559
f 1255/1649/1559 1254/1487/1399 873/1486/1398
f 1361/1759/1667 838/876/797 1363/1738/1646
f 1136/1692/1602 1253/1760/1668 1252/1511/1423
f 1252/1511/1423 1134/1512/1424 1136/1692/1602
f 1467/881/802 1468/884/805 1469/996/916
f 1469/996/916 1486/1761/1669 1467/881/802
f 1937/1133/1050 1935/1308/1225 1949/1311/1228
f 1949/1311/1228 1950/1762/1670 1937/1133/1050
f 1220/1003/923 1113/1030/950 1115/1054/972
f 1115/1054/972 1215/1076/993 1220/1003/923
f 1136/1692/1602 1138/1725/1635 1175/1763/1671
f 1175/1763/1671 1253/1760/1668 1136/1692/1602
f 1585/1338/1252 1586/1750/1658 1512/1753/1661
f 1512/1753/1661 1514/1295/1212 1585/1338/1252
f 953/866/787 954/985/905 956/1634/1544
f 956/1634/1544 955/1636/1546 953/866/787
f 1400/862/783 1390/861/782 1392/1490/1402
f 1392/1490/1402 1399/1269/1186 1400/862/783
f 786/1764/1672 784/1333/1247 783/800/721
f 783/800/721 785/1637/1547 786/1764/1672
f 1306/1765/1673 1004/1560/1471 1003/1559/1470
f 1003/1559/1470 1631/1766/1674 1306/1765/1673
f 1375/1396/1309 1377/1767/1675 1378/1397/1310
f 1575/770/691 1576/769/690 1577/1456/1368
f 1577/1456/1368 1583/1091/1008 1575/770/691
f 1059/1363/1276 1061/1734/1642 1062/1733/1641
f 1062/1733/1641 1060/1364/1277 1059/1363/1276
f 932/1414/1327 931/1554/1465 930/1553/1464
f 930/1553/1464 959/1200/1117 932/1414/1327
f 1618/1543/1454 802/845/766 804/847/768
f 804/847/768 1619/1768/1676 1618/1543/1454
f 1310/878/799 1635/877/798 1312/1769/1677
f 1312/1769/1677 1311/1721/1631 1310/878/799
f 1872/1716/1626 1873/1185/1102 1874/1184/1101
f 1874/1184/1101 1876/1770/1678 1872/1716/1626
f 1383/1395/1308 1373/1267/1184 1375/1396/1309
f 1382/1398/1311 1384/1703/1613 1383/1395/1308
f 1091/1107/1024 1090/1113/1030 1095/790/711
f 1095/790/711 1094/1114/1031 1091/1107/1024
f 1043/1771/1679 1042/1772/1680 1118/1773/1681
f 1118/1773/1681 1119/1774/1682 1043/1771/1679
f 1688/1775/1683 1685/1776/1684 1686/1777/1685
f 1686/1777/1685 1687/1778/1686 1688/1775/1683
f 1531/1122/1039 1495/1121/1038 1493/1537/1448
f 1493/1537/1448 1532/1779/1687 1531/1122/1039
f 1081/1423/1336 1082/1568/1479 1083/1646/1556
f 1083/1646/1556 1058/1365/1278 1081/1423/1336
f 1784/1780/1688 1787/1366/1279 1788/1369/1282
f 1788/1369/1282 1783/1480/1392 1784/1780/1688
f 1394/1550/1461 1395/1549/1460 1396/1781/1689
f 1946/1737/1645 1934/1405/1318 1936/1404/1317
f 1936/1404/1317 1945/1722/1632 1946/1737/1645
f 770/772/693 1223/1609/1520 772/778/699
f 772/778/699 771/773/694 770/772/693
f 1282/1782/1690 1283/1625/1535 1284/1455/1367
f 1284/1455/1367 1584/1457/1369 1282/1782/1690
f 922/865/786 924/868/789 923/1129/1046
f 923/1129/1046 921/1262/1179 922/865/786
f 1579/1056/974 1573/1059/977 1574/767/688
f 1574/767/688 1575/770/691 1579/1056/974
f 1401/863/784 1402/1621/1532 1370/1746/1654
f 876/1044/964 865/982/902 866/1574/1485
f 866/1574/1485 867/975/895 876/1044/964
f 1784/1780/1688 1785/1783/1691 1786/1784/1692
f 1786/1784/1692 1787/1366/1279 1784/1780/1688
f 792/818/739 793/1132/1049 794/1469/1381
f 794/1469/1381 1607/1495/1407 792/818/739
f 1912/1191/1108 1909/1190/1107 1910/1709/1619
f 1910/1709/1619 1911/1785/1693 1912/1191/1108
f 1407/1622/1533 1408/1786/1694 1403/1265/1182
f 1096/787/708 1095/790/711 1090/1113/1030
f 1090/1113/1030 1089/860/781 1096/787/708
f 1405/1022/942 1410/1025/945 1406/1787/1695
f 1162/1231/1148 1067/990/910 1065/1019/939
f 1065/1019/939 1163/1018/938 1162/1231/1148
f 1698/1788/1696 1700/1789/1697 1699/1790/1698
f 1699/1790/1698 1697/1791/1699 1698/1788/1696
f 1276/1792/1700 1274/1793/1701 1275/1477/1389
f 1275/1477/1389 1277/1476/1388 1276/1792/1700
f 900/1597/1508 1106/1698/1608 1105/1305/1222
f 1105/1305/1222 1108/1794/1702 900/1597/1508
f 1415/1795/1703 1417/1796/1704 1416/1797/1705
f 1359/1757/1665 1358/1590/1501 1377/1767/1675
f 1377/1767/1675 1360/1798/1706 1359/1757/1665
f 1429/1799/1707 1432/1600/1511 1431/1599/1510
f 1431/1599/1510 1430/1800/1708 1429/1799/1707
f 1451/1718/1628 1452/1717/1627 1453/1801/1709
f 1453/1801/1709 1454/1802/1710 1451/1718/1628
f 1331/1803/1711 1329/1804/1712 1330/1805/1713
f 1330/1805/1713 1332/1806/1714 1331/1803/1711
f 1784/1780/1688 1779/1384/1297 1781/1383/1296
f 1781/1383/1296 1785/1783/1691 1784/1780/1688
f 1455/1807/1715 1456/1808/1716 1454/1802/1710
f 1454/1802/1710 1453/1801/1709 1455/1807/1715
f 1730/1028/948 1738/1809/1717 1739/1810/1718
f 1739/1810/1718 1729/1029/949 1730/1028/948
f 1209/1513/1425 1208/1663/1573 1210/1811/1719
f 1210/1811/1719 1211/1445/1357 1209/1513/1425
f 832/1094/1011 831/1758/1666 848/1812/1720
f 848/1812/1720 847/1095/1012 832/1094/1011
f 1201/1400/1313 1200/1403/1316 1202/1447/1359
f 1202/1447/1359 1203/1446/1358 1201/1400/1313
f 997/958/878 999/948/868 1004/1560/1471
f 1004/1560/1471 1005/1270/1187 997/958/878
f 833/1093/1010 834/1381/1294 809/1695/1605
f 809/1695/1605 807/1199/1116 833/1093/1010
f 1664/1813/1721 1663/1814/1722 1662/1815/1723
f 1662/1815/1723 1665/1816/1724 1664/1813/1721
f 1331/1803/1711 1332/1806/1714 1333/1817/1725
f 1333/1817/1725 1334/1818/1726 1331/1803/1711
f 966/920/840 984/1819/1727 983/1230/1147
f 983/1230/1147 968/1229/1146 966/920/840
f 1123/1820/1728 1124/1821/1729 1119/1774/1682
f 1119/1774/1682 1118/1773/1681 1123/1820/1728
f 1086/1416/1329 1087/1436/1348 921/1262/1179
f 921/1262/1179 923/1129/1046 1086/1416/1329
f 1457/1073/990 1458/1072/989 1456/1808/1716
f 1456/1808/1716 1455/1807/1715 1457/1073/990
f 979/1822/1730 1042/1772/1680 1043/1771/1679
f 1043/1771/1679 977/1823/1731 979/1822/1730
f 1172/1569/1480 1170/1007/927 1169/1146/1063
f 1169/1146/1063 1176/1541/1452 1172/1569/1480
f 1146/1206/1123 1151/1249/1166 1171/1004/924
f 1171/1004/924 1144/1211/1128 1146/1206/1123
f 2004/1316/1233 1994/1580/1491 2009/936/856
f 2009/936/856 2006/935/855 2004/1316/1233
f 1361/1759/1667 1362/1824/1732 1353/1825/1733
f 1353/1825/1733 838/876/797 1361/1759/1667
f 1920/1826/1734 1918/1827/1735 1919/1828/1736
f 1919/1828/1736 1921/1829/1737 1920/1826/1734
f 1859/1669/1579 1858/1668/1578 1857/1830/1738
f 1857/1830/1738 1864/1831/1739 1859/1669/1579
f 1478/1361/1274 1479/1832/1740 1472/1583/1494
f 1472/1583/1494 1470/994/914 1478/1361/1274
f 1080/1567/1478 1079/1489/1401 925/1130/1047
f 925/1130/1047 927/1678/1588 1080/1567/1478
f 1718/1460/1372 1799/1459/1371 1800/1833/1741
f 1800/1833/1741 1720/1216/1133 1718/1460/1372
f 804/847/768 803/846/767 805/1198/1115
f 805/1198/1115 806/1013/933 804/847/768
f 1794/1834/1742 1793/1730/1638 1752/886/807
f 1752/886/807 1795/1835/1743 1794/1834/1742
f 819/887/808 824/1836/1744 825/1837/1745
f 825/1837/1745 818/1349/1262 819/887/808
f 1536/1838/1746 1535/1453/1365 1471/995/915
f 1471/995/915 1473/1586/1497 1536/1838/1746
f 836/873/794 838/876/797 1353/1825/1733
f 1353/1825/1733 811/1839/1747 836/873/794
f 1749/831/752 1754/1840/1748 1753/1841/1749
f 1753/1841/1749 1752/886/807 1749/831/752
f 1367/1748/1656 1365/1710/1620 1366/1032/952
f 1366/1032/952 1368/1035/955 1367/1748/1656
f 1092/1108/1025 909/1719/1629 910/1465/1377
f 910/1465/1377 911/1109/1026 1092/1108/1025
f 967/1842/1750 965/921/841 966/920/840
f 966/920/840 968/1229/1146 967/1842/1750
f 1489/1451/1363 1491/1536/1447 1490/1539/1450
f 1185/1843/1751 1186/1254/1171 1184/1671/1581
f 1184/1671/1581 1183/1577/1488 1185/1843/1751
f 1015/1844/1752 1017/1845/1753 1013/1392/1305
f 1013/1392/1305 1014/1255/1172 1015/1844/1752
f 1144/1211/1128 1143/1210/1127 1145/1164/1081
f 1145/1164/1081 1146/1206/1123 1144/1211/1128
f 1890/1846/1754 1891/1847/1755 1888/1697/1607
f 1888/1697/1607 1889/1696/1606 1890/1846/1754
f 799/838/759 797/1215/1132 815/1386/1299
f 815/1386/1299 814/928/848 799/838/759
f 1152/1689/1599 1153/1165/1082 1145/1164/1081
f 1145/1164/1081 1143/1210/1127 1152/1689/1599
f 937/1848/1756 938/1629/1539 906/1100/1017
f 906/1100/1017 904/1099/1016 937/1848/1756
f 1060/1364/1277 1062/1733/1641 1116/1375/1288
f 1116/1375/1288 1117/1424/1337 1060/1364/1277
f 1513/1849/1757 1515/1296/1213 1514/1295/1212
f 1514/1295/1212 1512/1753/1661 1513/1849/1757
f 1509/1850/1758 1511/1851/1759 1510/1752/1660
f 1510/1752/1660 1508/1324/1241 1509/1850/1758
f 909/1719/1629 907/1101/1018 906/1100/1017
f 906/1100/1017 908/1631/1541 909/1719/1629
f 976/1431/1343 974/853/774 980/1852/1760
f 980/1852/1760 978/1853/1761 976/1431/1343
f 1681/962/882 1682/961/881 1684/1854/1762
f 1684/1854/1762 1683/1855/1763 1681/962/882
f 1964/1741/1649 1962/1344/1257 1963/1343/1256
f 1963/1343/1256 1965/1654/1564 1964/1741/1649
f 1280/1166/1083 1281/1137/1054 1283/1625/1535
f 1283/1625/1535 1282/1782/1690 1280/1166/1083
f 1370/1746/1654 1402/1621/1532 1372/1268/1185
f 1372/1268/1185 1371/1702/1612 1370/1746/1654
f 830/927/847 801/839/760 799/838/759
f 799/838/759 814/928/848 830/927/847
f 1602/1464/1376 1601/1419/1332 1538/1418/1331
f 1538/1418/1331 1537/1461/1373 1602/1464/1376
f 917/1177/1094 915/1112/1029 916/1683/1593
f 916/1683/1593 918/1684/1594 917/1177/1094
f 869/973/893 867/975/895 866/1574/1485
f 866/1574/1485 868/1168/1085 869/973/893
f 808/1010/930 807/1199/1116 809/1695/1605
f 809/1695/1605 810/1856/1764 808/1010/930
f 904/1099/1016 905/1098/1015 903/1226/1143
f 903/1226/1143 897/1225/1142 904/1099/1016
f 1547/1258/1175 1545/1257/1174 1544/1014/934
f 1544/1014/934 1595/1017/937 1547/1258/1175
f 1441/1412/1325 1439/856/777 1440/855/776
f 1440/855/776 1442/1409/1322 1441/1412/1325
f 841/910/830 839/909/829 1630/1081/998
f 1630/1081/998 843/1857/1765 841/910/830
f 1499/913/833 1497/912/832 1530/1120/1037
f 1530/1120/1037 1529/1726/1636 1499/913/833
f 1533/1858/1766 1537/1461/1373 1538/1418/1331
f 1538/1418/1331 1532/1779/1687 1533/1858/1766
f 1531/1122/1039 1532/1779/1687 1538/1418/1331
f 1538/1418/1331 1539/1285/1202 1531/1122/1039
f 1534/1454/1366 1535/1453/1365 1536/1838/1746
f 1536/1838/1746 1590/1462/1374 1534/1454/1366
f 1477/1443/1355 1482/1202/1119 1479/1832/1740
f 1479/1832/1740 1478/1361/1274 1477/1443/1355
f 1545/1257/1174 1507/1859/1767 1526/1286/1203
f 1526/1286/1203 1544/1014/934 1545/1257/1174
f 1470/994/914 1472/1583/1494 1473/1586/1497
f 1473/1586/1497 1471/995/915 1470/994/914
f 1648/1288/1205 1649/1287/1204 1646/1860/1768
f 1646/1860/1768 1647/1861/1769 1648/1288/1205
f 996/955/875 1006/1083/1000 1007/1086/1003
f 1007/1086/1003 995/1291/1208 996/955/875
f 1545/1257/1174 1546/1260/1177 1509/1850/1758
f 1509/1850/1758 1507/1859/1767 1545/1257/1174
f 1511/1851/1759 1549/1572/1483 1550/1571/1482
f 1550/1571/1482 1513/1849/1757 1511/1851/1759
f 1646/1860/1768 1644/1862/1770 1645/1863/1771
f 1645/1863/1771 1647/1861/1769 1646/1860/1768
f 1551/1864/1772 1515/1296/1213 1513/1849/1757
f 1513/1849/1757 1550/1571/1482 1551/1864/1772
f 1517/1297/1214 1515/1296/1213 1551/1864/1772
f 1551/1864/1772 1552/1865/1773 1517/1297/1214
f 1552/1865/1773 1553/1428/1340 1519/1429/1341
f 1519/1429/1341 1517/1297/1214 1552/1865/1773
f 1590/1462/1374 1537/1461/1373 1533/1858/1766
f 1533/1858/1766 1534/1454/1366 1590/1462/1374
f 1107/1430/1342 1106/1698/1608 900/1597/1508
f 900/1597/1508 899/1470/1382 1107/1430/1342
f 1591/1463/1375 1590/1462/1374 1536/1838/1746
f 1536/1838/1746 1475/1866/1774 1591/1463/1375
f 890/1471/1383 889/1244/1161 891/1650/1560
f 891/1650/1560 892/1472/1384 890/1471/1383
f 1683/1855/1763 1684/1854/1762 1686/1777/1685
f 1686/1777/1685 1685/1776/1684 1683/1855/1763
f 1739/1810/1718 1744/1077/994 1740/1080/997
f 1740/1080/997 1729/1029/949 1739/1810/1718
f 1028/906/827 1030/1867/827 1029/1868/827
f 1029/1868/827 1027/907/827 1028/906/827
f 1049/1048/968 975/1047/967 976/1431/1343
f 976/1431/1343 977/1823/1731 1049/1048/968
f 1436/1869/1775 1438/854/775 1437/857/778
f 1437/857/778 1435/1870/1776 1436/1869/1775
f 1773/1234/1151 1768/970/890 1771/999/919
f 1771/999/919 1772/1235/1152 1773/1234/1151
f 1959/822/743 1961/1871/1777 1960/1639/1549
f 1960/1639/1549 1958/1328/1245 1959/822/743
f 1234/1872/1778 1232/1533/1444 1230/1645/1555
f 1230/1645/1555 1231/1873/1779 1234/1872/1778
f 1706/1874/1780 1174/1875/1781 1173/1742/1650
f 1173/1742/1650 1178/1876/1782 1706/1874/1780
f 870/1169/1086 1190/1680/1590 1189/1679/1589
f 1189/1679/1589 872/1877/1783 870/1169/1086
f 1277/1476/1388 1279/1138/1055 1278/1167/1084
f 1278/1167/1084 1276/1792/1700 1277/1476/1388
f 1322/1039/959 1016/1878/1784 1015/1844/1752
f 1015/1844/1752 1014/1255/1172 1322/1039/959
f 1615/1526/1437 1618/1543/1454 1617/1879/1785
f 1617/1879/1785 1616/1880/1786 1615/1526/1437
f 1385/1701/1611 1369/1747/1655 1370/1746/1654
f 1370/1746/1654 1371/1702/1612 1385/1701/1611
f 1246/1313/1230 1247/1312/1229 1245/1881/1787
f 1245/1881/1787 1244/1882/1788 1246/1313/1230
f 1809/1157/1074 1836/1883/1789 1807/1884/1790
f 1807/1884/1790 1808/1158/1075 1809/1157/1074
f 1140/1518/1430 1173/1742/1650 1138/1725/1635
f 1138/1725/1635 1139/1517/1429 1140/1518/1430
f 1292/1475/1387 1291/1474/1386 1295/1885/1791
f 1295/1885/1791 1296/1674/1584 1292/1475/1387
f 1230/1645/1555 1227/1642/1552 1229/1644/1554
f 1229/1644/1554 1231/1873/1779 1230/1645/1555
f 1085/1415/1328 1077/1417/1330 1075/785/706
f 1075/785/706 1114/1055/973 1085/1415/1328
f 1139/1517/1429 1138/1725/1635 1137/1401/1314
f 1137/1401/1314 1201/1400/1313 1139/1517/1429
f 1524/1497/1409 1585/1338/1252 1522/1337/1251
f 953/866/787 955/1636/1546 928/1552/1463
f 928/1552/1463 926/867/788 953/866/787
f 1174/1875/1781 1175/1763/1671 1138/1725/1635
f 1138/1725/1635 1173/1742/1650 1174/1875/1781
f 1356/811/732 1358/1590/1501 1357/1756/1664
f 1357/1756/1664 1355/1693/1603 1356/811/732
f 951/1321/1238 920/1264/1181 918/1684/1594
f 918/1684/1594 949/1319/1236 951/1321/1238
f 1881/1886/1792 1883/1887/1793 1884/834/755
f 1884/834/755 1882/1888/1794 1881/1886/1792
f 803/846/767 831/1758/1666 832/1094/1011
f 832/1094/1011 805/1198/1115 803/846/767
f 1541/1620/1531 1542/1064/982 1528/1102/1019
f 1528/1102/1019 1529/1726/1636 1541/1620/1531
f 1740/1080/997 1727/1729/1637 1726/1026/946
f 1726/1026/946 1729/1029/949 1740/1080/997
f 919/1263/1180 1088/858/779 1089/860/781
f 1089/860/781 917/1177/1094 919/1263/1180
f 1529/1726/1636 1530/1120/1037 1540/1284/1201
f 1540/1284/1201 1541/1620/1531 1529/1726/1636
f 1273/1666/1576 1275/1477/1389 1274/1793/1701
f 1274/1793/1701 1272/1704/1614 1273/1666/1576
f 1167/1711/1621 1188/1576/1487 1187/1575/1486
f 1187/1575/1486 1179/1505/1417 1167/1711/1621
f 1860/1280/1197 1866/1889/1795 1868/1545/1456
f 1868/1545/1456 1861/1281/1198 1860/1280/1197
f 999/948/868 997/958/878 998/957/877
f 998/957/877 1000/949/869 999/948/868
f 1010/1084/1001 1315/1180/1097 1318/1179/1096
f 1318/1179/1096 1011/1085/1002 1010/1084/1001
f 1043/1771/1679 1119/1774/1682 1045/1350/1263
f 1045/1350/1263 1044/1516/1428 1043/1771/1679
f 1703/1890/1796 1701/1891/1797 1702/1892/1798
f 1702/1892/1798 1704/1893/1799 1703/1890/1796
f 1718/1460/1372 1720/1216/1133 1721/929/849
f 1721/929/849 1719/1894/1800 1718/1460/1372
f 1103/1420/1333 1102/789/710 1105/1305/1222
f 1105/1305/1222 1106/1698/1608 1103/1420/1333
f 1797/1895/1801 1798/1458/1370 1716/1238/1155
f 1716/1238/1155 1714/1237/1154 1797/1895/1801
f 1588/1325/1242 1508/1324/1241 1510/1752/1660
f 1510/1752/1660 1587/1751/1659 1588/1325/1242
f 1941/1896/1802 1943/1897/1803 1942/1371/1284
f 1942/1371/1284 1940/1135/1052 1941/1896/1802
f 1710/1898/1804 1797/1895/1801 1714/1237/1154
f 1714/1237/1154 1712/1188/1105 1710/1898/1804
f 1607/1495/1407 794/1469/1381 1608/1468/1380
f 1121/1483/1395 1047/1351/1264 1045/1350/1263
f 1045/1350/1263 1120/1542/1453 1121/1483/1395
f 1464/1442/1354 1462/1899/1805 1476/1900/1806
f 1476/1900/1806 1477/1443/1355 1464/1442/1354
f 1115/1054/972 1075/785/706 1073/781/702
f 1073/781/702 1214/1074/991 1115/1054/972
f 939/1630/1540 1625/1220/1137 940/1219/1136
f 940/1219/1136 908/1631/1541 939/1630/1540
f 1099/893/814 1085/1415/1328 1114/1055/973
f 1114/1055/973 1113/1030/950 1099/893/814
f 1493/1537/1448 1495/1121/1038 1494/1558/1469
f 1494/1558/1469 1492/1538/1449 1493/1537/1448
f 974/853/774 972/852/773 981/1901/1807
f 981/1901/1807 980/1852/1760 974/853/774
f 1906/1902/1808 1907/1707/1617 1905/1903/1809
f 1905/1903/1809 1904/1904/1810 1906/1902/1808
f 800/840/761 802/845/766 1618/1543/1454
f 787/813/734 785/1637/1547 821/1380/1293
f 821/1380/1293 820/888/809 787/813/734
f 1619/1768/1676 804/847/768 1620/1293/1210
f 1315/1180/1097 1307/1724/1634 1314/1686/1596
f 1314/1686/1596 1317/1181/1098 1315/1180/1097
f 972/852/773 970/1228/1145 982/1227/1144
f 982/1227/1144 981/1901/1807 972/852/773
f 1769/1699/1609 1765/967/887 1768/970/890
f 1768/970/890 1773/1234/1151 1769/1699/1609
f 978/1853/1761 979/1822/1730 977/1823/1731
f 977/1823/1731 976/1431/1343 978/1853/1761
f 1194/1275/1192 866/1574/1485 865/982/902
f 865/982/902 864/981/901 1194/1275/1192
f 1740/1080/997 1745/1079/996 1741/1905/1811
f 1741/1905/1811 1727/1729/1637 1740/1080/997
f 1173/1742/1650 1176/1541/1452 1177/1540/1451
f 1177/1540/1451 1178/1876/1782 1173/1742/1650
f 1551/1864/1772 1550/1571/1482 1557/1570/1481
f 1557/1570/1481 1558/1906/1812 1551/1864/1772
f 1631/1766/1674 1632/1578/1489 1308/1579/1490
f 1308/1579/1490 1306/1765/1673 1631/1766/1674
f 1245/1881/1787 1243/1660/1570 1241/1659/1569
f 1241/1659/1569 1244/1882/1788 1245/1881/1787
f 1165/1020/940 1065/1019/939 1063/1732/1640
f 1604/1907/1813 786/1764/1672 788/815/736
f 788/815/736 1605/1503/1415 1604/1907/1813
f 1434/1601/1512 1436/1869/1775 1435/1870/1776
f 1435/1870/1776 1433/1602/1513 1434/1601/1512
f 1044/1516/1428 1049/1048/968 977/1823/1731
f 977/1823/1731 1043/1771/1679 1044/1516/1428
f 810/1856/1764 812/1908/1814 1622/1011/931
f 1622/1011/931 808/1010/930 810/1856/1764
f 1637/1628/1538 1312/1769/1677 1635/877/798
f 1463/1909/1815 1461/1910/1816 1462/1899/1805
f 1462/1899/1805 1464/1442/1354 1463/1909/1815
f 915/1112/1029 913/1106/1023 914/1174/1091
f 914/1174/1091 916/1683/1593 915/1112/1029
f 1665/1816/1724 1667/795/716 1666/798/719
f 1666/798/719 1664/1813/1721 1665/1816/1724
f 1652/1425/1338 1655/1911/1817 1654/1912/1818
f 1654/1912/1818 1653/1426/1338 1652/1425/1338
f 1527/1103/1020 1528/1102/1019 1542/1064/982
f 1542/1064/982 1543/1015/935 1527/1103/1020
f 1661/1913/1819 1660/1914/1820 1662/1815/1723
f 1662/1815/1723 1663/1814/1722 1661/1913/1819
f 1656/1915/1821 1654/1912/1818 1655/1911/1817
f 1655/1911/1817 1657/1916/1822 1656/1915/1821
f 1660/1914/1820 1661/1913/1819 1658/1917/1823
f 1658/1917/1823 1659/1918/1824 1660/1914/1820
f 1658/1917/1823 1656/1915/1821 1657/1916/1822
f 1657/1916/1822 1659/1918/1824 1658/1917/1823
f 843/1857/1765 844/1299/1216 842/1298/1215
f 842/1298/1215 841/910/830 843/1857/1765
f 1511/1851/1759 1509/1850/1758 1546/1260/1177
f 1546/1260/1177 1549/1572/1483 1511/1851/1759
f 1644/1862/1770 1642/1604/1515 1643/1607/1518
f 1643/1607/1518 1645/1863/1771 1644/1862/1770
f 997/958/878 1005/1270/1187 1006/1083/1000
f 1006/1083/1000 996/955/875 997/958/878
f 943/1008/928 944/956/876 946/1241/1158
f 946/1241/1158 945/1176/1093 943/1008/928
f 1995/871/792 1996/870/791 1989/1439/1351
f 1989/1439/1351 1987/1438/1350 1995/871/792
f 769/771/692 767/1919/1825 768/1920/1826
f 768/1920/1826 770/772/693 769/771/692
f 1668/796/717 1670/1714/1624 1669/797/718
f 1144/1211/1128 1171/1004/924 1170/1007/927
f 1170/1007/927 1142/1208/1125 1144/1211/1128
f 913/1106/1023 911/1109/1026 912/1175/1092
f 912/1175/1092 914/1174/1091 913/1106/1023
f 1859/1669/1579 1866/1889/1795 1860/1280/1197
f 1860/1280/1197 1853/925/845 1859/1669/1579
f 891/1650/1560 1260/1151/1068 893/1525/1436
f 893/1525/1436 892/1472/1384 891/1650/1560
f 1179/1505/1417 1180/1504/1416 1178/1876/1782
f 1178/1876/1782 1177/1540/1451 1179/1505/1417
f 824/1836/1744 819/887/808 820/888/809
f 820/888/809 823/900/821 824/1836/1744
f 1398/1614/1525 1394/1550/1461 1397/1921/1827
f 1397/1921/1827 1412/1922/1828 1398/1614/1525
f 1240/1923/1829 1239/1924/1830 1241/1659/1569
f 1241/1659/1569 1242/1661/1571 1240/1923/1829
f 1413/1925/1831 1414/1926/1832 1412/1922/1828
f 1412/1922/1828 1397/1921/1827 1413/1925/1831
f 1927/1927/1833 1929/1928/1834 1928/1929/1835
f 1928/1929/1835 1925/1930/1836 1927/1927/1833
f 1694/1616/1527 1692/939/859 1691/942/862
f 1691/942/862 1693/1617/1528 1694/1616/1527
f 1628/1222/1139 835/874/795 834/1381/1294
f 834/1381/1294 845/1382/1295 1628/1222/1139
f 1473/1586/1497 1474/1585/1496 1475/1866/1774
f 1475/1866/1774 1536/1838/1746 1473/1586/1497
f 1559/1931/1837 1552/1865/1773 1551/1864/1772
f 1551/1864/1772 1558/1906/1812 1559/1931/1837
f 1487/1452/1364 1488/1932/1838 1486/1761/1669
f 1486/1761/1669 1469/996/916 1487/1452/1364
f 1491/1536/1447 1489/1451/1363 1534/1454/1366
f 1534/1454/1366 1533/1858/1766 1491/1536/1447
f 1719/1894/1800 1724/1933/1839 1725/1027/947
f 1725/1027/947 1717/1239/1156 1719/1894/1800
f 1062/1733/1641 1063/1732/1640 1064/1374/1287
f 1064/1374/1287 1116/1375/1288 1062/1733/1641
f 1192/1681/1591 1190/1680/1590 1193/1274/1191
f 1193/1274/1191 1196/1273/1190 1192/1681/1591
f 836/873/794 811/1839/1747 810/1856/1764
f 810/1856/1764 809/1695/1605 836/873/794
f 1689/941/861 1690/940/860 1688/1775/1683
f 1688/1775/1683 1687/1778/1686 1689/941/861
f 1737/1934/1840 1738/1809/1717 1730/1028/948
f 1730/1028/948 1731/1935/1841 1737/1934/1840
f 919/1263/1180 917/1177/1094 918/1684/1594
f 918/1684/1594 920/1264/1181 919/1263/1180
f 1560/1936/1842 1553/1428/1340 1552/1865/1773
f 1552/1865/1773 1559/1931/1837 1560/1936/1842
f 1401/863/784 1406/1787/1695 1407/1622/1533
f 1407/1622/1533 1402/1621/1532 1401/863/784
f 1281/1137/1054 1294/1140/1057 1285/1626/1536
f 1285/1626/1536 1283/1625/1535 1281/1137/1054
f 1748/1078/995 1744/1077/994 1747/832/753
f 1747/832/753 1750/885/806 1748/1078/995
f 1810/1159/1076 1808/1158/1075 1839/1937/1843
f 1839/1937/1843 1838/1938/1844 1810/1159/1076
f 1932/1143/1060 1930/1142/1059 1931/1310/1227
f 1931/1310/1227 1933/1309/1226 1932/1143/1060
f 993/1939/1845 950/1320/1237 948/1242/1159
f 948/1242/1159 994/1292/1209 993/1939/1845
f 1520/1340/1254 1518/1339/1253 1519/1429/1341
f 1519/1429/1341 1521/1300/1217 1520/1340/1254
f 985/1940/1846 964/829/750 962/828/749
f 962/828/749 986/1941/1847 985/1940/1846
f 1390/861/782 1388/864/785 1389/1603/1514
f 1389/1603/1514 1391/1491/1403 1390/861/782
f 810/1856/1764 811/1839/1747 813/1694/1604
f 813/1694/1604 812/1908/1814 810/1856/1764
f 1018/1393/1306 992/987/907 993/1939/1845
f 993/1939/1845 1008/1394/1307 1018/1393/1306
f 1004/1560/1471 1306/1765/1673 1009/1271/1188
f 1009/1271/1188 1005/1270/1187 1004/1560/1471
f 1317/1181/1098 1327/1942/1848 1326/1450/1362
f 1326/1450/1362 1320/1178/1095 1317/1181/1098
f 825/1837/1745 854/1943/1849 853/1407/1320
f 853/1407/1320 826/1406/1319 825/1837/1745
f 1725/1027/947 1726/1026/946 1715/1240/1157
f 1715/1240/1157 1717/1239/1156 1725/1027/947
f 1783/1480/1392 1777/1482/1394 1779/1384/1297
f 1779/1384/1297 1784/1780/1688 1783/1480/1392
f 1775/1233/1150 1782/1481/1393 1769/1699/1609
f 1769/1699/1609 1773/1234/1151 1775/1233/1150
f 1513/1849/1757 1512/1753/1661 1510/1752/1660
f 1510/1752/1660 1511/1851/1759 1513/1849/1757
f 1024/908/828 1023/1052/970 1021/1051/970
f 1021/1051/970 1025/1318/1235 1024/908/828
f 1151/1249/1166 1150/1944/1850 1149/1945/1851
f 1149/1945/1851 1157/1250/1167 1151/1249/1166
f 1731/1935/1841 1724/1933/1839 1732/932/852
f 1732/932/852 1733/978/898 1731/1935/1841
f 1561/1946/1852 1554/1301/1218 1553/1428/1340
f 1553/1428/1340 1560/1936/1842 1561/1946/1852
f 948/1242/1159 946/1241/1158 995/1291/1208
f 995/1291/1208 994/1292/1209 948/1242/1159
f 1737/1934/1840 1731/1935/1841 1733/978/898
f 1733/978/898 1736/977/897 1737/1934/1840
f 1756/1196/1113 1754/1840/1748 1759/968/888
f 1759/968/888 1765/967/887 1756/1196/1113
f 1737/1934/1840 1742/1096/1013 1738/1809/1717
f 925/1130/1047 924/868/789 926/867/788
f 926/867/788 927/1678/1588 925/1130/1047
f 1502/1128/1045 1503/1104/1021 1505/1562/1473
f 1505/1562/1473 1504/1561/1472 1502/1128/1045
f 1744/1077/994 1739/1810/1718 1743/833/754
f 1743/833/754 1747/832/753 1744/1077/994
f 1730/1028/948 1725/1027/947 1724/1933/1839
f 1724/1933/1839 1731/1935/1841 1730/1028/948
f 1172/1569/1480 1140/1518/1430 1141/1209/1126
f 1141/1209/1126 1142/1208/1125 1172/1569/1480
f 1603/1334/1248 784/1333/1247 786/1764/1672
f 786/1764/1672 1604/1907/1813 1603/1334/1248
f 1923/1947/1853 1924/1948/1854 1926/1949/1855
f 1926/1949/1855 1925/1930/1836 1923/1947/1853
f 1750/885/806 1751/1731/1639 1748/1078/995
f 1286/1040/960 1285/1626/1536 1287/1950/1856
f 1287/1950/1856 1288/1041/961 1286/1040/960
f 1289/1951/1857 1295/1885/1791 1291/1474/1386
f 1291/1474/1386 1290/1667/1577 1289/1951/1857
f 1225/1608/1519 1227/1642/1552 774/779/700
f 774/779/700 772/778/699 1225/1608/1519
f 1835/1952/1858 1833/1118/1035 1834/1953/1859
f 1834/1953/1859 1807/1884/1790 1835/1952/1858
f 1158/1373/1286 1212/1390/1303 1213/1075/992
f 1213/1075/992 1214/1074/991 1158/1373/1286
f 1698/1788/1696 1697/1791/1699 1696/1615/1526
f 1696/1615/1526 1695/1618/1529 1698/1788/1696
f 1124/1821/1729 1123/1820/1728 1127/966/886
f 1127/966/886 1128/965/885 1124/1821/1729
f 849/1954/1860 830/927/847 829/926/846
f 829/926/846 850/1745/1653 849/1954/1860
f 1526/1286/1203 1505/1562/1473 1503/1104/1021
f 1503/1104/1021 1527/1103/1020 1526/1286/1203
f 1148/1207/1124 1147/1163/1080 1149/1945/1851
f 1149/1945/1851 1150/1944/1850 1148/1207/1124
f 1507/1859/1767 1506/1327/1244 1505/1562/1473
f 1505/1562/1473 1526/1286/1203 1507/1859/1767
f 1765/967/887 1758/1197/1114 1756/1196/1113
f 1766/1955/1861 1767/998/918 1763/1500/1412
f 774/779/700 1230/1645/1555 1232/1533/1444
f 1232/1533/1444 776/988/908 774/779/700
f 1506/1327/1244 1507/1859/1767 1509/1850/1758
f 1509/1850/1758 1508/1324/1241 1506/1327/1244
f 1905/1903/1809 1902/1956/1862 1903/1957/1863
f 1903/1957/1863 1904/1904/1810 1905/1903/1809
f 1079/1489/1401 1078/1422/1335 1077/1417/1330
f 1077/1417/1330 925/1130/1047 1079/1489/1401
f 1767/998/918 1764/969/889 1760/1097/1014
f 1760/1097/1014 1763/1500/1412 1767/998/918
f 1808/1158/1075 1807/1884/1790 1806/1958/1864
f 1806/1958/1864 1839/1937/1843 1808/1158/1075
f 1850/937/857 1848/1154/1071 1847/1153/1070
f 1847/1153/1070 1849/938/858 1850/937/857
f 777/1959/1865 775/989/909 776/988/908
f 776/988/908 778/1535/1446 777/1959/1865
f 989/1647/1557 957/1635/1545 956/1634/1544
f 956/1634/1544 990/1712/1622 989/1647/1557
f 1841/1434/1346 1847/1153/1070 1845/1152/1069
f 1845/1152/1069 1843/1565/1476 1841/1434/1346
f 966/920/840 964/829/750 985/1940/1846
f 985/1940/1846 984/1819/1727 966/920/840
f 921/1262/1179 1087/1436/1348 1088/858/779
f 1088/858/779 919/1263/1180 921/1262/1179
f 1727/1729/1637 1741/1905/1811 1728/1186/1103
f 1728/1186/1103 1713/1189/1106 1727/1729/1637
f 830/927/847 849/1954/1860 848/1812/1720
f 848/1812/1720 831/1758/1666 830/927/847
f 859/1648/1558 860/1960/1866 858/997/917
f 858/997/917 822/897/818 859/1648/1558
f 1675/1247/1164 1676/1246/1163 1678/1740/1648
f 1678/1740/1648 1677/1739/1647 1675/1247/1164
f 1408/1786/1694 1407/1622/1533 1406/1787/1695
f 1406/1787/1695 1410/1025/945 1408/1786/1694
f 969/1360/1273 967/1842/1750 968/1229/1146
f 968/1229/1146 970/1228/1145 969/1360/1273
f 951/1321/1238 952/986/906 954/985/905
f 954/985/905 953/866/787 951/1321/1238
f 1752/886/807 1753/1841/1749 1795/1835/1743
f 1376/1961/1867 1360/1798/1706 1377/1767/1675
f 1377/1767/1675 1375/1396/1309 1376/1961/1867
f 1311/1721/1631 1313/1687/1597 1314/1686/1596
f 1314/1686/1596 1309/1720/1630 1311/1721/1631
f 1493/1537/1448 1491/1536/1447 1533/1858/1766
f 1533/1858/1766 1532/1779/1687 1493/1537/1448
f 1716/1238/1155 1718/1460/1372 1719/1894/1800
f 1719/1894/1800 1717/1239/1156 1716/1238/1155
f 1959/822/743 1974/821/742 1975/1962/1868
f 1975/1962/1868 1961/1871/1777 1959/822/743
f 1031/1963/827 1029/1868/827 1030/1867/827
f 1030/1867/827 1032/1964/827 1031/1963/827
f 1837/1965/1869 1814/1966/1870 1810/1159/1076
f 1810/1159/1076 1838/1938/1844 1837/1965/1869
f 1814/1966/1870 1815/1735/1643 1813/1967/1871
f 1813/1967/1871 1810/1159/1076 1814/1966/1870
f 1581/1043/963 1582/1042/962 1580/1057/975
f 1580/1057/975 1579/1056/974 1581/1043/963
f 1133/1690/1600 1134/1512/1424 1129/891/812
f 1129/891/812 1132/964/884 1133/1690/1600
f 786/1764/1672 785/1637/1547 787/813/734
f 787/813/734 788/815/736 786/1764/1672
f 1381/809/730 1354/812/733 1353/1825/1733
f 1353/1825/1733 1362/1824/1732 1381/809/730
f 1814/1966/1870 1816/1736/1644 1815/1735/1643
f 1335/972/892 1336/971/891 1334/1818/1726
f 1334/1818/1726 1333/1817/1725 1335/972/892
f 1273/1666/1576 1271/1706/1616 1289/1951/1857
f 1289/1951/1857 1290/1667/1577 1273/1666/1576
f 1821/1641/1551 1822/1594/1505 1823/1593/1504
f 1032/1964/827 1034/1331/827 1033/1330/827
f 1033/1330/827 1031/1963/827 1032/1964/827
f 875/803/724 878/802/723 876/1044/964
f 876/1044/964 867/975/895 875/803/724
f 1706/1874/1780 1178/1876/1782 1180/1504/1416
f 1180/1504/1416 1707/1677/1587 1706/1874/1780
f 1154/1162/1079 1155/1514/1426 1149/1945/1851
f 1149/1945/1851 1147/1163/1080 1154/1162/1079
f 1119/1774/1682 1124/1821/1729 1120/1542/1453
f 1120/1542/1453 1045/1350/1263 1119/1774/1682
f 1832/1117/1034 1834/1953/1859 1833/1118/1035
f 1259/1148/1065 1255/1649/1559 1257/1676/1586
f 1257/1676/1586 1258/777/698 1259/1148/1065
f 1835/1952/1858 1807/1884/1790 1836/1883/1789
f 881/1053/971 883/1968/1872 884/1969/1873
f 884/1969/1873 882/1970/1874 881/1053/971
f 967/1842/1750 1053/1971/1875 1054/1723/1633
f 1054/1723/1633 965/921/841 967/1842/1750
f 1614/1744/1652 1613/1527/1438 1615/1526/1437
f 1615/1526/1437 1616/1880/1786 1614/1744/1652
f 1347/1655/1565 1340/944/864 1346/1564/1475
f 1346/1564/1475 1349/1656/1566 1347/1655/1565
f 962/828/749 960/1201/1118 987/1508/1420
f 987/1508/1420 986/1941/1847 962/828/749
f 1866/1889/1795 1859/1669/1579 1864/1831/1739
f 1864/1831/1739 1865/1972/1876 1866/1889/1795
f 1261/1523/1434 893/1525/1436 1260/1151/1068
f 1260/1151/1068 1264/1150/1067 1261/1523/1434
f 1868/1545/1456 1867/1973/1877 1877/1974/1878
f 1877/1974/1878 1869/1546/1457 1868/1545/1456
f 2006/935/855 2007/934/854 2005/1317/1234
f 2005/1317/1234 2004/1316/1233 2006/935/855
f 855/1975/1879 854/1943/1849 825/1837/1745
f 825/1837/1745 824/1836/1744 855/1975/1879
f 1879/1182/1099 1873/1185/1102 1872/1716/1626
f 1872/1716/1626 1871/1715/1625 1879/1182/1099
f 1898/792/713 1897/791/712 1900/1976/1880
f 1900/1976/1880 1899/1977/1881 1898/792/713
f 1871/1715/1625 1869/1546/1457 1877/1974/1878
f 1877/1974/1878 1878/1978/1882 1871/1715/1625
f 1565/1979/1883 1566/1478/1390 1568/1335/1249
f 1568/1335/1249 1567/1980/1884 1565/1979/1883
f 1153/1165/1082 1152/1689/1599 1203/1446/1358
f 1203/1446/1358 1205/1449/1361 1153/1165/1082
f 1444/1410/1323 1445/1494/1406 1446/1493/1405
f 1446/1493/1405 1443/1411/1324 1444/1410/1323
f 1162/1231/1148 1163/1018/938 1167/1711/1621
f 1167/1711/1621 1168/1232/1149 1162/1231/1148
f 1181/1506/1418 1187/1575/1486 1183/1577/1488
f 1183/1577/1488 1182/1507/1419 1181/1506/1418
f 1128/965/885 1125/890/811 1120/1542/1453
f 1120/1542/1453 1124/1821/1729 1128/965/885
f 1857/1830/1738 1858/1668/1578 1856/1433/1345
f 1856/1433/1345 1840/1432/1344 1857/1830/1738
f 822/897/818 821/1380/1293 782/799/720
f 782/799/720 859/1648/1558 822/897/818
f 1867/1973/1877 1868/1545/1456 1866/1889/1795
f 1866/1889/1795 1865/1972/1876 1867/1973/1877
f 1858/1668/1578 1851/924/844 1849/938/858
f 1849/938/858 1856/1433/1345 1858/1668/1578
f 1841/1434/1346 1856/1433/1345 1849/938/858
f 1849/938/858 1847/1153/1070 1841/1434/1346
f 1040/1981/827 1041/1982/827 1038/1983/827
f 1038/1983/827 1039/1984/827 1040/1981/827
f 1098/896/817 1097/859/780 1088/858/779
f 1088/858/779 1087/1436/1348 1098/896/817
f 1843/1565/1476 1845/1152/1069 1846/1155/1072
f 1846/1155/1072 1844/1566/1477 1843/1565/1476
f 1916/1522/1432 1919/1828/1736 1918/1827/1735
f 1918/1827/1735 1917/1520/1432 1916/1522/1432
f 929/1551/1462 931/1554/1465 935/1531/1442
f 935/1531/1442 936/1530/1441 929/1551/1462
f 1862/1278/1195 1861/1281/1198 1870/1544/1455
f 1870/1544/1455 1863/1985/1885 1862/1278/1195
f 1000/949/869 1623/1303/1220 1627/1986/1886
f 1627/1986/1886 1002/950/870 1000/949/869
f 1762/1323/1240 1766/1955/1861 1763/1500/1412
f 1763/1500/1412 1761/1322/1239 1762/1323/1240
f 1479/1832/1740 1482/1202/1119 1483/1205/1122
f 1483/1205/1122 1481/1987/1887 1479/1832/1740
f 1883/1887/1793 1885/835/756 1884/834/755
f 1160/1006/926 1071/784/705 1069/991/911
f 1069/991/911 1161/1145/1062 1160/1006/926
f 826/1406/1319 817/1131/1048 818/1349/1262
f 818/1349/1262 825/1837/1745 826/1406/1319
f 1788/1369/1282 1790/1368/1281 1789/1988/1888
f 1789/1988/1888 1782/1481/1393 1788/1369/1282
f 1416/1797/1705 1412/1922/1828 1414/1926/1832
f 1414/1926/1832 1415/1795/1703 1416/1797/1705
f 1156/1444/1356 1157/1250/1167 1149/1945/1851
f 1149/1945/1851 1155/1514/1426 1156/1444/1356
f 1894/823/744 1896/794/715 1895/793/714
f 1377/1767/1675 1358/1590/1501 1379/1589/1500
f 1379/1589/1500 1378/1397/1310 1377/1767/1675
f 1240/1923/1829 1238/1653/1563 1237/1652/1562
f 1237/1652/1562 1239/1924/1830 1240/1923/1829
f 1900/1976/1880 1901/1989/1889 1899/1977/1881
f 1198/1990/1890 1135/1691/1601 1133/1690/1600
f 1133/1690/1600 1197/1713/1623 1198/1990/1890
f 1567/1980/1884 1568/1335/1249 1570/1336/1250
f 1570/1336/1250 1569/1547/1458 1567/1980/1884
f 788/815/736 789/814/735 791/817/738
f 791/817/738 790/816/737 788/815/736
f 1906/1902/1808 1908/1708/1618 1907/1707/1617
f 874/974/894 886/1061/979 885/804/725
f 885/804/725 875/803/724 874/974/894
f 1578/1058/976 1571/1548/1459 1572/1062/980
f 1572/1062/980 1573/1059/977 1578/1058/976
f 1914/1192/1109 1915/1521/1433 1913/1193/1110
f 1624/1218/1135 1626/1221/1138 1627/1986/1886
f 1627/1986/1886 1623/1303/1220 1624/1218/1135
f 1825/1592/1503 1824/1591/1502 1826/1356/1269
f 1826/1356/1269 1827/1355/1268 1825/1592/1503
f 1812/1991/1891 1811/1156/1073 1810/1159/1076
f 1810/1159/1076 1813/1967/1871 1812/1991/1891
f 1921/1829/1737 1922/1992/1892 1920/1826/1734
f 1063/1732/1640 1065/1019/939 1066/1147/1064
f 1066/1147/1064 1064/1374/1287 1063/1732/1640
f 1755/1195/1112 1753/1841/1749 1754/1840/1748
f 1754/1840/1748 1756/1196/1113 1755/1195/1112
f 1925/1930/1836 1926/1949/1855 1927/1927/1833
f 1701/1891/1797 1699/1790/1698 1700/1789/1697
f 1700/1789/1697 1702/1892/1798 1701/1891/1797
f 1928/1929/1835 1929/1928/1834 1880/1993/1893
f 1562/808/729 1555/807/728 1554/1301/1218
f 1554/1301/1218 1561/1946/1852 1562/808/729
f 1037/1727/827 1039/1984/827 1038/1983/827
f 1038/1983/827 1036/1728/827 1037/1727/827
f 929/1551/1462 927/1678/1588 926/867/788
f 926/867/788 928/1552/1463 929/1551/1462
f 1973/819/740 1959/822/743 1958/1328/1245
f 1958/1328/1245 1957/917/837 1973/819/740
f 871/1170/1087 870/1169/1086 872/1877/1783
f 872/1877/1783 873/1486/1398 871/1170/1087
f 1933/1309/1226 1934/1405/1318 1947/1144/1061
f 1947/1144/1061 1932/1143/1060 1933/1309/1226
f 1401/863/784 1400/862/783 1405/1022/942
f 1405/1022/942 1406/1787/1695 1401/863/784
f 1995/871/792 1987/1438/1350 1994/1580/1491
f 1994/1580/1491 2004/1316/1233 1995/871/792
f 994/1292/1209 1007/1086/1003 1008/1394/1307
f 1008/1394/1307 993/1939/1845 994/1292/1209
f 1952/1994/1894 1939/1134/1051 1951/1995/1895
f 1951/1995/1895 1953/1996/1896 1952/1994/1894
f 1891/1847/1755 1890/1846/1754 1892/825/746
f 1892/825/746 1893/824/745 1891/1847/1755
f 1373/1267/1184 1374/1266/1183 1376/1961/1867
f 1376/1961/1867 1375/1396/1309 1373/1267/1184
f 1902/1956/1862 1901/1989/1889 1900/1976/1880
f 1900/1976/1880 1903/1957/1863 1902/1956/1862
f 1232/1533/1444 1234/1872/1778 1235/1997/1897
f 1235/1997/1897 1233/1534/1445 1232/1533/1444
f 952/986/906 950/1320/1237 993/1939/1845
f 993/1939/1845 992/987/907 952/986/906
f 775/989/909 777/1959/1865 779/1998/1898
f 779/1998/1898 780/1353/1266 775/989/909
f 824/1836/1744 823/900/821 856/899/820
f 856/899/820 855/1975/1879 824/1836/1744
f 1743/833/754 1739/1810/1718 1738/1809/1717
f 1738/1809/1717 1742/1096/1013 1743/833/754
f 1427/1067/985 1429/1799/1707 1430/1800/1708
f 1430/1800/1708 1428/1068/986 1427/1067/985
f 969/1360/1273 1052/1261/1178 1053/1971/1875
f 1053/1971/1875 967/1842/1750 969/1360/1273
f 1920/1826/1734 1922/1992/1892 1924/1948/1854
f 1924/1948/1854 1923/1947/1853 1920/1826/1734
f 1082/1568/1479 934/1529/1440 1084/1413/1326
f 1084/1413/1326 1083/1646/1556 1082/1568/1479
f 1870/1544/1455 1872/1716/1626 1876/1770/1678
f 1876/1770/1678 1863/1985/1885 1870/1544/1455
f 1480/1584/1495 1472/1583/1494 1479/1832/1740
f 1479/1832/1740 1481/1987/1887 1480/1584/1495
f 1018/1393/1306 1013/1392/1305 1017/1845/1753
f 1017/1845/1753 1019/1999/1899 1018/1393/1306
f 1148/1207/1124 1150/1944/1850 1151/1249/1166
f 1151/1249/1166 1146/1206/1123 1148/1207/1124
f 1465/882/803 1463/1909/1815 1464/1442/1354
f 1464/1442/1354 1466/883/804 1465/882/803
f 1951/1995/1895 1939/1134/1051 1937/1133/1050
f 1937/1133/1050 1950/1762/1670 1951/1995/1895
f 1154/1162/1079 1207/1582/1493 1209/1513/1425
f 1209/1513/1425 1155/1514/1426 1154/1162/1079
f 1298/1633/1543 1287/1950/1856 1285/1626/1536
f 1285/1626/1536 1294/1140/1057 1298/1633/1543
f 1322/1039/959 1324/1038/958 1325/2000/1900
f 1325/2000/1900 1016/1878/1784 1322/1039/959
f 1953/1996/1896 1943/1897/1803 1941/1896/1802
f 1941/1896/1802 1952/1994/1894 1953/1996/1896
f 1489/1451/1363 1490/1539/1450 1488/1932/1838
f 1488/1932/1838 1487/1452/1364 1489/1451/1363
f 1828/1357/1270 1830/1116/1033 1831/1119/1036
f 1831/1119/1036 1829/1358/1271 1828/1357/1270
f 1319/1256/1173 1014/1255/1172 1013/1392/1305
f 1013/1392/1305 1012/1391/1304 1319/1256/1173
f 1103/1420/1333 1094/1114/1031 1095/790/711
f 1095/790/711 1102/789/710 1103/1420/1333
f 1307/1724/1634 1009/1271/1188 1306/1765/1673
f 1306/1765/1673 1308/1579/1490 1307/1724/1634
f 1518/1339/1253 1585/1338/1252 1514/1295/1212
f 1514/1295/1212 1516/1294/1211 1518/1339/1253
f 1417/1796/1704 1418/1161/1078 1411/1160/1077
f 1411/1160/1077 1416/1797/1705 1417/1796/1704
f 1152/1689/1599 1139/1517/1429 1201/1400/1313
f 1201/1400/1313 1203/1446/1358 1152/1689/1599
f 811/1839/1747 1353/1825/1733 1354/812/733
f 1354/812/733 813/1694/1604 811/1839/1747
f 896/2001/1901 897/1225/1142 894/1224/1141
f 894/1224/1141 895/1524/1435 896/2001/1901
f 1711/1187/1104 1709/2002/1902 1710/1898/1804
f 1710/1898/1804 1712/1188/1105 1711/1187/1104
f 1672/1173/1090 1341/1172/1089 1340/944/864
f 1340/944/864 1339/943/863 1672/1173/1090
f 1302/2003/1903 1303/2004/1904 1305/1485/1397
f 1305/1485/1397 1304/1484/1396 1302/2003/1903
f 1940/1135/1052 1939/1134/1051 1952/1994/1894
f 1952/1994/1894 1941/1896/1802 1940/1135/1052
f 1776/849/770 1778/843/764 1779/1384/1297
f 1779/1384/1297 1777/1482/1394 1776/849/770
f 1135/1691/1601 1198/1990/1890 1199/1402/1315
f 1199/1402/1315 1137/1401/1314 1135/1691/1601
f 1499/913/833 1501/1105/1022 1500/1127/1044
f 1500/1127/1044 1498/914/834 1499/913/833
f 1302/2003/1903 1301/1252/1169 1300/1251/1168
f 1300/1251/1168 1303/2004/1904 1302/2003/1903
f 1986/1581/1492 2008/933/853 2009/936/856
f 2009/936/856 1994/1580/1491 1986/1581/1492
f 935/1531/1442 931/1554/1465 932/1414/1327
f 932/1414/1327 933/1528/1439 935/1531/1442
f 1997/1673/1583 1996/870/791 2002/869/790
f 2002/869/790 2001/1749/1657 1997/1673/1583
f 1997/1673/1583 1999/1123/1040 1998/1126/1043
f 1998/1126/1043 1991/1555/1466 1997/1673/1583
f 958/1509/1421 930/1553/1464 928/1552/1463
f 928/1552/1463 957/1635/1545 958/1509/1421
f 1531/1122/1039 1539/1285/1202 1540/1284/1201
f 1540/1284/1201 1530/1120/1037 1531/1122/1039
f 1183/1577/1488 1166/1557/1468 1164/1021/941
f 1164/1021/941 1185/1843/1751 1183/1577/1488
f 1370/1746/1654 1368/1035/955 1388/864/785
f 1388/864/785 1401/863/784 1370/1746/1654
f 888/1596/1507 902/1595/1506 887/1060/978
f 887/1060/978 874/974/894 888/1596/1507
f 780/1353/1266 779/1998/1898 860/1960/1866
f 860/1960/1866 859/1648/1558 780/1353/1266
f 1397/1921/1827 1394/1550/1461 1396/1781/1689
f 1396/1781/1689 2010/2005/1905 1397/1921/1827
f 1975/1962/1868 1974/821/742 1984/1501/1413
f 1984/1501/1413 1985/1502/1414 1975/1962/1868
f 1083/1646/1556 1084/1413/1326 959/1200/1117
f 959/1200/1117 961/827/748 1083/1646/1556
f 904/1099/1016 897/1225/1142 896/2001/1901
f 896/2001/1901 937/1848/1756 904/1099/1016
f 1525/1498/1410 1523/1302/1219 1555/807/728
f 1555/807/728 1564/806/727 1525/1498/1410
f 899/1470/1382 898/1223/1140 903/1226/1143
f 903/1226/1143 1107/1430/1342 899/1470/1382
f 1265/774/695 1258/777/698 1257/1676/1586
f 1257/1676/1586 1266/1688/1598 1265/774/695
f 1593/1063/981 1592/1479/1391 1594/768/689
f 1594/768/689 1574/767/688 1593/1063/981
f 1548/1259/1176 1556/1573/1484 1549/1572/1483
f 1549/1572/1483 1546/1260/1177 1548/1259/1176
f 1787/1366/1279 1786/1784/1692 1792/2006/1906
f 1792/2006/1906 1791/1367/1280 1787/1366/1279
f 909/1719/1629 1092/1108/1025 1093/1115/1032
f 1093/1115/1032 907/1101/1018 909/1719/1629
f 889/1244/1161 1254/1487/1399 1255/1649/1559
f 1255/1649/1559 891/1650/1560 889/1244/1161
f 1167/1711/1621 1163/1018/938 1166/1557/1468
f 1166/1557/1468 1188/1576/1487 1167/1711/1621
f 796/1519/1431 1613/1527/1438 1609/1466/1378
f 1609/1466/1378 794/1469/1381 796/1519/1431
f 1807/1884/1790 1834/1953/1859 1805/2007/1907
f 1805/2007/1907 1806/1958/1864 1807/1884/1790
f 1315/1180/1097 1010/1084/1001 1009/1271/1188
f 1009/1271/1188 1307/1724/1634 1315/1180/1097
f 1482/1202/1119 1477/1443/1355 1476/1900/1806
f 1476/1900/1806 1484/1203/1120 1482/1202/1119
f 925/1130/1047 1077/1417/1330 1086/1416/1329
f 1086/1416/1329 923/1129/1046 925/1130/1047
f 1736/977/897 1761/1322/1239 1742/1096/1013
f 1742/1096/1013 1737/1934/1840 1736/977/897
f 1769/1699/1609 1782/1481/1393 1789/1988/1888
f 1789/1988/1888 1770/1700/1610 1769/1699/1609
f 1487/1452/1364 1469/996/916 1471/995/915
f 1471/995/915 1535/1453/1365 1487/1452/1364
f 1412/1922/1828 1416/1797/1705 1411/1160/1077
f 1411/1160/1077 1398/1614/1525 1412/1922/1828
f 1880/1993/1893 1881/1886/1792 1882/1888/1794
f 1882/1888/1794 1928/1929/1835 1880/1993/1893
f 992/987/907 1018/1393/1306 1019/1999/1899
f 1019/1999/1899 991/984/904 992/987/907
f 1993/1125/1042 1992/1556/1467 1991/1555/1466
f 1991/1555/1466 1998/1126/1043 1993/1125/1042
f 1800/1833/1741 1801/2008/1908 1722/1217/1134
f 1722/1217/1134 1720/1216/1133 1800/1833/1741
f 1210/1811/1719 1216/1389/1302 1212/1390/1303
f 1212/1390/1303 1211/1445/1357 1210/1811/1719
f 2011/2009/1909 1705/2010/1909 1703/1890/1796
f 1703/1890/1796 1704/1893/1799 2011/2009/1909
f 1399/1269/1186 1398/1614/1525 1411/1160/1077
f 1411/1160/1077 1404/1023/943 1399/1269/1186
f 1724/1933/1839 1719/1894/1800 1721/929/849
f 1721/929/849 1732/932/852 1724/1933/1839
f 1746/830/751 1759/968/888 1754/1840/1748
f 1754/1840/1748 1749/831/752 1746/830/751
f 1049/1048/968 1044/1516/1428 1048/1515/1427
f 1048/1515/1427 1050/1045/965 1049/1048/968
f 882/1970/1874 879/1755/1663 878/802/723
f 878/802/723 881/1053/971 882/1970/1874
f 1969/1376/1289 1970/1329/1246 1971/1638/1548
f 1971/1638/1548 1968/1377/1290 1969/1376/1289
f 1316/1685/1595 1328/2011/1910 1327/1942/1848
f 1327/1942/1848 1317/1181/1098 1316/1685/1595
f 1875/1183/1100 1879/1182/1099 1871/1715/1625
f 1871/1715/1625 1878/1978/1882 1875/1183/1100
f 1965/1654/1564 1970/1329/1246 1969/1376/1289
f 1969/1376/1289 1967/1379/1292 1965/1654/1564
f 900/1597/1508 1108/1794/1702 901/1598/1509
f 2151/2012/1911 2152/2013/1912 2153/2014/1912
f 2153/2014/1912 2154/2015/1912 2151/2012/1911
f 2088/2016/1913 2087/2017/1914 2089/2018/1915
f 2089/2018/1915 2090/2019/1916 2088/2016/1913
f 2083/2020/1917 2084/2021/1918 2086/2022/1919
f 2086/2022/1919 2085/2023/1919 2083/2020/1917
f 2016/2016/1920 2014/2019/1921 2015/2018/1922
f 2015/2018/1922 2017/2017/1923 2016/2016/1920
f 2069/2024/1924 2070/2025/1925 2071/2026/1926
f 2071/2026/1926 2068/2027/1927 2069/2024/1924
f 2090/2019/1916 2089/2018/1915 2091/2028/1928
f 2091/2028/1928 2092/2029/1928 2090/2019/1916
f 2166/2030/1929 2167/2031/1930 2168/2032/1931
f 2168/2032/1931 2169/2033/1932 2166/2030/1929
f 2029/2034/1933 2027/2035/1934 2030/2036/1935
f 2178/2037/1936 2175/2035/1937 2177/2036/1938
f 2177/2036/1938 2179/2038/1939 2178/2037/1936
f 2178/2037/1936 2179/2038/1939 2181/2039/1940
f 2181/2039/1940 2180/2040/1941 2178/2037/1936
f 2180/2040/1941 2181/2039/1940 2183/2041/1942
f 2183/2041/1942 2182/2042/1943 2180/2040/1941
f 2200/2043/1944 2202/2044/1945 2203/2045/1946
f 2203/2045/1946 2201/2046/1947 2200/2043/1944
f 2184/2047/1948 2185/2048/1949 2187/2049/1950
f 2187/2049/1950 2186/2050/1951 2184/2047/1948
f 2035/2042/1952 2037/2047/1953 2038/2048/1954
f 2038/2048/1954 2036/2041/1955 2035/2042/1952
f 2047/2051/1956 2048/2052/1956 2050/2053/1957
f 2050/2053/1957 2049/2054/1958 2047/2051/1956
f 2190/2055/1959 2191/2056/1959 2193/2057/1960
f 2193/2057/1960 2192/2058/1960 2190/2055/1959
f 2043/2055/1961 2045/2058/1962 2046/2057/1962
f 2046/2057/1962 2044/2056/1963 2043/2055/1961
f 2188/2059/1964 2189/2060/1965 2191/2056/1959
f 2191/2056/1959 2190/2055/1959 2188/2059/1964
f 2186/2050/1951 2187/2049/1950 2189/2060/1965
f 2189/2060/1965 2188/2059/1964 2186/2050/1951
f 2037/2047/1953 2039/2050/1966 2040/2049/1967
f 2040/2049/1967 2038/2048/1954 2037/2047/1953
f 2204/2061/1968 2206/2062/1969 2207/2063/1970
f 2207/2063/1970 2205/2064/1968 2204/2061/1968
f 2202/2044/1945 2204/2061/1968 2205/2064/1968
f 2205/2064/1968 2203/2045/1946 2202/2044/1945
f 2051/2065/1971 2052/2066/1972 2054/2046/1973
f 2054/2046/1973 2053/2043/1974 2051/2065/1971
f 2207/2063/1970 2206/2062/1969 2208/2067/1975
f 2208/2067/1975 2209/2068/1976 2207/2063/1970
f 2062/2068/1977 2063/2069/1978 2061/2067/1979
f 2028/2070/1980 2026/2071/1980 2027/2035/1934
f 2027/2035/1934 2029/2034/1933 2028/2070/1980
f 2066/2072/1981 2067/2073/1982 2068/2027/1927
f 2107/2074/1919 2105/2015/1919 2108/2075/1919
f 2108/2075/1919 2109/2076/1919 2107/2074/1919
f 2132/2026/1983 2135/2025/1984 2139/2024/1985
f 2139/2024/1985 2138/2027/1986 2132/2026/1983
f 2147/2077/1987 2149/2078/1988 2150/2079/1989
f 2150/2079/1989 2151/2012/1911 2147/2077/1987
f 2128/2080/1990 2130/2081/1991 2131/2082/1992
f 2131/2082/1992 2129/2083/1993 2128/2080/1990
f 2073/2082/1994 2074/2083/1995 2075/2084/1996
f 2073/2082/1994 2076/2085/1997 2071/2026/1926
f 2023/2086/1998 2022/2087/1999 2024/2088/2000
f 2024/2088/2000 2025/2089/2000 2023/2086/1998
f 2021/2020/2001 2020/2021/2002 2022/2087/1999
f 2022/2087/1999 2023/2086/1998 2021/2020/2001
f 2019/2022/1912 2020/2021/2002 2021/2020/2001
f 2021/2020/2001 2018/2023/1912 2019/2022/1912
f 2016/2016/1920 2017/2017/1923 2019/2022/1912
f 2019/2022/1912 2018/2023/1912 2016/2016/1920
f 2083/2020/1917 2081/2086/2003 2082/2087/2004
f 2082/2087/2004 2084/2021/1918 2083/2020/1917
f 2014/2019/1921 2012/2029/2005 2013/2028/2006
f 2013/2028/2006 2015/2018/1922 2014/2019/1921
f 2145/2090/2007 2143/2091/2008 2146/2092/2009
f 2146/2092/2009 2147/2077/1987 2145/2090/2007
f 2147/2077/1987 2146/2092/2009 2148/2093/2010
f 2148/2093/2010 2149/2078/1988 2147/2077/1987
f 2166/2030/1929 2163/2094/2011 2165/2095/2012
f 2165/2095/2012 2167/2031/1930 2166/2030/1929
f 2101/2079/2013 2102/2012/2014 2103/2013/1919
f 2113/2096/1919 2111/2097/1919 2114/2094/2015
f 2114/2094/2015 2115/2098/1919 2113/2096/1919
f 2112/2099/2016 2110/2100/2016 2111/2097/1919
f 2111/2097/1919 2113/2096/1919 2112/2099/2016
f 2157/2075/1912 2154/2015/1912 2156/2074/1912
f 2156/2074/1912 2158/2076/1912 2157/2075/1912
f 2157/2075/1912 2158/2076/1912 2159/2100/2017
f 2159/2100/2017 2160/2097/2017 2157/2075/1912
f 2160/2097/2017 2159/2100/2017 2161/2099/2017
f 2161/2099/2017 2162/2096/1912 2160/2097/2017
f 2163/2094/2011 2160/2097/2017 2162/2096/1912
f 2162/2096/1912 2164/2098/1912 2163/2094/2011
f 2114/2094/2015 2116/2095/2018 2115/2098/1919
f 2106/2101/2019 2104/2014/1919 2105/2015/1919
f 2105/2015/1919 2107/2074/1919 2106/2101/2019
f 2081/2086/2003 2079/2089/2020 2080/2088/2021
f 2080/2088/2021 2082/2087/2004 2081/2086/2003
f 2086/2022/1919 2087/2017/1914 2088/2016/1913
f 2088/2016/1913 2085/2023/1919 2086/2022/1919
f 2095/2091/2022 2093/2102/2023 2094/2103/2024
f 2094/2103/2024 2096/2090/2025 2095/2091/2022
f 2125/2104/2026 2126/2105/2027 2127/2106/2027
f 2071/2026/1926 2076/2085/1997 2077/2107/2028
f 2077/2107/2028 2078/2108/2029 2071/2026/1926
f 2070/2025/1925 2072/2081/2030 2073/2082/1994
f 2073/2082/1994 2071/2026/1926 2070/2025/1925
f 2131/2082/1992 2132/2026/1983 2133/2085/2031
f 2214/2105/2032 2213/2106/2032 2074/2083/1995
f 2074/2083/1995 2215/2080/2033 2214/2105/2032
f 2130/2081/1991 2136/2109/2034 2135/2025/1984
f 2030/2036/1935 2027/2035/1934 2031/2037/2035
f 2031/2037/2035 2032/2038/2036 2030/2036/1935
f 2068/2027/1927 2067/2073/1982 2219/2110/2037
f 2219/2110/2037 2069/2024/1924 2068/2027/1927
f 2097/2092/2038 2095/2091/2022 2096/2090/2025
f 2096/2090/2025 2098/2077/2039 2097/2092/2038
f 2170/2111/2040 2166/2030/1929 2169/2033/1932
f 2169/2033/1932 2171/2112/2008 2170/2111/2040
f 2131/2082/1992 2130/2081/1991 2135/2025/1984
f 2135/2025/1984 2132/2026/1983 2131/2082/1992
f 2101/2079/2013 2100/2078/2041 2098/2077/2039
f 2098/2077/2039 2102/2012/2014 2101/2079/2013
f 2150/2079/1989 2152/2013/1912 2151/2012/1911
f 2104/2014/1919 2103/2013/1919 2102/2012/2014
f 2102/2012/2014 2105/2015/1919 2104/2014/1919
f 2073/2082/1994 2072/2081/2030 2215/2080/2033
f 2215/2080/2033 2074/2083/1995 2073/2082/1994
f 2110/2100/2016 2109/2076/1919 2108/2075/1919
f 2108/2075/1919 2111/2097/1919 2110/2100/2016
f 2154/2015/1912 2153/2014/1912 2155/2101/2042
f 2155/2101/2042 2156/2074/1912 2154/2015/1912
f 2099/2093/2043 2097/2092/2038 2098/2077/2039
f 2098/2077/2039 2100/2078/2041 2099/2093/2043
f 2163/2094/2011 2164/2098/1912 2165/2095/2012
f 2116/2095/2018 2114/2094/2015 2117/2030/2044
f 2117/2030/2044 2118/2031/2045 2116/2095/2018
f 2119/2032/2046 2118/2031/2045 2117/2030/2044
f 2117/2030/2044 2120/2033/2047 2119/2032/2046
f 2120/2033/2047 2117/2030/2044 2121/2111/2025
f 2121/2111/2025 2122/2112/2022 2120/2033/2047
f 2144/2103/2048 2142/2102/2048 2143/2091/2008
f 2143/2091/2008 2145/2090/2007 2144/2103/2048
f 2064/2113/2049 2063/2069/1978 2062/2068/1977
f 2062/2068/1977 2065/2114/2050 2064/2113/2049
f 2175/2035/1937 2176/2034/2051 2177/2036/1938
f 2061/2067/1979 2059/2062/2052 2060/2063/2053
f 2060/2063/2053 2062/2068/1977 2061/2067/1979
f 2193/2057/1960 2194/2051/2054 2195/2052/2054
f 2195/2052/2054 2192/2058/1960 2193/2057/1960
f 2055/2044/2055 2056/2045/2056 2058/2064/2057
f 2058/2064/2057 2057/2061/2058 2055/2044/2055
f 2053/2043/1974 2054/2046/1973 2056/2045/2056
f 2056/2045/2056 2055/2044/2055 2053/2043/1974
f 2198/2065/2059 2200/2043/1944 2201/2046/1947
f 2201/2046/1947 2199/2066/2060 2198/2065/2059
f 2039/2050/1966 2041/2059/2061 2042/2060/2062
f 2042/2060/2062 2040/2049/1967 2039/2050/1966
f 2194/2051/2054 2196/2054/2063 2197/2053/2063
f 2197/2053/2063 2195/2052/2054 2194/2051/2054
f 2041/2059/2061 2043/2055/1961 2044/2056/1963
f 2044/2056/1963 2042/2060/2062 2041/2059/2061
f 2046/2057/1962 2045/2058/1962 2048/2052/1956
f 2048/2052/1956 2047/2051/1956 2046/2057/1962
f 2033/2040/2064 2035/2042/1952 2036/2041/1955
f 2036/2041/1955 2034/2039/2065 2033/2040/2064
f 2049/2054/1958 2050/2053/1957 2052/2066/1972
f 2052/2066/1972 2051/2065/1971 2049/2054/1958
f 2122/2112/2022 2121/2111/2025 2123/2115/2023
f 2123/2115/2023 2124/2116/2023 2122/2112/2022
f 2182/2042/1943 2183/2041/1942 2185/2048/1949
f 2185/2048/1949 2184/2047/1948 2182/2042/1943
f 2196/2054/2063 2198/2065/2059 2199/2066/2060
f 2199/2066/2060 2197/2053/2063 2196/2054/2063
f 2057/2061/2058 2058/2064/2057 2060/2063/2053
f 2060/2063/2053 2059/2062/2052 2057/2061/2058
f 2138/2027/1986 2139/2024/1985 2141/2110/2066
f 2141/2110/2066 2140/2073/2067 2138/2027/1986
f 2208/2067/1975 2210/2069/2068 2209/2068/1976
f 2175/2035/1937 2173/2071/2069 2174/2070/2070
f 2174/2070/2070 2176/2034/2051 2175/2035/1937
f 2212/2104/2071 2213/2106/2032 2214/2105/2032
f 2126/2105/2027 2128/2080/1990 2129/2083/1993
f 2129/2083/1993 2127/2106/2027 2126/2105/2027
f 2215/2080/2033 2072/2081/2030 2216/2117/2072
f 2072/2081/2030 2070/2025/1925 2217/2109/2073
f 2219/2110/2037 2220/2118/2074 2069/2024/1924
f 2031/2037/2035 2033/2040/2064 2034/2039/2065
f 2034/2039/2065 2032/2038/2036 2031/2037/2035
f 2134/2107/2075 2133/2085/2031 2132/2026/1983
f 2132/2026/1983 2226/2108/2076 2134/2107/2075
f 2172/2115/2077 2170/2111/2040 2171/2112/2008
f 2171/2112/2008 2229/2116/2048 2172/2115/2077
f 2218/2119/2078 2217/2109/2073 2070/2025/1925
f 2070/2025/1925 2221/2120/2078 2218/2119/2078
f 2209/2068/1976 2210/2069/2068 2211/2113/2079
f 2211/2113/2079 2222/2114/2079 2209/2068/1976
f 2135/2025/1984 2136/2109/2034 2137/2119/2080
f 2137/2119/2080 2223/2120/2081 2135/2025/1984
f 2130/2081/1991 2128/2080/1990 2224/2117/2082
f 2129/2083/1993 2131/2082/1992 2225/2084/2083
f 2141/2110/2066 2139/2024/1985 2227/2118/2084
f 2138/2027/1986 2140/2073/2067 2228/2072/2085
f 2249/2121/2086 2247/2122/2087 2246/2123/2088
f 2246/2123/2088 2248/2124/2086 2249/2121/2086
f 2245/2125/2089 2244/2126/2089 2246/2123/2088
f 2246/2123/2088 2247/2122/2087 2245/2125/2089
f 2237/2127/2090 2239/2128/2091 2238/2129/2092
f 2238/2129/2092 2236/2130/2090 2237/2127/2090
f 2242/2131/2093 2241/2132/2094 2240/2133/2094
f 2240/2133/2094 2243/2134/2093 2242/2131/2093
f 2249/2121/2086 2248/2124/2086 2250/2135/2095
f 2250/2135/2095 2251/2136/2095 2249/2121/2086
f 2241/2132/2094 2238/2129/2092 2239/2128/2091
f 2239/2128/2091 2240/2133/2094 2241/2132/2094
f 2234/2137/2096 2235/2138/2096 2237/2127/2090
f 2237/2127/2090 2236/2130/2090 2234/2137/2096
f 2244/2126/2089 2245/2125/2089 2242/2131/2093
f 2242/2131/2093 2243/2134/2093 2244/2126/2089
f 2234/2137/2096 2232/2139/2097 2233/2140/2097
f 2233/2140/2097 2235/2138/2096 2234/2137/2096
f 2232/2139/2097 2230/2141/2098 2231/2142/2098
f 2231/2142/2098 2233/2140/2097 2232/2139/2097
f 2302/2143/2099 2306/2144/2100 2307/2145/2101
f 2307/2145/2101 2301/2146/2102 2302/2143/2099
f 2336/2147/2103 2305/2148/2104 2303/2149/2105
f 2303/2149/2105 2337/2150/2103 2336/2147/2103
f 2308/2151/2106 2307/2145/2101 2306/2144/2100
f 2306/2144/2100 2309/2152/2106 2308/2151/2106
f 2264/2153/2107 2262/2154/2107 2263/2155/2108
f 2263/2155/2108 2265/2156/2109 2264/2153/2107
f 2335/2157/2110 2334/2158/2111 2336/2147/2103
f 2336/2147/2103 2337/2150/2103 2335/2157/2110
f 2333/2159/2112 2334/2158/2111 2335/2157/2110
f 2335/2157/2110 2332/2160/2113 2333/2159/2112
f 2265/2156/2109 2269/2161/2114 2270/2162/2114
f 2270/2162/2114 2267/2163/2108 2265/2156/2109
f 2268/2164/2115 2271/2165/2116 2272/2166/2117
f 2272/2166/2117 2269/2161/2114 2268/2164/2115
f 2329/2167/2118 2328/2168/2119 2330/2169/2120
f 2330/2169/2120 2331/2170/2121 2329/2167/2118
f 2312/2171/2101 2313/2172/2106 2309/2152/2106
f 2309/2152/2106 2306/2144/2100 2312/2171/2101
f 2303/2149/2105 2305/2148/2104 2304/2173/2122
f 2304/2173/2122 2302/2143/2099 2303/2149/2105
f 2274/2174/2123 2275/2175/2124 2272/2166/2117
f 2301/2146/2102 2300/2176/2104 2299/2177/2125
f 2299/2177/2125 2302/2143/2099 2301/2146/2102
f 2277/2178/2126 2278/2179/2126 2280/2180/2127
f 2280/2180/2127 2279/2181/2128 2277/2178/2126
f 2289/2182/2129 2291/2183/2120 2292/2184/2120
f 2292/2184/2120 2290/2185/2118 2289/2182/2129
f 2320/2186/2130 2318/2187/2131 2319/2188/2128
f 2319/2188/2128 2321/2189/2132 2320/2186/2130
f 2318/2187/2131 2316/2190/2133 2317/2191/2126
f 2317/2191/2126 2319/2188/2128 2318/2187/2131
f 2289/2182/2129 2290/2185/2118 2287/2192/2134
f 2287/2192/2134 2288/2193/2134 2289/2182/2129
f 2315/2194/2135 2317/2191/2126 2316/2190/2133
f 2316/2190/2133 2274/2174/2123 2315/2194/2135
f 2287/2192/2134 2285/2195/2136 2286/2196/2136
f 2286/2196/2136 2288/2193/2134 2287/2192/2134
f 2279/2181/2128 2280/2180/2127 2282/2197/2137
f 2282/2197/2137 2281/2198/2137 2279/2181/2128
f 2322/2199/2138 2325/2200/2136 2324/2201/2139
f 2324/2201/2139 2323/2202/2140 2322/2199/2138
f 2329/2167/2118 2326/2203/2134 2327/2204/2134
f 2327/2204/2134 2328/2168/2119 2329/2167/2118
f 2293/2205/2141 2295/2206/2142 2296/2207/2142
f 2296/2207/2142 2294/2208/2143 2293/2205/2141
f 2265/2156/2109 2267/2163/2108 2266/2209/2107
f 2266/2209/2107 2264/2153/2107 2265/2156/2109
f 2274/2174/2123 2272/2166/2117 2271/2165/2116
f 2271/2165/2116 2315/2194/2135 2274/2174/2123
f 2299/2177/2125 2303/2149/2105 2302/2143/2099
f 2366/2210/1912 2359/2211/1912 2364/2212/1912
f 2364/2212/1912 2365/2213/1912 2366/2210/1912
f 2275/2175/2124 2276/2214/2144 2273/2215/2145
f 2273/2215/2145 2272/2166/2117 2275/2175/2124
f 2255/2216/2146 2253/2217/2146 2256/2218/2147
f 2256/2218/2147 2257/2219/2147 2255/2216/2146
f 2259/2220/2148 2261/2221/2149 2260/2222/2149
f 2260/2222/2149 2258/2223/2148 2259/2220/2148
f 2330/2169/2120 2333/2159/2112 2332/2160/2113
f 2332/2160/2113 2331/2170/2121 2330/2169/2120
f 2325/2200/2136 2327/2204/2134 2326/2203/2134
f 2326/2203/2134 2324/2201/2139 2325/2200/2136
f 2322/2199/2138 2323/2202/2140 2320/2186/2130
f 2320/2186/2130 2321/2189/2132 2322/2199/2138
f 2283/2224/2138 2284/2225/2138 2286/2196/2136
f 2286/2196/2136 2285/2195/2136 2283/2224/2138
f 2281/2198/2137 2282/2197/2137 2284/2225/2138
f 2284/2225/2138 2283/2224/2138 2281/2198/2137
f 2275/2175/2124 2278/2179/2126 2277/2178/2126
f 2277/2178/2126 2276/2214/2144 2275/2175/2124
f 2313/2172/2106 2314/2226/2150 2311/2227/2150
f 2311/2227/2150 2309/2152/2106 2313/2172/2106
f 2291/2183/2120 2293/2205/2141 2294/2208/2143
f 2294/2208/2143 2292/2184/2120 2291/2183/2120
f 2273/2215/2145 2270/2162/2114 2269/2161/2114
f 2269/2161/2114 2272/2166/2117 2273/2215/2145
f 2295/2206/2142 2297/2228/2151 2298/2229/2151
f 2298/2229/2151 2296/2207/2142 2295/2206/2142
f 2268/2164/2115 2269/2161/2114 2265/2156/2109
f 2265/2156/2109 2263/2155/2108 2268/2164/2115
f 2309/2152/2106 2311/2227/2150 2310/2230/2150
f 2310/2230/2150 2308/2151/2106 2309/2152/2106
f 2297/2228/2151 2299/2177/2125 2300/2176/2104
f 2300/2176/2104 2298/2229/2151 2297/2228/2151
f 2256/2218/2147 2259/2220/2148 2258/2223/2148
f 2258/2223/2148 2257/2219/2147 2256/2218/2147
f 2355/2231/1912 2357/2232/1912 2356/2233/1912
f 2356/2233/1912 2354/2234/2017 2355/2231/1912
f 2341/2235/1919 2339/2236/1919 2342/2237/1919
f 2358/2238/2042 2360/2239/2042 2359/2211/1912
f 2359/2211/1912 2356/2233/1912 2358/2238/2042
f 2343/2240/1919 2345/2241/1919 2344/2242/1919
f 2369/2243/2042 2366/2210/1912 2367/2244/1912
f 2367/2244/1912 2368/2245/2152 2369/2243/2042
f 2347/2246/1919 2343/2240/1919 2348/2247/2016
f 2342/2237/1919 2339/2236/1919 2343/2240/1919
f 2343/2240/1919 2344/2242/1919 2342/2237/1919
f 2350/2248/1919 2351/2249/1919 2349/2250/2016
f 2339/2236/1919 2341/2235/1919 2340/2251/1919
f 2340/2251/1919 2338/2252/2016 2339/2236/1919
f 2356/2233/1912 2357/2232/1912 2358/2238/2042
f 2363/2253/2017 2359/2211/1912 2361/2254/1912
f 2361/2254/1912 2362/2255/2017 2363/2253/2017
f 2359/2211/1912 2360/2239/2042 2361/2254/1912
f 2343/2240/1919 2347/2246/1919 2346/2256/1919
f 2346/2256/1919 2345/2241/1919 2343/2240/1919
f 2359/2211/1912 2363/2253/2017 2364/2212/1912
f 2343/2240/1919 2350/2248/1919 2349/2250/2016
f 2349/2250/2016 2348/2247/2016 2343/2240/1919
f 2365/2213/1912 2367/2244/1912 2366/2210/1912
f 2350/2248/1919 2353/2257/2019 2352/2258/1919
f 2352/2258/1919 2351/2249/1919 2350/2248/1919
f 2254/2259/2153 2252/2260/2153 2253/2217/2146
f 2253/2217/2146 2255/2216/2146 2254/2259/2153
f 2306/2144/2100 2302/2143/2099 2304/2173/2122
f 2304/2173/2122 2312/2171/2101 2306/2144/2100
f 2402/2261/2154 2412/2262/2154 2413/2263/2155
f 2413/2263/2155 2400/2264/2155 2402/2261/2154
f 2380/2265/2156 2379/2266/2157 2381/2267/2158
f 2381/2267/2158 2382/2268/2159 2380/2265/2156
f 2376/2269/2160 2378/2270/2161 2446/2271/2162
f 2446/2271/2162 2443/2272/2163 2376/2269/2160
f 2415/2273/2164 2416/2274/2165 2396/2275/2147
f 2396/2275/2147 2414/2276/2166 2415/2273/2164
f 2377/2277/2147 2379/2266/2157 2378/2270/2161
f 2373/2278/2167 2409/2279/2168 2375/2280/2169
f 2375/2280/2169 2374/2281/2170 2373/2278/2167
f 2409/2279/2168 2373/2278/2167 2371/2282/2171
f 2371/2282/2171 2408/2283/2168 2409/2279/2168
f 2408/2283/2168 2371/2282/2171 2406/2284/2172
f 2406/2284/2172 2407/2285/2173 2408/2283/2168
f 2444/2286/2174 2442/2287/2175 2374/2281/2170
f 2374/2281/2170 2443/2272/2163 2444/2286/2174
f 2424/2288/2176 2425/2289/2176 2395/2290/2147
f 2395/2290/2147 2396/2275/2147 2424/2288/2176
f 2391/2291/2177 2387/2292/2178 2390/2293/2179
f 2390/2293/2179 2392/2294/2180 2391/2291/2177
f 2381/2267/2158 2388/2295/2147 2383/2296/2181
f 2440/2297/2182 2436/2298/2183 2438/2299/2184
f 2438/2299/2184 2439/2300/2185 2440/2297/2182
f 2433/2301/2186 2434/2302/2187 2436/2298/2183
f 2436/2298/2183 2440/2297/2182 2433/2301/2186
f 2382/2268/2159 2384/2303/2188 2449/2304/2189
f 2449/2304/2189 2448/2305/2190 2382/2268/2159
f 2425/2289/2176 2424/2288/2176 2426/2306/2191
f 2426/2306/2191 2427/2307/2191 2425/2289/2176
f 2393/2308/2192 2388/2295/2147 2394/2309/2193
f 2438/2299/2184 2392/2294/2180 2394/2309/2193
f 2394/2309/2193 2439/2300/2185 2438/2299/2184
f 2388/2295/2147 2377/2277/2147 2395/2290/2147
f 2405/2310/2194 2407/2285/2173 2406/2284/2172
f 2406/2284/2172 2404/2311/2195 2405/2310/2194
f 2427/2307/2191 2428/2312/2196 2430/2313/2197
f 2430/2313/2197 2429/2314/2198 2427/2307/2191
f 2377/2277/2147 2378/2270/2161 2376/2269/2160
f 2376/2269/2160 2375/2280/2169 2377/2277/2147
f 2383/2296/2181 2384/2303/2188 2382/2268/2159
f 2382/2268/2159 2381/2267/2158 2383/2296/2181
f 2404/2311/2195 2410/2315/2199 2403/2316/2200
f 2403/2316/2200 2401/2317/2201 2404/2311/2195
f 2418/2318/2202 2417/2319/2203 2419/2320/2204
f 2419/2320/2204 2420/2321/2205 2418/2318/2202
f 2415/2273/2164 2417/2319/2203 2418/2318/2202
f 2418/2318/2202 2416/2274/2165 2415/2273/2164
f 2423/2322/2206 2416/2274/2165 2418/2318/2202
f 2418/2318/2202 2422/2323/2207 2423/2322/2206
f 2422/2323/2207 2426/2306/2191 2424/2288/2176
f 2424/2288/2176 2423/2322/2206 2422/2323/2207
f 2374/2281/2170 2375/2280/2169 2376/2269/2160
f 2376/2269/2160 2443/2272/2163 2374/2281/2170
f 2409/2279/2168 2377/2277/2147 2375/2280/2169
f 2399/2324/2208 2398/2325/2166 2397/2326/2147
f 2397/2326/2147 2405/2310/2194 2399/2324/2208
f 2392/2294/2180 2390/2293/2179 2393/2308/2192
f 2393/2308/2192 2394/2309/2193 2392/2294/2180
f 2380/2265/2156 2447/2327/2209 2445/2328/2210
f 2445/2328/2210 2446/2271/2162 2380/2265/2156
f 2372/2329/2211 2373/2278/2167 2374/2281/2170
f 2374/2281/2170 2442/2287/2175 2372/2329/2211
f 2413/2263/2155 2412/2262/2154 2419/2320/2204
f 2419/2320/2204 2417/2319/2203 2413/2263/2155
f 2389/2330/2212 2383/2296/2181 2388/2295/2147
f 2388/2295/2147 2393/2308/2192 2389/2330/2212
f 2390/2293/2179 2385/2331/2213 2389/2330/2212
f 2389/2330/2212 2393/2308/2192 2390/2293/2179
f 2421/2332/2214 2422/2323/2207 2418/2318/2202
f 2418/2318/2202 2420/2321/2205 2421/2332/2214
f 2400/2264/2155 2398/2325/2166 2399/2324/2208
f 2399/2324/2208 2401/2317/2201 2400/2264/2155
f 2398/2325/2166 2414/2276/2166 2396/2275/2147
f 2396/2275/2147 2397/2326/2147 2398/2325/2166
f 2406/2284/2172 2411/2333/2215 2410/2315/2199
f 2410/2315/2199 2404/2311/2195 2406/2284/2172
f 2404/2311/2195 2401/2317/2201 2399/2324/2208
f 2399/2324/2208 2405/2310/2194 2404/2311/2195
f 2405/2310/2194 2397/2326/2147 2408/2283/2168
f 2408/2283/2168 2407/2285/2173 2405/2310/2194
f 2378/2270/2161 2379/2266/2157 2380/2265/2156
f 2380/2265/2156 2446/2271/2162 2378/2270/2161
f 2395/2290/2147 2432/2334/2216 2433/2301/2186
f 2433/2301/2186 2440/2297/2182 2395/2290/2147
f 2421/2332/2214 2441/2335/2196 2426/2306/2191
f 2426/2306/2191 2422/2323/2207 2421/2332/2214
f 2383/2296/2181 2389/2330/2212 2385/2331/2213
f 2385/2331/2213 2384/2303/2188 2383/2296/2181
f 2387/2292/2178 2386/2336/2217 2385/2331/2213
f 2385/2331/2213 2390/2293/2179 2387/2292/2178
f 2425/2289/2176 2432/2334/2216 2395/2290/2147
f 2394/2309/2193 2388/2295/2147 2395/2290/2147
f 2395/2290/2147 2439/2300/2185 2394/2309/2193
f 2408/2283/2168 2397/2326/2147 2377/2277/2147
f 2377/2277/2147 2409/2279/2168 2408/2283/2168
f 2429/2314/2198 2430/2313/2197 2431/2337/2218
f 2431/2337/2218 2434/2302/2187 2429/2314/2198
f 2435/2338/2219 2436/2298/2183 2434/2302/2187
f 2434/2302/2187 2431/2337/2218 2435/2338/2219
f 2396/2275/2147 2416/2274/2165 2423/2322/2206
f 2423/2322/2206 2424/2288/2176 2396/2275/2147
f 2432/2334/2216 2429/2314/2198 2434/2302/2187
f 2434/2302/2187 2433/2301/2186 2432/2334/2216
f 2440/2297/2182 2439/2300/2185 2395/2290/2147
f 2427/2307/2191 2429/2314/2198 2432/2334/2216
f 2432/2334/2216 2425/2289/2176 2427/2307/2191
f 2395/2290/2147 2377/2277/2147 2397/2326/2147
f 2397/2326/2147 2396/2275/2147 2395/2290/2147
f 2379/2266/2157 2377/2277/2147 2388/2295/2147
f 2388/2295/2147 2381/2267/2158 2379/2266/2157
f 2402/2261/2154 2400/2264/2155 2401/2317/2201
f 2401/2317/2201 2403/2316/2200 2402/2261/2154
f 2447/2327/2209 2380/2265/2156 2382/2268/2159
f 2382/2268/2159 2448/2305/2190 2447/2327/2209
f 2400/2264/2155 2413/2263/2155 2414/2276/2166
f 2414/2276/2166 2398/2325/2166 2400/2264/2155
f 2444/2286/2174 2443/2272/2163 2446/2271/2162
f 2446/2271/2162 2445/2328/2210 2444/2286/2174
f 2437/2339/2177 2438/2299/2184 2436/2298/2183
f 2436/2298/2183 2435/2338/2219 2437/2339/2177
f 2449/2304/2189 2384/2303/2188 2385/2331/2213
f 2385/2331/2213 2386/2336/2217 2449/2304/2189
f 2372/2329/2211 2370/2340/2211 2371/2282/2171
f 2371/2282/2171 2373/2278/2167 2372/2329/2211
f 2428/2312/2196 2427/2307/2191 2426/2306/2191
f 2426/2306/2191 2441/2335/2196 2428/2312/2196
f 2415/2273/2164 2414/2276/2166 2413/2263/2155
f 2413/2263/2155 2417/2319/2203 2415/2273/2164
f 2392/2294/2180 2438/2299/2184 2437/2339/2177
f 2437/2339/2177 2391/2291/2177 2392/2294/2180
f 2411/2333/2215 2406/2284/2172 2371/2282/2171
f 2371/2282/2171 2370/2340/2211 2411/2333/2215
f 2479/2341/2220 2478/2342/2221 2477/2343/2222
f 2477/2343/2222 2491/2344/2223 2479/2341/2220
f 2494/2345/2224 2484/2346/2225 2483/2347/2226
f 2483/2347/2226 2482/2348/2227 2494/2345/2224
f 2494/2345/2224 2482/2348/2227 2481/2349/2228
f 2481/2349/2228 2493/2350/2229 2494/2345/2224
f 2454/2351/2230 2455/2352/2231 2457/2353/2147
f 2457/2353/2147 2456/2354/2147 2454/2351/2230
f 2454/2351/2230 2452/2355/2232 2453/2356/2233
f 2453/2356/2233 2455/2352/2231 2454/2351/2230
f 2471/2357/2234 2457/2353/2147 2473/2358/2235
f 2473/2358/2235 2472/2359/2236 2471/2357/2234
f 2460/2360/2237 2458/2361/2147 2459/2362/2147
f 2459/2362/2147 2461/2363/2238 2460/2360/2237
f 2472/2359/2236 2499/2364/2239 2470/2365/2240
f 2470/2365/2240 2471/2357/2234 2472/2359/2236
f 2493/2350/2229 2479/2341/2220 2491/2344/2223
f 2491/2344/2223 2492/2366/2241 2493/2350/2229
f 2451/2367/2242 2501/2368/2243 2500/2369/2244
f 2500/2369/2244 2453/2356/2233 2451/2367/2242
f 2490/2370/2245 2487/2371/2246 2452/2355/2232
f 2452/2355/2232 2454/2351/2230 2490/2370/2245
f 2465/2372/2247 2463/2373/2248 2459/2362/2147
f 2459/2362/2147 2474/2374/2249 2465/2372/2247
f 2457/2353/2147 2455/2352/2231 2473/2358/2235
f 2463/2373/2248 2464/2375/2250 2462/2376/2251
f 2462/2376/2251 2461/2363/2238 2463/2373/2248
f 2483/2347/2226 2485/2377/2252 2490/2370/2245
f 2490/2370/2245 2456/2354/2147 2483/2347/2226
f 2459/2362/2147 2463/2373/2248 2461/2363/2238
f 2485/2377/2252 2486/2378/2253 2487/2371/2246
f 2487/2371/2246 2490/2370/2245 2485/2377/2252
f 2468/2379/2254 2466/2380/2255 2467/2381/2256
f 2467/2381/2256 2469/2382/2257 2468/2379/2254
f 2499/2364/2239 2498/2383/2258 2497/2384/2259
f 2497/2384/2259 2470/2365/2240 2499/2364/2239
f 2487/2371/2246 2486/2378/2253 2488/2385/2260
f 2488/2385/2260 2489/2386/2261 2487/2371/2246
f 2455/2352/2231 2453/2356/2233 2500/2369/2244
f 2500/2369/2244 2473/2358/2235 2455/2352/2231
f 2499/2364/2239 2472/2359/2236 2473/2358/2235
f 2473/2358/2235 2500/2369/2244 2499/2364/2239
f 2457/2353/2147 2471/2357/2234 2474/2374/2249
f 2474/2374/2249 2459/2362/2147 2457/2353/2147
f 2474/2374/2249 2471/2357/2234 2470/2365/2240
f 2470/2365/2240 2467/2381/2256 2474/2374/2249
f 2467/2381/2256 2466/2380/2255 2465/2372/2247
f 2465/2372/2247 2474/2374/2249 2467/2381/2256
f 2477/2343/2222 2478/2342/2221 2462/2376/2251
f 2462/2376/2251 2476/2387/2262 2477/2343/2222
f 2481/2349/2228 2482/2348/2227 2458/2361/2147
f 2458/2361/2147 2480/2388/2263 2481/2349/2228
f 2478/2342/2221 2479/2341/2220 2480/2388/2263
f 2480/2388/2263 2460/2360/2237 2478/2342/2221
f 2452/2355/2232 2450/2389/2264 2451/2367/2242
f 2451/2367/2242 2453/2356/2233 2452/2355/2232
f 2454/2351/2230 2456/2354/2147 2490/2370/2245
f 2482/2348/2227 2483/2347/2226 2456/2354/2147
f 2456/2354/2147 2458/2361/2147 2482/2348/2227
f 2457/2353/2147 2459/2362/2147 2458/2361/2147
f 2458/2361/2147 2456/2354/2147 2457/2353/2147
f 2485/2377/2252 2483/2347/2226 2484/2346/2225
f 2484/2346/2225 2486/2378/2253 2485/2377/2252
f 2495/2390/2265 2494/2345/2224 2493/2350/2229
f 2493/2350/2229 2492/2366/2241 2495/2390/2265
f 2469/2382/2257 2467/2381/2256 2470/2365/2240
f 2470/2365/2240 2497/2384/2259 2469/2382/2257
f 2458/2361/2147 2460/2360/2237 2480/2388/2263
f 2495/2390/2265 2496/2391/2266 2484/2346/2225
f 2484/2346/2225 2494/2345/2224 2495/2390/2265
f 2465/2372/2247 2466/2380/2255 2464/2375/2250
f 2464/2375/2250 2463/2373/2248 2465/2372/2247
f 2464/2375/2250 2466/2380/2255 2468/2379/2254
f 2468/2379/2254 2475/2392/2267 2464/2375/2250
f 2484/2346/2225 2496/2391/2266 2488/2385/2260
f 2488/2385/2260 2486/2378/2253 2484/2346/2225
f 2476/2387/2262 2462/2376/2251 2464/2375/2250
f 2464/2375/2250 2475/2392/2267 2476/2387/2262
f 2499/2364/2239 2500/2369/2244 2501/2368/2243
f 2501/2368/2243 2498/2383/2258 2499/2364/2239
f 2452/2355/2232 2487/2371/2246 2489/2386/2261
f 2489/2386/2261 2450/2389/2264 2452/2355/2232
f 2460/2360/2237 2461/2363/2238 2462/2376/2251
f 2462/2376/2251 2478/2342/2221 2460/2360/2237
f 2481/2349/2228 2480/2388/2263 2479/2341/2220
f 2479/2341/2220 2493/2350/2229 2481/2349/2228
f 2522/2393/2268 2520/2394/2269 2521/2395/2270
f 2521/2395/2270 2523/2396/2271 2522/2393/2268
f 2524/2397/2272 2522/2393/2268 2523/2396/2271
f 2523/2396/2271 2525/2398/2273 2524/2397/2272
f 2509/2399/2274 2511/2400/2275 2510/2401/2276
f 2510/2401/2276 2508/2402/2277 2509/2399/2274
f 2526/2403/2278 2524/2397/2272 2525/2398/2273
f 2525/2398/2273 2527/2404/2279 2526/2403/2278
f 2518/2405/2280 2516/2406/2281 2517/2407/2282
f 2517/2407/2282 2519/2408/2283 2518/2405/2280
f 2506/2409/2284 2507/2410/2285 2509/2399/2274
f 2509/2399/2274 2508/2402/2277 2506/2409/2284
f 2514/2411/2286 2512/2412/2287 2513/2413/2288
f 2513/2413/2288 2515/2414/2289 2514/2411/2286
f 2545/2415/2290 2547/2416/2291 2548/2417/2290
f 2548/2417/2290 2546/2418/2292 2545/2415/2290
f 2504/2419/2293 2502/2420/2294 2503/2421/2295
f 2503/2421/2295 2505/2422/2296 2504/2419/2293
f 2506/2409/2284 2504/2419/2293 2505/2422/2296
f 2505/2422/2296 2507/2410/2285 2506/2409/2284
f 2515/2414/2289 2517/2407/2282 2516/2406/2281
f 2516/2406/2281 2514/2411/2286 2515/2414/2289
f 2512/2412/2287 2510/2401/2276 2511/2400/2275
f 2511/2400/2275 2513/2413/2288 2512/2412/2287
f 2515/2414/2289 2513/2413/2288 2533/2423/2297
f 2533/2423/2297 2534/2424/2298 2515/2414/2289
f 2539/2425/2299 2525/2398/2273 2523/2396/2271
f 2523/2396/2271 2538/2426/2300 2539/2425/2299
f 2539/2425/2299 2540/2427/2301 2527/2404/2279
f 2527/2404/2279 2525/2398/2273 2539/2425/2299
f 2521/2395/2270 2519/2408/2283 2536/2428/2302
f 2536/2428/2302 2537/2429/2303 2521/2395/2270
f 2511/2400/2275 2509/2399/2274 2531/2430/2304
f 2531/2430/2304 2532/2431/2305 2511/2400/2275
f 2537/2429/2303 2538/2426/2300 2523/2396/2271
f 2523/2396/2271 2521/2395/2270 2537/2429/2303
f 2546/2418/2292 2543/2432/2306 2544/2433/2307
f 2544/2433/2307 2545/2415/2290 2546/2418/2292
f 2533/2423/2297 2513/2413/2288 2511/2400/2275
f 2511/2400/2275 2532/2431/2305 2533/2423/2297
f 2503/2421/2295 2528/2434/2308 2529/2435/2309
f 2529/2435/2309 2505/2422/2296 2503/2421/2295
f 2530/2436/2310 2531/2430/2304 2509/2399/2274
f 2509/2399/2274 2507/2410/2285 2530/2436/2310
f 2517/2407/2282 2535/2437/2311 2536/2428/2302
f 2536/2428/2302 2519/2408/2283 2517/2407/2282
f 2534/2424/2298 2535/2437/2311 2517/2407/2282
f 2517/2407/2282 2515/2414/2289 2534/2424/2298
f 2549/2438/2292 2550/2439/2292 2551/2440/2292
f 2551/2440/2292 2552/2441/2312 2549/2438/2292
f 2549/2438/2292 2548/2417/2290 2547/2416/2291
f 2547/2416/2291 2550/2439/2292 2549/2438/2292
f 2530/2436/2310 2507/2410/2285 2505/2422/2296
f 2505/2422/2296 2529/2435/2309 2530/2436/2310
f 2541/2442/2312 2542/2443/2306 2544/2433/2307
f 2544/2433/2307 2543/2432/2306 2541/2442/2312
f 2520/2394/2269 2518/2405/2280 2519/2408/2283
f 2519/2408/2283 2521/2395/2270 2520/2394/2269
f 2598/2444/2313 2599/2445/2314 2596/2446/2315
f 2596/2446/2315 2597/2447/2316 2598/2444/2313
f 2592/2448/1912 2593/2449/1912 2595/2450/2317
f 2595/2450/2317 2594/2451/2318 2592/2448/1912
f 2562/2452/2319 2568/2453/827 2567/2454/827
f 2567/2454/827 2558/2455/2320 2562/2452/2319
f 2557/2456/2321 2559/2457/2322 2560/2458/2322
f 2560/2458/2322 2558/2455/2320 2557/2456/2321
f 2560/2458/2322 2561/2459/2322 2562/2452/2319
f 2562/2452/2319 2558/2455/2320 2560/2458/2322
f 2557/2456/2321 2566/2460/2147 2565/2461/2147
f 2586/2462/2323 2575/2463/2324 2571/2464/1919
f 2571/2464/1919 2585/2465/1919 2586/2462/2323
f 2580/2466/2325 2582/2467/2326 2583/2468/2327
f 2583/2468/2327 2578/2469/2328 2580/2466/2325
f 2570/2470/1919 2571/2464/1919 2573/2471/1919
f 2573/2471/1919 2572/2472/1919 2570/2470/1919
f 2586/2462/2323 2585/2465/1919 2588/2473/2019
f 2588/2473/2019 2589/2474/2329 2586/2462/2323
f 2562/2452/2319 2561/2459/2322 2563/2475/2322
f 2563/2475/2322 2564/2476/2330 2562/2452/2319
f 2578/2469/2328 2579/2477/2331 2581/2478/2332
f 2581/2478/2332 2580/2466/2325 2578/2469/2328
f 2575/2463/2324 2574/2479/2333 2573/2471/1919
f 2573/2471/1919 2571/2464/1919 2575/2463/2324
f 2583/2468/2327 2576/2480/2334 2577/2481/2335
f 2577/2481/2335 2578/2469/2328 2583/2468/2327
f 2574/2479/2333 2575/2463/2324 2576/2480/2334
f 2576/2480/2334 2584/2482/2336 2574/2479/2333
f 2577/2481/2335 2587/2483/2337 2579/2477/2331
f 2579/2477/2331 2578/2469/2328 2577/2481/2335
f 2587/2483/2337 2577/2481/2335 2586/2462/2323
f 2586/2462/2323 2589/2474/2329 2587/2483/2337
f 2590/2484/2338 2591/2485/2338 2587/2483/2337
f 2587/2483/2337 2589/2474/2329 2590/2484/2338
f 2556/2486/2339 2554/2487/2339 2557/2456/2321
f 2557/2456/2321 2558/2455/2320 2556/2486/2339
f 2594/2451/2318 2595/2450/2317 2597/2447/2316
f 2597/2447/2316 2596/2446/2315 2594/2451/2318
f 2575/2463/2324 2586/2462/2323 2577/2481/2335
f 2577/2481/2335 2576/2480/2334 2575/2463/2324
f 2555/2488/2177 2553/2489/2177 2554/2487/2339
f 2554/2487/2339 2556/2486/2339 2555/2488/2177
f 2564/2476/2330 2563/2475/2322 2559/2457/2322
f 2559/2457/2322 2557/2456/2321 2564/2476/2330
f 2602/2490/2147 2564/2476/2330 2557/2456/2321
f 2557/2456/2321 2565/2461/2147 2602/2490/2147
f 2583/2468/2327 2601/2491/1912 2584/2482/2336
f 2584/2482/2336 2576/2480/2334 2583/2468/2327
f 2605/2492/827 2567/2454/827 2568/2453/827
f 2568/2453/827 2569/2493/827 2605/2492/827
f 2598/2444/2313 2604/2494/827 2600/2495/827
f 2600/2495/827 2599/2445/2314 2598/2444/2313
f 2567/2454/827 2603/2496/827 2558/2455/2320
f 2683/2497/2340 2682/2498/2341 2680/2499/2342
f 2680/2499/2342 2678/2500/2343 2683/2497/2340
f 2638/2501/2344 2636/2502/2345 2637/2503/2346
f 2637/2503/2346 2639/2504/2347 2638/2501/2344
f 2621/2505/2348 2620/2506/2348 2622/2507/2349
f 2622/2507/2349 2623/2508/2349 2621/2505/2348
f 2647/2509/2350 2648/2510/2351 2650/2511/2352
f 2650/2511/2352 2649/2512/2353 2647/2509/2350
f 2610/2513/2354 2612/2514/2355 2613/2515/2355
f 2613/2515/2355 2611/2516/2354 2610/2513/2354
f 2627/2517/2356 2626/2518/2356 2628/2519/2357
f 2628/2519/2357 2629/2520/2358 2627/2517/2356
f 2625/2521/2359 2623/2508/2349 2622/2507/2349
f 2622/2507/2349 2624/2522/2359 2625/2521/2359
f 2663/2523/2360 2665/2524/2361 2666/2525/2362
f 2666/2525/2362 2664/2526/2363 2663/2523/2360
f 2668/2527/2364 2655/2528/2365 2670/2529/2366
f 2670/2529/2366 2669/2530/2367 2668/2527/2364
f 2679/2531/2368 2681/2532/2369 2669/2530/2367
f 2669/2530/2367 2670/2529/2366 2679/2531/2368
f 2620/2506/2348 2621/2505/2348 2619/2533/2370
f 2619/2533/2370 2618/2534/2370 2620/2506/2348
f 2649/2512/2353 2650/2511/2352 2652/2535/2371
f 2652/2535/2371 2651/2536/2372 2649/2512/2353
f 2642/2537/2373 2667/2538/2374 2666/2525/2362
f 2666/2525/2362 2665/2524/2361 2642/2537/2373
f 2661/2539/2375 2652/2535/2371 2650/2511/2352
f 2650/2511/2352 2663/2523/2360 2661/2539/2375
f 2647/2509/2350 2646/2540/2376 2645/2541/2377
f 2645/2541/2377 2648/2510/2351 2647/2509/2350
f 2663/2523/2360 2650/2511/2352 2648/2510/2351
f 2648/2510/2351 2665/2524/2361 2663/2523/2360
f 2656/2542/2378 2660/2543/2379 2658/2544/2380
f 2658/2544/2380 2657/2545/2381 2656/2542/2378
f 2673/2546/2382 2672/2547/2383 2671/2548/2384
f 2671/2548/2384 2659/2549/2385 2673/2546/2382
f 2678/2500/2343 2677/2550/2386 2676/2551/2387
f 2676/2551/2387 2683/2497/2340 2678/2500/2343
f 2680/2499/2342 2681/2532/2369 2679/2531/2368
f 2679/2531/2368 2678/2500/2343 2680/2499/2342
f 2615/2552/2388 2614/2553/2388 2616/2554/2389
f 2616/2554/2389 2617/2555/2389 2615/2552/2388
f 2614/2553/2388 2615/2552/2388 2613/2515/2355
f 2613/2515/2355 2612/2514/2355 2614/2553/2388
f 2629/2520/2358 2628/2519/2357 2630/2556/2390
f 2630/2556/2390 2631/2557/2390 2629/2520/2358
f 2651/2536/2372 2652/2535/2371 2654/2558/2391
f 2654/2558/2391 2653/2559/2392 2651/2536/2372
f 2617/2555/2389 2616/2554/2389 2618/2534/2370
f 2618/2534/2370 2619/2533/2370 2617/2555/2389
f 2645/2541/2377 2646/2540/2376 2644/2560/2393
f 2644/2560/2393 2643/2561/2394 2645/2541/2377
f 2678/2500/2343 2679/2531/2368 2672/2547/2383
f 2672/2547/2383 2677/2550/2386 2678/2500/2343
f 2673/2546/2382 2674/2562/2395 2677/2550/2386
f 2677/2550/2386 2672/2547/2383 2673/2546/2382
f 2661/2539/2375 2662/2563/2396 2660/2543/2379
f 2660/2543/2379 2656/2542/2378 2661/2539/2375
f 2655/2528/2365 2654/2558/2391 2656/2542/2378
f 2656/2542/2378 2657/2545/2381 2655/2528/2365
f 2676/2551/2387 2677/2550/2386 2674/2562/2395
f 2674/2562/2395 2675/2564/2397 2676/2551/2387
f 2635/2565/2398 2633/2566/2399 2641/2567/2400
f 2641/2567/2400 2640/2568/2401 2635/2565/2398
f 2657/2545/2381 2658/2544/2380 2659/2549/2385
f 2659/2549/2385 2671/2548/2384 2657/2545/2381
f 2672/2547/2383 2679/2531/2368 2670/2529/2366
f 2670/2529/2366 2671/2548/2384 2672/2547/2383
f 2670/2529/2366 2655/2528/2365 2657/2545/2381
f 2657/2545/2381 2671/2548/2384 2670/2529/2366
f 2636/2502/2345 2634/2569/2402 2635/2565/2398
f 2635/2565/2398 2637/2503/2346 2636/2502/2345
f 2643/2561/2394 2644/2560/2393 2639/2504/2347
f 2639/2504/2347 2637/2503/2346 2643/2561/2394
f 2648/2510/2351 2645/2541/2377 2642/2537/2373
f 2642/2537/2373 2665/2524/2361 2648/2510/2351
f 2643/2561/2394 2640/2568/2401 2642/2537/2373
f 2642/2537/2373 2645/2541/2377 2643/2561/2394
f 2634/2569/2402 2632/2570/2403 2633/2566/2399
f 2633/2566/2399 2635/2565/2398 2634/2569/2402
f 2661/2539/2375 2663/2523/2360 2664/2526/2363
f 2664/2526/2363 2662/2563/2396 2661/2539/2375
f 2642/2537/2373 2640/2568/2401 2641/2567/2400
f 2641/2567/2400 2667/2538/2374 2642/2537/2373
f 2637/2503/2346 2635/2565/2398 2640/2568/2401
f 2640/2568/2401 2643/2561/2394 2637/2503/2346
f 2625/2521/2359 2624/2522/2359 2626/2518/2356
f 2626/2518/2356 2627/2517/2356 2625/2521/2359
f 2653/2559/2392 2654/2558/2391 2655/2528/2365
f 2655/2528/2365 2668/2527/2364 2653/2559/2392
f 2609/2571/2404 2607/2572/2405 2610/2513/2354
f 2610/2513/2354 2611/2516/2354 2609/2571/2404
f 2608/2573/2406 2606/2574/2406 2607/2572/2405
f 2607/2572/2405 2609/2571/2404 2608/2573/2406
f 2652/2535/2371 2661/2539/2375 2656/2542/2378
f 2656/2542/2378 2654/2558/2391 2652/2535/2371
f 2786/2575/2407 2790/2576/2408 2791/2577/2409
f 2791/2577/2409 2787/2578/2410 2786/2575/2407
f 2791/2577/2409 2792/2579/2411 2793/2580/2412
f 2793/2580/2412 2787/2578/2410 2791/2577/2409
f 2793/2580/2412 2792/2579/2411 2794/2581/2413
f 2794/2581/2413 2795/2582/2414 2793/2580/2412
f 2698/2583/2415 2805/2584/2416 2806/2585/2417
f 2806/2585/2417 2807/2586/2418 2698/2583/2415
f 2780/2587/2419 2774/2588/2420 2800/2589/2421
f 2800/2589/2421 2801/2590/2422 2780/2587/2419
f 2805/2584/2416 2803/2591/2423 2804/2592/2424
f 2804/2592/2424 2806/2585/2417 2805/2584/2416
f 2736/2593/2425 2738/2594/2426 2737/2595/2427
f 2737/2595/2427 2735/2596/2428 2736/2593/2425
f 2787/2578/2410 2793/2580/2412 2788/2597/2429
f 2788/2597/2429 2783/2598/2430 2787/2578/2410
f 2768/2599/2431 2755/2600/2432 2765/2601/2433
f 2765/2601/2433 2767/2602/2434 2768/2599/2431
f 2711/2603/2435 2712/2604/2436 2716/2605/2437
f 2716/2605/2437 2721/2606/2438 2711/2603/2435
f 2748/2607/2439 2753/2608/2440 2754/2609/2441
f 2754/2609/2441 2749/2610/2442 2748/2607/2439
f 2769/2611/2443 2775/2612/2444 2770/2613/2445
f 2770/2613/2445 2759/2614/2446 2769/2611/2443
f 2761/2615/2447 2760/2616/2448 2759/2614/2446
f 2759/2614/2446 2770/2613/2445 2761/2615/2447
f 2740/2617/2449 2745/2618/2450 2746/2619/2451
f 2746/2619/2451 2742/2620/2452 2740/2617/2449
f 2723/2621/2453 2724/2622/2454 2722/2623/2455
f 2722/2623/2455 2721/2606/2438 2723/2621/2453
f 2752/2624/2456 2765/2601/2433 2755/2600/2432
f 2755/2600/2432 2753/2608/2440 2752/2624/2456
f 2803/2591/2423 2702/2625/2457 2797/2626/2458
f 2797/2626/2458 2796/2627/2459 2803/2591/2423
f 2788/2597/2429 2793/2580/2412 2795/2582/2414
f 2795/2582/2414 2789/2628/2460 2788/2597/2429
f 2757/2629/2461 2756/2630/2462 2755/2600/2432
f 2755/2600/2432 2768/2599/2431 2757/2629/2461
f 2789/2628/2460 2706/2631/2463 2784/2632/2464
f 2784/2632/2464 2788/2597/2429 2789/2628/2460
f 2754/2609/2441 2753/2608/2440 2755/2600/2432
f 2755/2600/2432 2756/2630/2462 2754/2609/2441
f 2758/2633/2465 2762/2634/2466 2756/2630/2462
f 2756/2630/2462 2757/2629/2461 2758/2633/2465
f 2756/2630/2462 2762/2634/2466 2763/2635/2467
f 2763/2635/2467 2754/2609/2441 2756/2630/2462
f 2706/2631/2463 2707/2636/2468 2708/2637/2469
f 2708/2637/2469 2784/2632/2464 2706/2631/2463
f 2693/2638/2470 2691/2639/2471 2711/2603/2435
f 2711/2603/2435 2710/2640/2472 2693/2638/2470
f 2748/2607/2439 2749/2610/2442 2745/2618/2450
f 2745/2618/2450 2744/2641/2473 2748/2607/2439
f 2706/2631/2463 2704/2642/2474 2705/2643/2475
f 2705/2643/2475 2707/2636/2468 2706/2631/2463
f 2745/2618/2450 2749/2610/2442 2750/2644/2476
f 2750/2644/2476 2746/2619/2451 2745/2618/2450
f 2768/2599/2431 2769/2611/2443 2759/2614/2446
f 2759/2614/2446 2757/2629/2461 2768/2599/2431
f 2787/2578/2410 2783/2598/2430 2782/2645/2477
f 2782/2645/2477 2786/2575/2407 2787/2578/2410
f 2701/2646/2478 2731/2647/2479 2732/2648/2480
f 2732/2648/2480 2703/2649/2481 2701/2646/2478
f 2778/2650/2482 2779/2651/2483 2773/2652/2484
f 2773/2652/2484 2777/2653/2485 2778/2650/2482
f 2708/2637/2469 2779/2651/2483 2778/2650/2482
f 2778/2650/2482 2784/2632/2464 2708/2637/2469
f 2760/2616/2448 2758/2633/2465 2757/2629/2461
f 2757/2629/2461 2759/2614/2446 2760/2616/2448
f 2688/2654/2486 2689/2655/2487 2691/2639/2471
f 2691/2639/2471 2690/2656/2488 2688/2654/2486
f 2776/2657/2489 2782/2645/2477 2777/2653/2485
f 2777/2653/2485 2771/2658/2490 2776/2657/2489
f 2773/2652/2484 2772/2659/2491 2771/2658/2490
f 2771/2658/2490 2777/2653/2485 2773/2652/2484
f 2785/2660/2492 2781/2661/2493 2780/2587/2419
f 2780/2587/2419 2801/2590/2422 2785/2660/2492
f 2752/2624/2456 2753/2608/2440 2748/2607/2439
f 2748/2607/2439 2747/2662/2494 2752/2624/2456
f 2709/2663/2495 2710/2640/2472 2722/2623/2455
f 2722/2623/2455 2725/2664/2496 2709/2663/2495
f 2725/2664/2496 2722/2623/2455 2724/2622/2454
f 2724/2622/2454 2727/2665/2497 2725/2664/2496
f 2709/2663/2495 2695/2666/2498 2693/2638/2470
f 2693/2638/2470 2710/2640/2472 2709/2663/2495
f 2702/2625/2457 2703/2649/2481 2704/2642/2474
f 2704/2642/2474 2797/2626/2458 2702/2625/2457
f 2703/2649/2481 2732/2648/2480 2705/2643/2475
f 2705/2643/2475 2704/2642/2474 2703/2649/2481
f 2694/2667/2499 2692/2668/2500 2693/2638/2470
f 2693/2638/2470 2695/2666/2498 2694/2667/2499
f 2733/2669/2501 2734/2670/2502 2736/2593/2425
f 2736/2593/2425 2735/2596/2428 2733/2669/2501
f 2702/2625/2457 2803/2591/2423 2805/2584/2416
f 2805/2584/2416 2700/2671/2503 2702/2625/2457
f 2738/2594/2426 2740/2617/2449 2739/2672/2504
f 2739/2672/2504 2737/2595/2427 2738/2594/2426
f 2770/2613/2445 2775/2612/2444 2776/2657/2489
f 2776/2657/2489 2771/2658/2490 2770/2613/2445
f 2783/2598/2430 2788/2597/2429 2784/2632/2464
f 2784/2632/2464 2778/2650/2482 2783/2598/2430
f 2729/2673/2505 2726/2674/2506 2728/2675/2507
f 2728/2675/2507 2730/2676/2508 2729/2673/2505
f 2720/2677/2509 2723/2621/2453 2721/2606/2438
f 2721/2606/2438 2716/2605/2437 2720/2677/2509
f 2771/2658/2490 2772/2659/2491 2761/2615/2447
f 2761/2615/2447 2770/2613/2445 2771/2658/2490
f 2731/2647/2479 2701/2646/2478 2729/2673/2505
f 2729/2673/2505 2730/2676/2508 2731/2647/2479
f 2727/2665/2497 2728/2675/2507 2726/2674/2506
f 2726/2674/2506 2725/2664/2496 2727/2665/2497
f 2774/2588/2420 2767/2602/2434 2799/2678/2510
f 2799/2678/2510 2800/2589/2421 2774/2588/2420
f 2697/2679/2511 2699/2680/2512 2698/2583/2415
f 2698/2583/2415 2696/2681/2513 2697/2679/2511
f 2686/2682/2514 2684/2683/2515 2685/2684/2516
f 2685/2684/2516 2687/2685/2517 2686/2682/2514
f 2783/2598/2430 2778/2650/2482 2777/2653/2485
f 2777/2653/2485 2782/2645/2477 2783/2598/2430
f 2702/2625/2457 2700/2671/2503 2701/2646/2478
f 2701/2646/2478 2703/2649/2481 2702/2625/2457
f 2797/2626/2458 2704/2642/2474 2706/2631/2463
f 2706/2631/2463 2789/2628/2460 2797/2626/2458
f 2729/2673/2505 2699/2680/2512 2697/2679/2511
f 2697/2679/2511 2726/2674/2506 2729/2673/2505
f 2782/2645/2477 2776/2657/2489 2781/2661/2493
f 2781/2661/2493 2786/2575/2407 2782/2645/2477
f 2747/2662/2494 2748/2607/2439 2744/2641/2473
f 2744/2641/2473 2743/2686/2518 2747/2662/2494
f 2738/2594/2426 2744/2641/2473 2745/2618/2450
f 2745/2618/2450 2740/2617/2449 2738/2594/2426
f 2796/2627/2459 2797/2626/2458 2789/2628/2460
f 2789/2628/2460 2795/2582/2414 2796/2627/2459
f 2717/2687/2519 2719/2688/2520 2720/2677/2509
f 2720/2677/2509 2716/2605/2437 2717/2687/2519
f 2739/2672/2504 2740/2617/2449 2742/2620/2452
f 2742/2620/2452 2741/2689/2521 2739/2672/2504
f 2736/2593/2425 2743/2686/2518 2744/2641/2473
f 2744/2641/2473 2738/2594/2426 2736/2593/2425
f 2691/2639/2471 2689/2655/2487 2712/2604/2436
f 2712/2604/2436 2711/2603/2435 2691/2639/2471
f 2715/2690/2522 2717/2687/2519 2713/2691/2523
f 2713/2691/2523 2714/2692/2524 2715/2690/2522
f 2716/2605/2437 2712/2604/2436 2713/2691/2523
f 2713/2691/2523 2717/2687/2519 2716/2605/2437
f 2691/2639/2471 2693/2638/2470 2692/2668/2500
f 2692/2668/2500 2690/2656/2488 2691/2639/2471
f 2696/2681/2513 2808/2693/2525 2694/2667/2499
f 2694/2667/2499 2695/2666/2498 2696/2681/2513
f 2712/2604/2436 2689/2655/2487 2687/2685/2517
f 2687/2685/2517 2713/2691/2523 2712/2604/2436
f 2709/2663/2495 2725/2664/2496 2726/2674/2506
f 2726/2674/2506 2697/2679/2511 2709/2663/2495
f 2722/2623/2455 2710/2640/2472 2711/2603/2435
f 2711/2603/2435 2721/2606/2438 2722/2623/2455
f 2717/2687/2519 2715/2690/2522 2718/2694/2526
f 2718/2694/2526 2719/2688/2520 2717/2687/2519
f 2808/2693/2525 2696/2681/2513 2698/2583/2415
f 2698/2583/2415 2807/2586/2418 2808/2693/2525
f 2786/2575/2407 2781/2661/2493 2785/2660/2492
f 2785/2660/2492 2790/2576/2408 2786/2575/2407
f 2688/2654/2486 2686/2682/2514 2687/2685/2517
f 2687/2685/2517 2689/2655/2487 2688/2654/2486
f 2774/2588/2420 2780/2587/2419 2775/2612/2444
f 2775/2612/2444 2769/2611/2443 2774/2588/2420
f 2699/2680/2512 2729/2673/2505 2701/2646/2478
f 2701/2646/2478 2700/2671/2503 2699/2680/2512
f 2752/2624/2456 2747/2662/2494 2751/2695/2527
f 2751/2695/2527 2764/2696/2528 2752/2624/2456
f 2802/2697/2529 2796/2627/2459 2795/2582/2414
f 2795/2582/2414 2794/2581/2413 2802/2697/2529
f 2743/2686/2518 2736/2593/2425 2734/2670/2502
f 2734/2670/2502 2798/2698/2530 2743/2686/2518
f 2780/2587/2419 2781/2661/2493 2776/2657/2489
f 2776/2657/2489 2775/2612/2444 2780/2587/2419
f 2802/2697/2529 2804/2592/2424 2803/2591/2423
f 2803/2591/2423 2796/2627/2459 2802/2697/2529
f 2709/2663/2495 2697/2679/2511 2696/2681/2513
f 2696/2681/2513 2695/2666/2498 2709/2663/2495
f 2767/2602/2434 2765/2601/2433 2766/2699/2531
f 2766/2699/2531 2799/2678/2510 2767/2602/2434
f 2764/2696/2528 2766/2699/2531 2765/2601/2433
f 2765/2601/2433 2752/2624/2456 2764/2696/2528
f 2751/2695/2527 2747/2662/2494 2743/2686/2518
f 2743/2686/2518 2798/2698/2530 2751/2695/2527
f 2805/2584/2416 2698/2583/2415 2699/2680/2512
f 2699/2680/2512 2700/2671/2503 2805/2584/2416
f 2768/2599/2431 2767/2602/2434 2774/2588/2420
f 2774/2588/2420 2769/2611/2443 2768/2599/2431
f 2763/2635/2467 2750/2644/2476 2749/2610/2442
f 2749/2610/2442 2754/2609/2441 2763/2635/2467
f 2713/2691/2523 2687/2685/2517 2685/2684/2516
f 2685/2684/2516 2714/2692/2524 2713/2691/2523
f 2827/2700/2532 2887/2701/2533 2886/2702/2534
f 2886/2702/2534 2825/2703/2535 2827/2700/2532
f 2827/2700/2532 2829/2704/2536 2888/2705/2537
f 2888/2705/2537 2887/2701/2533 2827/2700/2532
f 2826/2706/2538 2828/2707/2539 2829/2704/2536
f 2829/2704/2536 2827/2700/2532 2826/2706/2538
f 2852/2708/2540 2854/2709/2541 2855/2710/2542
f 2855/2710/2542 2853/2711/2543 2852/2708/2540
f 2874/2712/2544 2875/2713/2545 2856/2714/2546
f 2856/2714/2546 2854/2709/2541 2874/2712/2544
f 2830/2715/2547 2828/2707/2539 2952/2716/2548
f 2952/2716/2548 2868/2717/2549 2830/2715/2547
f 2832/2718/2550 2867/2719/2551 2866/2720/2552
f 2866/2720/2552 2834/2721/2553 2832/2718/2550
f 2836/2722/2554 2838/2723/2555 2839/2724/2556
f 2839/2724/2556 2837/2725/2557 2836/2722/2554
f 2830/2715/2547 2832/2718/2550 2833/2726/2558
f 2833/2726/2558 2831/2727/2559 2830/2715/2547
f 2848/2728/2560 2850/2729/2561 2851/2730/2562
f 2851/2730/2562 2849/2731/2563 2848/2728/2560
f 2814/2732/2564 2813/2733/2565 2812/2734/2566
f 2812/2734/2566 2880/2735/2567 2814/2732/2564
f 2838/2723/2555 2840/2736/2568 2841/2737/2569
f 2841/2737/2569 2839/2724/2556 2838/2723/2555
f 2850/2729/2561 2852/2708/2540 2853/2711/2543
f 2853/2711/2543 2851/2730/2562 2850/2729/2561
f 2824/2738/2570 2825/2703/2535 2823/2739/2571
f 2823/2739/2571 2822/2740/2572 2824/2738/2570
f 2822/2740/2572 2823/2739/2571 2821/2741/2573
f 2821/2741/2573 2817/2742/2574 2822/2740/2572
f 2832/2718/2550 2834/2721/2553 2835/2743/2575
f 2835/2743/2575 2833/2726/2558 2832/2718/2550
f 2834/2721/2553 2836/2722/2554 2837/2725/2557
f 2837/2725/2557 2835/2743/2575 2834/2721/2553
f 2916/2744/2147 2915/2745/2147 2918/2746/2147
f 2918/2746/2147 2917/2747/2147 2916/2744/2147
f 2817/2742/2574 2821/2741/2573 2820/2748/2576
f 2820/2748/2576 2815/2749/2577 2817/2742/2574
f 2857/2750/2578 2856/2714/2546 2858/2751/2579
f 2858/2751/2579 2859/2752/2580 2857/2750/2578
f 2813/2733/2565 2814/2732/2564 2815/2749/2577
f 2815/2749/2577 2820/2748/2576 2813/2733/2565
f 2844/2753/2581 2846/2754/2582 2847/2755/2583
f 2847/2755/2583 2845/2756/2584 2844/2753/2581
f 2810/2757/2585 2879/2758/2586 2880/2735/2567
f 2880/2735/2567 2812/2734/2566 2810/2757/2585
f 2846/2754/2582 2848/2728/2560 2849/2731/2563
f 2849/2731/2563 2847/2755/2583 2846/2754/2582
f 2854/2709/2541 2856/2714/2546 2857/2750/2578
f 2857/2750/2578 2855/2710/2542 2854/2709/2541
f 2845/2756/2584 2843/2759/2587 2842/2760/2588
f 2842/2760/2588 2844/2753/2581 2845/2756/2584
f 2858/2751/2579 2860/2761/2589 2861/2762/2590
f 2861/2762/2590 2859/2752/2580 2858/2751/2579
f 2840/2736/2568 2842/2760/2588 2843/2759/2587
f 2843/2759/2587 2841/2737/2569 2840/2736/2568
f 2868/2717/2549 2867/2719/2551 2832/2718/2550
f 2832/2718/2550 2830/2715/2547 2868/2717/2549
f 2816/2763/2591 2818/2764/2592 2817/2742/2574
f 2817/2742/2574 2815/2749/2577 2816/2763/2591
f 2828/2707/2539 2826/2706/2538 2953/2765/2593
f 2953/2765/2593 2952/2716/2548 2828/2707/2539
f 2879/2758/2586 2877/2766/2594 2878/2767/2595
f 2878/2767/2595 2880/2735/2567 2879/2758/2586
f 2875/2713/2545 2876/2768/2596 2858/2751/2579
f 2858/2751/2579 2856/2714/2546 2875/2713/2545
f 2852/2708/2540 2850/2729/2561 2872/2769/2597
f 2872/2769/2597 2873/2770/2598 2852/2708/2540
f 2873/2770/2598 2874/2712/2544 2854/2709/2541
f 2854/2709/2541 2852/2708/2540 2873/2770/2598
f 2864/2771/2599 2838/2723/2555 2836/2722/2554
f 2836/2722/2554 2865/2772/2600 2864/2771/2599
f 2896/2773/2601 2845/2756/2584 2847/2755/2583
f 2847/2755/2583 2897/2774/2602 2896/2773/2601
f 2842/2760/2588 2862/2775/2603 2869/2776/2604
f 2869/2776/2604 2844/2753/2581 2842/2760/2588
f 2842/2760/2588 2840/2736/2568 2863/2777/2605
f 2863/2777/2605 2862/2775/2603 2842/2760/2588
f 2881/2778/2606 2814/2732/2564 2880/2735/2567
f 2880/2735/2567 2878/2767/2595 2881/2778/2606
f 2871/2779/2607 2848/2728/2560 2846/2754/2582
f 2846/2754/2582 2870/2780/2608 2871/2779/2607
f 2871/2779/2607 2872/2769/2597 2850/2729/2561
f 2850/2729/2561 2848/2728/2560 2871/2779/2607
f 2826/2706/2538 2827/2700/2532 2825/2703/2535
f 2825/2703/2535 2824/2738/2570 2826/2706/2538
f 2870/2780/2608 2846/2754/2582 2844/2753/2581
f 2844/2753/2581 2869/2776/2604 2870/2780/2608
f 2901/2781/2609 2855/2710/2542 2857/2750/2578
f 2857/2750/2578 2902/2782/2610 2901/2781/2609
f 2888/2705/2537 2829/2704/2536 2831/2727/2559
f 2831/2727/2559 2889/2783/2611 2888/2705/2537
f 2826/2706/2538 2824/2738/2570 2954/2784/2612
f 2954/2784/2612 2953/2765/2593 2826/2706/2538
f 2865/2772/2600 2836/2722/2554 2834/2721/2553
f 2834/2721/2553 2866/2720/2552 2865/2772/2600
f 2900/2785/2613 2899/2786/2614 2851/2730/2562
f 2851/2730/2562 2853/2711/2543 2900/2785/2613
f 2890/2787/2615 2889/2783/2611 2831/2727/2559
f 2831/2727/2559 2833/2726/2558 2890/2787/2615
f 2843/2759/2587 2895/2788/2616 2894/2789/2617
f 2894/2789/2617 2841/2737/2569 2843/2759/2587
f 2893/2790/2618 2839/2724/2556 2841/2737/2569
f 2841/2737/2569 2894/2789/2617 2893/2790/2618
f 2811/2791/2619 2809/2792/2620 2810/2757/2585
f 2810/2757/2585 2812/2734/2566 2811/2791/2619
f 2825/2703/2535 2886/2702/2534 2885/2793/2621
f 2885/2793/2621 2823/2739/2571 2825/2703/2535
f 2823/2739/2571 2885/2793/2621 2884/2794/2622
f 2884/2794/2622 2821/2741/2573 2823/2739/2571
f 2813/2733/2565 2820/2748/2576 2883/2795/2623
f 2883/2795/2623 2882/2796/2624 2813/2733/2565
f 2838/2723/2555 2864/2771/2599 2863/2777/2605
f 2863/2777/2605 2840/2736/2568 2838/2723/2555
f 2857/2750/2578 2859/2752/2580 2903/2797/2625
f 2903/2797/2625 2902/2782/2610 2857/2750/2578
f 2839/2724/2556 2893/2790/2618 2892/2798/2626
f 2892/2798/2626 2837/2725/2557 2839/2724/2556
f 2891/2799/2627 2835/2743/2575 2837/2725/2557
f 2837/2725/2557 2892/2798/2626 2891/2799/2627
f 2835/2743/2575 2891/2799/2627 2890/2787/2615
f 2890/2787/2615 2833/2726/2558 2835/2743/2575
f 2895/2788/2616 2843/2759/2587 2845/2756/2584
f 2845/2756/2584 2896/2773/2601 2895/2788/2616
f 2901/2781/2609 2900/2785/2613 2853/2711/2543
f 2853/2711/2543 2855/2710/2542 2901/2781/2609
f 2813/2733/2565 2882/2796/2624 2811/2791/2619
f 2811/2791/2619 2812/2734/2566 2813/2733/2565
f 2897/2774/2602 2847/2755/2583 2849/2731/2563
f 2849/2731/2563 2898/2800/2628 2897/2774/2602
f 2945/2801/827 2946/2802/827 2947/2803/827
f 2947/2803/827 2948/2804/827 2945/2801/827
f 2922/2805/2147 2921/2806/2147 2919/2807/2147
f 2919/2807/2147 2920/2808/2147 2922/2805/2147
f 2941/2809/827 2943/2810/827 2944/2811/827
f 2944/2811/827 2942/2812/827 2941/2809/827
f 2941/2809/827 2942/2812/827 2939/2813/827
f 2939/2813/827 2940/2814/827 2941/2809/827
f 2915/2745/2147 2916/2744/2147 2913/2815/2147
f 2913/2815/2147 2914/2816/2147 2915/2745/2147
f 2937/2817/827 2938/2818/827 2935/2819/827
f 2935/2819/827 2936/2820/827 2937/2817/827
f 2910/2821/2147 2909/2822/2147 2911/2823/2147
f 2911/2823/2147 2912/2824/2147 2910/2821/2147
f 2909/2822/2147 2910/2821/2147 2907/2825/2147
f 2907/2825/2147 2908/2826/2147 2909/2822/2147
f 2907/2825/2147 2905/2827/2147 2906/2828/2147
f 2906/2828/2147 2908/2826/2147 2907/2825/2147
f 2928/2829/2147 2925/2830/2147 2926/2831/2147
f 2926/2831/2147 2927/2832/2147 2928/2829/2147
f 2948/2804/827 2947/2803/827 2949/2833/827
f 2949/2833/827 2950/2834/827 2948/2804/827
f 2921/2806/2147 2922/2805/2147 2923/2835/2147
f 2923/2835/2147 2924/2836/2147 2921/2806/2147
f 2943/2810/827 2946/2802/827 2945/2801/827
f 2945/2801/827 2944/2811/827 2943/2810/827
f 2913/2815/2147 2912/2824/2147 2911/2823/2147
f 2911/2823/2147 2914/2816/2147 2913/2815/2147
f 2819/2837/2629 2954/2784/2612 2824/2738/2570
f 2824/2738/2570 2822/2740/2572 2819/2837/2629
f 2938/2818/827 2937/2817/827 2940/2814/827
f 2940/2814/827 2939/2813/827 2938/2818/827
f 2935/2819/827 2934/2838/827 2933/2839/827
f 2933/2839/827 2936/2820/827 2935/2819/827
f 2933/2839/827 2934/2838/827 2931/2840/827
f 2931/2840/827 2932/2841/827 2933/2839/827
f 2925/2830/2147 2924/2836/2147 2923/2835/2147
f 2923/2835/2147 2926/2831/2147 2925/2830/2147
f 2932/2841/827 2931/2840/827 2929/2842/827
f 2929/2842/827 2930/2843/827 2932/2841/827
f 2820/2748/2576 2821/2741/2573 2884/2794/2622
f 2884/2794/2622 2883/2795/2623 2820/2748/2576
f 2819/2837/2629 2822/2740/2572 2817/2742/2574
f 2817/2742/2574 2818/2764/2592 2819/2837/2629
f 2919/2807/2147 2917/2747/2147 2918/2746/2147
f 2918/2746/2147 2920/2808/2147 2919/2807/2147
f 2851/2730/2562 2899/2786/2614 2898/2800/2628
f 2898/2800/2628 2849/2731/2563 2851/2730/2562
f 2828/2707/2539 2830/2715/2547 2831/2727/2559
f 2831/2727/2559 2829/2704/2536 2828/2707/2539
f 2955/2844/2630 2860/2761/2589 2858/2751/2579
f 2858/2751/2579 2876/2768/2596 2955/2844/2630
f 2814/2732/2564 2881/2778/2606 2816/2763/2591
f 2816/2763/2591 2815/2749/2577 2814/2732/2564
f 2903/2797/2625 2859/2752/2580 2861/2762/2590
f 2861/2762/2590 2904/2845/2631 2903/2797/2625
f 2949/2833/827 2956/2846/827 2951/2847/827
f 2951/2847/827 2950/2834/827 2949/2833/827
f 2965/2848/2632 2966/2849/2633 2967/2850/2634
f 2967/2850/2634 2978/2851/2635 2965/2848/2632
f 2985/2852/2636 2980/2853/2637 2984/2854/2638
f 2984/2854/2638 2986/2855/2639 2985/2852/2636
f 3013/2856/2640 3025/2857/2641 3014/2858/2642
f 3014/2858/2642 3010/2859/2643 3013/2856/2640
f 2964/2860/2644 2966/2849/2633 2965/2848/2632
f 2965/2848/2632 2963/2861/2645 2964/2860/2644
f 3006/2862/2646 2966/2849/2633 2964/2860/2644
f 2964/2860/2644 3008/2863/2647 3006/2862/2646
f 2998/2864/2648 2968/2865/2649 3006/2862/2646
f 3006/2862/2646 3000/2866/2650 2998/2864/2648
f 3007/2867/2651 3006/2862/2646 3008/2863/2647
f 3008/2863/2647 3010/2859/2643 3007/2867/2651
f 2970/2868/2652 2971/2869/2653 2969/2870/2654
f 2969/2870/2654 2968/2865/2649 2970/2868/2652
f 2972/2871/2655 2974/2872/2656 2973/2873/2657
f 2987/2874/2658 2982/2875/2659 2975/2876/2660
f 2975/2876/2660 3027/2877/2661 2987/2874/2658
f 3021/2878/2662 3022/2879/2663 3018/2880/2664
f 3018/2880/2664 3016/2881/2665 3021/2878/2662
f 2999/2882/2666 2997/2883/2667 2998/2864/2648
f 2998/2864/2648 3000/2866/2650 2999/2882/2666
f 2961/2884/2668 2962/2885/2669 2964/2860/2644
f 2964/2860/2644 2963/2861/2645 2961/2884/2668
f 3022/2879/2663 3020/2886/2670 3019/2887/2671
f 3019/2887/2671 3018/2880/2664 3022/2879/2663
f 2979/2888/2672 2980/2853/2637 2976/2889/2673
f 2959/2890/2674 2957/2891/2675 2958/2892/2676
f 2958/2892/2676 2960/2893/2677 2959/2890/2674
f 3002/2894/2678 3000/2866/2650 3006/2862/2646
f 3006/2862/2646 3007/2867/2651 3002/2894/2678
f 3012/2895/2679 2960/2893/2677 3021/2878/2662
f 3021/2878/2662 3016/2881/2665 3012/2895/2679
f 2977/2896/2680 2981/2897/2681 2978/2851/2635
f 2978/2851/2635 2967/2850/2634 2977/2896/2680
f 3017/2898/2682 3026/2899/2683 3025/2857/2641
f 3025/2857/2641 3013/2856/2640 3017/2898/2682
f 2987/2874/2658 2988/2900/2684 2989/2901/2685
f 2989/2901/2685 2982/2875/2659 2987/2874/2658
f 2982/2875/2659 2989/2901/2685 2983/2902/2686
f 2983/2902/2686 2979/2888/2672 2982/2875/2659
f 3002/2894/2678 3004/2903/2687 3005/2904/2688
f 3005/2904/2688 3003/2905/2689 3002/2894/2678
f 3021/2878/2662 2960/2893/2677 2958/2892/2676
f 2958/2892/2676 3022/2879/2663 3021/2878/2662
f 2994/2906/2690 2972/2871/2655 2970/2868/2652
f 2970/2868/2652 2996/2907/2691 2994/2906/2690
f 3031/2908/2692 3029/2909/2693 3038/2910/2694
f 3038/2910/2694 3033/2911/2695 3031/2908/2692
f 2962/2885/2669 2960/2893/2677 3012/2895/2679
f 3012/2895/2679 3009/2912/2696 2962/2885/2669
f 2999/2882/2666 3000/2866/2650 3001/2913/2697
f 3033/2911/2695 3034/2914/2698 3032/2915/2699
f 3032/2915/2699 3031/2908/2692 3033/2911/2695
f 3011/2916/2700 3004/2903/2687 3002/2894/2678
f 3002/2894/2678 3007/2867/2651 3011/2916/2700
f 2976/2889/2673 2969/2870/2654 2971/2869/2653
f 2971/2869/2653 2975/2876/2660 2976/2889/2673
f 2999/2882/2666 3024/2917/2701 2995/2918/2702
f 2995/2918/2702 2997/2883/2667 2999/2882/2666
f 3008/2863/2647 2964/2860/2644 2962/2885/2669
f 2962/2885/2669 3009/2912/2696 3008/2863/2647
f 2972/2871/2655 2973/2873/2657 2971/2869/2653
f 2971/2869/2653 2970/2868/2652 2972/2871/2655
f 3003/2905/2689 3024/2917/2701 2999/2882/2666
f 2999/2882/2666 3001/2913/2697 3003/2905/2689
f 3012/2895/2679 3016/2881/2665 3018/2880/2664
f 3018/2880/2664 3017/2898/2682 3012/2895/2679
f 3010/2859/2643 3014/2858/2642 3011/2916/2700
f 3011/2916/2700 3007/2867/2651 3010/2859/2643
f 3023/2919/2703 3020/2886/2670 3022/2879/2663
f 3022/2879/2663 2958/2892/2676 3023/2919/2703
f 2967/2850/2634 2968/2865/2649 2969/2870/2654
f 2969/2870/2654 2977/2896/2680 2967/2850/2634
f 2980/2853/2637 2979/2888/2672 2983/2902/2686
f 2983/2902/2686 2984/2854/2638 2980/2853/2637
f 2988/2900/2684 2990/2920/2704 2991/2921/2705
f 2991/2921/2705 2989/2901/2685 2988/2900/2684
f 3028/2922/2706 3029/2909/2693 3031/2908/2692
f 3031/2908/2692 3030/2923/2707 3028/2922/2706
f 3014/2858/2642 3015/2924/2708 3011/2916/2700
f 2983/2902/2686 2992/2925/2709 2991/2921/2705
f 2991/2921/2705 2984/2854/2638 2983/2902/2686
f 2995/2918/2702 2993/2926/2710 2994/2906/2690
f 2994/2906/2690 2996/2907/2691 2995/2918/2702
f 3012/2895/2679 3017/2898/2682 3013/2856/2640
f 3013/2856/2640 3009/2912/2696 3012/2895/2679
f 2991/2921/2705 2990/2920/2704 2986/2855/2639
f 2986/2855/2639 2984/2854/2638 2991/2921/2705
f 3009/2912/2696 3013/2856/2640 3010/2859/2643
f 3010/2859/2643 3008/2863/2647 3009/2912/2696
f 2996/2907/2691 2970/2868/2652 2968/2865/2649
f 2968/2865/2649 2998/2864/2648 2996/2907/2691
f 3000/2866/2650 3002/2894/2678 3003/2905/2689
f 3003/2905/2689 3001/2913/2697 3000/2866/2650
f 2975/2876/2660 2971/2869/2653 2973/2873/2657
f 2973/2873/2657 3027/2877/2661 2975/2876/2660
f 2979/2888/2672 2976/2889/2673 2975/2876/2660
f 2975/2876/2660 2982/2875/2659 2979/2888/2672
f 2997/2883/2667 2995/2918/2702 2996/2907/2691
f 2996/2907/2691 2998/2864/2648 2997/2883/2667
f 3006/2862/2646 2968/2865/2649 2967/2850/2634
f 2967/2850/2634 2966/2849/2633 3006/2862/2646
f 3035/2927/2711 3037/2928/2712 3036/2929/2713
f 3039/2930/2714 3035/2927/2711 3033/2911/2695
f 3033/2911/2695 3038/2910/2694 3039/2930/2714
f 3034/2914/2698 3033/2911/2695 3035/2927/2711
f 3035/2927/2711 3036/2929/2713 3034/2914/2698
f 2976/2889/2673 2980/2853/2637 2977/2896/2680
f 2977/2896/2680 2969/2870/2654 2976/2889/2673
f 2961/2884/2668 2959/2890/2674 2960/2893/2677
f 2960/2893/2677 2962/2885/2669 2961/2884/2668
f 2981/2897/2681 2977/2896/2680 2980/2853/2637
f 2980/2853/2637 3041/2931/2715 2981/2897/2681
f 2992/2925/2709 2983/2902/2686 2989/2901/2685
f 2989/2901/2685 2991/2921/2705 2992/2925/2709
f 3039/2930/2714 3040/2932/2716 3037/2928/2712
f 3037/2928/2712 3035/2927/2711 3039/2930/2714
f 3017/2898/2682 3018/2880/2664 3019/2887/2671
f 3019/2887/2671 3026/2899/2683 3017/2898/2682
f 3042/2933/2717 3030/2923/2707 3031/2908/2692
f 3031/2908/2692 3032/2915/2699 3042/2933/2717
f 3092/2934/2718 3094/2935/2719 3095/2936/2720
f 3095/2936/2720 3093/2937/2721 3092/2934/2718
f 3069/2938/2722 3070/2939/2723 3064/2940/2724
f 3064/2940/2724 3065/2941/2725 3069/2938/2722
f 3114/2942/2726 3113/2943/2727 3115/2944/2728
f 3115/2944/2728 3116/2945/2729 3114/2942/2726
f 3098/2946/2730 3099/2947/2731 3104/2948/2732
f 3104/2948/2732 3105/2949/2733 3098/2946/2730
f 3098/2946/2730 3091/2950/2734 3093/2937/2721
f 3093/2937/2721 3099/2947/2731 3098/2946/2730
f 3066/2951/2735 3068/2952/2736 3069/2938/2722
f 3069/2938/2722 3065/2941/2725 3066/2951/2735
f 3101/2953/2737 3100/2954/2738 3095/2936/2720
f 3095/2936/2720 3097/2955/2739 3101/2953/2737
f 3045/2956/2740 3043/2957/2741 3044/2958/2742
f 3044/2958/2742 3046/2959/2743 3045/2956/2740
f 3123/2960/2744 3113/2943/2727 3112/2961/2745
f 3112/2961/2745 3111/2962/2746 3123/2960/2744
f 3054/2963/2747 3052/2964/2748 3053/2965/2749
f 3053/2965/2749 3055/2966/2750 3054/2963/2747
f 3111/2962/2746 3110/2967/2751 3109/2968/2752
f 3109/2968/2752 3122/2969/2753 3111/2962/2746
f 3065/2941/2725 3058/2970/2754 3060/2971/2755
f 3060/2971/2755 3066/2951/2735 3065/2941/2725
f 3091/2950/2734 3090/2972/2756 3092/2934/2718
f 3092/2934/2718 3093/2937/2721 3091/2950/2734
f 3092/2934/2718 3090/2972/2756 3088/2973/2757
f 3088/2973/2757 3119/2974/2758 3092/2934/2718
f 3079/2975/2759 3082/2976/2760 3080/2977/2761
f 3080/2977/2761 3071/2978/2762 3079/2975/2759
f 3047/2979/2763 3050/2980/2764 3049/2981/2765
f 3049/2981/2765 3048/2982/2766 3047/2979/2763
f 3078/2983/2767 3077/2984/2768 3076/2985/2769
f 3076/2985/2769 3081/2986/2770 3078/2983/2767
f 3122/2969/2753 3124/2987/2771 3123/2960/2744
f 3123/2960/2744 3111/2962/2746 3122/2969/2753
f 3073/2988/2772 3068/2952/2736 3074/2989/2773
f 3074/2989/2773 3075/2990/2774 3073/2988/2772
f 3079/2975/2759 3070/2939/2723 3078/2983/2767
f 3078/2983/2767 3081/2986/2770 3079/2975/2759
f 3077/2984/2768 3078/2983/2767 3072/2991/2775
f 3100/2954/2738 3099/2947/2731 3093/2937/2721
f 3093/2937/2721 3095/2936/2720 3100/2954/2738
f 3106/2992/2776 3107/2993/2777 3108/2994/2778
f 3108/2994/2778 3117/2995/2779 3106/2992/2776
f 3077/2984/2768 3072/2991/2775 3073/2988/2772
f 3073/2988/2772 3076/2985/2769 3077/2984/2768
f 3066/2951/2735 3060/2971/2755 3062/2996/2780
f 3062/2996/2780 3067/2997/2781 3066/2951/2735
f 3121/2998/2782 3106/2992/2776 3117/2995/2779
f 3117/2995/2779 3118/2999/2783 3121/2998/2782
f 3131/3000/2784 3125/3001/2785 3130/3002/2786
f 3130/3002/2786 3136/3003/2787 3131/3000/2784
f 3059/3004/2788 3061/3005/2789 3060/2971/2755
f 3060/2971/2755 3058/2970/2754 3059/3004/2788
f 3089/3006/2790 3090/2972/2756 3091/2950/2734
f 3127/3007/2791 3059/3004/2788 3115/2944/2728
f 3115/2944/2728 3126/3008/2792 3127/3007/2791
f 3047/2979/2763 3048/2982/2766 3045/2956/2740
f 3045/2956/2740 3046/2959/2743 3047/2979/2763
f 3064/2940/2724 3056/3009/2793 3058/2970/2754
f 3058/2970/2754 3065/2941/2725 3064/2940/2724
f 3096/3010/2794 3097/2955/2739 3095/2936/2720
f 3095/2936/2720 3094/2935/2719 3096/3010/2794
f 3064/2940/2724 3071/2978/2762 3054/2963/2747
f 3054/2963/2747 3056/3009/2793 3064/2940/2724
f 3101/2953/2737 3097/2955/2739 3057/3011/2795
f 3057/3011/2795 3055/2966/2750 3101/2953/2737
f 3089/3006/2790 3087/3012/2796 3088/2973/2757
f 3088/2973/2757 3090/2972/2756 3089/3006/2790
f 3071/2978/2762 3064/2940/2724 3070/2939/2723
f 3070/2939/2723 3079/2975/2759 3071/2978/2762
f 3055/2966/2750 3057/3011/2795 3056/3009/2793
f 3056/3009/2793 3054/2963/2747 3055/2966/2750
f 3087/3012/2796 3085/3013/2797 3086/3014/2798
f 3086/3014/2798 3088/2973/2757 3087/3012/2796
f 3136/3003/2787 3137/3015/2799 3132/3016/2800
f 3132/3016/2800 3131/3000/2784 3136/3003/2787
f 3103/3017/2801 3100/2954/2738 3101/2953/2737
f 3101/2953/2737 3102/3018/2802 3103/3017/2801
f 3101/2953/2737 3055/2966/2750 3053/2965/2749
f 3053/2965/2749 3102/3018/2802 3101/2953/2737
f 3061/3005/2789 3128/3019/2803 3129/3020/2804
f 3129/3020/2804 3063/3021/2805 3061/3005/2789
f 3083/3022/2806 3084/3023/2807 3081/2986/2770
f 3081/2986/2770 3076/2985/2769 3083/3022/2806
f 3125/3001/2785 3131/3000/2784 3126/3008/2792
f 3126/3008/2792 3115/2944/2728 3125/3001/2785
f 3060/2971/2755 3061/3005/2789 3063/3021/2805
f 3063/3021/2805 3062/2996/2780 3060/2971/2755
f 3117/2995/2779 3108/2994/2778 3116/2945/2729
f 3116/2945/2729 3096/3010/2794 3117/2995/2779
f 3133/3024/2808 3132/3016/2800 3134/3025/2809
f 3134/3025/2809 3135/3026/2810 3133/3024/2808
f 3112/2961/2745 3113/2943/2727 3114/2942/2726
f 3127/3007/2791 3126/3008/2792 3133/3024/2808
f 3133/3024/2808 3135/3026/2810 3127/3007/2791
f 3059/3004/2788 3058/2970/2754 3056/3009/2793
f 3056/3009/2793 3057/3011/2795 3059/3004/2788
f 3092/2934/2718 3119/2974/2758 3118/2999/2783
f 3118/2999/2783 3094/2935/2719 3092/2934/2718
f 3061/3005/2789 3059/3004/2788 3127/3007/2791
f 3127/3007/2791 3128/3019/2803 3061/3005/2789
f 3134/3025/2809 3128/3019/2803 3127/3007/2791
f 3127/3007/2791 3135/3026/2810 3134/3025/2809
f 3111/2962/2746 3112/2961/2745 3114/2942/2726
f 3114/2942/2726 3110/2967/2751 3111/2962/2746
f 3087/3012/2796 3089/3006/2790 3091/2950/2734
f 3091/2950/2734 3098/2946/2730 3087/3012/2796
f 3121/2998/2782 3118/2999/2783 3119/2974/2758
f 3119/2974/2758 3120/3027/2811 3121/2998/2782
f 3082/2976/2760 3079/2975/2759 3081/2986/2770
f 3081/2986/2770 3084/3023/2807 3082/2976/2760
f 3131/3000/2784 3132/3016/2800 3133/3024/2808
f 3133/3024/2808 3126/3008/2792 3131/3000/2784
f 3052/2964/2748 3054/2963/2747 3071/2978/2762
f 3071/2978/2762 3080/2977/2761 3052/2964/2748
f 3125/3001/2785 3115/2944/2728 3113/2943/2727
f 3113/2943/2727 3123/2960/2744 3125/3001/2785
f 3078/2983/2767 3070/2939/2723 3069/2938/2722
f 3069/2938/2722 3072/2991/2775 3078/2983/2767
f 3096/3010/2794 3094/2935/2719 3118/2999/2783
f 3118/2999/2783 3117/2995/2779 3096/3010/2794
f 3134/3025/2809 3138/3028/2812 3129/3020/2804
f 3129/3020/2804 3128/3019/2803 3134/3025/2809
f 3132/3016/2800 3137/3015/2799 3138/3028/2812
f 3138/3028/2812 3134/3025/2809 3132/3016/2800
f 3068/2952/2736 3073/2988/2772 3072/2991/2775
f 3072/2991/2775 3069/2938/2722 3068/2952/2736
f 3116/2945/2729 3108/2994/2778 3110/2967/2751
f 3110/2967/2751 3114/2942/2726 3116/2945/2729
f 3115/2944/2728 3059/3004/2788 3057/3011/2795
f 3057/3011/2795 3116/2945/2729 3115/2944/2728
f 3130/3002/2786 3125/3001/2785 3123/2960/2744
f 3123/2960/2744 3124/2987/2771 3130/3002/2786
f 3100/2954/2738 3103/3017/2801 3104/2948/2732
f 3104/2948/2732 3099/2947/2731 3100/2954/2738
f 3110/2967/2751 3108/2994/2778 3107/2993/2777
f 3107/2993/2777 3109/2968/2752 3110/2967/2751
f 3120/3027/2811 3119/2974/2758 3088/2973/2757
f 3088/2973/2757 3086/3014/2798 3120/3027/2811
f 3097/2955/2739 3096/3010/2794 3116/2945/2729
f 3116/2945/2729 3057/3011/2795 3097/2955/2739
f 3105/2949/2733 3085/3013/2797 3087/3012/2796
f 3087/3012/2796 3098/2946/2730 3105/2949/2733
f 3075/2990/2774 3083/3022/2806 3076/2985/2769
f 3076/2985/2769 3073/2988/2772 3075/2990/2774
f 3068/2952/2736 3066/2951/2735 3067/2997/2781
f 3067/2997/2781 3074/2989/2773 3068/2952/2736
f 3049/2981/2765 3050/2980/2764 3139/3029/2813
f 3139/3029/2813 3051/3030/2814 3049/2981/2765
f 3144/3031/2815 3147/3032/2816 3146/3033/2817
f 3146/3033/2817 3145/3034/2818 3144/3031/2815
f 3142/3035/2819 3140/3036/2820 3141/3037/2821
f 3141/3037/2821 3143/3038/2822 3142/3035/2819
f 3144/3031/2815 3145/3034/2818 3142/3035/2819
f 3142/3035/2819 3143/3038/2822 3144/3031/2815
f 3147/3032/2816 3149/3039/2823 3148/3040/2824
f 3148/3040/2824 3146/3033/2817 3147/3032/2816
f 3579/3041/2825 3577/3042/2826 3578/3043/2827
f 3578/3043/2827 3580/3044/2828 3579/3041/2825
f 3164/3045/2829 3165/3046/2830 3162/3047/2831
f 3162/3047/2831 3163/3048/2832 3164/3045/2829
f 3175/3049/2833 3174/3050/2834 3176/3051/2835
f 3176/3051/2835 3177/3052/2836 3175/3049/2833
f 3755/3053/2837 3754/3054/2838 3756/3055/2839
f 3756/3055/2839 3757/3056/2840 3755/3053/2837
f 3411/3057/2841 3410/3058/2842 3409/3059/2843
f 3409/3059/2843 3412/3060/2844 3411/3057/2841
f 3504/3061/2845 3505/3062/2846 3503/3063/2847
f 3503/3063/2847 3502/3064/2848 3504/3061/2845
f 3755/3053/2837 3753/3065/2849 3752/3066/2850
f 3752/3066/2850 3754/3054/2838 3755/3053/2837
f 4238/3067/2851 3555/3068/2852 3557/3069/2853
f 3557/3069/2853 4240/3070/2854 4238/3067/2851
f 3152/3071/2855 3150/3072/2855 3151/3073/2856
f 3151/3073/2856 3153/3074/2857 3152/3071/2855
f 3357/3075/2858 3359/3076/2859 3358/3077/2860
f 3358/3077/2860 3356/3078/2861 3357/3075/2858
f 3763/3079/2862 3762/3080/2863 3764/3081/2864
f 3764/3081/2864 3765/3082/2865 3763/3079/2862
f 3937/3083/2866 3936/3084/2867 3935/3085/2868
f 3935/3085/2868 4163/3086/2869 3937/3083/2866
f 4199/3087/2870 4198/3088/2871 4196/3089/2872
f 4196/3089/2872 4197/3090/2873 4199/3087/2870
f 3154/3091/2874 3155/3092/2875 3157/3093/2876
f 3157/3093/2876 3156/3094/2877 3154/3091/2874
f 3733/3095/2878 3722/3096/2879 3732/3097/2880
f 3732/3097/2880 3796/3098/2881 3733/3095/2878
f 3179/3099/2882 3178/3100/2883 3180/3101/2884
f 3180/3101/2884 3181/3102/2885 3179/3099/2882
f 4249/3103/2886 4247/3104/2887 4248/3105/2888
f 4248/3105/2888 4250/3106/2889 4249/3103/2886
f 3934/3107/2890 3933/3108/2891 3935/3085/2868
f 3935/3085/2868 3936/3084/2867 3934/3107/2890
f 3311/3109/2892 3315/3110/2893 3309/3111/2894
f 3309/3111/2894 3310/3112/2895 3311/3109/2892
f 3952/3113/2896 3951/3114/2897 3953/3115/2898
f 3953/3115/2898 3954/3116/2899 3952/3113/2896
f 4096/3117/2900 4097/3118/2901 4088/3119/2902
f 4088/3119/2902 4087/3120/2903 4096/3117/2900
f 3666/3121/2904 3806/3122/2905 3631/3123/2906
f 3631/3123/2906 3807/3124/2907 3666/3121/2904
f 3173/3125/2908 3172/3126/2909 3174/3050/2834
f 3174/3050/2834 3175/3049/2833 3173/3125/2908
f 3864/3127/2910 3597/3128/2911 3598/3129/2912
f 3598/3129/2912 3599/3130/2913 3864/3127/2910
f 3320/3131/2914 3323/3132/2915 3322/3133/2915
f 3322/3133/2915 3321/3134/2916 3320/3131/2914
f 3516/3135/2917 3514/3136/2918 3512/3137/2918
f 3512/3137/2918 3515/3138/2919 3516/3135/2917
f 3316/3139/2920 3317/3140/2921 3319/3141/2922
f 3319/3141/2922 3318/3142/2923 3316/3139/2920
f 3341/3143/2924 3340/3144/2925 3339/3145/2926
f 3339/3145/2926 3337/3146/2927 3341/3143/2924
f 4084/3147/2928 4082/3148/2929 4092/3149/2930
f 4092/3149/2930 4093/3150/2931 4084/3147/2928
f 3457/3151/2932 3459/3152/2933 3481/3153/2934
f 3481/3153/2934 3480/3154/2935 3457/3151/2932
f 3520/3155/2936 3519/3156/2937 3521/3157/2938
f 3521/3157/2938 3522/3158/2939 3520/3155/2936
f 4307/3159/2940 4301/3160/2941 4306/3161/2942
f 4306/3161/2942 4308/3162/2943 4307/3159/2940
f 3846/3163/2944 3850/3164/2945 3844/3165/2946
f 3844/3165/2946 3845/3166/2947 3846/3163/2944
f 4168/3167/2948 4170/3168/2949 4171/3169/2950
f 4171/3169/2950 4169/3170/2951 4168/3167/2948
f 3864/3127/2910 3599/3130/2913 3873/3171/2952
f 3873/3171/2952 3866/3172/2953 3864/3127/2910
f 3276/3173/2954 3296/3174/2955 3295/3175/2956
f 3295/3175/2956 3274/3176/2957 3276/3173/2954
f 3760/3177/2958 3799/3178/2959 3800/3179/2960
f 3800/3179/2960 3762/3080/2863 3760/3177/2958
f 3231/3180/2961 3233/3181/2962 3232/3182/2963
f 4020/3183/2964 4022/3184/2965 4023/3185/2966
f 4023/3185/2966 4021/3186/2967 4020/3183/2964
f 3234/3187/2968 3235/3188/2969 3236/3189/2970
f 3380/3190/2971 3384/3191/2972 3385/3192/2973
f 3385/3192/2973 3378/3193/2974 3380/3190/2971
f 3237/3194/2975 3239/3195/2976 3238/3196/2977
f 3840/3197/2978 3839/3198/2979 3838/3199/2980
f 3838/3199/2980 3849/3200/2981 3840/3197/2978
f 3843/3201/2982 3847/3202/2983 3845/3166/2947
f 3845/3166/2947 3844/3165/2946 3843/3201/2982
f 3242/3203/2984 3243/3204/2985 3244/3205/2986
f 3770/3206/2987 3848/3207/2988 3849/3200/2981
f 3849/3200/2981 3772/3208/2989 3770/3206/2987
f 4085/3209/2990 4072/3210/2991 4070/3211/2992
f 4070/3211/2992 4068/3212/2993 4085/3209/2990
f 3709/3213/2994 3716/3214/2995 3708/3215/2996
f 3708/3215/2996 3696/3216/2997 3709/3213/2994
f 3644/3217/2998 3643/3218/2999 3250/3219/3000
f 3250/3219/3000 3252/3220/3001 3644/3217/2998
f 4041/3221/3002 3472/3222/3003 4042/3223/3004
f 4042/3223/3004 4040/3224/3005 4041/3221/3002
f 3253/3225/3006 3255/3226/3007 3254/3227/3008
f 4273/3228/3009 4275/3229/3010 4274/3230/3011
f 4274/3230/3011 4272/3231/3012 4273/3228/3009
f 3719/3232/3013 3705/3233/3014 3704/3234/3015
f 3704/3234/3015 3703/3235/3016 3719/3232/3013
f 3251/3236/3017 3249/3237/3018 3257/3238/3019
f 3684/3239/3020 3698/3240/3021 3700/3241/3022
f 3700/3241/3022 3815/3242/3023 3684/3239/3020
f 3942/3243/3024 3928/3244/3025 3930/3245/3026
f 3930/3245/3026 3943/3246/3027 3942/3243/3024
f 3926/3247/3028 3925/3248/3029 3927/3249/3030
f 3927/3249/3030 3928/3244/3025 3926/3247/3028
f 3243/3204/2985 3241/3250/3031 3261/3251/3032
f 4285/3252/3033 4259/3253/3034 4286/3254/3035
f 4286/3254/3035 4287/3255/3036 4285/3252/3033
f 3701/3256/3037 3702/3257/3038 3700/3241/3022
f 3700/3241/3022 3699/3258/3039 3701/3256/3037
f 3274/3176/2957 3273/3259/3040 3275/3260/3041
f 3275/3260/3041 3276/3173/2954 3274/3176/2957
f 3959/3261/3042 3960/3262/3043 3958/3263/3044
f 3958/3263/3044 3957/3264/3045 3959/3261/3042
f 3788/3265/3046 3751/3266/3047 3753/3065/2849
f 3753/3065/2849 3787/3267/3048 3788/3265/3046
f 3267/3268/3049 3269/3269/3050 3268/3270/3051
f 3484/3271/3052 3485/3272/3053 3367/3273/3054
f 3367/3273/3054 3365/3274/3055 3484/3271/3052
f 3270/3275/3056 3271/3276/3057 3272/3277/3058
f 3969/3278/3059 3989/3279/3060 3971/3280/3061
f 3971/3280/3061 3970/3281/3062 3969/3278/3059
f 3450/3282/3063 3452/3283/3064 3453/3284/3065
f 3453/3284/3065 3451/3285/3066 3450/3282/3063
f 3799/3178/2959 3760/3177/2958 3758/3286/3067
f 3758/3286/3067 3801/3287/3068 3799/3178/2959
f 4072/3210/2991 4085/3209/2990 4086/3288/3069
f 4086/3288/3069 4074/3289/3070 4072/3210/2991
f 3264/3290/3071 3278/3291/3072 3263/3292/3073
f 3395/3293/3074 3387/3294/3075 3386/3295/3076
f 3386/3295/3076 3396/3296/3077 3395/3293/3074
f 4010/3297/3078 4053/3298/3079 4054/3299/3080
f 4054/3299/3080 4009/3300/3081 4010/3297/3078
f 3868/3301/3082 3869/3302/3083 3867/3303/3084
f 3867/3303/3084 3866/3172/2953 3868/3301/3082
f 3266/3304/3085 3265/3305/3086 3267/3268/3049
f 3267/3268/3049 3268/3270/3051 3266/3304/3085
f 3507/3306/3087 3506/3307/3088 3469/3308/3089
f 3469/3308/3089 3471/3309/3090 3507/3306/3087
f 4200/3310/3091 4198/3088/2871 4199/3087/2870
f 4199/3087/2870 4136/3311/3092 4200/3310/3091
f 4256/3312/3093 4258/3313/3094 4257/3314/3095
f 4257/3314/3095 4255/3315/3096 4256/3312/3093
f 3820/3316/3097 3828/3317/3098 3821/3318/3099
f 3821/3318/3099 3644/3217/2998 3820/3316/3097
f 3866/3172/2953 3873/3171/2952 3874/3319/3100
f 3874/3319/3100 3868/3301/3082 3866/3172/2953
f 3605/3320/3101 3607/3321/3102 3887/3322/3103
f 3887/3322/3103 3886/3323/3104 3605/3320/3101
f 4124/3324/3105 4125/3325/3106 4123/3326/3107
f 4123/3326/3107 4122/3327/3108 4124/3324/3105
f 3897/3328/3109 3896/3329/3110 3901/3330/3111
f 3901/3330/3111 3900/3331/3112 3897/3328/3109
f 3464/3332/3113 4067/3333/3114 4066/3334/3115
f 4066/3334/3115 4065/3335/3116 3464/3332/3113
f 3293/3336/3117 3272/3277/3058 3294/3337/3118
f 3294/3337/3118 3274/3176/2957 3295/3175/2956
f 4297/3338/3119 4289/3339/3120 4291/3340/3121
f 4291/3340/3121 4298/3341/3122 4297/3338/3119
f 4239/3342/3123 3488/3343/3124 3487/3344/3125
f 3487/3344/3125 3486/3345/3126 4239/3342/3123
f 3826/3346/3127 3641/3347/3128 3642/3348/3129
f 3642/3348/3129 3824/3349/3130 3826/3346/3127
f 3259/3350/3131 3282/3351/3132 3283/3352/3133
f 3283/3352/3133 3258/3353/3134 3259/3350/3131
f 4025/3354/3135 3962/3355/3136 3964/3356/3137
f 3964/3356/3137 4039/3357/3138 4025/3354/3135
f 4154/3358/3139 4155/3359/3140 3923/3360/3141
f 3923/3360/3141 3921/3361/3142 4154/3358/3139
f 3853/3362/3143 3851/3363/3144 3719/3232/3013
f 3719/3232/3013 3852/3364/3145 3853/3362/3143
f 3502/3064/2848 3497/3365/3146 3496/3366/3147
f 3496/3366/3147 3499/3367/3148 3502/3064/2848
f 3383/3368/3149 3380/3190/2971 3382/3369/3150
f 3382/3369/3150 3423/3370/3151 3383/3368/3149
f 3529/3371/3152 3527/3372/3153 3528/3373/3154
f 3528/3373/3154 3530/3374/3155 3529/3371/3152
f 3390/3375/3156 3370/3376/3157 3388/3377/3158
f 3388/3377/3158 3389/3378/3159 3390/3375/3156
f 3724/3379/3160 3735/3380/3161 3725/3381/3162
f 3725/3381/3162 3716/3214/2995 3724/3379/3160
f 3205/3382/3163 3207/3383/3164 3208/3384/3165
f 3208/3384/3165 3206/3385/3166 3205/3382/3163
f 3355/3386/3167 3444/3387/3168 3445/3388/3169
f 3445/3388/3169 3357/3075/2858 3355/3386/3167
f 3725/3381/3162 3726/3389/3170 3727/3390/3171
f 3727/3390/3171 3717/3391/3172 3725/3381/3162
f 3153/3074/2857 3151/3073/2856 3155/3092/2875
f 3155/3092/2875 3154/3091/2874 3153/3074/2857
f 3527/3372/3153 3525/3392/3173 3526/3393/3174
f 3526/3393/3174 3528/3373/3154 3527/3372/3153
f 3197/3394/3175 3196/3395/3176 3195/3396/3177
f 3195/3396/3177 3198/3397/3178 3197/3394/3175
f 4050/3398/3179 4013/3399/3180 4014/3400/3181
f 4014/3400/3181 4048/3401/3182 4050/3398/3179
f 3219/3402/3183 3220/3403/3184 3217/3404/3185
f 3217/3404/3185 3218/3405/3186 3219/3402/3183
f 3830/3406/3187 3823/3407/3188 3821/3318/3099
f 3821/3318/3099 3829/3408/3189 3830/3406/3187
f 3518/3409/3190 3516/3135/2917 3515/3138/2919
f 3515/3138/2919 3517/3410/3191 3518/3409/3190
f 3194/3411/3192 3192/3412/3193 3195/3396/3177
f 3195/3396/3177 3196/3395/3176 3194/3411/3192
f 3191/3413/3194 3192/3412/3193 3194/3411/3192
f 3194/3411/3192 3193/3414/3195 3191/3413/3194
f 3215/3415/3196 3216/3416/3197 3214/3417/3198
f 3214/3417/3198 3212/3418/3198 3215/3415/3196
f 4101/3419/3199 4059/3420/3200 4060/3421/3201
f 4060/3421/3201 4061/3422/3202 4101/3419/3199
f 3235/3188/2969 3233/3181/2962 3267/3268/3049
f 3667/3423/3203 3690/3424/3204 3696/3216/2997
f 3696/3216/2997 3682/3425/3205 3667/3423/3203
f 3446/3426/3206 3448/3427/3207 3449/3428/3208
f 3449/3428/3208 3447/3429/3209 3446/3426/3206
f 3342/3430/3210 3343/3431/3211 3271/3276/3057
f 3457/3151/2932 3480/3154/2935 3479/3432/3212
f 3479/3432/3212 3455/3433/3213 3457/3151/2932
f 3704/3234/3015 3813/3434/3214 3818/3435/3215
f 3818/3435/3215 3814/3436/3216 3704/3234/3015
f 3567/3437/3217 3565/3438/3218 3564/3439/3219
f 3564/3439/3219 3563/3440/3220 3567/3437/3217
f 3976/3441/3221 3975/3442/3222 3974/3443/3223
f 3974/3443/3223 4300/3444/3224 3976/3441/3221
f 3884/3445/3225 3885/3446/3226 3883/3447/3227
f 3883/3447/3227 3875/3448/3228 3884/3445/3225
f 3710/3449/3229 3715/3450/3230 3709/3213/2994
f 3709/3213/2994 3695/3451/3231 3710/3449/3229
f 3910/3452/3232 3912/3453/3233 3913/3454/3234
f 3913/3454/3234 3911/3455/3235 3910/3452/3232
f 3741/3456/3236 3740/3457/3237 3744/3458/3238
f 3744/3458/3238 3745/3459/3239 3741/3456/3236
f 3350/3460/3240 3351/3461/3241 3352/3462/3242
f 3960/3262/3043 3959/3261/3042 3961/3463/3243
f 3961/3463/3243 3962/3355/3136 3960/3262/3043
f 3796/3098/2881 3732/3097/2880 3798/3464/3244
f 3798/3464/3244 3797/3465/3245 3796/3098/2881
f 3661/3466/3246 3655/3467/3247 3654/3468/3248
f 3654/3468/3248 3660/3469/3249 3661/3466/3246
f 3181/3102/2885 3180/3101/2884 3182/3470/3250
f 3182/3470/3250 3183/3471/3251 3181/3102/2885
f 3786/3472/3252 3755/3053/2837 3757/3056/2840
f 3757/3056/2840 3785/3473/3253 3786/3472/3252
f 3833/3474/3254 3834/3475/3255 3836/3476/3256
f 3836/3476/3256 3835/3477/3257 3833/3474/3254
f 4281/3478/3258 4269/3479/3259 4267/3480/3260
f 4267/3480/3260 4280/3481/3261 4281/3478/3258
f 3899/3482/3262 3893/3483/3263 3892/3484/3264
f 3892/3484/3264 3898/3485/3265 3899/3482/3262
f 4009/3300/3081 3998/3486/3266 3996/3487/3267
f 3996/3487/3267 4010/3297/3078 4009/3300/3081
f 4056/3488/3268 4058/3489/3269 4057/3490/3270
f 4057/3490/3270 4008/3491/3271 4056/3488/3268
f 3345/3492/3272 3346/3493/3273 3347/3494/3274
f 3347/3494/3274 3854/3495/3275 3345/3492/3272
f 3228/3496/3276 3227/3497/3277 3229/3498/3278
f 3229/3498/3278 3230/3499/3279 3228/3496/3276
f 3371/3500/3280 3487/3344/3125 3373/3501/3281
f 3373/3501/3281 3372/3502/3282 3371/3500/3280
f 3681/3503/3283 3683/3504/3284 3680/3505/3285
f 3680/3505/3285 3671/3506/3286 3681/3503/3283
f 4222/3507/3287 4223/3508/3288 4221/3509/3289
f 4221/3509/3289 4219/3510/3290 4222/3507/3287
f 3378/3193/2974 3379/3511/3291 3380/3190/2971
f 4276/3512/3292 4277/3513/3293 4278/3514/3294
f 4278/3514/3294 4295/3515/3295 4276/3512/3292
f 3660/3469/3249 3659/3516/3296 3712/3517/3297
f 3712/3517/3297 3693/3518/3298 3660/3469/3249
f 3383/3368/3149 3384/3191/2972 3380/3190/2971
f 4089/3519/3299 4078/3520/3300 4076/3521/3301
f 4076/3521/3301 4088/3119/2902 4089/3519/3299
f 3694/3522/3302 3710/3449/3229 3695/3451/3231
f 3695/3451/3231 3691/3523/3303 3694/3522/3302
f 3452/3283/3064 3454/3524/3304 3455/3433/3213
f 3455/3433/3213 3453/3284/3065 3452/3283/3064
f 3714/3525/3305 3711/3526/3306 3713/3527/3307
f 3713/3527/3307 3722/3096/2879 3714/3525/3305
f 3721/3528/3308 3732/3097/2880 3722/3096/2879
f 3722/3096/2879 3713/3527/3307 3721/3528/3308
f 3928/3244/3025 3927/3249/3030 3929/3529/3309
f 3929/3529/3309 3930/3245/3026 3928/3244/3025
f 3277/3530/3310 3291/3531/3311 3290/3532/3312
f 3290/3532/3312 3289/3533/3313 3277/3530/3310
f 3601/3534/3314 3599/3130/2913 3600/3535/3315
f 3600/3535/3315 3602/3536/3316 3601/3534/3314
f 3277/3530/3310 3264/3290/3071 3265/3305/3086
f 3265/3305/3086 3266/3304/3085 3277/3530/3310
f 3230/3499/3279 3229/3498/3278 3231/3180/2961
f 3231/3180/2961 3232/3182/2963 3230/3499/3279
f 3503/3063/2847 3498/3537/3317 3497/3365/3146
f 3497/3365/3146 3502/3064/2848 3503/3063/2847
f 3430/3538/3318 3360/3539/3319 3361/3540/3320
f 3361/3540/3320 3362/3541/3321 3430/3538/3318
f 3929/3529/3309 4158/3542/3322 4159/3543/3323
f 4159/3543/3323 3931/3544/3324 3929/3529/3309
f 4079/3545/3325 4077/3546/3326 4078/3520/3300
f 4078/3520/3300 4080/3547/3327 4079/3545/3325
f 4083/3548/3328 4055/3549/3329 4054/3299/3080
f 4054/3299/3080 4107/3550/3330 4083/3548/3328
f 3248/3551/3331 3247/3552/3332 3249/3237/3018
f 3249/3237/3018 3250/3219/3000 3248/3551/3331
f 3458/3553/3333 4118/3554/3334 4085/3209/2990
f 4085/3209/2990 4068/3212/2993 3458/3553/3333
f 3932/3555/3335 3931/3544/3324 3933/3108/2891
f 3933/3108/2891 3934/3107/2890 3932/3555/3335
f 3764/3081/2864 3766/3556/3336 3767/3557/3337
f 3767/3557/3337 3765/3082/2865 3764/3081/2864
f 3424/3558/3338 3425/3559/3339 3427/3560/3340
f 3427/3560/3340 3426/3561/3341 3424/3558/3338
f 3634/3562/3342 3632/3563/3343 3633/3564/3344
f 3633/3564/3344 3635/3565/3345 3634/3562/3342
f 3414/3566/3346 3416/3567/3347 3417/3568/3348
f 3417/3568/3348 3413/3569/3349 3414/3566/3346
f 3832/3570/3350 3834/3475/3255 3833/3474/3254
f 3833/3474/3254 3827/3571/3351 3832/3570/3350
f 3475/3572/3352 3510/3573/3353 3473/3574/3354
f 3473/3574/3354 3474/3575/3355 3475/3572/3352
f 3794/3576/3356 3795/3577/3357 3791/3578/3358
f 3791/3578/3358 3743/3579/3359 3794/3576/3356
f 3802/3580/3360 3795/3577/3357 3796/3098/2881
f 3796/3098/2881 3797/3465/3245 3802/3580/3360
f 3560/3581/3361 3570/3582/3362 3561/3583/3363
f 3561/3583/3363 3548/3584/3364 3560/3581/3361
f 3356/3078/2861 3354/3585/3365 3355/3386/3167
f 3355/3386/3167 3357/3075/2858 3356/3078/2861
f 3616/3586/3366 3615/3587/3367 3647/3588/3368
f 3647/3588/3368 3648/3589/3369 3616/3586/3366
f 3400/3590/3370 3423/3370/3151 3422/3591/3371
f 4193/3592/3372 4192/3593/3373 4191/3594/3374
f 4191/3594/3374 4189/3595/3375 4193/3592/3372
f 4243/3596/3376 4241/3597/3377 4242/3598/3378
f 4242/3598/3378 4244/3599/3379 4243/3596/3376
f 3536/3600/3380 3532/3601/3381 3539/3602/3382
f 3539/3602/3382 3540/3603/3383 3536/3600/3380
f 4288/3604/3384 4290/3605/3385 4291/3340/3121
f 4291/3340/3121 4289/3339/3120 4288/3604/3384
f 3920/3606/3386 3919/3607/3387 3921/3361/3142
f 3921/3361/3142 3922/3608/3388 3920/3606/3386
f 3673/3609/3389 3232/3182/2963 3234/3187/2968
f 3234/3187/2968 3672/3610/3390 3673/3609/3389
f 4273/3228/3009 4271/3611/3391 4282/3612/3392
f 4282/3612/3392 4283/3613/3393 4273/3228/3009
f 4146/3614/3394 4145/3615/3395 4144/3616/3396
f 4144/3616/3396 4150/3617/3397 4146/3614/3394
f 3890/3618/3398 3883/3447/3227 3885/3446/3226
f 3885/3446/3226 3889/3619/3399 3890/3618/3398
f 3297/3620/3400 3291/3531/3311 3292/3621/3401
f 3292/3621/3401 3293/3336/3117 3297/3620/3400
f 4251/3622/3402 4249/3103/2886 4250/3106/2889
f 4250/3106/2889 4252/3623/3403 4251/3622/3402
f 3933/3108/2891 3931/3544/3324 4159/3543/3323
f 4159/3543/3323 4160/3624/3404 3933/3108/2891
f 3997/3625/3405 3996/3487/3267 3998/3486/3266
f 3998/3486/3266 3999/3626/3406 3997/3625/3405
f 3306/3627/3407 3307/3628/3408 3308/3629/3409
f 3308/3629/3409 3335/3630/3410 3306/3627/3407
f 3973/3631/3411 3972/3632/3412 4305/3633/3413
f 4305/3633/3413 4304/3634/3414 3973/3631/3411
f 3440/3635/3415 3285/3636/3416 3284/3637/3417
f 3985/3638/3418 3982/3639/3419 3981/3640/3420
f 3981/3640/3420 3984/3641/3421 3985/3638/3418
f 3675/3642/3422 3676/3643/3423 3226/3644/3424
f 3226/3644/3424 3228/3496/3276 3675/3642/3422
f 3493/3645/3425 3492/3646/3426 3494/3647/3427
f 3494/3647/3427 3495/3648/3428 3493/3645/3425
f 3456/3649/3429 4118/3554/3334 3458/3553/3333
f 3458/3553/3333 3457/3151/2932 3456/3649/3429
f 4100/3650/3430 4091/3651/3431 4098/3652/3432
f 4098/3652/3432 4099/3653/3433 4100/3650/3430
f 3445/3388/3169 3446/3426/3206 3447/3429/3209
f 4074/3289/3070 4086/3288/3069 4087/3120/2903
f 4087/3120/2903 4076/3521/3301 4074/3289/3070
f 3842/3654/3434 3658/3655/3435 3841/3656/3436
f 3841/3656/3436 3843/3201/2982 3842/3654/3434
f 3714/3525/3305 3723/3657/3437 3715/3450/3230
f 3715/3450/3230 3710/3449/3229 3714/3525/3305
f 3470/3658/3438 3471/3309/3090 3469/3308/3089
f 3469/3308/3089 3468/3659/3439 3470/3658/3438
f 4205/3660/3440 4209/3661/3441 4174/3662/3442
f 4174/3662/3442 4203/3663/3443 4205/3660/3440
f 3294/3337/3118 3299/3664/3444 3297/3620/3400
f 3297/3620/3400 3293/3336/3117 3294/3337/3118
f 3270/3275/3056 3268/3270/3051 3269/3269/3050
f 3269/3269/3050 3271/3276/3057 3270/3275/3056
f 3972/3632/3412 3973/3631/3411 3949/3665/3445
f 3949/3665/3445 3947/3666/3446 3972/3632/3412
f 3328/3667/3447 3331/3668/3448 3330/3669/3449
f 3330/3669/3449 3329/3670/3450 3328/3667/3447
f 3665/3671/3451 3664/3672/3452 3663/3673/3453
f 3663/3673/3453 3691/3523/3303 3665/3671/3451
f 4290/3605/3385 4292/3674/3454 4293/3675/3455
f 4293/3675/3455 4291/3340/3121 4290/3605/3385
f 3609/3676/3456 3607/3321/3102 3608/3677/3457
f 3608/3677/3457 3610/3678/3458 3609/3676/3456
f 3199/3679/3459 3197/3394/3175 3198/3397/3178
f 3198/3397/3178 3200/3680/3460 3199/3679/3459
f 4246/3681/3461 4261/3682/3462 4260/3683/3463
f 4260/3683/3463 4248/3105/2888 4246/3681/3461
f 4008/3491/3271 4057/3490/3270 4002/3684/3464
f 4002/3684/3464 4000/3685/3465 4008/3491/3271
f 3365/3274/3055 3364/3686/3466 3363/3687/3467
f 3363/3687/3467 3477/3688/3468 3365/3274/3055
f 3835/3477/3257 3630/3689/3469 3631/3123/2906
f 3631/3123/2906 3632/3563/3343 3835/3477/3257
f 3621/3690/3470 3622/3691/3471 3590/3692/3472
f 3590/3692/3472 3588/3693/3473 3621/3690/3470
f 3476/3694/3474 3475/3572/3352 3474/3575/3355
f 3474/3575/3355 4043/3695/3475 3476/3694/3474
f 3400/3590/3370 3399/3696/3476 3383/3368/3149
f 3383/3368/3149 3423/3370/3151 3400/3590/3370
f 3816/3697/3477 3817/3698/3478 3688/3699/3479
f 3688/3699/3479 3686/3700/3480 3816/3697/3477
f 4025/3354/3135 4026/3701/3481 4018/3702/3482
f 4018/3702/3482 4016/3703/3483 4025/3354/3135
f 3481/3153/2934 3482/3704/3484 3480/3154/2935
f 4124/3324/3105 3446/3426/3206 3445/3388/3169
f 3445/3388/3169 3444/3387/3168 4124/3324/3105
f 3479/3432/3212 3483/3705/3485 3478/3706/3486
f 3583/3707/3487 3581/3708/3488 3582/3709/3489
f 3582/3709/3489 3584/3710/3490 3583/3707/3487
f 4099/3653/3433 4098/3652/3432 4097/3118/2901
f 4097/3118/2901 4129/3711/3491 4099/3653/3433
f 4032/3712/3492 4040/3224/3005 4030/3713/3493
f 4030/3713/3493 4031/3714/3494 4032/3712/3492
f 3971/3280/3061 3989/3279/3060 3988/3715/3495
f 3988/3715/3495 3990/3716/3496 3971/3280/3061
f 3662/3717/3497 3808/3718/3498 3657/3719/3499
f 3657/3719/3499 3656/3720/3500 3662/3717/3497
f 3253/3225/3006 3251/3236/3017 3257/3238/3019
f 3257/3238/3019 3256/3721/3501 3253/3225/3006
f 3567/3437/3217 3563/3440/3220 3569/3722/3502
f 3569/3722/3502 3568/3723/3503 3567/3437/3217
f 3595/3724/3504 3593/3725/3505 3594/3726/3506
f 3594/3726/3506 3596/3727/3507 3595/3724/3504
f 3776/3728/3508 3777/3729/3509 3773/3730/3510
f 3773/3730/3510 3775/3731/3511 3776/3728/3508
f 3283/3352/3133 3439/3732/3512 3440/3635/3415
f 3440/3635/3415 3284/3637/3417 3283/3352/3133
f 3743/3579/3359 3744/3458/3238 3740/3457/3237
f 3740/3457/3237 3739/3733/3513 3743/3579/3359
f 3825/3734/3514 3831/3735/3515 3832/3570/3350
f 3832/3570/3350 3827/3571/3351 3825/3734/3514
f 4147/3736/3516 4143/3737/3517 4145/3615/3395
f 4145/3615/3395 4146/3614/3394 4147/3736/3516
f 3794/3576/3356 3734/3738/3518 3723/3657/3437
f 3723/3657/3437 3733/3095/2878 3794/3576/3356
f 3671/3506/3286 3670/3739/3519 3669/3740/3520
f 3669/3740/3520 3681/3503/3283 3671/3506/3286
f 4247/3104/2887 4245/3741/3521 4246/3681/3461
f 4246/3681/3461 4248/3105/2888 4247/3104/2887
f 3573/3742/3522 3574/3743/3523 3568/3723/3503
f 3568/3723/3503 3569/3722/3502 3573/3742/3522
f 3679/3744/3524 3680/3505/3285 3684/3239/3020
f 3684/3239/3020 3685/3745/3525 3679/3744/3524
f 3769/3746/3526 3779/3747/3527 3780/3748/3528
f 3780/3748/3528 3767/3557/3337 3769/3746/3526
f 3501/3749/3529 3504/3061/2845 3502/3064/2848
f 4118/3554/3334 4094/3750/3530 4086/3288/3069
f 4086/3288/3069 4085/3209/2990 4118/3554/3334
f 3864/3127/2910 3865/3751/3531 3863/3752/3532
f 3863/3752/3532 3597/3128/2911 3864/3127/2910
f 3999/3626/3406 3998/3486/3266 4000/3685/3465
f 4000/3685/3465 4001/3753/3533 3999/3626/3406
f 4048/3401/3182 4017/3754/3534 4019/3755/3535
f 4019/3755/3535 4047/3756/3536 4048/3401/3182
f 3207/3383/3164 3209/3757/3537 3210/3758/3537
f 3210/3758/3537 3208/3384/3165 3207/3383/3164
f 3321/3134/2916 3318/3142/2923 3319/3141/2922
f 3319/3141/2922 3320/3131/2914 3321/3134/2916
f 3523/3759/3538 3526/3393/3174 3525/3392/3173
f 3525/3392/3173 3524/3760/3538 3523/3759/3538
f 3797/3465/3245 3799/3178/2959 3801/3287/3068
f 3801/3287/3068 3802/3580/3360 3797/3465/3245
f 3162/3047/2831 3160/3761/3539 3161/3762/3540
f 3161/3762/3540 3163/3048/2832 3162/3047/2831
f 3268/3270/3051 3270/3275/3056 3292/3621/3401
f 3292/3621/3401 3266/3304/3085 3268/3270/3051
f 3205/3382/3163 3206/3385/3166 3204/3763/3541
f 3204/3763/3541 3203/3764/3542 3205/3382/3163
f 3331/3668/3448 3332/3765/3543 3333/3766/3543
f 3333/3766/3543 3330/3669/3449 3331/3668/3448
f 3512/3137/2918 3514/3136/2918 3513/3767/3544
f 3513/3767/3544 3511/3768/3544 3512/3137/2918
f 3734/3738/3518 3794/3576/3356 3743/3579/3359
f 3743/3579/3359 3739/3733/3513 3734/3738/3518
f 4030/3713/3493 4024/3769/3545 4029/3770/3546
f 4029/3770/3546 4031/3714/3494 4030/3713/3493
f 3304/3771/3547 3305/3772/3548 3306/3627/3407
f 3306/3627/3407 3335/3630/3410 3304/3771/3547
f 4193/3592/3372 4195/3773/3549 4194/3774/3550
f 4194/3774/3550 4192/3593/3373 4193/3592/3372
f 4213/3775/1919 4214/3776/1919 4216/3777/1919
f 4216/3777/1919 4215/3778/1919 4213/3775/1919
f 3361/3540/3320 3360/3539/3319 3359/3076/2859
f 3359/3076/2859 3447/3429/3209 3361/3540/3320
f 4279/3779/3551 4280/3481/3261 4267/3480/3260
f 4267/3480/3260 4265/3780/3552 4279/3779/3551
f 3624/3781/3553 3656/3720/3500 3657/3719/3499
f 3657/3719/3499 3625/3782/3554 3624/3781/3553
f 3199/3679/3459 3200/3680/3460 3202/3783/3555
f 3202/3783/3555 3201/3784/3556 3199/3679/3459
f 3543/3785/3557 3537/3786/3558 3541/3787/3559
f 3585/3788/3560 3583/3707/3487 3584/3710/3490
f 3584/3710/3490 3586/3789/3561 3585/3788/3560
f 3668/3790/3562 3666/3121/2904 3667/3423/3203
f 3667/3423/3203 3669/3740/3520 3668/3790/3562
f 3592/3791/3563 3623/3792/3564 3624/3781/3553
f 3624/3781/3553 3594/3726/3506 3592/3791/3563
f 3545/3793/3565 3546/3794/3566 3559/3795/3567
f 3559/3795/3567 3547/3796/3568 3545/3793/3565
f 4183/3797/3569 4179/3798/3570 4178/3799/3571
f 4178/3799/3571 4182/3800/3572 4183/3797/3569
f 3986/3801/3573 3982/3639/3419 3985/3638/3418
f 3985/3638/3418 3987/3802/3574 3986/3801/3573
f 4232/3803/3575 4230/3804/3576 4231/3805/3577
f 4231/3805/3577 4233/3806/3578 4232/3803/3575
f 4279/3779/3551 4265/3780/3552 4242/3598/3378
f 4242/3598/3378 4241/3597/3377 4279/3779/3551
f 3916/3807/3579 3913/3454/3234 3915/3808/3580
f 3915/3808/3580 3918/3809/3581 3916/3807/3579
f 4163/3086/2869 4165/3810/3582 4180/3811/3583
f 4180/3811/3583 3937/3083/2866 4163/3086/2869
f 3368/3812/3584 3369/3813/3585 3371/3500/3280
f 3371/3500/3280 3370/3376/3157 3368/3812/3584
f 3430/3538/3318 3362/3541/3321 3435/3814/3586
f 3435/3814/3586 3432/3815/3587 3430/3538/3318
f 3629/3816/3588 3630/3689/3469 3628/3817/3589
f 3628/3817/3589 3627/3818/3590 3629/3816/3588
f 3257/3238/3019 3284/3637/3417 3285/3636/3416
f 3285/3636/3416 3256/3721/3501 3257/3238/3019
f 3719/3232/3013 3851/3363/3144 3720/3819/3591
f 3720/3819/3591 3705/3233/3014 3719/3232/3013
f 3490/3820/3592 3489/3821/3593 3488/3343/3124
f 3488/3343/3124 4240/3070/2854 3490/3820/3592
f 3549/3822/3594 3562/3823/3595 3550/3824/3596
f 4132/3825/3597 4123/3326/3107 4125/3325/3106
f 4125/3325/3106 4133/3826/3598 4132/3825/3597
f 4044/3827/3599 4034/3828/3600 4045/3829/3601
f 4045/3829/3601 3476/3694/3474 4044/3827/3599
f 4011/3830/3602 3994/3831/3603 3992/3832/3604
f 3992/3832/3604 4012/3833/3605 4011/3830/3602
f 4281/3478/3258 4282/3612/3392 4271/3611/3391
f 4271/3611/3391 4269/3479/3259 4281/3478/3258
f 3907/3834/3606 3906/3835/3607 3905/3836/3608
f 3905/3836/3608 3903/3837/3609 3907/3834/3606
f 3651/3838/3610 3839/3198/2979 3652/3839/3611
f 3652/3839/3611 3620/3840/3612 3651/3838/3610
f 3832/3570/3350 3831/3735/3515 3608/3677/3457
f 3608/3677/3457 3606/3841/3613 3832/3570/3350
f 4111/3842/3614 4053/3298/3079 4052/3843/3615
f 4052/3843/3615 4051/3844/3616 4111/3842/3614
f 4081/3845/3617 4083/3548/3328 4107/3550/3330
f 4107/3550/3330 4108/3846/3618 4081/3845/3617
f 3774/3847/3619 3649/3848/3620 3648/3589/3369
f 3648/3589/3369 3775/3731/3511 3774/3847/3619
f 3769/3746/3526 3768/3849/3621 3770/3206/2987
f 3770/3206/2987 3771/3850/3622 3769/3746/3526
f 3544/3851/3623 3546/3794/3566 3545/3793/3565
f 3545/3793/3565 3461/3852/3624 3544/3851/3623
f 3279/3853/3625 3280/3854/3626 3261/3251/3032
f 3261/3251/3032 3262/3855/3627 3279/3853/3625
f 4258/3313/3094 4259/3253/3034 4285/3252/3033
f 4285/3252/3033 4257/3314/3095 4258/3313/3094
f 4063/3856/3628 4042/3223/3004 3470/3658/3438
f 3470/3658/3438 3468/3659/3439 4063/3856/3628
f 3387/3294/3075 3372/3502/3282 3373/3501/3281
f 3373/3501/3281 3374/3857/3629 3387/3294/3075
f 3589/3858/3630 3587/3859/3631 3588/3693/3473
f 3588/3693/3473 3590/3692/3472 3589/3858/3630
f 4041/3221/3002 3474/3575/3355 3473/3574/3354
f 3473/3574/3354 3472/3222/3003 4041/3221/3002
f 4209/3661/3441 4205/3660/3440 4207/3860/3632
f 4207/3860/3632 4208/3861/3633 4209/3661/3441
f 3408/3862/3634 3407/3863/3635 3414/3566/3346
f 3414/3566/3346 3413/3569/3349 3408/3862/3634
f 3473/3574/3354 3471/3309/3090 3470/3658/3438
f 3470/3658/3438 3472/3222/3003 3473/3574/3354
f 3448/3427/3207 3450/3282/3063 3451/3285/3066
f 3451/3285/3066 3449/3428/3208 3448/3427/3207
f 3969/3278/3059 3967/3864/3636 3965/3865/3637
f 3965/3865/3637 3963/3866/3638 3969/3278/3059
f 3462/3867/3639 3461/3852/3624 3460/3868/3640
f 3460/3868/3640 4067/3333/3114 3462/3867/3639
f 3367/3273/3054 3366/3869/3641 3364/3686/3466
f 3364/3686/3466 3365/3274/3055 3367/3273/3054
f 4116/3870/3642 4115/3871/3643 4049/3872/3644
f 4049/3872/3644 4047/3756/3536 4116/3870/3642
f 3732/3097/2880 3721/3528/3308 3850/3164/2945
f 3850/3164/2945 3798/3464/3244 3732/3097/2880
f 3545/3793/3565 3459/3152/2933 3460/3868/3640
f 3460/3868/3640 3461/3852/3624 3545/3793/3565
f 3246/3873/3645 3244/3205/2986 3243/3204/2985
f 3243/3204/2985 3245/3874/3646 3246/3873/3645
f 3420/3875/3647 3404/3876/3648 3402/3877/3649
f 3402/3877/3649 3421/3878/3650 3420/3875/3647
f 3765/3082/2865 3767/3557/3337 3780/3748/3528
f 3780/3748/3528 3781/3879/3651 3765/3082/2865
f 3564/3439/3219 3565/3438/3218 3566/3880/3652
f 3566/3880/3652 3554/3881/3653 3564/3439/3219
f 3396/3296/3077 3386/3295/3076 3385/3192/2973
f 3385/3192/2973 3397/3882/3654 3396/3296/3077
f 3695/3451/3231 3709/3213/2994 3696/3216/2997
f 3696/3216/2997 3690/3424/3204 3695/3451/3231
f 3480/3154/2935 3482/3704/3484 3483/3705/3485
f 3483/3705/3485 3479/3432/3212 3480/3154/2935
f 3675/3642/3422 3674/3883/3655 3679/3744/3524
f 3679/3744/3524 3678/3884/3656 3675/3642/3422
f 3593/3725/3505 3591/3885/3657 3592/3791/3563
f 3592/3791/3563 3594/3726/3506 3593/3725/3505
f 3936/3084/2867 3937/3083/2866 3939/3886/3658
f 3939/3886/3658 3938/3887/3659 3936/3084/2867
f 3683/3504/3284 3682/3425/3205 3697/3888/3660
f 3697/3888/3660 3698/3240/3021 3683/3504/3284
f 3992/3832/3604 3993/3889/3661 3991/3890/3662
f 3991/3890/3662 3952/3113/2896 3992/3832/3604
f 3625/3782/3554 3626/3891/3663 3598/3129/2912
f 3549/3822/3594 3548/3584/3364 3561/3583/3363
f 3561/3583/3363 3562/3823/3595 3549/3822/3594
f 3408/3862/3634 3413/3569/3349 3412/3060/2844
f 3412/3060/2844 3409/3059/2843 3408/3862/3634
f 4262/3892/3664 4244/3599/3379 4242/3598/3378
f 4242/3598/3378 4263/3893/3665 4262/3892/3664
f 3544/3851/3623 3461/3852/3624 3462/3867/3639
f 3462/3867/3639 3463/3894/3666 3544/3851/3623
f 3631/3123/2906 3633/3564/3344 3632/3563/3343
f 3809/3895/3667 3668/3790/3562 3669/3740/3520
f 3669/3740/3520 3670/3739/3519 3809/3895/3667
f 3244/3205/2986 3640/3896/3668 3639/3897/3669
f 3639/3897/3669 3242/3203/2984 3244/3205/2986
f 3977/3898/3670 3978/3899/3671 3979/3900/3672
f 3979/3900/3672 3983/3901/3673 3977/3898/3670
f 3673/3609/3389 3680/3505/3285 3679/3744/3524
f 3679/3744/3524 3674/3883/3655 3673/3609/3389
f 4037/3902/3674 4027/3903/3675 4026/3701/3481
f 4026/3701/3481 4038/3904/3676 4037/3902/3674
f 4167/3905/3677 4169/3170/2951 4178/3799/3571
f 4178/3799/3571 4179/3798/3570 4167/3905/3677
f 3750/3906/3678 3752/3066/2850 3751/3266/3047
f 3751/3266/3047 3749/3907/3679 3750/3906/3678
f 3226/3644/3424 3225/3908/3680 3227/3497/3277
f 3227/3497/3277 3228/3496/3276 3226/3644/3424
f 3248/3551/3331 3250/3219/3000 3643/3218/2999
f 3791/3578/3358 3792/3909/3681 3790/3910/3682
f 3790/3910/3682 3789/3911/3683 3791/3578/3358
f 3501/3749/3529 3502/3064/2848 3499/3367/3148
f 3499/3367/3148 3500/3912/3684 3501/3749/3529
f 3483/3705/3485 3551/3913/3685 3484/3271/3052
f 3484/3271/3052 3478/3706/3486 3483/3705/3485
f 3493/3645/3425 3499/3367/3148 3496/3366/3147
f 3496/3366/3147 3491/3914/3686 3493/3645/3425
f 3765/3082/2865 3781/3879/3651 3782/3915/3687
f 3782/3915/3687 3763/3079/2862 3765/3082/2865
f 4052/3843/3615 4011/3830/3602 4012/3833/3605
f 4012/3833/3605 4013/3399/3180 4052/3843/3615
f 3874/3319/3100 3884/3445/3225 3875/3448/3228
f 3875/3448/3228 3868/3301/3082 3874/3319/3100
f 3619/3916/3688 3651/3838/3610 3620/3840/3612
f 3397/3882/3654 3385/3192/2973 3384/3191/2972
f 3384/3191/2972 3398/3917/3689 3397/3882/3654
f 3483/3705/3485 3482/3704/3484 3549/3822/3594
f 3549/3822/3594 3550/3824/3596 3483/3705/3485
f 3875/3448/3228 3876/3918/3690 3870/3919/3691
f 3870/3919/3691 3868/3301/3082 3875/3448/3228
f 3805/3920/3692 3633/3564/3344 3631/3123/2906
f 3631/3123/2906 3806/3122/2905 3805/3920/3692
f 3577/3042/2826 3575/3921/3693 3576/3922/3694
f 3576/3922/3694 3578/3043/2827 3577/3042/2826
f 3805/3920/3692 3806/3122/2905 3668/3790/3562
f 3668/3790/3562 3809/3895/3667 3805/3920/3692
f 3772/3208/2989 3849/3200/2981 3838/3199/2980
f 3838/3199/2980 3774/3847/3619 3772/3208/2989
f 3724/3379/3160 3715/3450/3230 3723/3657/3437
f 3723/3657/3437 3734/3738/3518 3724/3379/3160
f 3703/3235/3016 3702/3257/3038 3701/3256/3037
f 3701/3256/3037 3718/3923/3695 3703/3235/3016
f 3729/3924/3696 3852/3364/3145 3718/3923/3695
f 3718/3923/3695 3727/3390/3171 3729/3924/3696
f 3380/3190/2971 3379/3511/3291 3381/3925/3697
f 3381/3925/3697 3382/3369/3150 3380/3190/2971
f 3432/3815/3587 3436/3926/3698 3434/3927/3699
f 3434/3927/3699 3433/3928/3700 3432/3815/3587
f 3509/3929/3701 3507/3306/3087 3471/3309/3090
f 3471/3309/3090 3508/3930/3702 3509/3929/3701
f 3484/3271/3052 3365/3274/3055 3477/3688/3468
f 3477/3688/3468 3478/3706/3486 3484/3271/3052
f 3607/3321/3102 3605/3320/3101 3606/3841/3613
f 3606/3841/3613 3608/3677/3457 3607/3321/3102
f 3683/3504/3284 3698/3240/3021 3684/3239/3020
f 3684/3239/3020 3680/3505/3285 3683/3504/3284
f 3891/3931/3703 3882/3932/3704 3883/3447/3227
f 3883/3447/3227 3890/3618/3398 3891/3931/3703
f 4095/3933/3705 4119/3934/3706 4121/3935/3707
f 4121/3935/3707 4127/3936/3708 4095/3933/3705
f 3756/3055/2839 3758/3286/3067 3759/3937/3709
f 3759/3937/3709 3757/3056/2840 3756/3055/2839
f 3187/3938/3710 3186/3939/3711 3185/3940/3712
f 3185/3940/3712 3184/3941/3713 3187/3938/3710
f 4112/3942/3714 4114/3943/3715 4113/3944/3716
f 4113/3944/3716 4110/3945/3717 4112/3942/3714
f 4107/3550/3330 4111/3842/3614 4112/3942/3714
f 4112/3942/3714 4108/3846/3618 4107/3550/3330
f 3581/3708/3488 3579/3041/2825 3580/3044/2828
f 3580/3044/2828 3582/3709/3489 3581/3708/3488
f 3292/3621/3401 3270/3275/3056 3272/3277/3058
f 3272/3277/3058 3293/3336/3117 3292/3621/3401
f 3259/3350/3131 3258/3353/3134 3247/3552/3332
f 3247/3552/3332 3245/3874/3646 3259/3350/3131
f 3398/3917/3689 3384/3191/2972 3383/3368/3149
f 3383/3368/3149 3399/3696/3476 3398/3917/3689
f 3839/3198/2979 3651/3838/3610 3650/3946/3718
f 3650/3946/3718 3838/3199/2980 3839/3198/2979
f 3841/3656/3436 3848/3207/2988 3847/3202/2983
f 3847/3202/2983 3843/3201/2982 3841/3656/3436
f 3518/3409/3190 3517/3410/3191 3519/3156/2937
f 3519/3156/2937 3520/3155/2936 3518/3409/3190
f 3508/3930/3702 3471/3309/3090 3473/3574/3354
f 3473/3574/3354 3510/3573/3353 3508/3930/3702
f 3376/3947/3719 3377/3948/3720 3379/3511/3291
f 3379/3511/3291 3378/3193/2974 3376/3947/3719
f 3682/3425/3205 3683/3504/3284 3681/3503/3283
f 3896/3329/3110 3897/3328/3109 3891/3931/3703
f 3891/3931/3703 3890/3618/3398 3896/3329/3110
f 3891/3931/3703 3892/3484/3264 3881/3949/3721
f 3881/3949/3721 3882/3932/3704 3891/3931/3703
f 3679/3744/3524 3685/3745/3525 3678/3884/3656
f 3598/3129/2912 3597/3128/2911 3596/3727/3507
f 3596/3727/3507 3625/3782/3554 3598/3129/2912
f 3803/3950/3722 3240/3951/3723 3639/3897/3669
f 3639/3897/3669 3637/3952/3724 3803/3950/3722
f 3956/3953/3725 3955/3954/3726 3957/3264/3045
f 3957/3264/3045 3958/3263/3044 3956/3953/3725
f 3611/3955/3727 3609/3676/3456 3610/3678/3458
f 3610/3678/3458 3612/3956/3728 3611/3955/3727
f 3621/3690/3470 3620/3840/3612 3652/3839/3611
f 3652/3839/3611 3653/3957/3729 3621/3690/3470
f 3772/3208/2989 3774/3847/3619 3775/3731/3511
f 3775/3731/3511 3773/3730/3510 3772/3208/2989
f 3876/3918/3690 3878/3958/3730 3877/3959/3731
f 3877/3959/3731 3870/3919/3691 3876/3918/3690
f 3961/3463/3243 3987/3802/3574 3963/3866/3638
f 3963/3866/3638 3962/3355/3136 3961/3463/3243
f 3522/3158/2939 3521/3157/2938 3523/3759/3538
f 3523/3759/3538 3524/3760/3538 3522/3158/2939
f 3696/3216/2997 3697/3888/3660 3682/3425/3205
f 3982/3639/3419 3986/3801/3573 3983/3901/3673
f 3983/3901/3673 3979/3900/3672 3982/3639/3419
f 3879/3960/3732 3877/3959/3731 3878/3958/3730
f 3878/3958/3730 3880/3961/3733 3879/3960/3732
f 3600/3535/3315 3599/3130/2913 3598/3129/2912
f 3598/3129/2912 3626/3891/3663 3600/3535/3315
f 4310/3962/3734 4306/3161/2942 4304/3634/3414
f 4304/3634/3414 4305/3633/3413 4310/3962/3734
f 4084/3147/2928 4055/3549/3329 4083/3548/3328
f 4083/3548/3328 4082/3148/2929 4084/3147/2928
f 3863/3752/3532 3595/3724/3504 3596/3727/3507
f 3596/3727/3507 3597/3128/2911 3863/3752/3532
f 3644/3217/2998 3821/3318/3099 3822/3963/3735
f 3822/3963/3735 3643/3218/2999 3644/3217/2998
f 4189/3595/3375 4191/3594/3374 4190/3964/3736
f 4190/3964/3736 4187/3965/3737 4189/3595/3375
f 4174/3662/3442 4176/3966/3738 4175/3967/3739
f 4175/3967/3739 4173/3968/3740 4174/3662/3442
f 3357/3075/2858 3445/3388/3169 3447/3429/3209
f 3447/3429/3209 3359/3076/2859 3357/3075/2858
f 3378/3193/2974 3385/3192/2973 3386/3295/3076
f 3386/3295/3076 3376/3947/3719 3378/3193/2974
f 3827/3571/3351 3638/3969/3741 3826/3346/3127
f 3826/3346/3127 3825/3734/3514 3827/3571/3351
f 3677/3970/3742 3224/3971/3743 3225/3908/3680
f 3225/3908/3680 3226/3644/3424 3677/3970/3742
f 3895/3972/3744 3903/3837/3609 3902/3973/3745
f 3902/3973/3745 3901/3330/3111 3895/3972/3744
f 3652/3839/3611 3839/3198/2979 3840/3197/2978
f 3840/3197/2978 3658/3655/3435 3652/3839/3611
f 3654/3468/3248 3622/3691/3471 3621/3690/3470
f 3621/3690/3470 3653/3957/3729 3654/3468/3248
f 3836/3476/3256 3628/3817/3589 3630/3689/3469
f 3630/3689/3469 3835/3477/3257 3836/3476/3256
f 4284/3974/3746 4277/3513/3293 4276/3512/3292
f 4276/3512/3292 4275/3229/3010 4284/3974/3746
f 3693/3518/3298 3692/3975/3747 3661/3466/3246
f 3661/3466/3246 3660/3469/3249 3693/3518/3298
f 3731/3976/3748 3853/3362/3143 3852/3364/3145
f 3852/3364/3145 3729/3924/3696 3731/3976/3748
f 3457/3151/2932 3458/3553/3333 3460/3868/3640
f 3460/3868/3640 3459/3152/2933 3457/3151/2932
f 3538/3977/3749 3535/3978/3750 3537/3786/3558
f 3537/3786/3558 3543/3785/3557 3538/3977/3749
f 3490/3820/3592 4240/3070/2854 3557/3069/2853
f 3557/3069/2853 3492/3646/3426 3490/3820/3592
f 3860/3979/3751 3347/3494/3274 3349/3980/3752
f 3349/3980/3752 3861/3981/3753 3860/3979/3751
f 3291/3531/3311 3277/3530/3310 3266/3304/3085
f 3266/3304/3085 3292/3621/3401 3291/3531/3311
f 3532/3601/3381 3312/3982/3754 3314/3983/3755
f 3314/3983/3755 3531/3984/3756 3532/3601/3381
f 3491/3914/3686 3490/3820/3592 3492/3646/3426
f 3492/3646/3426 3493/3645/3425 3491/3914/3686
f 4169/3170/2951 4171/3169/2950 4177/3985/3757
f 4177/3985/3757 4178/3799/3571 4169/3170/2951
f 3930/3245/3026 3929/3529/3309 3931/3544/3324
f 3931/3544/3324 3932/3555/3335 3930/3245/3026
f 3778/3986/3758 3771/3850/3622 3773/3730/3510
f 3773/3730/3510 3777/3729/3509 3778/3986/3758
f 3692/3975/3747 3663/3673/3453 3662/3717/3497
f 3662/3717/3497 3661/3466/3246 3692/3975/3747
f 3635/3565/3345 3633/3564/3344 3805/3920/3692
f 3805/3920/3692 3804/3987/3759 3635/3565/3345
f 3443/3988/3760 4125/3325/3106 4124/3324/3105
f 4124/3324/3105 3444/3387/3168 3443/3988/3760
f 3736/3989/3761 3735/3380/3161 3739/3733/3513
f 3739/3733/3513 3740/3457/3237 3736/3989/3761
f 3553/3990/3762 4237/3991/3763 3551/3913/3685
f 3551/3913/3685 3552/3992/3764 3553/3990/3762
f 3660/3469/3249 3654/3468/3248 3653/3957/3729
f 3653/3957/3729 3659/3516/3296 3660/3469/3249
f 3395/3293/3074 3396/3296/3077 3409/3059/2843
f 3409/3059/2843 3410/3058/2842 3395/3293/3074
f 3952/3113/2896 3991/3890/3662 3950/3993/3765
f 3950/3993/3765 3951/3114/2897 3952/3113/2896
f 3761/3994/3766 3783/3995/3767 3784/3996/3768
f 3784/3996/3768 3759/3937/3709 3761/3994/3766
f 3908/3997/3769 3603/3998/3770 3605/3320/3101
f 3605/3320/3101 3886/3323/3104 3908/3997/3769
f 4102/3999/3771 4103/4000/3772 4057/3490/3270
f 4057/3490/3270 4059/3420/3200 4102/3999/3771
f 3881/3949/3721 3878/3958/3730 3876/3918/3690
f 3876/3918/3690 3882/3932/3704 3881/3949/3721
f 3693/3518/3298 3711/3526/3306 3694/3522/3302
f 3694/3522/3302 3692/3975/3747 3693/3518/3298
f 4022/3184/2965 4020/3183/2964 4026/3701/3481
f 4026/3701/3481 4027/3903/3675 4022/3184/2965
f 3373/3501/3281 3489/3821/3593 3375/4001/3773
f 3375/4001/3773 3374/3857/3629 3373/3501/3281
f 3751/3266/3047 3752/3066/2850 3753/3065/2849
f 4283/3613/3393 4284/3974/3746 4275/3229/3010
f 4275/3229/3010 4273/3228/3009 4283/3613/3393
f 3769/3746/3526 3767/3557/3337 3766/3556/3336
f 3766/3556/3336 3768/3849/3621 3769/3746/3526
f 4238/3067/2851 3553/3990/3762 3554/3881/3653
f 3554/3881/3653 3555/3068/2852 4238/3067/2851
f 3778/3986/3758 3779/3747/3527 3769/3746/3526
f 3769/3746/3526 3771/3850/3622 3778/3986/3758
f 3734/3738/3518 3739/3733/3513 3735/3380/3161
f 3735/3380/3161 3724/3379/3160 3734/3738/3518
f 3796/3098/2881 3795/3577/3357 3794/3576/3356
f 3794/3576/3356 3733/3095/2878 3796/3098/2881
f 3809/3895/3667 3810/4002/3774 3804/3987/3759
f 3804/3987/3759 3805/3920/3692 3809/3895/3667
f 3761/3994/3766 3760/3177/2958 3762/3080/2863
f 3762/3080/2863 3763/3079/2862 3761/3994/3766
f 3403/4003/3775 3401/4004/3776 3402/3877/3649
f 3402/3877/3649 3404/3876/3648 3403/4003/3775
f 3401/4004/3776 3399/3696/3476 3400/3590/3370
f 3400/3590/3370 3402/3877/3649 3401/4004/3776
f 3438/4005/3777 3439/3732/3512 3283/3352/3133
f 3283/3352/3133 3282/3351/3132 3438/4005/3777
f 3429/4006/3778 3358/3077/2860 3359/3076/2859
f 3359/3076/2859 3360/3539/3319 3429/4006/3778
f 3614/4007/3779 3613/4008/3780 3611/3955/3727
f 3611/3955/3727 3612/3956/3728 3614/4007/3779
f 4111/3842/3614 4051/3844/3616 4114/3943/3715
f 4114/3943/3715 4112/3942/3714 4111/3842/3614
f 4103/4000/3772 4104/4009/3781 4006/4010/3782
f 4006/4010/3782 4004/4011/3783 4103/4000/3772
f 3759/3937/3709 3784/3996/3768 3785/3473/3253
f 3785/3473/3253 3757/3056/2840 3759/3937/3709
f 3171/4012/3784 3170/4013/3785 3172/3126/2909
f 3172/3126/2909 3173/3125/2908 3171/4012/3784
f 4239/3342/3123 3486/3345/3126 3485/3272/3053
f 3485/3272/3053 4237/3991/3763 4239/3342/3123
f 3353/4014/3786 3443/3988/3760 3444/3387/3168
f 3444/3387/3168 3355/3386/3167 3353/4014/3786
f 4118/3554/3334 3456/3649/3429 3454/3524/3304
f 3454/3524/3304 4094/3750/3530 4118/3554/3334
f 3624/3781/3553 3623/3792/3564 3655/3467/3247
f 3655/3467/3247 3656/3720/3500 3624/3781/3553
f 3804/3987/3759 3810/4002/3774 3812/4015/3787
f 3812/4015/3787 3803/3950/3722 3804/3987/3759
f 3354/3585/3365 3352/3462/3242 3353/4014/3786
f 3353/4014/3786 3355/3386/3167 3354/3585/3365
f 3538/3977/3749 3543/3785/3557 3541/3787/3559
f 3541/3787/3559 3542/4016/3788 3538/3977/3749
f 3245/3874/3646 3243/3204/2985 3261/3251/3032
f 3261/3251/3032 3260/4017/3789 3245/3874/3646
f 4095/3933/3705 4127/3936/3708 4096/3117/2900
f 4096/3117/2900 4087/3120/2903 4095/3933/3705
f 3943/3246/3027 3930/3245/3026 3932/3555/3335
f 3932/3555/3335 3944/4018/3790 3943/3246/3027
f 3697/3888/3660 3696/3216/2997 3708/3215/2996
f 3708/3215/2996 3699/3258/3039 3697/3888/3660
f 3887/3322/3103 3607/3321/3102 3888/4019/3791
f 3888/4019/3791 3889/3619/3399 3887/3322/3103
f 3260/4017/3789 3282/3351/3132 3259/3350/3131
f 3259/3350/3131 3245/3874/3646 3260/4017/3789
f 3792/3909/3681 3793/4020/3792 3790/3910/3682
f 3711/3526/3306 3714/3525/3305 3710/3449/3229
f 3710/3449/3229 3694/3522/3302 3711/3526/3306
f 4047/3756/3536 4019/3755/3535 4046/4021/3793
f 4046/4021/3793 4116/3870/3642 4047/3756/3536
f 3169/4022/3794 3168/4023/3795 3170/4013/3785
f 3170/4013/3785 3171/4012/3784 3169/4022/3794
f 3557/3069/2853 3558/4024/3796 3494/3647/3427
f 3494/3647/3427 3492/3646/3426 3557/3069/2853
f 3376/3947/3719 3386/3295/3076 3387/3294/3075
f 3387/3294/3075 3374/3857/3629 3376/3947/3719
f 3841/3656/3436 3840/3197/2978 3849/3200/2981
f 3849/3200/2981 3848/3207/2988 3841/3656/3436
f 3582/3709/3489 3618/4025/3797 3619/3916/3688
f 3619/3916/3688 3584/3710/3490 3582/3709/3489
f 3948/4026/3798 3949/3665/3445 3951/3114/2897
f 3951/3114/2897 3950/3993/3765 3948/4026/3798
f 3657/3719/3499 3627/3818/3590 3626/3891/3663
f 3626/3891/3663 3625/3782/3554 3657/3719/3499
f 4308/3162/2943 4306/3161/2942 4310/3962/3734
f 4310/3962/3734 4309/4027/3799 4308/3162/2943
f 3830/3406/3187 3831/3735/3515 3825/3734/3514
f 3825/3734/3514 3823/3407/3188 3830/3406/3187
f 3639/3897/3669 3240/3951/3723 3242/3203/2984
f 3230/3499/3279 3674/3883/3655 3675/3642/3422
f 3675/3642/3422 3228/3496/3276 3230/3499/3279
f 3310/3112/2895 3309/3111/2894 3308/3629/3409
f 3308/3629/3409 3307/3628/3408 3310/3112/2895
f 4144/3616/3396 4142/4028/3800 4151/4029/3801
f 4151/4029/3801 4150/3617/3397 4144/3616/3396
f 3374/3857/3629 3375/4001/3773 3377/3948/3720
f 3377/3948/3720 3376/3947/3719 3374/3857/3629
f 3617/4030/3802 3618/4025/3797 3582/3709/3489
f 3582/3709/3489 3580/3044/2828 3617/4030/3802
f 3412/3060/2844 3418/4031/3803 3419/4032/3804
f 3419/4032/3804 3411/3057/2841 3412/3060/2844
f 3637/3952/3724 3635/3565/3345 3804/3987/3759
f 3804/3987/3759 3803/3950/3722 3637/3952/3724
f 3712/3517/3297 3713/3527/3307 3711/3526/3306
f 3711/3526/3306 3693/3518/3298 3712/3517/3297
f 3666/3121/2904 3668/3790/3562 3806/3122/2905
f 3369/3813/3585 3486/3345/3126 3487/3344/3125
f 3487/3344/3125 3371/3500/3280 3369/3813/3585
f 4014/3400/3181 4015/4033/3805 4017/3754/3534
f 4017/3754/3534 4048/3401/3182 4014/3400/3181
f 3810/4002/3774 3811/4034/3806 3812/4015/3787
f 3928/3244/3025 3942/3243/3024 3941/4035/3807
f 3941/4035/3807 3926/3247/3028 3928/3244/3025
f 3177/3052/2836 3176/3051/2835 3178/3100/2883
f 3178/3100/2883 3179/3099/2882 3177/3052/2836
f 3771/3850/3622 3770/3206/2987 3772/3208/2989
f 3772/3208/2989 3773/3730/3510 3771/3850/3622
f 3242/3203/2984 3240/3951/3723 3241/3250/3031
f 3241/3250/3031 3243/3204/2985 3242/3203/2984
f 3343/3431/3211 3346/3493/3273 3345/3492/3272
f 3345/3492/3272 3344/4036/3808 3343/3431/3211
f 3968/4037/3809 3967/3864/3636 3969/3278/3059
f 3969/3278/3059 3970/3281/3062 3968/4037/3809
f 4023/3185/2966 4046/4021/3793 4019/3755/3535
f 4019/3755/3535 4021/3186/2967 4023/3185/2966
f 3702/3257/3038 3815/3242/3023 3700/3241/3022
f 3273/3259/3040 3274/3176/2957 3294/3337/3118
f 3294/3337/3118 3272/3277/3058 3273/3259/3040
f 3258/3353/3134 3257/3238/3019 3249/3237/3018
f 3249/3237/3018 3247/3552/3332 3258/3353/3134
f 3685/3745/3525 3816/3697/3477 3686/3700/3480
f 4130/4038/3810 4129/3711/3491 4097/3118/2901
f 4097/3118/2901 4128/4039/3811 4130/4038/3810
f 4032/3712/3492 4031/3714/3494 4033/4040/3812
f 4033/4040/3812 4034/3828/3600 4032/3712/3492
f 3855/4041/3813 3857/4042/3814 3858/4043/3815
f 3858/4043/3815 3856/4044/3816 3855/4041/3813
f 3837/4045/3817 3614/4007/3779 3612/3956/3728
f 3612/3956/3728 3829/3408/3189 3837/4045/3817
f 3364/3686/3466 3362/3541/3321 3361/3540/3320
f 3361/3540/3320 3363/3687/3467 3364/3686/3466
f 3821/3318/3099 3823/3407/3188 3822/3963/3735
f 3925/3248/3029 3926/3247/3028 3924/4046/3818
f 3924/4046/3818 3923/3360/3141 3925/3248/3029
f 3824/3349/3130 3825/3734/3514 3826/3346/3127
f 3958/3263/3044 3960/3262/3043 4016/3703/3483
f 4016/3703/3483 4015/4033/3805 3958/3263/3044
f 3827/3571/3351 3636/4047/3819 3638/3969/3741
f 3640/3896/3668 3641/3347/3128 3826/3346/3127
f 3248/3551/3331 3642/3348/3129 3641/3347/3128
f 3641/3347/3128 3246/3873/3645 3248/3551/3331
f 3824/3349/3130 3642/3348/3129 3822/3963/3735
f 3801/3287/3068 3793/4020/3792 3792/3909/3681
f 3792/3909/3681 3802/3580/3360 3801/3287/3068
f 4072/3210/2991 4073/4048/3820 4071/4049/3821
f 4071/4049/3821 4070/3211/2992 4072/3210/2991
f 3974/3443/3223 3973/3631/3411 4304/3634/3414
f 4304/3634/3414 4300/3444/3224 3974/3443/3223
f 3993/3889/3661 3992/3832/3604 3994/3831/3603
f 3994/3831/3603 3995/4050/3822 3993/3889/3661
f 3783/3995/3767 3761/3994/3766 3763/3079/2862
f 3763/3079/2862 3782/3915/3687 3783/3995/3767
f 3728/4051/3823 3737/4052/3824 3738/4053/3825
f 3738/4053/3825 3730/4054/3826 3728/4051/3823
f 3906/3835/3607 3907/3834/3606 3611/3955/3727
f 3611/3955/3727 3613/4008/3780 3906/3835/3607
f 3670/3739/3519 3811/4034/3806 3810/4002/3774
f 3810/4002/3774 3809/3895/3667 3670/3739/3519
f 3793/4020/3792 3756/3055/2839 3754/3054/2838
f 3754/3054/2838 3790/3910/3682 3793/4020/3792
f 3894/4055/3827 3907/3834/3606 3903/3837/3609
f 3903/3837/3609 3895/3972/3744 3894/4055/3827
f 3898/3485/3265 3892/3484/3264 3891/3931/3703
f 3891/3931/3703 3897/3328/3109 3898/3485/3265
f 3657/3719/3499 3808/3718/3498 3629/3816/3588
f 3629/3816/3588 3627/3818/3590 3657/3719/3499
f 4108/3846/3618 4109/4056/3828 4117/4057/3829
f 4117/4057/3829 4081/3845/3617 4108/3846/3618
f 3576/3922/3694 3615/3587/3367 3616/3586/3366
f 3616/3586/3366 3578/3043/2827 3576/3922/3694
f 3285/3636/3416 3286/4058/3830 3287/4059/3831
f 3287/4059/3831 3256/3721/3501 3285/3636/3416
f 3236/3189/2970 3235/3188/2969 3237/3194/2975
f 3237/3194/2975 3238/3196/2977 3236/3189/2970
f 3478/3706/3486 3477/3688/3468 3451/3285/3066
f 3451/3285/3066 3453/3284/3065 3478/3706/3486
f 3840/3197/2978 3841/3656/3436 3658/3655/3435
f 3637/3952/3724 3639/3897/3669 3638/3969/3741
f 3638/3969/3741 3636/4047/3819 3637/3952/3724
f 3234/3187/2968 3232/3182/2963 3233/3181/2962
f 3233/3181/2962 3235/3188/2969 3234/3187/2968
f 3603/3998/3770 3601/3534/3314 3602/3536/3316
f 3602/3536/3316 3604/4060/3832 3603/3998/3770
f 3812/4015/3787 3238/3196/2977 3240/3951/3723
f 3240/3951/3723 3803/3950/3722 3812/4015/3787
f 3612/3956/3728 3610/3678/3458 3830/3406/3187
f 3830/3406/3187 3829/3408/3189 3612/3956/3728
f 4177/3985/3757 4181/4061/3833 4182/3800/3572
f 4182/3800/3572 4178/3799/3571 4177/3985/3757
f 4035/4062/3834 4029/3770/3546 4028/4063/3835
f 4028/4063/3835 4036/4064/3836 4035/4062/3834
f 4062/4065/3837 4061/3422/3202 4060/3421/3201
f 4060/3421/3201 4100/3650/3430 4062/4065/3837
f 4033/4040/3812 4031/3714/3494 4029/3770/3546
f 4029/3770/3546 4035/4062/3834 4033/4040/3812
f 3917/4066/3838 3911/3455/3235 3913/3454/3234
f 3913/3454/3234 3916/3807/3579 3917/4066/3838
f 3408/3862/3634 3397/3882/3654 3398/3917/3689
f 3398/3917/3689 3407/3863/3635 3408/3862/3634
f 3859/4067/3839 3857/4042/3814 3855/4041/3813
f 3855/4041/3813 3860/3979/3751 3859/4067/3839
f 4254/4068/3840 4256/3312/3093 4255/3315/3096
f 4255/3315/3096 4253/4069/3841 4254/4068/3840
f 3850/3164/2945 3721/3528/3308 3844/3165/2946
f 3716/3214/2995 3725/3381/3162 3717/3391/3172
f 3717/3391/3172 3708/3215/2996 3716/3214/2995
f 3846/3163/2944 3764/3081/2864 3762/3080/2863
f 3762/3080/2863 3800/3179/2960 3846/3163/2944
f 3368/3812/3584 3437/4070/3842 3435/3814/3586
f 3435/3814/3586 3366/3869/3641 3368/3812/3584
f 3731/3976/3748 3729/3924/3696 3728/4051/3823
f 3728/4051/3823 3730/4054/3826 3731/3976/3748
f 3834/3475/3255 3604/4060/3832 3602/3536/3316
f 3602/3536/3316 3836/3476/3256 3834/3475/3255
f 4301/3160/2941 4302/4071/3843 3980/4072/3844
f 3980/4072/3844 3978/3899/3671 4301/3160/2941
f 3854/3495/3275 3855/4041/3813 3856/4044/3816
f 4302/4071/3843 4307/3159/2940 4303/4073/3845
f 4303/4073/3845 3980/4072/3844 4302/4071/3843
f 3857/4042/3814 3859/4067/3839 3858/4043/3815
f 3817/3698/3478 3816/3697/3477 3814/3436/3216
f 3814/3436/3216 3818/3435/3215 3817/3698/3478
f 4000/3685/3465 3998/3486/3266 4009/3300/3081
f 4009/3300/3081 4008/3491/3271 4000/3685/3465
f 4269/3479/3259 4271/3611/3391 4270/4074/3846
f 4270/4074/3846 4268/4075/3847 4269/3479/3259
f 3643/3218/2999 3822/3963/3735 3642/3348/3129
f 3642/3348/3129 3248/3551/3331 3643/3218/2999
f 3606/3841/3613 3604/4060/3832 3834/3475/3255
f 3834/3475/3255 3832/3570/3350 3606/3841/3613
f 4080/3547/3327 4081/3845/3617 4117/4057/3829
f 4117/4057/3829 4079/3545/3325 4080/3547/3327
f 4001/3753/3533 4000/3685/3465 4002/3684/3464
f 4002/3684/3464 4003/4076/3848 4001/3753/3533
f 4295/3515/3295 4294/4077/3849 4296/4078/3850
f 4296/4078/3850 4276/3512/3292 4295/3515/3295
f 4158/3542/3322 3929/3529/3309 3927/3249/3030
f 3927/3249/3030 4157/4079/3851 4158/3542/3322
f 4090/4080/3852 4080/3547/3327 4078/3520/3300
f 4078/3520/3300 4089/3519/3299 4090/4080/3852
f 3881/3949/3721 3892/3484/3264 3893/3483/3263
f 3893/3483/3263 3880/3961/3733 3881/3949/3721
f 3592/3791/3563 3590/3692/3472 3622/3691/3471
f 3622/3691/3471 3623/3792/3564 3592/3791/3563
f 3635/3565/3345 3637/3952/3724 3636/4047/3819
f 3636/4047/3819 3634/3562/3342 3635/3565/3345
f 3748/4081/3853 3750/3906/3678 3749/3907/3679
f 3749/3907/3679 3747/4082/3854 3748/4081/3853
f 3880/3961/3733 3878/3958/3730 3881/3949/3721
f 3390/3375/3156 3392/4083/3855 3436/3926/3698
f 3436/3926/3698 3437/4070/3842 3390/3375/3156
f 4034/3828/3600 4044/3827/3599 4043/3695/3475
f 4043/3695/3475 4032/3712/3492 4034/3828/3600
f 4082/3148/2929 4083/3548/3328 4081/3845/3617
f 4081/3845/3617 4080/3547/3327 4082/3148/2929
f 3217/3404/3185 3216/3416/3197 3215/3415/3196
f 3215/3415/3196 3218/3405/3186 3217/3404/3185
f 3462/3867/3639 3464/3332/3113 3465/4084/3856
f 3465/4084/3856 3463/3894/3666 3462/3867/3639
f 3955/3954/3726 3954/3116/2899 3953/3115/2898
f 3953/3115/2898 3975/3442/3222 3955/3954/3726
f 3887/3322/3103 3889/3619/3399 3885/3446/3226
f 4181/4061/3833 4177/3985/3757 4173/3968/3740
f 4173/3968/3740 4175/3967/3739 4181/4061/3833
f 3799/3178/2959 3797/3465/3245 3798/3464/3244
f 3798/3464/3244 3800/3179/2960 3799/3178/2959
f 3812/4015/3787 3811/4034/3806 3236/3189/2970
f 3236/3189/2970 3238/3196/2977 3812/4015/3787
f 3715/3450/3230 3724/3379/3160 3716/3214/2995
f 3716/3214/2995 3709/3213/2994 3715/3450/3230
f 3894/4055/3827 3895/3972/3744 3888/4019/3791
f 3342/3430/3210 3348/4085/3857 3346/3493/3273
f 3346/3493/3273 3343/3431/3211 3342/3430/3210
f 3889/3619/3399 3896/3329/3110 3890/3618/3398
f 3946/4086/3858 3947/3666/3446 3949/3665/3445
f 3949/3665/3445 3948/4026/3798 3946/4086/3858
f 3658/3655/3435 3659/3516/3296 3653/3957/3729
f 3653/3957/3729 3652/3839/3611 3658/3655/3435
f 4011/3830/3602 4052/3843/3615 4053/3298/3079
f 4053/3298/3079 4010/3297/3078 4011/3830/3602
f 3552/3992/3764 3550/3824/3596 3562/3823/3595
f 3562/3823/3595 3564/3439/3219 3552/3992/3764
f 3898/3485/3265 3897/3328/3109 3900/3331/3112
f 4273/3228/3009 4272/3231/3012 4270/4074/3846
f 4270/4074/3846 4271/3611/3391 4273/3228/3009
f 3901/3330/3111 3896/3329/3110 3895/3972/3744
f 4264/4087/3859 4265/3780/3552 4267/3480/3260
f 4267/3480/3260 4266/4088/3860 4264/4087/3859
f 4005/4089/3861 4004/4011/3783 4006/4010/3782
f 4006/4010/3782 4007/4090/3862 4005/4089/3861
f 4242/3598/3378 4265/3780/3552 4264/4087/3859
f 4264/4087/3859 4263/3893/3665 4242/3598/3378
f 3495/3648/3428 3500/3912/3684 3499/3367/3148
f 3499/3367/3148 3493/3645/3425 3495/3648/3428
f 4289/3339/3120 4287/3255/3036 4286/3254/3035
f 4286/3254/3035 4288/3604/3384 4289/3339/3120
f 4148/4091/3863 4141/4092/3864 4143/3737/3517
f 4143/3737/3517 4147/3736/3516 4148/4091/3863
f 3603/3998/3770 3908/3997/3769 3601/3534/3314
f 4123/3326/3107 4132/3825/3597 4130/4038/3810
f 4130/4038/3810 4131/4093/3865 4123/3326/3107
f 3873/3171/2952 3908/3997/3769 3874/3319/3100
f 3232/3182/2963 3673/3609/3389 3674/3883/3655
f 3674/3883/3655 3230/3499/3279 3232/3182/2963
f 3879/3960/3732 3872/4094/3866 3877/3959/3731
f 3909/4095/3867 3910/3452/3232 3911/3455/3235
f 4049/3872/3644 4050/3398/3179 4048/3401/3182
f 4048/3401/3182 4047/3756/3536 4049/3872/3644
f 3617/4030/3802 3616/3586/3366 3648/3589/3369
f 3648/3589/3369 3649/3848/3620 3617/4030/3802
f 3403/4003/3775 3415/4096/3868 3416/3567/3347
f 3416/3567/3347 3414/3566/3346 3403/4003/3775
f 3608/3677/3457 3831/3735/3515 3830/3406/3187
f 3830/3406/3187 3610/3678/3458 3608/3677/3457
f 3298/4097/3869 3297/3620/3400 3299/3664/3444
f 3299/3664/3444 3300/4098/3870 3298/4097/3869
f 4179/3798/3570 4180/3811/3583 4165/3810/3582
f 4165/3810/3582 4167/3905/3677 4179/3798/3570
f 3467/4099/3871 3465/4084/3856 3466/4100/3872
f 3466/4100/3872 3468/3659/3439 3467/4099/3871
f 3686/3700/3480 3687/4101/3873 3678/3884/3656
f 3678/3884/3656 3685/3745/3525 3686/3700/3480
f 3922/3608/3388 3921/3361/3142 3923/3360/3141
f 3923/3360/3141 3924/4046/3818 3922/3608/3388
f 3377/3948/3720 3496/3366/3147 3497/3365/3146
f 3497/3365/3146 3379/3511/3291 3377/3948/3720
f 4162/4102/3874 4163/3086/2869 3935/3085/2868
f 3935/3085/2868 4161/4103/3875 4162/4102/3874
f 4141/4092/3864 4148/4091/3863 4149/4104/3876
f 4149/4104/3876 4139/4105/3877 4141/4092/3864
f 3184/3941/3713 3185/3940/3712 3183/3471/3251
f 3183/3471/3251 3182/3470/3250 3184/3941/3713
f 3811/4034/3806 3670/3739/3519 3671/3506/3286
f 3671/3506/3286 3672/3610/3390 3811/4034/3806
f 3733/3095/2878 3723/3657/3437 3714/3525/3305
f 3714/3525/3305 3722/3096/2879 3733/3095/2878
f 3922/3608/3388 3924/4046/3818 3940/4106/3878
f 3311/3109/2892 3310/3112/2895 3305/3772/3548
f 3305/3772/3548 3303/4107/3879 3311/3109/2892
f 3298/4097/3869 3288/4108/3880 3289/3533/3313
f 3289/3533/3313 3290/3532/3312 3298/4097/3869
f 4057/3490/3270 4058/3489/3269 4060/3421/3201
f 4060/3421/3201 4059/3420/3200 4057/3490/3270
f 3440/3635/3415 3441/4109/3881 3286/4058/3830
f 3286/4058/3830 3285/3636/3416 3440/3635/3415
f 4069/4110/3882 4066/3334/3115 4070/3211/2992
f 4070/3211/2992 4071/4049/3821 4069/4110/3882
f 3808/3718/3498 3664/3672/3452 3807/3124/2907
f 3807/3124/2907 3629/3816/3588 3808/3718/3498
f 3838/3199/2980 3650/3946/3718 3649/3848/3620
f 3649/3848/3620 3774/3847/3619 3838/3199/2980
f 3766/3556/3336 3845/3166/2947 3847/3202/2983
f 3847/3202/2983 3768/3849/3621 3766/3556/3336
f 4102/3999/3771 4105/4111/3883 4104/4009/3781
f 4104/4009/3781 4103/4000/3772 4102/3999/3771
f 3456/3649/3429 3457/3151/2932 3455/3433/3213
f 3455/3433/3213 3454/3524/3304 3456/3649/3429
f 3485/3272/3053 3484/3271/3052 3551/3913/3685
f 3551/3913/3685 4237/3991/3763 3485/3272/3053
f 3322/3133/2915 3323/3132/2915 3325/4112/3884
f 3325/4112/3884 3324/4113/3884 3322/3133/2915
f 4217/4114/3885 4219/3510/3290 4220/4115/3886
f 4220/4115/3886 4218/4116/3887 4217/4114/3885
f 3267/3268/3049 3233/3181/2962 3231/3180/2961
f 3231/3180/2961 3269/3269/3050 3267/3268/3049
f 4309/4027/3799 4303/4073/3845 4307/3159/2940
f 4307/3159/2940 4308/3162/2943 4309/4027/3799
f 3979/3900/3672 3980/4072/3844 3981/3640/3420
f 3981/3640/3420 3982/3639/3419 3979/3900/3672
f 4127/3936/3708 4121/3935/3707 4131/4093/3865
f 4131/4093/3865 4128/4039/3811 4127/3936/3708
f 4197/3090/2873 4193/3592/3372 4189/3595/3375
f 4189/3595/3375 4199/3087/2870 4197/3090/2873
f 4234/4117/3888 4232/3803/3575 4233/3806/3578
f 4233/3806/3578 4235/4118/3889 4234/4117/3888
f 3395/3293/3074 3388/3377/3158 3372/3502/3282
f 3372/3502/3282 3387/3294/3075 3395/3293/3074
f 3587/3859/3631 3585/3788/3560 3586/3789/3561
f 3586/3789/3561 3588/3693/3473 3587/3859/3631
f 3650/3946/3718 3618/4025/3797 3617/4030/3802
f 3617/4030/3802 3649/3848/3620 3650/3946/3718
f 3704/3234/3015 3705/3233/3014 3706/4119/3890
f 3706/4119/3890 3813/3434/3214 3704/3234/3015
f 4267/3480/3260 4269/3479/3259 4268/4075/3847
f 4268/4075/3847 4266/4088/3860 4267/3480/3260
f 3975/3442/3222 3976/3441/3221 3955/3954/3726
f 3934/3107/2890 3936/3084/2867 3938/3887/3659
f 3938/3887/3659 3945/4120/3891 3934/3107/2890
f 3976/3441/3221 3978/3899/3671 3977/3898/3670
f 3688/3699/3479 3689/4121/3892 3687/4101/3873
f 3687/4101/3873 3686/3700/3480 3688/3699/3479
f 3978/3899/3671 3980/4072/3844 3979/3900/3672
f 3801/3287/3068 3758/3286/3067 3756/3055/2839
f 3756/3055/2839 3793/4020/3792 3801/3287/3068
f 3452/3283/3064 4120/4122/3893 4119/3934/3706
f 4119/3934/3706 3454/3524/3304 3452/3283/3064
f 4227/4123/3894 4228/4124/3895 4226/4125/3896
f 4226/4125/3896 4225/4126/3897 4227/4123/3894
f 4210/4127/3898 4211/4128/3899 4209/3661/3441
f 4209/3661/3441 4208/3861/3633 4210/4127/3898
f 3986/3801/3573 3987/3802/3574 3961/3463/3243
f 3622/3691/3471 3654/3468/3248 3655/3467/3247
f 3655/3467/3247 3623/3792/3564 3622/3691/3471
f 4261/3682/3462 4246/3681/3461 4244/3599/3379
f 4244/3599/3379 4262/3892/3664 4261/3682/3462
f 3987/3802/3574 3969/3278/3059 3963/3866/3638
f 3850/3164/2945 3846/3163/2944 3800/3179/2960
f 3800/3179/2960 3798/3464/3244 3850/3164/2945
f 3533/4129/3900 3537/3786/3558 3535/3978/3750
f 3535/3978/3750 3534/4130/3901 3533/4129/3900
f 4174/3662/3442 4173/3968/3740 4172/4131/3902
f 4172/4131/3902 4203/3663/3443 4174/3662/3442
f 3435/3814/3586 3437/4070/3842 3436/3926/3698
f 3436/3926/3698 3432/3815/3587 3435/3814/3586
f 3401/4004/3776 3403/4003/3775 3414/3566/3346
f 3414/3566/3346 3407/3863/3635 3401/4004/3776
f 3596/3727/3507 3594/3726/3506 3624/3781/3553
f 3624/3781/3553 3625/3782/3554 3596/3727/3507
f 4166/4132/3903 4168/3167/2948 4169/3170/2951
f 4169/3170/2951 4167/3905/3677 4166/4132/3903
f 3311/3109/2892 3427/3560/3340 3425/3559/3339
f 3425/3559/3339 3428/4133/3904 3311/3109/2892
f 4050/3398/3179 4051/3844/3616 4052/3843/3615
f 4052/3843/3615 4013/3399/3180 4050/3398/3179
f 3664/3672/3452 3665/3671/3451 3666/3121/2904
f 3666/3121/2904 3807/3124/2907 3664/3672/3452
f 3438/4005/3777 3282/3351/3132 3260/4017/3789
f 3260/4017/3789 3281/4134/3905 3438/4005/3777
f 3681/3503/3283 3669/3740/3520 3667/3423/3203
f 3667/3423/3203 3682/3425/3205 3681/3503/3283
f 4154/3358/3139 3921/3361/3142 3919/3607/3387
f 3919/3607/3387 4153/4135/3906 4154/3358/3139
f 3631/3123/2906 3630/3689/3469 3629/3816/3588
f 3629/3816/3588 3807/3124/2907 3631/3123/2906
f 3246/3873/3645 3245/3874/3646 3247/3552/3332
f 3247/3552/3332 3248/3551/3331 3246/3873/3645
f 4126/4136/3907 4133/3826/3598 4125/3325/3106
f 4125/3325/3106 3443/3988/3760 4126/4136/3907
f 3252/3220/3001 3251/3236/3017 3253/3225/3006
f 3253/3225/3006 3254/3227/3008 3252/3220/3001
f 4043/3695/3475 3474/3575/3355 4041/3221/3002
f 4041/3221/3002 4032/3712/3492 4043/3695/3475
f 3223/4137/3908 3225/3908/3680 3224/3971/3743
f 3224/3971/3743 3222/4138/3909 3223/4137/3908
f 3239/3195/2976 3262/3855/3627 3261/3251/3032
f 3261/3251/3032 3241/3250/3031 3239/3195/2976
f 4017/3754/3534 4015/4033/3805 4016/3703/3483
f 4016/3703/3483 4018/3702/3482 4017/3754/3534
f 4019/3755/3535 4020/3183/2964 4021/3186/2967
f 3442/4139/3910 4126/4136/3907 3443/3988/3760
f 3443/3988/3760 3353/4014/3786 3442/4139/3910
f 4022/3184/2965 4024/3769/3545 4023/3185/2966
f 3506/3307/3088 3467/4099/3871 3468/3659/3439
f 3468/3659/3439 3469/3308/3089 3506/3307/3088
f 4018/3702/3482 4026/3701/3481 4020/3183/2964
f 4075/4140/3911 4073/4048/3820 4072/3210/2991
f 4072/3210/2991 4074/3289/3070 4075/4140/3911
f 4239/3342/3123 4238/3067/2851 4240/3070/2854
f 4240/3070/2854 3488/3343/3124 4239/3342/3123
f 4028/4063/3835 4029/3770/3546 4024/3769/3545
f 3967/3864/3636 3968/4037/3809 3966/4141/3912
f 3966/4141/3912 3965/3865/3637 3967/3864/3636
f 3618/4025/3797 3650/3946/3718 3651/3838/3610
f 3651/3838/3610 3619/3916/3688 3618/4025/3797
f 3768/3849/3621 3847/3202/2983 3848/3207/2988
f 3848/3207/2988 3770/3206/2987 3768/3849/3621
f 4009/3300/3081 4055/3549/3329 4056/3488/3268
f 4056/3488/3268 4008/3491/3271 4009/3300/3081
f 4098/3652/3432 4089/3519/3299 4088/3119/2902
f 4088/3119/2902 4097/3118/2901 4098/3652/3432
f 4276/3512/3292 4296/4078/3850 4274/3230/3011
f 4274/3230/3011 4275/3229/3010 4276/3512/3292
f 3419/4032/3804 3393/4142/3913 3391/4143/3914
f 3391/4143/3914 3411/3057/2841 3419/4032/3804
f 3870/3919/3691 3871/4144/3915 3869/3302/3083
f 3869/3302/3083 3868/3301/3082 3870/3919/3691
f 3976/3441/3221 4300/3444/3224 4301/3160/2941
f 4301/3160/2941 3978/3899/3671 3976/3441/3221
f 3702/3257/3038 3703/3235/3016 3704/3234/3015
f 3704/3234/3015 3814/3436/3216 3702/3257/3038
f 4032/3712/3492 4041/3221/3002 4040/3224/3005
f 3684/3239/3020 3815/3242/3023 3816/3697/3477
f 3816/3697/3477 3685/3745/3525 3684/3239/3020
f 4042/3223/3004 3472/3222/3003 3470/3658/3438
f 4077/3546/3326 4075/4140/3911 4074/3289/3070
f 4074/3289/3070 4076/3521/3301 4077/3546/3326
f 4043/3695/3475 4044/3827/3599 3476/3694/3474
f 3611/3955/3727 3907/3834/3606 3894/4055/3827
f 3894/4055/3827 3609/3676/3456 3611/3955/3727
f 4092/3149/2930 4090/4080/3852 4091/3651/3431
f 4091/3651/3431 4093/3150/2931 4092/3149/2930
f 3741/3456/3236 3745/3459/3239 3746/4145/3916
f 3746/4145/3916 3742/4146/3917 3741/3456/3236
f 4135/4147/3918 4136/3311/3092 4138/4148/3919
f 4138/4148/3919 4137/4149/3920 4135/4147/3918
f 4185/4150/3921 4186/4151/3922 4188/4152/3923
f 4188/4152/3923 4187/3965/3737 4185/4150/3921
f 3548/3584/3364 3481/3153/2934 3547/3796/3568
f 3547/3796/3568 3560/3581/3361 3548/3584/3364
f 3607/3321/3102 3609/3676/3456 3894/4055/3827
f 3894/4055/3827 3888/4019/3791 3607/3321/3102
f 3413/3569/3349 3417/3568/3348 3418/4031/3803
f 3418/4031/3803 3412/3060/2844 3413/3569/3349
f 3902/3973/3745 3903/3837/3609 3905/3836/3608
f 3905/3836/3608 3904/4153/3924 3902/3973/3745
f 3645/4154/3925 3820/3316/3097 3644/3217/2998
f 3644/3217/2998 3252/3220/3001 3645/4154/3925
f 4054/3299/3080 4055/3549/3329 4009/3300/3081
f 3860/3979/3751 3855/4041/3813 3854/3495/3275
f 3854/3495/3275 3347/3494/3274 3860/3979/3751
f 3586/3789/3561 3584/3710/3490 3619/3916/3688
f 3619/3916/3688 3620/3840/3612 3586/3789/3561
f 3442/4139/3910 3353/4014/3786 3352/3462/3242
f 3352/3462/3242 3351/3461/3241 3442/4139/3910
f 3326/4155/3926 3328/3667/3447 3329/3670/3450
f 3329/3670/3450 3327/4156/3927 3326/4155/3926
f 3201/3784/3556 3202/3783/3555 3203/3764/3542
f 3203/3764/3542 3204/3763/3541 3201/3784/3556
f 3279/3853/3625 3262/3855/3627 3263/3292/3073
f 3263/3292/3073 3278/3291/3072 3279/3853/3625
f 4065/3335/3116 3466/4100/3872 3465/4084/3856
f 3465/4084/3856 3464/3332/3113 4065/3335/3116
f 4124/3324/3105 4134/4157/3928 3448/3427/3207
f 3448/3427/3207 3446/3426/3206 4124/3324/3105
f 3466/4100/3872 4065/3335/3116 4064/4158/3929
f 3291/3531/3311 3297/3620/3400 3298/4097/3869
f 3298/4097/3869 3290/3532/3312 3291/3531/3311
f 4227/4123/3894 4231/3805/3577 4230/3804/3576
f 4230/3804/3576 4229/4159/3930 4227/4123/3894
f 3842/3654/3434 3843/3201/2982 3844/3165/2946
f 3844/3165/2946 3721/3528/3308 3842/3654/3434
f 3477/3688/3468 3363/3687/3467 3449/3428/3208
f 3449/3428/3208 3451/3285/3066 3477/3688/3468
f 4058/3489/3269 4056/3488/3268 4084/3147/2928
f 4084/3147/2928 4093/3150/2931 4058/3489/3269
f 3676/3643/3423 3819/4160/3931 3677/3970/3742
f 3677/3970/3742 3226/3644/3424 3676/3643/3423
f 4076/3521/3301 4078/3520/3300 4077/3546/3326
f 3824/3349/3130 3822/3963/3735 3823/3407/3188
f 3823/3407/3188 3825/3734/3514 3824/3349/3130
f 3366/3869/3641 3367/3273/3054 3369/3813/3585
f 3369/3813/3585 3368/3812/3584 3366/3869/3641
f 3231/3180/2961 3229/3498/3278 3348/4085/3857
f 3348/4085/3857 3342/3430/3210 3231/3180/2961
f 3691/3523/3303 3663/3673/3453 3692/3975/3747
f 3692/3975/3747 3694/3522/3302 3691/3523/3303
f 4084/3147/2928 4056/3488/3268 4055/3549/3329
f 3690/3424/3204 3667/3423/3203 3666/3121/2904
f 3666/3121/2904 3665/3671/3451 3690/3424/3204
f 3240/3951/3723 3238/3196/2977 3239/3195/2976
f 3239/3195/2976 3241/3250/3031 3240/3951/3723
f 3252/3220/3001 3250/3219/3000 3249/3237/3018
f 3249/3237/3018 3251/3236/3017 3252/3220/3001
f 4087/3120/2903 4088/3119/2902 4076/3521/3301
f 3361/3540/3320 3447/3429/3209 3449/3428/3208
f 3449/3428/3208 3363/3687/3467 3361/3540/3320
f 3956/3953/3725 3958/3263/3044 4015/4033/3805
f 4015/4033/3805 4014/3400/3181 3956/3953/3725
f 3887/3322/3103 3885/3446/3226 3884/3445/3225
f 3884/3445/3225 3886/3323/3104 3887/3322/3103
f 4082/3148/2929 4080/3547/3327 4090/4080/3852
f 4090/4080/3852 4092/3149/2930 4082/3148/2929
f 3533/4129/3900 3426/3561/3341 3532/3601/3381
f 3532/3601/3381 3536/3600/3380 3533/4129/3900
f 3545/3793/3565 3547/3796/3568 3481/3153/2934
f 3481/3153/2934 3459/3152/2933 3545/3793/3565
f 3160/3761/3539 3158/4161/3932 3159/4162/3933
f 3159/4162/3933 3161/3762/3540 3160/3761/3539
f 4089/3519/3299 4098/3652/3432 4091/3651/3431
f 4091/3651/3431 4090/4080/3852 4089/3519/3299
f 4086/3288/3069 4095/3933/3705 4087/3120/2903
f 3791/3578/3358 3795/3577/3357 3802/3580/3360
f 3802/3580/3360 3792/3909/3681 3791/3578/3358
f 3265/3305/3086 3237/3194/2975 3235/3188/2969
f 3235/3188/2969 3267/3268/3049 3265/3305/3086
f 3479/3432/3212 3478/3706/3486 3453/3284/3065
f 3453/3284/3065 3455/3433/3213 3479/3432/3212
f 3409/3059/2843 3396/3296/3077 3397/3882/3654
f 3397/3882/3654 3408/3862/3634 3409/3059/2843
f 4099/3653/3433 4062/4065/3837 4100/3650/3430
f 3468/3659/3439 3466/4100/3872 4064/4158/3929
f 4064/4158/3929 4063/3856/3628 3468/3659/3439
f 4093/3150/2931 4091/3651/3431 4100/3650/3430
f 4101/3419/3199 4102/3999/3771 4059/3420/3200
f 3875/3448/3228 3883/3447/3227 3882/3932/3704
f 3882/3932/3704 3876/3918/3690 3875/3448/3228
f 3548/3584/3364 3549/3822/3594 3482/3704/3484
f 3482/3704/3484 3481/3153/2934 3548/3584/3364
f 3379/3511/3291 3497/3365/3146 3498/3537/3317
f 3498/3537/3317 3381/3925/3697 3379/3511/3291
f 3742/4146/3917 3738/4053/3825 3737/4052/3824
f 3737/4052/3824 3741/3456/3236 3742/4146/3917
f 3279/3853/3625 3278/3291/3072 3289/3533/3313
f 3289/3533/3313 3288/4108/3880 3279/3853/3625
f 4067/3333/3114 3464/3332/3113 3462/3867/3639
f 4124/3324/3105 4122/3327/3108 4120/4122/3893
f 4120/4122/3893 4134/4157/3928 4124/3324/3105
f 3640/3896/3668 3826/3346/3127 3638/3969/3741
f 3638/3969/3741 3639/3897/3669 3640/3896/3668
f 3671/3506/3286 3680/3505/3285 3673/3609/3389
f 3673/3609/3389 3672/3610/3390 3671/3506/3286
f 3571/4163/3934 3570/3582/3362 3560/3581/3361
f 3560/3581/3361 3572/4164/3935 3571/4163/3934
f 4205/3660/3440 4203/3663/3443 4202/4165/3936
f 4202/4165/3936 4204/4166/3937 4205/3660/3440
f 3828/3317/3098 3837/4045/3817 3829/3408/3189
f 3829/3408/3189 3821/3318/3099 3828/3317/3098
f 4244/3599/3379 4246/3681/3461 4245/3741/3521
f 4245/3741/3521 4243/3596/3376 4244/3599/3379
f 3959/3261/3042 3957/3264/3045 3977/3898/3670
f 3977/3898/3670 3983/3901/3673 3959/3261/3042
f 4121/3935/3707 4122/3327/3108 4123/3326/3107
f 4123/3326/3107 4131/4093/3865 4121/3935/3707
f 3349/3980/3752 3348/4085/3857 3229/3498/3278
f 3229/3498/3278 3227/3497/3277 3349/3980/3752
f 4004/4011/3783 4002/3684/3464 4057/3490/3270
f 4057/3490/3270 4103/4000/3772 4004/4011/3783
f 3953/3115/2898 3951/3114/2897 3974/3443/3223
f 3974/3443/3223 3975/3442/3222 3953/3115/2898
f 3430/3538/3318 3432/3815/3587 3433/3928/3700
f 3433/3928/3700 3431/4167/3938 3430/3538/3318
f 4094/3750/3530 3454/3524/3304 4119/3934/3706
f 3741/3456/3236 3737/4052/3824 3736/3989/3761
f 3736/3989/3761 3740/3457/3237 3741/3456/3236
f 4201/4168/3939 4202/4165/3936 4203/3663/3443
f 4203/3663/3443 4172/4131/3902 4201/4168/3939
f 3808/3718/3498 3662/3717/3497 3663/3673/3453
f 3663/3673/3453 3664/3672/3452 3808/3718/3498
f 3845/3166/2947 3766/3556/3336 3764/3081/2864
f 3764/3081/2864 3846/3163/2944 3845/3166/2947
f 3995/4050/3822 3994/3831/3603 3996/3487/3267
f 3996/3487/3267 3997/3625/3405 3995/4050/3822
f 3450/3282/3063 3448/3427/3207 4134/4157/3928
f 4134/4157/3928 4120/4122/3893 3450/3282/3063
f 3600/3535/3315 3628/3817/3589 3836/3476/3256
f 3836/3476/3256 3602/3536/3316 3600/3535/3315
f 4070/3211/2992 4066/3334/3115 4067/3333/3114
f 4067/3333/3114 4068/3212/2993 4070/3211/2992
f 3956/3953/3725 4014/3400/3181 4013/3399/3180
f 4013/3399/3180 4012/3833/3605 3956/3953/3725
f 4128/4039/3811 4131/4093/3865 4130/4038/3810
f 3569/3722/3502 3563/3440/3220 3561/3583/3363
f 3561/3583/3363 3570/3582/3362 3569/3722/3502
f 3873/3171/2952 3599/3130/2913 3601/3534/3314
f 3601/3534/3314 3908/3997/3769 3873/3171/2952
f 3791/3578/3358 3789/3911/3683 3744/3458/3238
f 3744/3458/3238 3743/3579/3359 3791/3578/3358
f 3550/3824/3596 3552/3992/3764 3551/3913/3685
f 3551/3913/3685 3483/3705/3485 3550/3824/3596
f 4199/3087/2870 4189/3595/3375 4187/3965/3737
f 4187/3965/3737 4136/3311/3092 4199/3087/2870
f 3275/3260/3041 3273/3259/3040 3343/3431/3211
f 3343/3431/3211 3344/4036/3808 3275/3260/3041
f 3450/3282/3063 4120/4122/3893 3452/3283/3064
f 4115/3871/3643 4113/3944/3716 4114/3943/3715
f 4114/3943/3715 4049/3872/3644 4115/3871/3643
f 4300/3444/3224 4304/3634/3414 4306/3161/2942
f 4306/3161/2942 4301/3160/2941 4300/3444/3224
f 4293/3675/3455 4295/3515/3295 4278/3514/3294
f 4278/3514/3294 4299/4169/3940 4293/3675/3455
f 3336/4170/3941 3337/3146/2927 3339/3145/2926
f 3339/3145/2926 3338/4171/3942 3336/4170/3941
f 3537/3786/3558 3533/4129/3900 3536/3600/3380
f 3536/3600/3380 3541/3787/3559 3537/3786/3558
f 4143/3737/3517 4144/3616/3396 4145/3615/3395
f 3496/3366/3147 3377/3948/3720 3375/4001/3773
f 3375/4001/3773 3491/3914/3686 3496/3366/3147
f 3299/3664/3444 3294/3337/3118 3295/3175/2956
f 3295/3175/2956 3301/4172/3943 3299/3664/3444
f 4226/4125/3896 4224/4173/3944 4222/3507/3287
f 4222/3507/3287 4225/4126/3897 4226/4125/3896
f 4188/4152/3923 4140/4174/3945 4139/4105/3877
f 4139/4105/3877 4138/4148/3919 4188/4152/3923
f 4187/3965/3737 4188/4152/3923 4138/4148/3919
f 4138/4148/3919 4136/3311/3092 4187/3965/3737
f 3313/4175/3946 3314/3983/3755 3312/3982/3754
f 3312/3982/3754 3303/4107/3879 3313/4175/3946
f 4140/4174/3945 4188/4152/3923 4186/4151/3922
f 4186/4151/3922 4212/4176/3947 4140/4174/3945
f 4108/3846/3618 4112/3942/3714 4110/3945/3717
f 4110/3945/3717 4109/4056/3828 4108/3846/3618
f 4153/4135/3906 3919/3607/3387 3916/3807/3579
f 3916/3807/3579 3918/3809/3581 4153/4135/3906
f 3996/3487/3267 3994/3831/3603 4011/3830/3602
f 4011/3830/3602 4010/3297/3078 3996/3487/3267
f 3912/3453/3233 3914/4177/3948 3915/3808/3580
f 3915/3808/3580 3913/3454/3234 3912/3453/3233
f 3641/3347/3128 3640/3896/3668 3244/3205/2986
f 3244/3205/2986 3246/3873/3645 3641/3347/3128
f 3368/3812/3584 3370/3376/3157 3390/3375/3156
f 3390/3375/3156 3437/4070/3842 3368/3812/3584
f 4167/3905/3677 4165/3810/3582 4164/4178/3949
f 4164/4178/3949 4166/4132/3903 4167/3905/3677
f 4161/4103/3875 3935/3085/2868 3933/3108/2891
f 3933/3108/2891 4160/3624/3404 4161/4103/3875
f 4206/4179/3950 4207/3860/3632 4205/3660/3440
f 4205/3660/3440 4204/4166/3937 4206/4179/3950
f 4027/3903/3675 4028/4063/3835 4024/3769/3545
f 4024/3769/3545 4022/3184/2965 4027/3903/3675
f 4162/4102/3874 4164/4178/3949 4165/3810/3582
f 4165/3810/3582 4163/3086/2869 4162/4102/3874
f 3422/3591/3371 3421/3878/3650 3402/3877/3649
f 3402/3877/3649 3400/3590/3370 3422/3591/3371
f 4184/4180/3951 4180/3811/3583 4179/3798/3570
f 4179/3798/3570 4183/3797/3569 4184/4180/3951
f 3735/3380/3161 3736/3989/3761 3726/3389/3170
f 3726/3389/3170 3725/3381/3162 3735/3380/3161
f 3961/3463/3243 3959/3261/3042 3983/3901/3673
f 3983/3901/3673 3986/3801/3573 3961/3463/3243
f 4291/3340/3121 4293/3675/3455 4299/4169/3940
f 4299/4169/3940 4298/3341/3122 4291/3340/3121
f 3927/3249/3030 3925/3248/3029 4156/4181/3952
f 4156/4181/3952 4157/4079/3851 3927/3249/3030
f 4238/3067/2851 4239/3342/3123 4237/3991/3763
f 4237/3991/3763 3553/3990/3762 4238/3067/2851
f 3655/3467/3247 3661/3466/3246 3662/3717/3497
f 3662/3717/3497 3656/3720/3500 3655/3467/3247
f 3349/3980/3752 3227/3497/3277 3225/3908/3680
f 3225/3908/3680 3861/3981/3753 3349/3980/3752
f 3988/3715/3495 3989/3279/3060 3985/3638/3418
f 3985/3638/3418 3984/3641/3421 3988/3715/3495
f 3261/3251/3032 3280/3854/3626 3281/4134/3905
f 3281/4134/3905 3260/4017/3789 3261/3251/3032
f 3951/3114/2897 3949/3665/3445 3973/3631/3411
f 3973/3631/3411 3974/3443/3223 3951/3114/2897
f 3698/3240/3021 3697/3888/3660 3699/3258/3039
f 3699/3258/3039 3700/3241/3022 3698/3240/3021
f 3188/4182/3953 3186/3939/3711 3187/3938/3710
f 3187/3938/3710 3189/4183/3954 3188/4182/3953
f 4218/4116/3887 4216/3777/1919 4214/3776/1919
f 4214/3776/1919 4217/4114/3885 4218/4116/3887
f 3304/3771/3547 3302/4184/3955 3303/4107/3879
f 3303/4107/3879 3305/3772/3548 3304/3771/3547
f 4119/3934/3706 4120/4122/3893 4122/3327/3108
f 4122/3327/3108 4121/3935/3707 4119/3934/3706
f 3395/3293/3074 3410/3058/2842 3389/3378/3159
f 3389/3378/3159 3388/3377/3158 3395/3293/3074
f 3541/3787/3559 3536/3600/3380 3540/3603/3383
f 3540/3603/3383 3542/4016/3788 3541/3787/3559
f 4141/4092/3864 4142/4028/3800 4144/3616/3396
f 4144/3616/3396 4143/3737/3517 4141/4092/3864
f 3552/3992/3764 3564/3439/3219 3554/3881/3653
f 3554/3881/3653 3553/3990/3762 3552/3992/3764
f 4172/4131/3902 4171/3169/2950 4170/3168/2949
f 4170/3168/2949 4201/4168/3939 4172/4131/3902
f 3420/3875/3647 3406/4185/3956 3405/4186/3957
f 3405/4186/3957 3404/3876/3648 3420/3875/3647
f 3429/4006/3778 3360/3539/3319 3430/3538/3318
f 3430/3538/3318 3431/4167/3938 3429/4006/3778
f 3726/3389/3170 3728/4051/3823 3729/3924/3696
f 3729/3924/3696 3727/3390/3171 3726/3389/3170
f 4019/3755/3535 4017/3754/3534 4018/3702/3482
f 4018/3702/3482 4020/3183/2964 4019/3755/3535
f 3586/3789/3561 3620/3840/3612 3621/3690/3470
f 3621/3690/3470 3588/3693/3473 3586/3789/3561
f 3283/3352/3133 3284/3637/3417 3257/3238/3019
f 3257/3238/3019 3258/3353/3134 3283/3352/3133
f 4252/3623/3403 4254/4068/3840 4253/4069/3841
f 4253/4069/3841 4251/3622/3402 4252/3623/3403
f 4139/4105/3877 4140/4174/3945 4142/4028/3800
f 4142/4028/3800 4141/4092/3864 4139/4105/3877
f 4127/3936/3708 4128/4039/3811 4097/3118/2901
f 4097/3118/2901 4096/3117/2900 4127/3936/3708
f 4220/4115/3886 4219/3510/3290 4221/3509/3289
f 3790/3910/3682 3754/3054/2838 3752/3066/2850
f 3752/3066/2850 3750/3906/3678 3790/3910/3682
f 4222/3507/3287 4224/4173/3944 4223/3508/3288
f 3923/3360/3141 4155/3359/3140 4156/4181/3952
f 4156/4181/3952 3925/3248/3029 3923/3360/3141
f 3726/3389/3170 3736/3989/3761 3737/4052/3824
f 3737/4052/3824 3728/4051/3823 3726/3389/3170
f 4228/4124/3895 4227/4123/3894 4229/4159/3930
f 3265/3305/3086 3264/3290/3071 3263/3292/3073
f 3263/3292/3073 3237/3194/2975 3265/3305/3086
f 3342/3430/3210 3271/3276/3057 3269/3269/3050
f 3269/3269/3050 3231/3180/2961 3342/3430/3210
f 3940/4106/3878 3924/4046/3818 3926/3247/3028
f 3926/3247/3028 3941/4035/3807 3940/4106/3878
f 3306/3627/3407 3305/3772/3548 3310/3112/2895
f 3310/3112/2895 3307/3628/3408 3306/3627/3407
f 3591/3885/3657 3589/3858/3630 3590/3692/3472
f 3590/3692/3472 3592/3791/3563 3591/3885/3657
f 3388/3377/3158 3370/3376/3157 3371/3500/3280
f 3371/3500/3280 3372/3502/3282 3388/3377/3158
f 3169/4022/3794 3167/4187/3958 3166/4188/3959
f 3166/4188/3959 3168/4023/3795 3169/4022/3794
f 3554/3881/3653 3566/3880/3652 3556/4189/3960
f 3556/4189/3960 3555/3068/2852 3554/3881/3653
f 3485/3272/3053 3486/3345/3126 3369/3813/3585
f 3369/3813/3585 3367/3273/3054 3485/3272/3053
f 4194/3774/3550 4195/3773/3549 4197/3090/2873
f 4197/3090/2873 4196/3089/2872 4194/3774/3550
f 3872/4094/3866 3871/4144/3915 3870/3919/3691
f 3870/3919/3691 3877/3959/3731 3872/4094/3866
f 3705/3233/3014 3720/3819/3591 3707/4190/3961
f 3707/4190/3961 3706/4119/3890 3705/3233/3014
f 4003/4076/3848 4002/3684/3464 4004/4011/3783
f 4004/4011/3783 4005/4089/3861 4003/4076/3848
f 3165/3046/2830 3164/3045/2829 3166/4188/3959
f 3166/4188/3959 3167/4187/3958 3165/3046/2830
f 3392/4083/3855 3390/3375/3156 3389/3378/3159
f 3389/3378/3159 3391/4143/3914 3392/4083/3855
f 3214/3417/3198 3213/4191/3962 3211/4192/3962
f 3211/4192/3962 3212/3418/3198 3214/3417/3198
f 3790/3910/3682 3750/3906/3678 3748/4081/3853
f 3748/4081/3853 3789/3911/3683 3790/3910/3682
f 3862/4193/3963 3859/4067/3839 3860/3979/3751
f 3860/3979/3751 3861/3981/3753 3862/4193/3963
f 3239/3195/2976 3237/3194/2975 3263/3292/3073
f 3263/3292/3073 3262/3855/3627 3239/3195/2976
f 3944/4018/3790 3932/3555/3335 3934/3107/2890
f 3934/3107/2890 3945/4120/3891 3944/4018/3790
f 4250/3106/2889 4248/3105/2888 4260/3683/3463
f 3373/3501/3281 3487/3344/3125 3488/3343/3124
f 3488/3343/3124 3489/3821/3593 3373/3501/3281
f 4039/3357/3138 4038/3904/3676 4026/3701/3481
f 4026/3701/3481 4025/3354/3135 4039/3357/3138
f 4037/3902/3674 4036/4064/3836 4028/4063/3835
f 4028/4063/3835 4027/3903/3675 4037/3902/3674
f 4107/3550/3330 4054/3299/3080 4053/3298/3079
f 4053/3298/3079 4111/3842/3614 4107/3550/3330
f 4069/4110/3882 4064/4158/3929 4065/3335/3116
f 4065/3335/3116 4066/3334/3115 4069/4110/3882
f 4292/3674/3454 4294/4077/3849 4295/3515/3295
f 4295/3515/3295 4293/3675/3455 4292/3674/3454
f 3865/3751/3531 3864/3127/2910 3866/3172/2953
f 3866/3172/2953 3867/3303/3084 3865/3751/3531
f 3745/3459/3239 3748/4081/3853 3747/4082/3854
f 3747/4082/3854 3746/4145/3916 3745/3459/3239
f 3157/3093/2876 3159/4162/3933 3158/4161/3932
f 3158/4161/3932 3156/3094/2877 3157/3093/2876
f 3555/3068/2852 3556/4189/3960 3558/4024/3796
f 3558/4024/3796 3557/3069/2853 3555/3068/2852
f 3427/3560/3340 3311/3109/2892 3303/4107/3879
f 3303/4107/3879 3312/3982/3754 3427/3560/3340
f 3578/3043/2827 3616/3586/3366 3617/4030/3802
f 3617/4030/3802 3580/3044/2828 3578/3043/2827
f 3761/3994/3766 3759/3937/3709 3758/3286/3067
f 3758/3286/3067 3760/3177/2958 3761/3994/3766
f 3835/3477/3257 3632/3563/3343 3634/3562/3342
f 3634/3562/3342 3833/3474/3254 3835/3477/3257
f 3718/3923/3695 3701/3256/3037 3717/3391/3172
f 3717/3391/3172 3727/3390/3171 3718/3923/3695
f 3787/3267/3048 3753/3065/2849 3755/3053/2837
f 3755/3053/2837 3786/3472/3252 3787/3267/3048
f 3963/3866/3638 3965/3865/3637 3964/3356/3137
f 3964/3356/3137 3962/3355/3136 3963/3866/3638
f 3969/3278/3059 3987/3802/3574 3985/3638/3418
f 3985/3638/3418 3989/3279/3060 3969/3278/3059
f 3364/3686/3466 3366/3869/3641 3435/3814/3586
f 3435/3814/3586 3362/3541/3321 3364/3686/3466
f 3393/4142/3913 3394/4194/3964 3392/4083/3855
f 3392/4083/3855 3391/4143/3914 3393/4142/3913
f 3888/4019/3791 3895/3972/3744 3896/3329/3110
f 3896/3329/3110 3889/3619/3399 3888/4019/3791
f 4287/3255/3036 4289/3339/3120 4297/3338/3119
f 3346/3493/3273 3348/4085/3857 3349/3980/3752
f 3349/3980/3752 3347/3494/3274 3346/3493/3273
f 3375/4001/3773 3489/3821/3593 3490/3820/3592
f 3490/3820/3592 3491/3914/3686 3375/4001/3773
f 3273/3259/3040 3272/3277/3058 3271/3276/3057
f 3271/3276/3057 3343/3431/3211 3273/3259/3040
f 3789/3911/3683 3748/4081/3853 3745/3459/3239
f 3745/3459/3239 3744/3458/3238 3789/3911/3683
f 3691/3523/3303 3695/3451/3231 3690/3424/3204
f 3690/3424/3204 3665/3671/3451 3691/3523/3303
f 3563/3440/3220 3564/3439/3219 3562/3823/3595
f 3562/3823/3595 3561/3583/3363 3563/3440/3220
f 3427/3560/3340 3312/3982/3754 3532/3601/3381
f 3532/3601/3381 3426/3561/3341 3427/3560/3340
f 3712/3517/3297 3842/3654/3434 3721/3528/3308
f 3721/3528/3308 3713/3527/3307 3712/3517/3297
f 3600/3535/3315 3626/3891/3663 3627/3818/3590
f 3627/3818/3590 3628/3817/3589 3600/3535/3315
f 4068/3212/2993 4067/3333/3114 3460/3868/3640
f 3460/3868/3640 3458/3553/3333 4068/3212/2993
f 3687/4101/3873 3689/4121/3892 3819/4160/3931
f 3819/4160/3931 3676/3643/3423 3687/4101/3873
f 3954/3116/2899 3955/3954/3726 3956/3953/3725
f 3956/3953/3725 4012/3833/3605 3954/3116/2899
f 3605/3320/3101 3603/3998/3770 3604/4060/3832
f 3604/4060/3832 3606/3841/3613 3605/3320/3101
f 4302/4071/3843 4301/3160/2941 4307/3159/2940
f 3326/4155/3926 3327/4156/3927 3324/4113/3884
f 3324/4113/3884 3325/4112/3884 3326/4155/3926
f 3701/3256/3037 3699/3258/3039 3708/3215/2996
f 3708/3215/2996 3717/3391/3172 3701/3256/3037
f 3964/3356/3137 3965/3865/3637 3966/4141/3912
f 3966/4141/3912 4039/3357/3138 3964/3356/3137
f 3816/3697/3477 3815/3242/3023 3702/3257/3038
f 3702/3257/3038 3814/3436/3216 3816/3697/3477
f 3398/3917/3689 3399/3696/3476 3401/4004/3776
f 3401/4004/3776 3407/3863/3635 3398/3917/3689
f 3334/4195/3965 3333/3766/3543 3332/3765/3543
f 3332/3765/3543 4317/4196/3965 3334/4195/3965
f 4236/4197/1919 4234/4117/3888 4235/4118/3889
f 4235/4118/3889 4313/4198/1919 4236/4197/1919
f 3976/3441/3221 3977/3898/3670 3957/3264/3045
f 3957/3264/3045 3955/3954/3726 3976/3441/3221
f 4152/4199/3966 4151/4029/3801 4142/4028/3800
f 4142/4028/3800 4140/4174/3945 4152/4199/3966
f 3718/3923/3695 3852/3364/3145 3719/3232/3013
f 3719/3232/3013 3703/3235/3016 3718/3923/3695
f 3434/3927/3699 3436/3926/3698 3392/4083/3855
f 3392/4083/3855 3394/4194/3964 3434/3927/3699
f 3678/3884/3656 3687/4101/3873 3676/3643/3423
f 3676/3643/3423 3675/3642/3422 3678/3884/3656
f 3648/3589/3369 3647/3588/3368 3776/3728/3508
f 3776/3728/3508 3775/3731/3511 3648/3589/3369
f 3403/4003/3775 3404/3876/3648 3405/4186/3957
f 3405/4186/3957 3415/4096/3868 3403/4003/3775
f 4095/3933/3705 4086/3288/3069 4094/3750/3530
f 4094/3750/3530 4119/3934/3706 4095/3933/3705
f 3862/4193/3963 3861/3981/3753 3225/3908/3680
f 3225/3908/3680 3223/4137/3908 3862/4193/3963
f 3255/3226/3007 3253/3225/3006 3256/3721/3501
f 3256/3721/3501 3287/4059/3831 3255/3226/3007
f 3410/3058/2842 3411/3057/2841 3391/4143/3914
f 3391/4143/3914 3389/3378/3159 3410/3058/2842
f 4114/3943/3715 4051/3844/3616 4050/3398/3179
f 4050/3398/3179 4049/3872/3644 4114/3943/3715
f 3559/3795/3567 3572/4164/3935 3560/3581/3361
f 3560/3581/3361 3547/3796/3568 3559/3795/3567
f 4016/3703/3483 3960/3262/3043 3962/3355/3136
f 3962/3355/3136 4025/3354/3135 4016/3703/3483
f 3289/3533/3313 3278/3291/3072 3264/3290/3071
f 3264/3290/3071 3277/3530/3310 3289/3533/3313
f 3992/3832/3604 3952/3113/2896 3954/3116/2899
f 3954/3116/2899 4012/3833/3605 3992/3832/3604
f 3920/3606/3386 3917/4066/3838 3916/3807/3579
f 3916/3807/3579 3919/3607/3387 3920/3606/3386
f 4316/4200/3967 4137/4149/3920 4138/4148/3919
f 4138/4148/3919 4139/4105/3877 4316/4200/3967
f 4312/4201/3968 3300/4098/3870 3299/3664/3444
f 3299/3664/3444 3301/4172/3943 4312/4201/3968
f 4211/4128/3899 4176/3966/3738 4174/3662/3442
f 4174/3662/3442 4209/3661/3441 4211/4128/3899
f 3712/3517/3297 3659/3516/3296 3658/3655/3435
f 3658/3655/3435 3842/3654/3434 3712/3517/3297
f 4318/4170/3969 3221/4171/3970 3220/3403/3184
f 3220/3403/3184 3219/3402/3183 4318/4170/3969
f 4102/3999/3771 4101/3419/3199 4106/4202/3971
f 4106/4202/3971 4105/4111/3883 4102/3999/3771
f 3254/3227/3008 3646/4203/3972 3645/4154/3925
f 3645/4154/3925 3252/3220/3001 3254/3227/3008
f 4093/3150/2931 4100/3650/3430 4060/3421/3201
f 4060/3421/3201 4058/3489/3269 4093/3150/2931
f 3886/3323/3104 3884/3445/3225 3874/3319/3100
f 3874/3319/3100 3908/3997/3769 3886/3323/3104
f 3899/3482/3262 3898/3485/3265 3900/3331/3112
f 3900/3331/3112 4315/4204/3973 3899/3482/3262
f 4171/3169/2950 4172/4131/3902 4173/3968/3740
f 4173/3968/3740 4177/3985/3757 4171/3169/2950
f 3571/4163/3934 3573/3742/3522 3569/3722/3502
f 3569/3722/3502 3570/3582/3362 3571/4163/3934
f 3634/3562/3342 3636/4047/3819 3827/3571/3351
f 3827/3571/3351 3833/3474/3254 3634/3562/3342
f 3190/4205/3974 3188/4182/3953 3189/4183/3954
f 3189/4183/3954 4311/4206/3974 3190/4205/3974
f 4252/3623/3403 4250/3106/2889 4260/3683/3463
f 4260/3683/3463 4254/4068/3840 4252/3623/3403
f 4180/3811/3583 4184/4180/3951 3939/3886/3658
f 3939/3886/3658 3937/3083/2866 4180/3811/3583
f 3234/3187/2968 3236/3189/2970 3811/4034/3806
f 3811/4034/3806 3672/3610/3390 3234/3187/2968
f 3426/3561/3341 3533/4129/3900 3534/4130/3901
f 3534/4130/3901 4314/4207/3975 3426/3561/3341
f 4195/3773/3549 4193/3592/3372 4197/3090/2873
f 4323/4208/3976 4321/4209/3977 4322/4210/3978
f 4322/4210/3978 4324/4211/3979 4323/4208/3976
f 4329/4212/3980 4323/4208/3976 4327/4213/3981
f 4327/4213/3981 4328/4214/3980 4329/4212/3980
f 4329/4212/3980 4328/4214/3980 4330/4215/3982
f 4330/4215/3982 4331/4216/3983 4329/4212/3980
f 4401/4217/3984 4405/4218/3985 4412/4219/3986
f 4412/4219/3986 4413/4220/3986 4401/4217/3984
f 4335/4221/3982 4334/4222/3982 4332/4223/3987
f 4332/4223/3987 4333/4224/3988 4335/4221/3982
f 4414/4225/3989 4346/4226/3990 4347/4227/3991
f 4347/4227/3991 4348/4228/3992 4414/4225/3989
f 4358/4229/3993 4423/4230/3994 4356/4231/3995
f 4356/4231/3995 4357/4232/3996 4358/4229/3993
f 4429/4233/3997 4351/4234/3998 4349/4235/3999
f 4349/4235/3999 4354/4236/4000 4429/4233/3997
f 4428/4237/4001 4429/4233/3997 4354/4236/4000
f 4354/4236/4000 4426/4238/4002 4428/4237/4001
f 4340/4239/4003 4417/4240/4004 4418/4241/4005
f 4418/4241/4005 4419/4242/4006 4340/4239/4003
f 4431/4243/4007 4437/4244/4008 4438/4245/4009
f 4438/4245/4009 4439/4246/4010 4431/4243/4007
f 4390/4247/4011 4386/4248/4012 4388/4249/4013
f 4388/4249/4013 4389/4250/4014 4390/4247/4011
f 4353/4251/4015 4430/4252/4016 4431/4243/4007
f 4431/4243/4007 4432/4253/4017 4353/4251/4015
f 4341/4254/4018 4359/4255/4019 4358/4229/3993
f 4358/4229/3993 4357/4232/3996 4341/4254/4018
f 4348/4228/3992 4347/4227/3991 4349/4235/3999
f 4349/4235/3999 4350/4256/4020 4348/4228/3992
f 4416/4257/4021 4342/4258/4022 4343/4259/4023
f 4343/4259/4023 4344/4260/4024 4416/4257/4021
f 4417/4240/4004 4340/4239/4003 4342/4258/4022
f 4342/4258/4022 4416/4257/4021 4417/4240/4004
f 4436/4261/4025 4435/4262/4026 4440/4263/4027
f 4440/4263/4027 4437/4244/4008 4436/4261/4025
f 4428/4237/4001 4435/4262/4026 4436/4261/4025
f 4436/4261/4025 4429/4233/3997 4428/4237/4001
f 4441/4264/4028 4440/4263/4027 4443/4265/4029
f 4443/4265/4029 4442/4266/4030 4441/4264/4028
f 4336/4267/4031 4337/4268/4032 4339/4269/4033
f 4339/4269/4033 4338/4270/4034 4336/4267/4031
f 4405/4218/3985 4394/4271/4035 4411/4272/3986
f 4411/4272/3986 4410/4273/3986 4405/4218/3985
f 4378/4274/4036 4377/4275/4037 4376/4276/4036
f 4376/4276/4036 4379/4277/4038 4378/4274/4036
f 4362/4278/4011 4363/4279/4039 4364/4280/4040
f 4428/4237/4001 4426/4238/4002 4427/4281/4041
f 4427/4281/4041 4434/4282/4042 4428/4237/4001
f 4365/4283/4043 4367/4284/4038 4366/4285/4043
f 4383/4286/4039 4384/4287/4012 4385/4288/4044
f 4385/4288/4044 4382/4289/4012 4383/4286/4039
f 4386/4248/4012 4385/4288/4044 4384/4287/4012
f 4384/4287/4012 4387/4290/4045 4386/4248/4012
f 4371/4291/4046 4372/4292/4047 4370/4293/4048
f 4435/4262/4026 4444/4294/4049 4443/4265/4029
f 4443/4265/4029 4440/4263/4027 4435/4262/4026
f 4373/4295/4050 4374/4296/4036 4375/4297/4051
f 4368/4298/4052 4371/4291/4046 4370/4293/4048
f 4370/4293/4048 4369/4299/4052 4368/4298/4052
f 4399/4300/4053 4400/4301/4054 4401/4217/3984
f 4401/4217/3984 4396/4302/4055 4399/4300/4053
f 4378/4274/4036 4379/4277/4038 4380/4303/4036
f 4421/4304/4056 4417/4240/4004 4416/4257/4021
f 4416/4257/4021 4420/4305/4057 4421/4304/4056
f 4381/4306/4058 4383/4286/4039 4382/4289/4012
f 4360/4307/4039 4361/4308/4039 4363/4279/4039
f 4363/4279/4039 4362/4278/4011 4360/4307/4039
f 4366/4285/4043 4367/4284/4038 4368/4298/4052
f 4368/4298/4052 4369/4299/4052 4366/4285/4043
f 4387/4290/4045 4388/4249/4013 4386/4248/4012
f 4346/4226/3990 4414/4225/3989 4415/4309/4059
f 4415/4309/4059 4344/4260/4024 4346/4226/3990
f 4389/4250/4014 4391/4310/4046 4390/4247/4011
f 4376/4276/4036 4377/4275/4037 4373/4295/4050
f 4373/4295/4050 4375/4297/4051 4376/4276/4036
f 4325/4311/4060 4333/4224/3988 4332/4223/3987
f 4332/4223/3987 4327/4213/3981 4325/4311/4060
f 4405/4218/3985 4401/4217/3984 4403/4312/4061
f 4403/4312/4061 4404/4313/4062 4405/4218/3985
f 4396/4302/4055 4398/4314/4063 4399/4300/4053
f 4405/4218/3985 4407/4315/4064 4408/4316/4065
f 4408/4316/4065 4394/4271/4035 4405/4218/3985
f 4321/4209/3977 4319/4317/3982 4320/4318/3982
f 4320/4318/3982 4322/4210/3978 4321/4209/3977
f 4400/4301/4054 4403/4312/4061 4401/4217/3984
f 4397/4319/4066 4398/4314/4063 4396/4302/4055
f 4396/4302/4055 4394/4271/4035 4397/4319/4066
f 4405/4218/3985 4404/4313/4062 4406/4320/4067
f 4406/4320/4067 4407/4315/4064 4405/4218/3985
f 4327/4213/3981 4323/4208/3976 4324/4211/3979
f 4324/4211/3979 4325/4311/4060 4327/4213/3981
f 4394/4271/4035 4396/4302/4055 4395/4321/3986
f 4395/4321/3986 4393/4322/4068 4394/4271/4035
f 4415/4309/4059 4420/4305/4057 4416/4257/4021
f 4416/4257/4021 4344/4260/4024 4415/4309/4059
f 4381/4306/4058 4382/4289/4012 4378/4274/4036
f 4378/4274/4036 4380/4303/4036 4381/4306/4058
f 4344/4260/4024 4343/4259/4023 4345/4323/4069
f 4345/4323/4069 4346/4226/3990 4344/4260/4024
f 4436/4261/4025 4430/4252/4016 4351/4234/3998
f 4351/4234/3998 4429/4233/3997 4436/4261/4025
f 4422/4324/4070 4418/4241/4005 4417/4240/4004
f 4417/4240/4004 4421/4304/4056 4422/4324/4070
f 4370/4293/4048 4372/4292/4047 4374/4296/4036
f 4374/4296/4036 4373/4295/4050 4370/4293/4048
f 4366/4285/4043 4362/4278/4011 4364/4280/4040
f 4364/4280/4040 4365/4283/4043 4366/4285/4043
f 4440/4263/4027 4441/4264/4028 4438/4245/4009
f 4438/4245/4009 4437/4244/4008 4440/4263/4027
f 4353/4251/4015 4352/4325/4071 4351/4234/3998
f 4351/4234/3998 4430/4252/4016 4353/4251/4015
f 4341/4254/4018 4357/4232/3996 4343/4259/4023
f 4343/4259/4023 4342/4258/4022 4341/4254/4018
f 4349/4235/3999 4347/4227/3991 4355/4326/4072
f 4355/4326/4072 4354/4236/4000 4349/4235/3999
f 4350/4256/4020 4349/4235/3999 4351/4234/3998
f 4351/4234/3998 4352/4325/4071 4350/4256/4020
f 4426/4238/4002 4425/4327/4073 4424/4328/4074
f 4424/4328/4074 4427/4281/4041 4426/4238/4002
f 4425/4327/4073 4426/4238/4002 4354/4236/4000
f 4354/4236/4000 4355/4326/4072 4425/4327/4073
f 4345/4323/4069 4355/4326/4072 4347/4227/3991
f 4347/4227/3991 4346/4226/3990 4345/4323/4069
f 4437/4244/4008 4431/4243/4007 4430/4252/4016
f 4430/4252/4016 4436/4261/4025 4437/4244/4008
f 4357/4232/3996 4356/4231/3995 4345/4323/4069
f 4345/4323/4069 4343/4259/4023 4357/4232/3996
f 4340/4239/4003 4339/4269/4033 4341/4254/4018
f 4341/4254/4018 4342/4258/4022 4340/4239/4003
f 4434/4282/4042 4444/4294/4049 4435/4262/4026
f 4435/4262/4026 4428/4237/4001 4434/4282/4042
f 4424/4328/4074 4425/4327/4073 4356/4231/3995
f 4356/4231/3995 4423/4230/3994 4424/4328/4074
f 4324/4211/3979 4445/4329/4075 4326/4330/4076
f 4326/4330/4076 4325/4311/4060 4324/4211/3979
f 4337/4268/4032 4359/4255/4019 4341/4254/4018
f 4341/4254/4018 4339/4269/4033 4337/4268/4032
f 4326/4330/4076 4445/4329/4075 4448/4331/3982
f 4448/4331/3982 4446/4332/3982 4326/4330/4076
f 4339/4269/4033 4340/4239/4003 4419/4242/4006
f 4419/4242/4006 4338/4270/4034 4339/4269/4033
f 4390/4247/4011 4391/4310/4046 4392/4333/4046
f 4392/4333/4046 4449/4334/4077 4390/4247/4011
f 4397/4319/4066 4394/4271/4035 4408/4316/4065
f 4408/4316/4065 4409/4335/4078 4397/4319/4066
f 4425/4327/4073 4355/4326/4072 4345/4323/4069
f 4345/4323/4069 4356/4231/3995 4425/4327/4073
f 4439/4246/4010 4433/4336/4079 4432/4253/4017
f 4432/4253/4017 4431/4243/4007 4439/4246/4010
f 4396/4302/4055 4401/4217/3984 4402/4337/3986
f 4402/4337/3986 4447/4338/4080 4396/4302/4055
f 4461/4339/4081 4460/4340/4082 4462/4341/4083
f 4462/4341/4083 4463/4342/4084 4461/4339/4081
f 4461/4339/4081 4458/4343/4085 4459/4344/4086
f 4459/4344/4086 4460/4340/4082 4461/4339/4081
f 4465/4345/4087 4466/4346/4087 4462/4341/4083
f 4462/4341/4083 4464/4347/4088 4465/4345/4087
f 4454/4348/4089 4455/4349/4089 4457/4350/4090
f 4457/4350/4090 4456/4351/4091 4454/4348/4089
f 4457/4350/4090 4459/4344/4086 4458/4343/4085
f 4458/4343/4085 4456/4351/4091 4457/4350/4090
f 4454/4348/4089 4452/4352/4092 4453/4353/4093
f 4453/4353/4093 4455/4349/4089 4454/4348/4089
f 4460/4340/4082 4464/4347/4088 4462/4341/4083
f 4470/4354/4094 4463/4342/4084 4468/4355/4095
f 4468/4355/4095 4469/4356/4095 4470/4354/4094
f 4467/4357/4095 4468/4355/4095 4463/4342/4084
f 4452/4352/4092 4450/4358/4096 4451/4359/4097
f 4451/4359/4097 4453/4353/4093 4452/4352/4092
f 4463/4342/4084 4470/4354/4094 4461/4339/4081
f 4466/4346/4087 4471/4360/4088 4462/4341/4083
f 4493/4361/4098 4492/4362/4099 4494/4363/4100
f 4494/4363/4100 4495/4364/4101 4493/4361/4098
f 4490/4365/4102 4488/4366/4103 4489/4367/4104
f 4489/4367/4104 4491/4368/4105 4490/4365/4102
f 4481/4369/4106 4480/4370/4107 4482/4371/4108
f 4482/4371/4108 4483/4372/4109 4481/4369/4106
f 4520/4373/4110 4519/4374/4111 4521/4375/4112
f 4521/4375/4112 4522/4376/4113 4520/4373/4110
f 4488/4366/4103 4486/4377/4114 4487/4378/4115
f 4487/4378/4115 4489/4367/4104 4488/4366/4103
f 4504/4379/4116 4502/4380/4117 4503/4381/4118
f 4503/4381/4118 4505/4382/4119 4504/4379/4116
f 4497/4383/4120 4496/4384/4121 4498/4385/4122
f 4498/4385/4122 4499/4386/4123 4497/4383/4120
f 4495/4364/4101 4494/4363/4100 4496/4384/4121
f 4496/4384/4121 4497/4383/4120 4495/4364/4101
f 4474/4387/4124 4472/4388/4125 4473/4389/4125
f 4473/4389/4125 4475/4390/4126 4474/4387/4124
f 4476/4391/4127 4477/4392/4128 4474/4387/4124
f 4474/4387/4124 4475/4390/4126 4476/4391/4127
f 4499/4386/4123 4498/4385/4122 4500/4393/4129
f 4500/4393/4129 4501/4394/4130 4499/4386/4123
f 4484/4395/4131 4483/4372/4109 4482/4371/4108
f 4482/4371/4108 4485/4396/4132 4484/4395/4131
f 4503/4381/4118 4502/4380/4117 4501/4394/4130
f 4501/4394/4130 4500/4393/4129 4503/4381/4118
f 4485/4396/4132 4487/4378/4115 4486/4377/4114
f 4486/4377/4114 4484/4395/4131 4485/4396/4132
f 4480/4370/4107 4481/4369/4106 4479/4397/4133
f 4479/4397/4133 4478/4398/4134 4480/4370/4107
f 4476/4391/4127 4478/4398/4134 4479/4397/4133
f 4479/4397/4133 4477/4392/4128 4476/4391/4127
f 4536/4399/4135 4535/4400/4135 4538/4401/4136
f 4538/4401/4136 4537/4402/4137 4536/4399/4135
f 4527/4403/4138 4528/4404/4136 4530/4405/4136
f 4530/4405/4136 4529/4406/4137 4527/4403/4138
f 4521/4375/4112 4524/4407/4139 4523/4408/4140
f 4523/4408/4140 4522/4376/4113 4521/4375/4112
f 4537/4402/4137 4538/4401/4136 4539/4409/4135
f 4539/4409/4135 4540/4410/4135 4537/4402/4137
f 4520/4373/4110 4517/4411/4141 4518/4412/4142
f 4518/4412/4142 4519/4374/4111 4520/4373/4110
f 4505/4382/4119 4507/4413/4143 4506/4414/4144
f 4506/4414/4144 4504/4379/4116 4505/4382/4119
f 4513/4415/4145 4515/4416/4146 4516/4417/4147
f 4516/4417/4147 4514/4418/4148 4513/4415/4145
f 4529/4406/4137 4530/4405/4136 4532/4419/4136
f 4532/4419/4136 4531/4420/4136 4529/4406/4137
f 4509/4421/4149 4510/4422/4150 4512/4423/4151
f 4512/4423/4151 4511/4424/4152 4509/4421/4149
f 4543/4425/4153 4544/4426/4135 4541/4427/4136
f 4541/4427/4136 4542/4428/4136 4543/4425/4153
f 4539/4409/4135 4542/4428/4136 4541/4427/4136
f 4541/4427/4136 4540/4410/4135 4539/4409/4135
f 4512/4423/4151 4510/4422/4150 4513/4415/4145
f 4513/4415/4145 4514/4418/4148 4512/4423/4151
f 4515/4416/4146 4518/4412/4142 4517/4411/4141
f 4517/4411/4141 4516/4417/4147 4515/4416/4146
f 4534/4429/4136 4533/4430/4136 4535/4400/4135
f 4535/4400/4135 4536/4399/4135 4534/4429/4136
f 4533/4430/4136 4534/4429/4136 4531/4420/4136
f 4531/4420/4136 4532/4419/4136 4533/4430/4136
f 4523/4408/4140 4524/4407/4139 4525/4431/4154
f 4525/4431/4154 4526/4432/4155 4523/4408/4140
f 4493/4361/4098 4490/4365/4102 4491/4368/4105
f 4491/4368/4105 4492/4362/4099 4493/4361/4098
f 4507/4413/4143 4545/4433/4156 4508/4434/4156
f 4508/4434/4156 4506/4414/4144 4507/4413/4143
f 4576/4435/4157 4601/4436/4158 4600/4437/4159
f 4600/4437/4159 4599/4438/4160 4576/4435/4157
f 4565/4439/4161 4564/4440/4162 4563/4441/4163
f 4563/4441/4163 4569/4442/4164 4565/4439/4161
f 4587/4443/4165 4586/4444/4166 4591/4445/4167
f 4591/4445/4167 4589/4446/4168 4587/4443/4165
f 4566/4447/4169 4568/4448/4170 4563/4441/4163
f 4563/4441/4163 4561/4449/4171 4566/4447/4169
f 4549/4450/4172 4552/4451/4173 4551/4452/4174
f 4551/4452/4174 4550/4453/4175 4549/4450/4172
f 4557/4454/4176 4554/4455/4177 4555/4456/4178
f 4555/4456/4178 4556/4457/4179 4557/4454/4176
f 4589/4446/4168 4590/4458/4180 4588/4459/4181
f 4588/4459/4181 4587/4443/4165 4589/4446/4168
f 4595/4460/4182 4592/4461/4183 4594/4462/4184
f 4594/4462/4184 4597/4463/4185 4595/4460/4182
f 4552/4451/4173 4554/4455/4177 4579/4464/4186
f 4579/4464/4186 4551/4452/4174 4552/4451/4173
f 4595/4460/4182 4597/4463/4185 4598/4465/4187
f 4598/4465/4187 4599/4438/4160 4595/4460/4182
f 4573/4466/4188 4575/4467/4189 4577/4468/4190
f 4577/4468/4190 4570/4469/4191 4573/4466/4188
f 4599/4438/4160 4598/4465/4187 4578/4470/4192
f 4578/4470/4192 4576/4435/4157 4599/4438/4160
f 4569/4442/4164 4563/4441/4163 4568/4448/4170
f 4568/4448/4170 4571/4471/4193 4569/4442/4164
f 4553/4472/4194 4555/4456/4178 4554/4455/4177
f 4554/4455/4177 4552/4451/4173 4553/4472/4194
f 4595/4460/4182 4596/4473/4195 4593/4474/4196
f 4593/4474/4196 4592/4461/4183 4595/4460/4182
f 4581/4475/4197 4583/4476/4198 4582/4477/4199
f 4582/4477/4199 4580/4478/4200 4581/4475/4197
f 4548/4479/4201 4546/4480/4202 4547/4481/4203
f 4547/4481/4203 4549/4450/4172 4548/4479/4201
f 4596/4473/4195 4595/4460/4182 4599/4438/4160
f 4599/4438/4160 4600/4437/4159 4596/4473/4195
f 4584/4482/4204 4582/4477/4199 4583/4476/4198
f 4583/4476/4198 4585/4483/4205 4584/4482/4204
f 4563/4441/4163 4564/4440/4162 4562/4484/4206
f 4562/4484/4206 4561/4449/4171 4563/4441/4163
f 4586/4444/4166 4587/4443/4165 4583/4476/4198
f 4583/4476/4198 4581/4475/4197 4586/4444/4166
f 4554/4455/4177 4557/4454/4176 4558/4485/4207
f 4558/4485/4207 4579/4464/4186 4554/4455/4177
f 4549/4450/4172 4547/4481/4203 4553/4472/4194
f 4553/4472/4194 4552/4451/4173 4549/4450/4172
f 4569/4442/4164 4573/4466/4188 4570/4469/4191
f 4570/4469/4191 4565/4439/4161 4569/4442/4164
f 4566/4447/4169 4561/4449/4171 4559/4486/4208
f 4559/4486/4208 4567/4487/4209 4566/4447/4169
f 4575/4467/4189 4576/4435/4157 4578/4470/4192
f 4578/4470/4192 4577/4468/4190 4575/4467/4189
f 4593/4474/4196 4590/4458/4180 4589/4446/4168
f 4589/4446/4168 4592/4461/4183 4593/4474/4196
f 4561/4449/4171 4562/4484/4206 4560/4488/4210
f 4560/4488/4210 4559/4486/4208 4561/4449/4171
f 4601/4436/4158 4576/4435/4157 4575/4467/4189
f 4575/4467/4189 4574/4489/4211 4601/4436/4158
f 4610/4490/4212 4611/4491/4213 4612/4492/4212
f 4612/4492/4212 4613/4493/4212 4610/4490/4212
f 4559/4486/4208 4560/4488/4210 4558/4485/4207
f 4558/4485/4207 4557/4454/4176 4559/4486/4208
f 4592/4461/4183 4589/4446/4168 4591/4445/4167
f 4591/4445/4167 4594/4462/4184 4592/4461/4183
f 4573/4466/4188 4572/4494/4214 4574/4489/4211
f 4574/4489/4211 4575/4467/4189 4573/4466/4188
f 4587/4443/4165 4588/4459/4181 4585/4483/4205
f 4585/4483/4205 4583/4476/4198 4587/4443/4165
f 4617/4495/4212 4616/4496/4212 4618/4497/4215
f 4618/4497/4215 4619/4498/4216 4617/4495/4212
f 4616/4496/4212 4617/4495/4212 4614/4499/4212
f 4614/4499/4212 4615/4500/4212 4616/4496/4212
f 4612/4492/4212 4615/4500/4212 4614/4499/4212
f 4614/4499/4212 4613/4493/4212 4612/4492/4212
f 4627/4501/4217 4626/4502/4218 4629/4503/4218
f 4629/4503/4218 4628/4504/4218 4627/4501/4217
f 4630/4505/4218 4631/4506/4219 4628/4504/4218
f 4628/4504/4218 4629/4503/4218 4630/4505/4218
f 4631/4506/4219 4630/4505/4218 4632/4507/4219
f 4632/4507/4219 4633/4508/4218 4631/4506/4219
f 4624/4509/4218 4622/4510/4217 4623/4511/4218
f 4623/4511/4218 4625/4512/4218 4624/4509/4218
f 4603/4513/4213 4605/4514/4213 4604/4515/4215
f 4604/4515/4215 4602/4516/4212 4603/4513/4213
f 4634/4517/4218 4633/4508/4218 4632/4507/4219
f 4632/4507/4219 4635/4518/4218 4634/4517/4218
f 4603/4513/4213 4606/4519/4215 4607/4520/4212
f 4607/4520/4212 4605/4514/4213 4603/4513/4213
f 4606/4519/4215 4609/4521/4212 4608/4522/4212
f 4608/4522/4212 4607/4520/4212 4606/4519/4215
f 4609/4521/4212 4611/4491/4213 4610/4490/4212
f 4610/4490/4212 4608/4522/4212 4609/4521/4212
f 4626/4502/4218 4627/4501/4217 4624/4509/4218
f 4624/4509/4218 4625/4512/4218 4626/4502/4218
f 4637/4523/4219 4634/4517/4218 4635/4518/4218
f 4635/4518/4218 4636/4524/4220 4637/4523/4219
f 4621/4525/4219 4623/4511/4218 4622/4510/4217
f 4622/4510/4217 4620/4526/4221 4621/4525/4219
f 4573/4466/4188 4569/4442/4164 4571/4471/4193
f 4571/4471/4193 4572/4494/4214 4573/4466/4188
f 4638/4527/4222 4548/4479/4201 4549/4450/4172
f 4549/4450/4172 4550/4453/4175 4638/4527/4222
f 4556/4457/4179 4567/4487/4209 4559/4486/4208
f 4559/4486/4208 4557/4454/4176 4556/4457/4179
f 4655/4528/4223 4656/4529/4223 4657/4530/4223
f 4657/4530/4223 4658/4531/4223 4655/4528/4223
f 4641/4532/4224 4639/4533/4223 4640/4534/4223
f 4640/4534/4223 4642/4535/4223 4641/4532/4224
f 4655/4528/4223 4653/4536/4223 4654/4537/4225
f 4654/4537/4225 4656/4529/4223 4655/4528/4223
f 4652/4538/4223 4654/4537/4225 4653/4536/4223
f 4653/4536/4223 4651/4539/4223 4652/4538/4223
f 4761/4540/4226 4765/4541/4227 4774/4542/4228
f 4774/4542/4228 4766/4543/4229 4761/4540/4226
f 4646/4544/4223 4647/4545/4223 4648/4546/4223
f 4648/4546/4223 4645/4547/4223 4646/4544/4223
f 4643/4548/4225 4644/4549/4230 4646/4544/4223
f 4646/4544/4223 4645/4547/4223 4643/4548/4225
f 4642/4535/4223 4640/4534/4223 4644/4549/4230
f 4644/4549/4230 4643/4548/4225 4642/4535/4223
f 4723/4550/4231 4722/4551/4232 4724/4552/4233
f 4724/4552/4233 4725/4553/4234 4723/4550/4231
f 4725/4553/4234 4724/4552/4233 4726/4554/4235
f 4726/4554/4235 4727/4555/4236 4725/4553/4234
f 4729/4556/4237 4727/4555/4236 4726/4554/4235
f 4726/4554/4235 4728/4557/4238 4729/4556/4237
f 4670/4558/4239 4669/4559/4240 4668/4560/4241
f 4668/4560/4241 4667/4561/4241 4670/4558/4239
f 4680/4562/4242 4679/4563/4243 4678/4564/4244
f 4678/4564/4244 4677/4565/4245 4680/4562/4242
f 4738/4566/4246 4757/4567/4247 4758/4568/4248
f 4758/4568/4248 4740/4569/4249 4738/4566/4246
f 4735/4570/4250 4733/4571/4251 4732/4572/4252
f 4732/4572/4252 4734/4573/4253 4735/4570/4250
f 4682/4574/4254 4681/4575/4254 4683/4576/4255
f 4683/4576/4255 4684/4577/4256 4682/4574/4254
f 4731/4578/4257 4730/4579/4258 4732/4572/4252
f 4732/4572/4252 4733/4571/4251 4731/4578/4257
f 4676/4580/4259 4675/4581/4260 4677/4565/4245
f 4677/4565/4245 4678/4564/4244 4676/4580/4259
f 4676/4580/4259 4673/4582/4261 4674/4583/4261
f 4674/4583/4261 4675/4581/4260 4676/4580/4259
f 4702/4584/4262 4703/4585/4263 4700/4586/4264
f 4700/4586/4264 4701/4587/4265 4702/4584/4262
f 4686/4588/4266 4688/4589/4267 4687/4590/4268
f 4703/4585/4263 4704/4591/4269 4705/4592/4270
f 4705/4592/4270 4706/4593/4271 4703/4585/4263
f 4689/4594/4272 4691/4595/4273 4690/4596/4274
f 4685/4597/4275 4716/4598/4276 4686/4588/4266
f 4686/4588/4266 4687/4590/4268 4685/4597/4275
f 4694/4599/4277 4696/4600/4278 4695/4601/4279
f 4689/4594/4272 4690/4596/4274 4687/4590/4268
f 4687/4590/4268 4688/4589/4267 4689/4594/4272
f 4697/4602/4280 4698/4603/4281 4699/4604/4282
f 4733/4571/4251 4754/4605/4283 4749/4606/4284
f 4749/4606/4284 4731/4578/4257 4733/4571/4251
f 4766/4543/4229 4763/4607/4285 4762/4608/4286
f 4762/4608/4286 4761/4540/4226 4766/4543/4229
f 4702/4584/4262 4704/4591/4269 4703/4585/4263
f 4770/4609/4287 4769/4610/4288 4771/4611/4289
f 4771/4611/4289 4772/4612/4290 4770/4609/4287
f 4705/4592/4270 4707/4613/4291 4706/4593/4271
f 4692/4614/4292 4693/4615/4293 4694/4599/4277
f 4694/4599/4277 4695/4601/4279 4692/4614/4292
f 4691/4595/4273 4693/4615/4293 4692/4614/4292
f 4692/4614/4292 4690/4596/4274 4691/4595/4273
f 4710/4616/4294 4712/4617/4295 4711/4618/4296
f 4696/4600/4278 4698/4603/4281 4697/4602/4280
f 4697/4602/4280 4695/4601/4279 4696/4600/4278
f 4713/4619/4297 4715/4620/4298 4714/4621/4299
f 4700/4586/4264 4697/4602/4280 4699/4604/4282
f 4699/4604/4282 4701/4587/4265 4700/4586/4264
f 4719/4622/4300 4718/4623/4301 4720/4624/4302
f 4720/4624/4302 4721/4625/4303 4719/4622/4300
f 4672/4626/4304 4674/4583/4261 4673/4582/4261
f 4673/4582/4261 4671/4627/4305 4672/4626/4304
f 4758/4568/4248 4759/4628/4306 4742/4629/4307
f 4742/4629/4307 4740/4569/4249 4758/4568/4248
f 4664/4630/4308 4663/4631/4308 4662/4632/4309
f 4662/4632/4309 4660/4633/4310 4664/4630/4308
f 4665/4634/4311 4663/4631/4308 4664/4630/4308
f 4664/4630/4308 4666/4635/4311 4665/4634/4311
f 4667/4561/4241 4668/4560/4241 4665/4634/4311
f 4665/4634/4311 4666/4635/4311 4667/4561/4241
f 4778/4636/4312 4779/4637/4313 4771/4611/4289
f 4771/4611/4289 4777/4638/4314 4778/4636/4312
f 4767/4639/4315 4775/4640/4316 4776/4641/4317
f 4776/4641/4317 4769/4610/4288 4767/4639/4315
f 4759/4628/4306 4764/4642/4318 4760/4643/4319
f 4760/4643/4319 4742/4629/4307 4759/4628/4306
f 4767/4639/4315 4766/4543/4229 4774/4542/4228
f 4774/4542/4228 4775/4640/4316 4767/4639/4315
f 4719/4622/4300 4751/4644/4320 4752/4645/4321
f 4752/4645/4321 4753/4646/4322 4719/4622/4300
f 4729/4556/4237 4748/4647/4323 4747/4648/4324
f 4747/4648/4324 4727/4555/4236 4729/4556/4237
f 4748/4647/4323 4729/4556/4237 4731/4578/4257
f 4731/4578/4257 4749/4606/4284 4748/4647/4323
f 4708/4649/4325 4706/4593/4271 4707/4613/4291
f 4707/4613/4291 4709/4650/4326 4708/4649/4325
f 4733/4571/4251 4735/4570/4250 4755/4651/4327
f 4755/4651/4327 4754/4605/4283 4733/4571/4251
f 4769/4610/4288 4770/4609/4287 4768/4652/4328
f 4768/4652/4328 4767/4639/4315 4769/4610/4288
f 4719/4622/4300 4721/4625/4303 4750/4653/4329
f 4750/4653/4329 4751/4644/4320 4719/4622/4300
f 4710/4616/4294 4711/4618/4296 4708/4649/4325
f 4708/4649/4325 4709/4650/4326 4710/4616/4294
f 4755/4651/4327 4735/4570/4250 4736/4654/4330
f 4736/4654/4330 4737/4655/4331 4755/4651/4327
f 4760/4643/4319 4744/4656/4332 4743/4657/4333
f 4743/4657/4333 4742/4629/4307 4760/4643/4319
f 4744/4656/4332 4760/4643/4319 4761/4540/4226
f 4761/4540/4226 4762/4608/4286 4744/4656/4332
f 4727/4555/4236 4747/4648/4324 4746/4658/4334
f 4746/4658/4334 4725/4553/4234 4727/4555/4236
f 4723/4550/4231 4745/4659/4335 4750/4653/4329
f 4750/4653/4329 4721/4625/4303 4723/4550/4231
f 4768/4652/4328 4763/4607/4285 4766/4543/4229
f 4766/4543/4229 4767/4639/4315 4768/4652/4328
f 4661/4660/4336 4659/4661/4336 4660/4633/4310
f 4660/4633/4310 4662/4632/4309 4661/4660/4336
f 4757/4567/4247 4738/4566/4246 4736/4654/4330
f 4736/4654/4330 4756/4662/4337 4757/4567/4247
f 4648/4546/4223 4647/4545/4223 4649/4663/4223
f 4649/4663/4223 4650/4664/4223 4648/4546/4223
f 4671/4627/4305 4669/4559/4240 4670/4558/4239
f 4670/4558/4239 4672/4626/4304 4671/4627/4305
f 4714/4621/4299 4715/4620/4298 4716/4598/4276
f 4716/4598/4276 4685/4597/4275 4714/4621/4299
f 4651/4539/4223 4650/4664/4223 4649/4663/4223
f 4649/4663/4223 4652/4538/4223 4651/4539/4223
f 4713/4619/4297 4714/4621/4299 4711/4618/4296
f 4711/4618/4296 4712/4617/4295 4713/4619/4297
f 4760/4643/4319 4764/4642/4318 4765/4541/4227
f 4765/4541/4227 4761/4540/4226 4760/4643/4319
f 4745/4659/4335 4723/4550/4231 4725/4553/4234
f 4725/4553/4234 4746/4658/4334 4745/4659/4335
f 4741/4665/4338 4740/4569/4249 4742/4629/4307
f 4742/4629/4307 4743/4657/4333 4741/4665/4338
f 4741/4665/4338 4739/4666/4339 4738/4566/4246
f 4738/4566/4246 4740/4569/4249 4741/4665/4338
f 4737/4655/4331 4736/4654/4330 4738/4566/4246
f 4738/4566/4246 4739/4666/4339 4737/4655/4331
f 4682/4574/4254 4679/4563/4243 4680/4562/4242
f 4680/4562/4242 4681/4575/4254 4682/4574/4254
f 4721/4625/4303 4720/4624/4302 4722/4551/4232
f 4722/4551/4232 4723/4550/4231 4721/4625/4303
f 4736/4654/4330 4735/4570/4250 4734/4573/4253
f 4734/4573/4253 4756/4662/4337 4736/4654/4330
f 4771/4611/4289 4769/4610/4288 4776/4641/4317
f 4776/4641/4317 4777/4638/4314 4771/4611/4289
f 4729/4556/4237 4728/4557/4238 4730/4579/4258
f 4730/4579/4258 4731/4578/4257 4729/4556/4237
f 4753/4646/4322 4717/4667/4340 4718/4623/4301
f 4718/4623/4301 4719/4622/4300 4753/4646/4322
f 4779/4637/4313 4773/4668/4341 4772/4612/4290
f 4772/4612/4290 4771/4611/4289 4779/4637/4313
f 4815/4669/4342 4845/4670/4343 4817/4671/4344
f 4817/4671/4344 4816/4672/4345 4815/4669/4342
f 4849/4673/4346 4847/4674/4096 4848/4675/4097
f 4848/4675/4097 4850/4676/4347 4849/4673/4346
f 4873/4677/4348 4872/4678/4349 4874/4679/4350
f 4874/4679/4350 4875/4680/4351 4873/4677/4348
f 4821/4681/4352 4820/4682/4353 4819/4683/4354
f 4819/4683/4354 4843/4684/4355 4821/4681/4352
f 4789/4685/4356 4790/4686/4357 4788/4687/4358
f 4788/4687/4358 4787/4688/4359 4789/4685/4356
f 4804/4689/4360 4812/4690/4361 4806/4691/4362
f 4806/4691/4362 4805/4692/4363 4804/4689/4360
f 4794/4693/4364 4795/4694/4365 4791/4695/4366
f 4791/4695/4366 4789/4685/4356 4794/4693/4364
f 4832/4696/4087 4831/4697/4088 4830/4698/4087
f 4830/4698/4087 4833/4699/4088 4832/4696/4087
f 4859/4700/4367 4858/4701/4368 4857/4702/4369
f 4857/4702/4369 4860/4703/4367 4859/4700/4367
f 4803/4704/4370 4802/4705/4371 4804/4689/4360
f 4804/4689/4360 4805/4692/4363 4803/4704/4370
f 4842/4706/4372 4840/4707/4373 4841/4708/4374
f 4841/4708/4374 4843/4684/4355 4842/4706/4372
f 4790/4686/4357 4789/4685/4356 4791/4695/4366
f 4791/4695/4366 4792/4709/4375 4790/4686/4357
f 4822/4710/4376 4823/4711/4377 4814/4712/4378
f 4814/4712/4378 4816/4672/4345 4822/4710/4376
f 4784/4713/4379 4782/4714/4380 4783/4715/4381
f 4783/4715/4381 4785/4716/4382 4784/4713/4379
f 4796/4717/4383 4799/4718/4384 4797/4719/4385
f 4797/4719/4385 4793/4720/4386 4796/4717/4383
f 4863/4721/4387 4861/4722/4388 4862/4723/4388
f 4862/4723/4388 4864/4724/4387 4863/4721/4387
f 4865/4725/4389 4863/4721/4387 4864/4724/4387
f 4864/4724/4387 4866/4726/4389 4865/4725/4389
f 4856/4727/4390 4855/4728/4390 4857/4702/4369
f 4857/4702/4369 4858/4701/4368 4856/4727/4390
f 4851/4729/4391 4852/4730/4392 4849/4673/4346
f 4849/4673/4346 4850/4676/4347 4851/4729/4391
f 4783/4715/4381 4781/4731/4393 4786/4732/4394
f 4786/4732/4394 4787/4688/4359 4783/4715/4381
f 4811/4733/4395 4813/4734/4396 4814/4712/4378
f 4814/4712/4378 4812/4690/4361 4811/4733/4395
f 4816/4672/4345 4814/4712/4378 4813/4734/4396
f 4813/4734/4396 4815/4669/4342 4816/4672/4345
f 4791/4695/4366 4796/4717/4383 4793/4720/4386
f 4793/4720/4386 4792/4709/4375 4791/4695/4366
f 4818/4735/4397 4822/4710/4376 4816/4672/4345
f 4816/4672/4345 4817/4671/4344 4818/4735/4397
f 4801/4736/4398 4800/4737/4399 4802/4705/4371
f 4802/4705/4371 4803/4704/4370 4801/4736/4398
f 4878/4738/4400 4877/4739/4401 4879/4740/4402
f 4879/4740/4402 4880/4741/4403 4878/4738/4400
f 4843/4684/4355 4841/4708/4374 4846/4742/4404
f 4846/4742/4404 4821/4681/4352 4843/4684/4355
f 4837/4743/4088 4838/4744/4405 4839/4745/4087
f 4839/4745/4087 4836/4746/4088 4837/4743/4088
f 4836/4746/4088 4835/4747/4088 4834/4748/4088
f 4834/4748/4088 4837/4743/4088 4836/4746/4088
f 4834/4748/4088 4835/4747/4088 4832/4696/4087
f 4832/4696/4087 4833/4699/4088 4834/4748/4088
f 4851/4729/4391 4854/4749/4406 4853/4750/4407
f 4853/4750/4407 4852/4730/4392 4851/4729/4391
f 4828/4751/4088 4829/4752/4087 4826/4753/4088
f 4826/4753/4088 4827/4754/4087 4828/4751/4088
f 4826/4753/4088 4824/4755/4405 4825/4756/4087
f 4825/4756/4087 4827/4754/4087 4826/4753/4088
f 4809/4757/4408 4802/4705/4371 4800/4737/4399
f 4800/4737/4399 4808/4758/4409 4809/4757/4408
f 4796/4717/4383 4791/4695/4366 4795/4694/4365
f 4795/4694/4365 4798/4759/4410 4796/4717/4383
f 4782/4714/4380 4780/4760/4411 4781/4731/4393
f 4781/4731/4393 4783/4715/4381 4782/4714/4380
f 4801/4736/4398 4797/4719/4385 4799/4718/4384
f 4799/4718/4384 4800/4737/4399 4801/4736/4398
f 4810/4761/4412 4811/4733/4395 4812/4690/4361
f 4812/4690/4361 4804/4689/4360 4810/4761/4412
f 4809/4757/4408 4810/4761/4412 4804/4689/4360
f 4804/4689/4360 4802/4705/4371 4809/4757/4408
f 4854/4749/4406 4855/4728/4390 4856/4727/4390
f 4856/4727/4390 4853/4750/4407 4854/4749/4406
f 4814/4712/4378 4823/4711/4377 4806/4691/4362
f 4806/4691/4362 4812/4690/4361 4814/4712/4378
f 4799/4718/4384 4796/4717/4383 4798/4759/4410
f 4798/4759/4410 4807/4762/4413 4799/4718/4384
f 4861/4722/4388 4859/4700/4367 4860/4703/4367
f 4860/4703/4367 4862/4723/4388 4861/4722/4388
f 4807/4762/4413 4808/4758/4409 4800/4737/4399
f 4800/4737/4399 4799/4718/4384 4807/4762/4413
f 4867/4763/4414 4868/4764/4415 4865/4725/4389
f 4865/4725/4389 4866/4726/4389 4867/4763/4414
f 4844/4765/4416 4842/4706/4372 4843/4684/4355
f 4843/4684/4355 4819/4683/4354 4844/4765/4416
f 4817/4671/4344 4819/4683/4354 4820/4682/4353
f 4820/4682/4353 4818/4735/4397 4817/4671/4344
f 4871/4766/4417 4872/4678/4349 4873/4677/4348
f 4889/4767/4418 4888/4768/4419 4887/4769/4420
f 4887/4769/4420 4890/4770/4421 4889/4767/4418
f 4893/4771/4422 4892/4772/4423 4870/4773/4424
f 4870/4773/4424 4894/4774/4425 4893/4771/4422
f 4877/4739/4401 4878/4738/4400 4876/4775/4426
f 4891/4776/4427 4890/4770/4421 4892/4772/4423
f 4892/4772/4423 4893/4771/4422 4891/4776/4427
f 4880/4741/4403 4879/4740/4402 4881/4777/4428
f 4829/4752/4087 4828/4751/4088 4830/4698/4087
f 4830/4698/4087 4831/4697/4088 4829/4752/4087
f 4871/4766/4417 4869/4778/4429 4870/4773/4424
f 4870/4773/4424 4872/4678/4349 4871/4766/4417
f 4885/4779/4430 4886/4780/4431 4884/4781/4432
f 4876/4775/4426 4875/4680/4351 4874/4679/4350
f 4874/4679/4350 4877/4739/4401 4876/4775/4426
f 4887/4769/4420 4888/4768/4419 4886/4780/4431
f 4886/4780/4431 4885/4779/4430 4887/4769/4420
f 4889/4767/4418 4890/4770/4421 4891/4776/4427
f 4884/4781/4432 4883/4782/4433 4882/4783/4434
f 4882/4783/4434 4885/4779/4430 4884/4781/4432
f 4881/4777/4428 4879/4740/4402 4882/4783/4434
f 4882/4783/4434 4883/4782/4433 4881/4777/4428
f 4870/4773/4424 4869/4778/4429 4894/4774/4425
f 4817/4671/4344 4845/4670/4343 4844/4765/4416
f 4844/4765/4416 4819/4683/4354 4817/4671/4344
f 4783/4715/4381 4787/4688/4359 4788/4687/4358
f 4788/4687/4358 4785/4716/4382 4783/4715/4381
f 4787/4688/4359 4786/4732/4394 4794/4693/4364
f 4794/4693/4364 4789/4685/4356 4787/4688/4359
f 4968/4784/4435 4966/4785/4436 4970/4786/4437
f 4970/4786/4437 4971/4787/4438 4968/4784/4435
f 4911/4788/4439 4913/4789/4440 4912/4790/4441
f 4912/4790/4441 4910/4791/4442 4911/4788/4439
f 4970/4786/4437 4969/4792/4443 4972/4793/4444
f 4972/4793/4444 4973/4794/4445 4970/4786/4437
f 4969/4792/4443 4970/4786/4437 4966/4785/4436
f 4966/4785/4436 4965/4795/4446 4969/4792/4443
f 4966/4785/4436 4968/4784/4435 4967/4796/4447
f 4967/4796/4447 4940/4797/4448 4966/4785/4436
f 4934/4798/4449 4935/4799/4450 4937/4800/4451
f 4937/4800/4451 4936/4801/4452 4934/4798/4449
f 4912/4790/4441 4913/4789/4440 4915/4802/4453
f 4915/4802/4453 4914/4803/4454 4912/4790/4441
f 4918/4804/4455 4919/4805/4456 4921/4806/4457
f 4921/4806/4457 4920/4807/4458 4918/4804/4455
f 4937/4800/4451 4935/4799/4450 4944/4808/4459
f 4944/4808/4459 4943/4809/4460 4937/4800/4451
f 4920/4807/4458 4921/4806/4457 4922/4810/4461
f 4922/4810/4461 4930/4811/4462 4920/4807/4458
f 4909/4812/4463 4908/4813/4464 4907/4814/4465
f 4907/4814/4465 4903/4815/4466 4909/4812/4463
f 4900/4816/4467 4899/4817/4468 4898/4818/4469
f 4898/4818/4469 4975/4819/4470 4900/4816/4467
f 4975/4819/4470 4898/4818/4469 4896/4820/4471
f 4896/4820/4471 4976/4821/4472 4975/4819/4470
f 4904/4822/4473 4899/4817/4468 4901/4823/4474
f 4901/4823/4474 4905/4824/4475 4904/4822/4473
f 4924/4825/4476 4912/4790/4441 4914/4803/4454
f 4914/4803/4454 4925/4826/4477 4924/4825/4476
f 4927/4827/4478 4918/4804/4455 4920/4807/4458
f 4920/4807/4458 4928/4828/4479 4927/4827/4478
f 4926/4829/4480 4916/4830/4481 4918/4804/4455
f 4918/4804/4455 4927/4827/4478 4926/4829/4480
f 4934/4798/4449 4933/4831/4482 4932/4832/4483
f 4932/4832/4483 4935/4799/4450 4934/4798/4449
f 4897/4833/4484 4895/4834/4485 4896/4820/4471
f 4896/4820/4471 4898/4818/4469 4897/4833/4484
f 4916/4830/4481 4917/4835/4486 4919/4805/4456
f 4919/4805/4456 4918/4804/4455 4916/4830/4481
f 4988/4836/4487 4987/4837/4488 4986/4838/4487
f 4986/4838/4487 4989/4839/4488 4988/4836/4487
f 4936/4801/4452 4937/4800/4451 4939/4840/4489
f 4939/4840/4489 4938/4841/4490 4936/4801/4452
f 4916/4830/4481 4926/4829/4480 4925/4826/4477
f 4925/4826/4477 4914/4803/4454 4916/4830/4481
f 4930/4811/4462 4932/4832/4483 4933/4831/4482
f 4933/4831/4482 4929/4842/4491 4930/4811/4462
f 4906/4843/4492 4907/4814/4465 4908/4813/4464
f 4908/4813/4464 4977/4844/4493 4906/4843/4492
f 4911/4788/4439 4910/4791/4442 4908/4813/4464
f 4908/4813/4464 4909/4812/4463 4911/4788/4439
f 4930/4811/4462 4922/4810/4461 4931/4845/4494
f 4931/4845/4494 4932/4832/4483 4930/4811/4462
f 4965/4795/4446 4966/4785/4436 4940/4797/4448
f 4940/4797/4448 4942/4846/4495 4965/4795/4446
f 4914/4803/4454 4915/4802/4453 4917/4835/4486
f 4917/4835/4486 4916/4830/4481 4914/4803/4454
f 4963/4847/4496 4964/4848/4496 4961/4849/4497
f 4961/4849/4497 4962/4850/4497 4963/4847/4496
f 4961/4849/4497 4960/4851/4497 4959/4852/4498
f 4959/4852/4498 4962/4850/4497 4961/4849/4497
f 4958/4853/4497 4959/4852/4498 4960/4851/4497
f 4960/4851/4497 4957/4854/4497 4958/4853/4497
f 4957/4854/4497 4955/4855/4498 4956/4856/4497
f 4956/4856/4497 4958/4853/4497 4957/4854/4497
f 4901/4823/4474 4902/4857/4499 4903/4815/4466
f 4903/4815/4466 4907/4814/4465 4901/4823/4474
f 4986/4838/4487 4987/4837/4488 4984/4858/4488
f 4984/4858/4488 4985/4859/4487 4986/4838/4487
f 4949/4860/4498 4950/4861/4497 4947/4862/4497
f 4947/4862/4497 4948/4863/4498 4949/4860/4498
f 4994/4864/4500 4993/4865/4488 4992/4866/4488
f 4992/4866/4488 4995/4867/4500 4994/4864/4500
f 4899/4817/4468 4900/4816/4467 4902/4857/4499
f 4902/4857/4499 4901/4823/4474 4899/4817/4468
f 4935/4799/4450 4932/4832/4483 4931/4845/4494
f 4931/4845/4494 4944/4808/4459 4935/4799/4450
f 4923/4868/4501 4910/4791/4442 4912/4790/4441
f 4912/4790/4441 4924/4825/4476 4923/4868/4501
f 4953/4869/4497 4954/4870/4498 4952/4871/4497
f 4952/4871/4497 4951/4872/4497 4953/4869/4497
f 4907/4814/4465 4906/4843/4492 4905/4824/4475
f 4905/4824/4475 4901/4823/4474 4907/4814/4465
f 4940/4797/4448 4939/4840/4489 4941/4873/4502
f 4941/4873/4502 4942/4846/4495 4940/4797/4448
f 4897/4833/4484 4898/4818/4469 4899/4817/4468
f 4899/4817/4468 4904/4822/4473 4897/4833/4484
f 4994/4864/4500 4995/4867/4500 4996/4874/4503
f 4996/4874/4503 4997/4875/4488 4994/4864/4500
f 4980/4876/4488 4978/4877/4488 4979/4878/4488
f 4979/4878/4488 4981/4879/4487 4980/4876/4488
f 4950/4861/4497 4949/4860/4498 4951/4872/4497
f 4951/4872/4497 4952/4871/4497 4950/4861/4497
f 4990/4880/4488 4988/4836/4487 4989/4839/4488
f 4989/4839/4488 4991/4881/4488 4990/4880/4488
f 4953/4869/4497 4956/4856/4497 4955/4855/4498
f 4955/4855/4498 4954/4870/4498 4953/4869/4497
f 4992/4866/4488 4993/4865/4488 4990/4880/4488
f 4990/4880/4488 4991/4881/4488 4992/4866/4488
f 4984/4858/4488 4983/4882/4488 4982/4883/4488
f 4982/4883/4488 4985/4859/4487 4984/4858/4488
f 4982/4883/4488 4983/4882/4488 4980/4876/4488
f 4980/4876/4488 4981/4879/4487 4982/4883/4488
f 4946/4884/4497 4948/4863/4498 4947/4862/4497
f 4947/4862/4497 4945/4885/4504 4946/4884/4497
f 4920/4807/4458 4930/4811/4462 4929/4842/4491
f 4929/4842/4491 4928/4828/4479 4920/4807/4458
f 4908/4813/4464 4910/4791/4442 4923/4868/4501
f 4923/4868/4501 4977/4844/4493 4908/4813/4464
f 4939/4840/4489 4937/4800/4451 4943/4809/4460
f 4943/4809/4460 4941/4873/4502 4939/4840/4489
f 4940/4797/4448 4967/4796/4447 4938/4841/4490
f 4938/4841/4490 4939/4840/4489 4940/4797/4448
f 4974/4886/4505 4971/4787/4438 4970/4786/4437
f 4970/4786/4437 4973/4794/4445 4974/4886/4505
